timestamp,pm25,pm10,no2,so2,co,o3,aqi,aqi_category,temperature,humidity,wind_speed,hour,month,is_anomaly
2026-07-06 01:50:22.344251,17.1,26.9,0.0,6.2,0.22,37.1,28,Good,36.8,56.8,9.4,1,7,False
2026-07-06 02:50:22.344251,13.3,32.5,10.2,1.9,0.34,28.1,22,Good,42.1,55.4,13.3,2,7,False
2026-07-06 03:50:22.344251,18.2,25.5,18.2,4.6,0.53,36.1,30,Good,35.7,55.0,9.7,3,7,False
2026-07-06 04:50:22.344251,21.7,32.1,5.3,5.4,0.46,22.6,36,Good,40.0,55.6,7.4,4,7,False
2026-07-06 05:50:22.344251,17.4,25.9,5.6,4.3,0.36,8.8,29,Good,39.0,61.8,11.5,5,7,False
2026-07-06 06:50:22.344251,15.9,35.4,8.8,4.7,0.5,8.1,27,Good,42.6,67.0,12.2,6,7,False
2026-07-06 07:50:22.344251,24.9,43.6,14.6,6.0,0.97,11.1,41,Good,36.6,60.4,15.4,7,7,False
2026-07-06 08:50:22.344251,29.0,45.1,13.8,7.2,1.06,7.5,48,Good,39.9,64.9,12.8,8,7,False
2026-07-06 09:50:22.344251,47.3,66.9,15.3,4.0,0.72,10.3,78,Satisfactory,39.0,74.5,5.9,9,7,False
2026-07-06 10:50:22.344251,27.8,49.8,14.7,5.3,0.54,10.6,46,Good,35.2,56.3,11.8,10,7,False
2026-07-06 11:50:22.344251,29.5,46.9,17.5,6.8,0.76,9.9,49,Good,37.0,40.7,11.1,11,7,False
2026-07-06 12:50:22.344251,17.7,50.5,18.2,6.3,0.65,23.4,29,Good,34.3,54.6,12.5,12,7,False
2026-07-06 13:50:22.344251,30.7,57.7,14.4,6.2,0.57,27.6,0,Good,30.1,63.0,2.0,13,7,False
2026-07-06 14:50:22.344251,44.2,67.0,9.4,3.4,0.47,28.7,73,Satisfactory,35.7,64.6,1.4,14,7,False
2026-07-06 15:50:22.344251,40.4,75.1,30.4,6.1,0.56,36.3,67,Satisfactory,30.4,73.0,0.0,15,7,False
2026-07-06 16:50:22.344251,30.6,57.7,11.4,7.5,0.8,41.1,0,Good,26.4,64.0,6.6,16,7,False
2026-07-06 17:50:22.344251,38.6,81.7,25.3,6.4,0.76,45.5,64,Satisfactory,30.1,67.4,3.8,17,7,False
2026-07-06 18:50:22.344251,39.6,71.2,9.9,4.0,0.63,41.7,66,Satisfactory,35.0,46.9,5.6,18,7,False
2026-07-06 19:50:22.344251,39.2,76.1,16.1,6.6,0.83,48.4,65,Satisfactory,31.2,61.6,6.5,19,7,False
2026-07-06 20:50:22.344251,48.5,83.5,19.5,5.3,0.93,50.8,81,Satisfactory,31.5,59.0,1.3,20,7,False
2026-07-06 21:50:22.344251,35.3,54.3,0.5,7.4,0.66,40.9,58,Satisfactory,33.3,60.7,1.6,21,7,False
2026-07-06 22:50:22.344251,23.3,56.3,3.4,5.6,0.22,47.5,39,Good,33.7,47.9,2.6,22,7,False
2026-07-06 23:50:22.344251,25.1,46.5,16.9,8.0,0.45,44.8,42,Good,35.6,76.9,3.9,23,7,False
2026-07-07 00:50:22.344251,21.2,44.3,9.1,3.8,0.43,45.4,35,Good,31.8,67.0,4.1,0,7,False
2026-07-07 01:50:22.344251,21.7,41.5,15.7,7.4,0.55,41.1,36,Good,36.2,63.9,8.4,1,7,False
2026-07-07 02:50:22.344251,16.1,37.2,2.4,6.9,0.41,19.3,27,Good,38.6,51.4,6.6,2,7,False
2026-07-07 03:50:22.344251,20.7,42.7,25.3,7.0,0.25,19.6,35,Good,37.5,47.2,6.0,3,7,False
2026-07-07 04:50:22.344251,16.2,29.0,13.3,5.0,0.3,18.3,27,Good,40.1,63.3,8.7,4,7,False
2026-07-07 05:50:22.344251,3.1,9.8,0.0,2.0,0.29,21.3,5,Good,38.7,67.4,9.9,5,7,True
2026-07-07 06:50:22.344251,20.7,29.7,8.5,5.3,0.34,0.9,34,Good,39.2,53.3,12.2,6,7,False
2026-07-07 07:50:22.344251,7.0,19.5,16.8,4.2,0.69,16.6,12,Good,40.4,59.4,8.4,7,7,True
2026-07-07 08:50:22.344251,35.2,50.7,13.5,8.3,0.75,4.6,58,Satisfactory,40.0,76.5,11.6,8,7,False
2026-07-07 09:50:22.344251,20.1,47.3,20.6,4.4,0.6,6.2,34,Good,39.9,55.9,13.5,9,7,False
2026-07-07 10:50:22.344251,34.7,55.3,22.5,6.4,0.72,7.6,57,Satisfactory,37.1,50.5,9.9,10,7,False
2026-07-07 11:50:22.344251,28.2,45.7,14.0,10.4,0.53,19.7,47,Good,39.5,60.9,4.2,11,7,False
2026-07-07 12:50:22.344251,23.9,41.2,13.2,4.9,0.71,28.1,40,Good,32.3,65.7,10.7,12,7,False
2026-07-07 13:50:22.344251,32.5,58.5,11.3,3.4,0.28,21.5,53,Satisfactory,38.4,65.4,5.1,13,7,False
2026-07-07 14:50:22.344251,25.8,55.2,15.0,6.7,0.85,28.7,43,Good,31.9,50.4,6.9,14,7,False
2026-07-07 15:50:22.344251,26.2,46.0,12.1,4.0,0.35,29.6,44,Good,32.0,57.2,6.9,15,7,False
2026-07-07 16:50:22.344251,49.0,77.0,16.4,4.3,0.63,37.9,81,Satisfactory,29.7,60.9,0.3,16,7,False
2026-07-07 17:50:22.344251,40.0,84.9,17.2,4.4,0.84,49.8,66,Satisfactory,32.3,49.2,5.0,17,7,False
2026-07-07 18:50:22.344251,47.5,83.6,16.0,4.4,0.66,48.6,79,Satisfactory,29.6,61.1,0.0,18,7,False
2026-07-07 19:50:22.344251,35.4,49.4,26.4,4.5,0.68,50.9,58,Satisfactory,27.8,66.9,10.7,19,7,False
2026-07-07 20:50:22.344251,35.6,59.3,9.6,9.7,0.81,57.0,59,Satisfactory,32.0,50.6,1.7,20,7,False
2026-07-07 21:50:22.344251,31.2,58.2,12.4,5.2,0.45,39.9,51,Satisfactory,29.7,59.6,3.4,21,7,False
2026-07-07 22:50:22.344251,24.4,40.3,2.6,7.8,0.51,60.9,41,Good,30.3,55.3,10.7,22,7,False
2026-07-07 23:50:22.344251,27.4,44.4,11.7,3.9,0.34,34.0,46,Good,32.8,59.5,4.3,23,7,False
2026-07-08 00:50:22.344251,23.6,29.2,9.7,2.5,0.29,40.9,39,Good,37.0,53.0,8.8,0,7,False
2026-07-08 01:50:22.344251,15.0,29.2,7.5,6.1,0.59,31.5,25,Good,40.0,61.9,10.0,1,7,False
2026-07-08 02:50:22.344251,12.3,30.0,17.9,3.4,0.65,25.9,21,Good,35.4,64.0,11.6,2,7,False
2026-07-08 03:50:22.344251,11.8,23.0,7.7,4.2,0.37,27.7,20,Good,41.1,63.5,14.6,3,7,False
2026-07-08 04:50:22.344251,78.2,84.0,7.0,0.2,0.61,10.7,160,Moderate,40.9,53.2,9.2,4,7,True
2026-07-08 05:50:22.344251,14.0,19.0,8.0,7.0,0.16,13.5,23,Good,40.5,57.5,13.0,5,7,False
2026-07-08 06:50:22.344251,20.5,35.8,17.4,8.1,0.37,23.7,34,Good,39.4,61.6,10.7,6,7,False
2026-07-08 07:50:22.344251,34.8,45.3,29.9,7.9,0.71,5.9,57,Satisfactory,38.6,57.3,11.9,7,7,False
2026-07-08 08:50:22.344251,26.2,42.6,21.2,4.1,0.84,2.8,44,Good,37.6,42.1,14.8,8,7,False
2026-07-08 09:50:22.344251,29.3,47.1,17.1,4.1,0.97,17.7,49,Good,38.0,54.7,13.0,9,7,False
2026-07-08 10:50:22.344251,39.2,66.9,13.5,1.8,0.83,23.1,65,Satisfactory,36.7,48.4,11.3,10,7,False
2026-07-08 11:50:22.344251,24.9,45.7,4.6,9.0,0.46,13.1,41,Good,35.8,72.9,9.4,11,7,False
2026-07-08 12:50:22.344251,30.3,52.0,15.5,6.6,0.67,16.5,0,Good,38.7,62.2,6.7,12,7,False
2026-07-08 13:50:22.344251,81.0,132.6,11.2,2.4,0.28,35.9,169,Moderate,33.6,56.1,6.9,13,7,True
2026-07-08 14:50:22.344251,22.4,44.8,14.7,4.8,0.53,26.7,37,Good,31.1,51.7,11.3,14,7,False
2026-07-08 15:50:22.344251,35.3,46.7,9.7,7.1,0.04,36.8,58,Satisfactory,31.1,58.6,7.9,15,7,False
2026-07-08 16:50:22.344251,33.1,68.6,13.1,6.1,0.59,44.9,55,Satisfactory,30.2,53.7,4.2,16,7,False
2026-07-08 17:50:22.344251,38.0,60.7,18.0,4.5,0.7,41.9,63,Satisfactory,29.3,74.6,7.8,17,7,False
2026-07-08 18:50:22.344251,34.3,82.3,15.9,8.5,0.88,43.9,57,Satisfactory,32.3,64.7,4.3,18,7,False
2026-07-08 19:50:22.344251,36.2,72.8,18.2,5.8,0.93,53.6,60,Satisfactory,27.6,53.3,3.9,19,7,False
2026-07-08 20:50:22.344251,30.3,79.9,16.2,5.6,0.56,56.7,0,Good,29.5,59.2,0.0,20,7,False
2026-07-08 21:50:22.344251,31.1,49.7,6.7,6.3,0.16,49.4,51,Satisfactory,30.7,56.6,1.6,21,7,False
2026-07-08 22:50:22.344251,23.4,49.7,11.0,6.9,0.58,53.0,39,Good,32.0,52.5,4.2,22,7,False
2026-07-08 23:50:22.344251,20.8,38.3,20.4,5.9,0.48,39.8,35,Good,30.5,60.9,11.5,23,7,False
2026-07-09 00:50:22.344251,17.8,34.2,0.0,7.1,0.41,37.2,30,Good,33.5,41.2,9.5,0,7,False
2026-07-09 01:50:22.344251,18.8,43.8,9.7,5.0,0.22,26.6,31,Good,36.1,61.6,5.1,1,7,False
2026-07-09 02:50:22.344251,14.1,26.6,6.9,4.4,0.82,37.3,23,Good,37.9,50.4,13.6,2,7,False
2026-07-09 03:50:22.344251,13.7,23.8,16.4,4.7,0.63,25.9,23,Good,39.9,59.2,14.1,3,7,False
2026-07-09 04:50:22.344251,14.3,27.0,8.4,8.4,0.85,18.4,24,Good,38.7,59.2,12.3,4,7,False
2026-07-09 05:50:22.344251,20.8,32.8,13.6,6.6,0.47,14.4,35,Good,40.4,51.5,7.2,5,7,False
2026-07-09 06:50:22.344251,17.3,27.9,26.0,5.7,0.36,18.5,29,Good,43.1,68.8,12.5,6,7,False
2026-07-09 07:50:22.344251,23.0,39.0,17.9,10.4,0.78,9.3,38,Good,41.1,60.5,15.9,7,7,False
2026-07-09 08:50:22.344251,35.0,58.8,8.6,6.7,0.64,1.3,58,Satisfactory,41.8,70.2,13.4,8,7,False
2026-07-09 09:50:22.344251,17.1,38.0,15.4,8.2,0.65,8.9,29,Good,34.7,64.4,17.3,9,7,False
2026-07-09 10:50:22.344251,27.4,54.4,20.8,3.8,0.55,14.8,46,Good,36.7,64.0,14.5,10,7,False
2026-07-09 11:50:22.344251,21.1,34.4,15.1,5.8,0.66,20.3,35,Good,37.4,59.7,11.1,11,7,False
2026-07-09 12:50:22.344251,33.6,46.4,16.3,6.9,0.59,12.2,55,Satisfactory,35.4,55.9,9.8,12,7,False
2026-07-09 13:50:22.344251,29.9,53.5,11.4,2.9,0.69,27.8,50,Good,29.1,61.9,8.8,13,7,False
2026-07-09 14:50:22.344251,26.7,54.7,11.6,4.4,0.56,29.8,44,Good,37.4,62.8,10.7,14,7,False
2026-07-09 15:50:22.344251,29.5,71.2,17.9,8.4,1.18,31.7,49,Good,30.6,57.5,0.7,15,7,False
2026-07-09 16:50:22.344251,21.2,48.5,10.7,8.2,0.47,32.6,35,Good,25.9,68.5,11.8,16,7,False
2026-07-09 17:50:22.344251,50.6,69.2,14.4,4.6,0.55,47.9,84,Satisfactory,25.0,62.8,4.6,17,7,False
2026-07-09 18:50:22.344251,38.6,69.8,20.7,3.9,0.91,35.2,64,Satisfactory,31.3,65.2,6.7,18,7,False
2026-07-09 19:50:22.344251,38.3,66.3,16.6,7.0,0.68,45.2,63,Satisfactory,30.3,57.3,1.4,19,7,False
2026-07-09 20:50:22.344251,45.6,69.1,18.2,4.5,0.41,49.2,76,Satisfactory,28.2,67.4,2.7,20,7,False
2026-07-09 21:50:22.344251,22.1,40.6,10.7,7.9,0.38,48.2,37,Good,29.6,61.5,8.0,21,7,False
2026-07-09 22:50:22.344251,28.4,45.7,10.7,5.9,0.43,39.6,47,Good,31.0,63.3,2.4,22,7,False
2026-07-09 23:50:22.344251,26.0,38.1,10.7,7.0,0.53,48.9,43,Good,31.5,60.4,4.8,23,7,False
2026-07-10 00:50:22.344251,11.0,30.2,13.2,5.5,0.4,33.2,18,Good,34.5,65.9,9.2,0,7,False
2026-07-10 01:50:22.344251,20.8,39.9,7.9,4.6,0.33,40.8,35,Good,38.2,68.8,7.4,1,7,False
2026-07-10 02:50:22.344251,21.5,41.1,10.7,4.5,0.57,33.6,36,Good,33.6,77.0,6.7,2,7,False
2026-07-10 03:50:22.344251,15.2,31.1,7.3,4.7,0.57,28.1,25,Good,38.2,58.1,10.3,3,7,False
2026-07-10 04:50:22.344251,16.0,32.5,18.3,3.3,0.55,23.4,27,Good,35.9,56.9,11.8,4,7,False
2026-07-10 05:50:22.344251,10.0,24.3,6.1,4.8,0.46,15.6,17,Good,38.9,66.5,15.3,5,7,False
2026-07-10 06:50:22.344251,23.4,42.4,18.4,6.5,0.43,20.2,39,Good,38.3,63.6,6.9,6,7,False
2026-07-10 07:50:22.344251,32.2,61.8,22.1,7.0,0.87,13.3,53,Satisfactory,37.1,63.8,10.3,7,7,False
2026-07-10 08:50:22.344251,28.0,37.3,16.2,7.7,0.99,9.2,47,Good,40.2,62.8,18.6,8,7,False
2026-07-10 09:50:22.344251,32.6,68.7,22.7,5.2,0.39,7.3,54,Satisfactory,37.9,53.0,5.2,9,7,False
2026-07-10 10:50:22.344251,24.0,38.8,15.1,9.7,0.68,17.7,40,Good,37.1,73.0,16.0,10,7,False
2026-07-10 11:50:22.344251,25.0,50.6,15.2,6.1,0.75,15.6,42,Good,38.3,63.5,10.1,11,7,False
2026-07-10 12:50:22.344251,31.9,59.2,11.7,6.2,0.49,14.0,53,Satisfactory,35.0,69.4,6.1,12,7,False
2026-07-10 13:50:22.344251,27.1,43.6,15.4,7.7,1.18,22.8,45,Good,32.4,58.3,9.2,13,7,False
2026-07-10 14:50:22.344251,37.2,65.2,3.5,10.2,0.45,31.7,62,Satisfactory,31.8,70.9,5.4,14,7,False
2026-07-10 15:50:22.344251,39.1,74.5,16.7,3.2,0.21,33.4,65,Satisfactory,30.8,59.5,0.0,15,7,False
2026-07-10 16:50:22.344251,38.9,59.6,10.5,4.8,0.52,34.6,64,Satisfactory,29.0,61.9,2.9,16,7,False
2026-07-10 17:50:22.344251,37.0,74.5,15.8,1.4,0.38,43.2,61,Satisfactory,32.5,60.2,2.9,17,7,False
2026-07-10 18:50:22.344251,30.4,56.4,20.7,6.6,0.66,41.7,0,Good,29.3,66.2,6.3,18,7,False
2026-07-10 19:50:22.344251,40.7,100.6,21.5,9.9,0.89,47.9,67,Satisfactory,33.1,51.4,0.0,19,7,False
2026-07-10 20:50:22.344251,46.1,71.7,14.0,5.0,0.86,53.6,77,Satisfactory,31.8,61.4,5.5,20,7,False
2026-07-10 21:50:22.344251,25.7,49.2,2.9,5.8,0.33,46.1,43,Good,31.5,77.9,5.5,21,7,False
2026-07-10 22:50:22.344251,22.3,47.6,12.1,8.2,0.83,54.4,37,Good,33.2,43.1,8.0,22,7,False
2026-07-10 23:50:22.344251,23.9,42.2,13.5,6.0,0.55,43.7,40,Good,32.0,69.0,9.5,23,7,False
2026-07-11 00:50:22.344251,15.5,34.5,14.6,6.1,0.3,48.8,26,Good,36.4,59.8,8.6,0,7,False
2026-07-11 01:50:22.344251,23.5,32.5,3.7,7.7,0.27,27.7,39,Good,33.5,52.4,7.7,1,7,False
2026-07-11 02:50:22.344251,20.4,38.4,6.3,7.9,0.52,30.9,34,Good,38.0,61.6,7.8,2,7,False
2026-07-11 03:50:22.344251,11.7,22.7,10.5,3.5,0.14,14.5,19,Good,40.9,69.7,16.0,3,7,False
2026-07-11 04:50:22.344251,18.6,37.0,4.4,4.7,0.0,16.2,31,Good,44.0,71.1,10.4,4,7,False
2026-07-11 05:50:22.344251,21.1,30.0,12.5,4.9,0.09,16.4,35,Good,40.1,68.9,10.7,5,7,False
2026-07-11 06:50:22.344251,16.9,30.6,18.5,5.3,0.49,26.2,28,Good,38.8,54.7,12.2,6,7,False
2026-07-11 07:50:22.344251,22.4,45.0,24.3,5.0,0.52,0.0,37,Good,40.3,56.5,19.3,7,7,False
2026-07-11 08:50:22.344251,43.3,59.2,24.5,7.7,0.59,2.2,72,Satisfactory,40.3,72.9,10.8,8,7,False
2026-07-11 09:50:22.344251,36.2,56.5,23.8,3.6,0.43,6.4,60,Satisfactory,35.4,50.6,11.5,9,7,False
2026-07-11 10:50:22.344251,22.0,45.5,22.1,5.2,0.46,3.9,37,Good,39.2,61.5,16.3,10,7,False
2026-07-11 11:50:22.344251,33.8,53.0,17.8,8.8,0.48,15.6,56,Satisfactory,38.9,59.0,3.3,11,7,False
2026-07-11 12:50:22.344251,28.6,54.0,11.8,7.3,0.67,26.5,48,Good,35.2,62.6,10.6,12,7,False
2026-07-11 13:50:22.344251,37.6,64.1,7.7,2.0,0.71,29.6,62,Satisfactory,33.4,43.3,6.3,13,7,False
2026-07-11 14:50:22.344251,32.2,55.0,15.2,7.4,0.62,27.9,53,Satisfactory,34.0,49.0,4.5,14,7,False
2026-07-11 15:50:22.344251,25.6,62.6,11.8,4.8,0.68,42.6,43,Good,31.6,56.1,3.1,15,7,False
2026-07-11 16:50:22.344251,30.8,60.1,6.0,7.0,0.74,31.7,0,Good,28.9,58.3,5.5,16,7,False
2026-07-11 17:50:22.344251,34.9,93.2,25.5,6.0,0.48,47.3,58,Satisfactory,31.0,60.4,1.2,17,7,False
2026-07-11 18:50:22.344251,38.3,67.3,16.2,5.5,0.71,49.2,63,Satisfactory,30.8,53.9,3.1,18,7,False
2026-07-11 19:50:22.344251,34.9,69.0,13.8,6.1,0.78,53.3,58,Satisfactory,29.5,62.9,0.0,19,7,False
2026-07-11 20:50:22.344251,51.7,80.4,19.0,2.6,0.88,53.6,86,Satisfactory,31.9,76.8,0.0,20,7,False
2026-07-11 21:50:22.344251,27.2,39.6,18.1,3.7,0.85,52.5,45,Good,32.7,63.2,8.8,21,7,False
2026-07-11 22:50:22.344251,29.4,52.3,15.6,5.4,0.46,47.0,49,Good,31.1,57.2,7.7,22,7,False
2026-07-11 23:50:22.344251,24.8,51.8,14.7,4.7,0.84,36.6,41,Good,36.2,61.0,10.2,23,7,False
2026-07-12 00:50:22.344251,18.2,29.2,10.9,2.7,0.4,39.1,30,Good,37.6,51.6,9.2,0,7,False
2026-07-12 01:50:22.344251,22.9,36.0,8.8,6.5,0.22,36.0,38,Good,34.4,54.0,6.6,1,7,False
2026-07-12 02:50:22.344251,23.1,37.5,10.6,7.4,0.37,28.5,38,Good,36.3,63.2,8.9,2,7,False
2026-07-12 03:50:22.344251,17.6,35.5,11.4,6.5,0.36,16.9,29,Good,39.1,47.5,9.1,3,7,False
2026-07-12 04:50:22.344251,16.9,24.8,10.1,3.3,0.4,20.1,28,Good,40.0,75.2,10.8,4,7,False
2026-07-12 05:50:22.344251,14.5,24.9,19.2,4.0,0.31,14.6,24,Good,40.6,58.2,12.9,5,7,False
2026-07-12 06:50:22.344251,19.8,31.3,15.9,4.6,0.41,12.3,33,Good,42.4,61.6,15.1,6,7,False
2026-07-12 07:50:22.344251,23.0,44.3,23.4,6.6,1.05,14.4,38,Good,40.1,55.9,15.3,7,7,False
2026-07-12 08:50:22.344251,28.1,57.5,21.7,9.4,0.64,16.8,47,Good,42.9,62.4,10.3,8,7,False
2026-07-12 09:50:22.344251,29.2,42.4,8.6,5.7,0.77,15.0,49,Good,41.3,73.4,13.8,9,7,False
2026-07-12 10:50:22.344251,35.0,68.9,16.3,6.0,0.56,19.0,58,Satisfactory,37.3,64.9,10.9,10,7,False
2026-07-12 11:50:22.344251,20.1,45.8,12.7,6.2,0.31,26.2,33,Good,37.3,62.8,13.3,11,7,False
2026-07-12 12:50:22.344251,28.8,58.8,15.1,2.4,0.58,26.6,48,Good,33.1,57.3,5.1,12,7,False
2026-07-12 13:50:22.344251,26.3,50.2,7.1,8.8,0.67,28.7,44,Good,33.3,70.9,9.1,13,7,False
2026-07-12 14:50:22.344251,27.1,55.3,17.7,6.8,0.38,38.4,45,Good,37.4,63.2,9.4,14,7,False
2026-07-12 15:50:22.344251,36.9,51.0,16.8,5.6,0.72,34.4,61,Satisfactory,30.3,65.5,5.8,15,7,False
2026-07-12 16:50:22.344251,32.8,78.7,16.7,5.7,0.66,35.2,54,Satisfactory,31.7,72.4,0.0,16,7,False
2026-07-12 17:50:22.344251,30.2,64.4,17.8,5.4,0.78,42.1,0,Good,28.3,63.4,3.1,17,7,False
2026-07-12 18:50:22.344251,33.7,81.5,21.2,5.5,0.73,57.9,56,Satisfactory,27.5,56.5,4.5,18,7,False
2026-07-12 19:50:22.344251,38.6,62.0,22.0,3.5,1.26,48.4,64,Satisfactory,30.5,59.2,5.4,19,7,False
2026-07-12 20:50:22.344251,46.8,73.7,25.2,8.3,1.16,44.7,78,Satisfactory,33.0,58.3,2.4,20,7,False
2026-07-12 21:50:22.344251,30.4,50.1,16.1,4.9,0.75,53.5,0,Good,33.7,73.0,7.4,21,7,False
2026-07-12 22:50:22.344251,29.6,44.5,13.4,4.3,0.43,43.4,49,Good,33.5,55.8,0.9,22,7,False
2026-07-12 23:50:22.344251,17.4,44.3,6.2,6.5,0.42,43.1,29,Good,33.6,57.1,8.6,23,7,False
2026-07-13 00:50:22.344251,23.7,33.6,10.6,5.7,0.17,33.6,40,Good,33.7,68.4,3.1,0,7,False
2026-07-13 01:50:22.344251,17.4,31.6,0.9,0.9,0.67,34.7,29,Good,35.6,54.3,10.6,1,7,False
2026-07-13 02:50:22.344251,10.3,31.5,14.6,2.2,0.25,29.3,17,Good,33.1,46.7,12.5,2,7,False
2026-07-13 03:50:22.344251,16.3,29.6,22.6,8.7,0.53,21.7,27,Good,37.1,61.2,10.9,3,7,False
2026-07-13 04:50:22.344251,14.6,28.3,15.7,4.6,0.25,21.7,24,Good,39.7,59.2,11.4,4,7,False
2026-07-13 05:50:22.344251,17.3,25.6,15.6,5.4,0.01,19.9,29,Good,41.0,70.4,10.8,5,7,False
2026-07-13 06:50:22.344251,19.5,35.0,20.4,6.4,0.57,19.7,32,Good,40.4,53.4,11.4,6,7,False
2026-07-13 07:50:22.344251,47.4,59.2,13.1,6.3,0.98,14.7,79,Satisfactory,41.5,60.9,8.7,7,7,False
2026-07-13 08:50:22.344251,26.1,45.0,11.3,4.4,0.9,6.2,43,Good,40.9,61.2,13.8,8,7,False
2026-07-13 09:50:22.344251,38.1,69.9,29.3,5.4,0.47,17.3,63,Satisfactory,38.5,63.7,6.3,9,7,False
2026-07-13 10:50:22.344251,28.6,54.9,12.9,6.7,0.61,17.6,48,Good,37.2,54.5,13.3,10,7,False
2026-07-13 11:50:22.344251,23.2,41.1,10.5,2.8,0.77,5.6,39,Good,37.8,69.2,13.1,11,7,False
2026-07-13 12:50:22.344251,28.1,44.3,13.2,6.1,0.44,21.9,47,Good,32.5,41.8,11.5,12,7,False
2026-07-13 13:50:22.344251,29.2,61.4,17.1,1.1,0.61,23.1,49,Good,33.6,69.1,6.8,13,7,False
2026-07-13 14:50:22.344251,39.1,67.9,12.8,6.8,0.87,20.1,65,Satisfactory,32.4,67.3,1.6,14,7,False
2026-07-13 15:50:22.344251,34.5,65.2,20.3,9.0,0.6,37.7,57,Satisfactory,26.5,66.2,2.8,15,7,False
2026-07-13 16:50:22.344251,32.5,57.0,12.7,7.1,0.78,41.5,54,Satisfactory,33.5,60.1,4.1,16,7,False
2026-07-13 17:50:22.344251,30.9,47.2,16.1,4.8,0.42,54.2,0,Good,27.5,59.6,7.1,17,7,False
2026-07-13 18:50:22.344251,45.3,70.7,18.5,2.3,1.19,48.2,75,Satisfactory,27.2,54.0,1.5,18,7,False
2026-07-13 19:50:22.344251,39.5,67.6,14.4,5.3,0.76,49.1,65,Satisfactory,29.3,46.2,0.9,19,7,False
2026-07-13 20:50:22.344251,44.2,88.4,9.3,5.6,1.15,53.7,73,Satisfactory,31.7,72.8,0.0,20,7,False
2026-07-13 21:50:22.344251,26.6,52.8,7.3,4.5,0.63,39.2,44,Good,32.5,51.7,4.8,21,7,False
2026-07-13 22:50:22.344251,21.5,36.7,8.4,2.7,0.24,48.7,36,Good,32.6,54.5,9.4,22,7,False
2026-07-13 23:50:22.344251,31.0,37.3,12.3,5.6,0.06,40.4,51,Satisfactory,32.6,66.1,8.3,23,7,False
2026-07-14 00:50:22.344251,14.7,28.2,7.3,3.0,0.45,38.8,25,Good,34.9,56.9,11.9,0,7,False
2026-07-14 01:50:22.344251,15.2,25.6,15.2,5.3,0.41,40.1,25,Good,36.4,59.4,12.8,1,7,False
2026-07-14 02:50:22.344251,15.8,29.9,9.8,4.8,0.07,25.2,26,Good,36.8,65.3,10.0,2,7,False
2026-07-14 03:50:22.344251,12.8,29.8,7.0,7.1,0.43,23.8,21,Good,37.2,51.1,13.3,3,7,False
2026-07-14 04:50:22.344251,14.6,32.2,15.1,5.1,0.45,17.9,24,Good,43.7,74.3,9.8,4,7,False
2026-07-14 05:50:22.344251,15.8,28.2,5.6,3.1,0.2,16.0,26,Good,39.5,74.9,10.9,5,7,False
2026-07-14 06:50:22.344251,18.0,28.2,17.2,6.2,0.4,16.5,30,Good,39.7,57.7,14.2,6,7,False
2026-07-14 07:50:22.344251,41.4,40.6,21.4,3.7,0.57,8.5,69,Satisfactory,37.8,69.1,8.3,7,7,False
2026-07-14 08:50:22.344251,31.6,56.9,18.4,8.2,0.44,15.6,52,Satisfactory,37.1,67.1,7.5,8,7,False
2026-07-14 09:50:22.344251,90.9,119.0,24.0,8.6,0.8,11.7,0,Good,39.9,61.6,13.8,9,7,True
2026-07-14 10:50:22.344251,29.4,53.5,20.7,2.9,0.44,15.0,49,Good,37.3,40.9,13.0,10,7,False
2026-07-14 11:50:22.344251,21.8,47.5,15.4,5.3,0.59,20.5,36,Good,35.1,56.0,13.1,11,7,False
2026-07-14 12:50:22.344251,37.7,52.6,13.9,5.0,0.34,24.3,62,Satisfactory,35.1,68.4,7.0,12,7,False
2026-07-14 13:50:22.344251,31.6,51.8,12.6,4.9,0.67,20.0,52,Satisfactory,35.7,60.4,4.8,13,7,False
2026-07-14 14:50:22.344251,28.2,38.5,14.9,1.9,0.88,31.0,47,Good,31.9,63.2,5.3,14,7,False
2026-07-14 15:50:22.344251,32.2,52.1,13.8,4.6,0.64,34.7,53,Satisfactory,29.6,63.8,7.1,15,7,False
2026-07-14 16:50:22.344251,47.0,68.4,10.5,4.1,0.56,36.8,78,Satisfactory,29.4,58.8,0.4,16,7,False
2026-07-14 17:50:22.344251,33.6,56.8,20.1,4.9,0.69,53.8,55,Satisfactory,31.4,51.8,5.2,17,7,False
2026-07-14 18:50:22.344251,33.0,85.6,9.5,7.8,0.58,52.0,54,Satisfactory,34.6,49.4,2.9,18,7,False
2026-07-14 19:50:22.344251,32.2,64.3,6.4,6.9,0.64,58.5,53,Satisfactory,28.2,75.1,9.6,19,7,False
2026-07-14 20:50:22.344251,36.2,82.5,10.3,3.0,0.83,59.6,60,Satisfactory,30.4,58.7,0.0,20,7,False
2026-07-14 21:50:22.344251,29.8,44.9,19.2,6.8,0.64,52.9,50,Good,29.3,56.2,6.6,21,7,False
2026-07-14 22:50:22.344251,21.8,50.7,17.8,6.4,0.65,49.9,36,Good,32.5,61.7,5.6,22,7,False
2026-07-14 23:50:22.344251,24.4,44.3,3.8,9.3,0.64,39.5,41,Good,34.5,51.7,4.9,23,7,False
2026-07-15 00:50:22.344251,20.0,45.1,9.6,3.9,0.49,34.0,33,Good,35.9,63.1,4.5,0,7,False
2026-07-15 01:50:22.344251,22.2,32.1,11.7,9.1,0.66,25.1,37,Good,32.6,52.3,4.1,1,7,False
2026-07-15 02:50:22.344251,17.3,28.5,2.0,6.3,0.56,36.7,29,Good,38.5,48.2,12.4,2,7,False
2026-07-15 03:50:22.344251,10.8,22.5,3.7,5.8,0.32,26.2,18,Good,37.8,50.7,13.8,3,7,False
2026-07-15 04:50:22.344251,16.2,29.2,13.3,8.4,0.12,28.4,27,Good,40.5,66.3,7.4,4,7,False
2026-07-15 05:50:22.344251,10.7,26.4,23.1,6.8,0.2,15.9,18,Good,40.3,53.4,12.8,5,7,False
2026-07-15 06:50:22.344251,22.3,33.4,19.5,7.6,0.67,27.9,37,Good,36.4,57.6,10.4,6,7,False
2026-07-15 07:50:22.344251,24.4,44.4,24.1,4.9,0.83,6.7,41,Good,45.2,47.2,16.9,7,7,False
2026-07-15 08:50:22.344251,37.6,65.3,14.1,6.2,0.75,7.8,62,Satisfactory,37.1,58.3,6.2,8,7,False
2026-07-15 09:50:22.344251,32.7,53.1,11.8,6.2,0.88,4.9,54,Satisfactory,37.5,62.1,11.2,9,7,False
2026-07-15 10:50:22.344251,21.3,38.6,24.2,7.9,1.12,18.2,35,Good,36.3,68.3,15.0,10,7,False
2026-07-15 11:50:22.344251,32.3,51.1,23.1,7.6,0.37,19.8,53,Satisfactory,36.5,57.2,8.0,11,7,False
2026-07-15 12:50:22.344251,27.7,57.5,8.5,2.7,0.58,21.4,46,Good,34.4,51.5,8.6,12,7,False
2026-07-15 13:50:22.344251,27.7,65.1,14.0,5.7,0.74,20.5,46,Good,36.6,59.1,4.8,13,7,False
2026-07-15 14:50:22.344251,37.5,58.5,10.6,8.4,0.74,29.6,62,Satisfactory,31.9,48.6,2.3,14,7,False
2026-07-15 15:50:22.344251,23.8,46.9,21.0,4.6,0.19,35.1,40,Good,32.1,71.4,7.1,15,7,False
2026-07-15 16:50:22.344251,21.1,61.7,20.1,7.8,0.56,42.6,35,Good,32.0,62.5,2.4,16,7,False
2026-07-15 17:50:22.344251,47.7,78.2,13.4,4.0,0.6,46.3,79,Satisfactory,28.2,63.5,4.8,17,7,False
2026-07-15 18:50:22.344251,44.5,74.6,19.3,7.8,0.79,45.5,74,Satisfactory,31.4,58.3,2.0,18,7,False
2026-07-15 19:50:22.344251,25.8,70.2,27.0,5.0,0.41,48.1,43,Good,31.5,64.2,3.1,19,7,False
2026-07-15 20:50:22.344251,28.7,58.6,21.5,10.0,0.53,50.7,48,Good,31.8,57.8,8.2,20,7,False
2026-07-15 21:50:22.344251,34.7,49.1,14.5,4.4,0.77,47.2,57,Satisfactory,27.1,49.8,5.4,21,7,False
2026-07-15 22:50:22.344251,36.0,52.9,7.2,4.1,0.64,50.4,59,Satisfactory,30.0,57.7,3.4,22,7,False
2026-07-15 23:50:22.344251,26.8,33.4,7.1,4.5,0.58,38.4,45,Good,32.2,64.7,11.0,23,7,False
2026-07-16 00:50:22.344251,17.1,33.2,9.5,4.5,0.26,41.4,29,Good,33.2,49.5,8.9,0,7,False
2026-07-16 01:50:22.344251,12.1,34.2,12.1,3.2,0.76,28.3,20,Good,37.8,59.7,13.8,1,7,False
2026-07-16 02:50:22.344251,15.6,32.2,6.7,8.2,0.79,26.5,26,Good,37.4,63.2,10.5,2,7,False
2026-07-16 03:50:22.344251,13.5,26.4,4.0,4.9,0.58,17.0,23,Good,34.9,66.5,9.8,3,7,False
2026-07-16 04:50:22.344251,12.5,21.3,8.8,6.9,0.77,20.0,21,Good,38.7,60.3,18.1,4,7,False
2026-07-16 05:50:22.344251,15.3,27.8,3.7,2.7,0.18,16.2,25,Good,40.2,48.8,11.7,5,7,False
2026-07-16 06:50:22.344251,15.5,29.8,11.8,4.8,0.35,4.4,26,Good,42.0,64.1,17.9,6,7,False
2026-07-16 07:50:22.344251,20.0,53.7,28.4,7.5,0.79,14.2,33,Good,39.5,58.0,13.0,7,7,False
2026-07-16 08:50:22.344251,35.5,65.5,23.2,4.5,0.68,3.4,59,Satisfactory,42.7,71.5,7.2,8,7,False
2026-07-16 09:50:22.344251,28.5,40.3,17.6,6.7,0.94,23.2,48,Good,42.3,65.5,13.5,9,7,False
2026-07-16 10:50:22.344251,35.1,55.3,21.3,4.0,0.97,18.4,58,Satisfactory,34.3,66.4,10.0,10,7,False
2026-07-16 11:50:22.344251,28.4,51.3,17.3,5.2,0.45,11.6,47,Good,29.8,58.1,7.0,11,7,False
2026-07-16 12:50:22.344251,39.7,52.7,6.8,6.0,1.05,27.9,66,Satisfactory,35.4,65.9,4.9,12,7,False
2026-07-16 13:50:22.344251,36.3,43.9,16.3,4.7,0.85,14.5,60,Satisfactory,33.9,55.0,6.9,13,7,False
2026-07-16 14:50:22.344251,47.3,72.7,8.5,9.5,0.48,34.9,78,Satisfactory,30.5,54.2,4.0,14,7,False
2026-07-16 15:50:22.344251,34.2,47.2,20.9,4.9,0.46,40.5,56,Satisfactory,33.3,53.8,8.5,15,7,False
2026-07-16 16:50:22.344251,37.4,47.5,15.5,1.8,0.48,40.4,62,Satisfactory,26.2,58.7,4.9,16,7,False
2026-07-16 17:50:22.344251,53.2,83.6,15.4,5.0,0.83,39.6,89,Satisfactory,30.8,63.0,2.7,17,7,False
2026-07-16 18:50:22.344251,49.4,95.8,13.6,5.7,0.97,42.7,82,Satisfactory,31.8,68.7,0.0,18,7,False
2026-07-16 19:50:22.344251,44.2,91.4,27.9,2.7,0.8,55.8,73,Satisfactory,30.6,71.8,0.0,19,7,False
2026-07-16 20:50:22.344251,36.7,72.0,13.0,4.5,0.46,52.5,61,Satisfactory,30.8,62.7,1.3,20,7,False
2026-07-16 21:50:22.344251,34.8,43.1,12.7,1.2,0.42,53.3,57,Satisfactory,31.1,55.5,1.2,21,7,False
2026-07-16 22:50:22.344251,20.4,38.5,16.4,6.8,0.38,43.8,34,Good,32.1,56.5,9.7,22,7,False
2026-07-16 23:50:22.344251,21.0,41.0,13.1,6.8,0.91,37.8,35,Good,35.4,63.4,8.9,23,7,False
2026-07-17 00:50:22.344251,19.0,35.3,0.8,5.8,0.26,51.2,32,Good,34.1,58.3,12.6,0,7,False
2026-07-17 01:50:22.344251,25.3,42.5,7.3,3.6,0.38,39.2,42,Good,31.5,62.7,3.3,1,7,False
2026-07-17 02:50:22.344251,19.0,37.1,12.0,7.2,0.6,31.0,32,Good,36.0,57.6,8.3,2,7,False
2026-07-17 03:50:22.344251,14.8,31.9,2.6,3.2,0.42,25.7,25,Good,38.4,62.8,10.4,3,7,False
2026-07-17 04:50:22.344251,18.9,22.1,2.3,6.8,0.55,26.1,31,Good,42.0,55.2,11.2,4,7,False
2026-07-17 05:50:22.344251,13.5,31.2,12.7,3.1,0.67,17.4,22,Good,42.4,51.5,9.3,5,7,False
2026-07-17 06:50:22.344251,20.2,37.9,19.5,3.8,0.57,14.5,34,Good,42.4,40.6,9.3,6,7,False
2026-07-17 07:50:22.344251,32.5,46.2,23.1,7.6,0.92,12.8,53,Satisfactory,38.7,39.4,14.4,7,7,False
2026-07-17 08:50:22.344251,24.7,47.2,17.5,2.1,0.69,15.5,41,Good,39.3,60.5,15.7,8,7,False
2026-07-17 09:50:22.344251,24.8,44.3,22.6,5.2,0.5,9.4,41,Good,38.4,65.8,16.2,9,7,False
2026-07-17 10:50:22.344251,31.0,51.0,24.4,5.8,0.98,6.7,0,Good,39.9,45.9,6.8,10,7,False
2026-07-17 11:50:22.344251,27.8,49.4,18.0,4.4,0.4,7.4,46,Good,37.1,64.6,7.9,11,7,False
2026-07-17 12:50:22.344251,25.2,48.9,12.2,6.5,0.42,19.0,42,Good,34.6,68.8,11.8,12,7,False
2026-07-17 13:50:22.344251,32.9,44.4,7.1,6.8,0.75,31.1,54,Satisfactory,35.2,58.3,11.7,13,7,False
2026-07-17 14:50:22.344251,33.7,52.2,18.7,7.6,0.68,27.9,56,Satisfactory,34.5,57.5,6.4,14,7,False
2026-07-17 15:50:22.344251,22.4,50.0,18.1,6.3,0.75,35.1,37,Good,31.0,63.2,7.7,15,7,False
2026-07-17 16:50:22.344251,32.6,66.9,17.5,6.6,0.53,46.2,54,Satisfactory,33.8,57.2,3.1,16,7,False
2026-07-17 17:50:22.344251,45.7,92.7,11.3,6.7,0.93,41.9,76,Satisfactory,31.8,59.5,0.0,17,7,False
2026-07-17 18:50:22.344251,48.5,79.2,15.1,6.2,0.28,44.5,81,Satisfactory,30.5,60.6,1.8,18,7,False
2026-07-17 19:50:22.344251,40.2,56.5,21.3,7.1,0.97,50.0,66,Satisfactory,25.4,73.6,5.4,19,7,False
2026-07-17 20:50:22.344251,49.1,83.6,17.9,8.4,0.79,63.3,82,Satisfactory,32.2,65.5,2.6,20,7,False
2026-07-17 21:50:22.344251,30.3,47.2,12.5,6.2,0.36,43.0,0,Good,32.4,47.9,4.4,21,7,False
2026-07-17 22:50:22.344251,23.0,41.3,17.6,1.8,0.19,41.4,38,Good,31.3,54.0,9.8,22,7,False
2026-07-17 23:50:22.344251,27.2,57.0,16.5,8.2,0.48,49.4,45,Good,34.2,61.9,3.8,23,7,False
2026-07-18 00:50:22.344251,15.5,29.4,8.7,6.4,0.47,42.1,26,Good,37.3,50.0,10.1,0,7,False
2026-07-18 01:50:22.344251,16.0,27.7,10.9,3.1,0.27,30.7,27,Good,42.0,75.5,11.2,1,7,False
2026-07-18 02:50:22.344251,14.0,31.7,13.0,8.7,0.58,32.6,23,Good,38.0,63.3,10.9,2,7,False
2026-07-18 03:50:22.344251,15.5,31.1,14.2,9.7,0.16,16.5,26,Good,36.2,73.1,13.8,3,7,False
2026-07-18 04:50:22.344251,18.8,35.0,9.2,5.0,0.54,16.8,31,Good,37.2,58.5,12.0,4,7,False
2026-07-18 05:50:22.344251,13.1,23.3,16.7,5.3,0.81,25.9,22,Good,42.0,49.5,14.7,5,7,False
2026-07-18 06:50:22.344251,25.3,43.1,5.1,4.4,0.7,9.6,42,Good,40.8,56.6,13.2,6,7,False
2026-07-18 07:50:22.344251,29.9,43.9,21.0,3.5,1.1,16.1,50,Good,39.7,54.8,14.5,7,7,False
2026-07-18 08:50:22.344251,22.8,48.8,18.7,5.5,0.58,10.8,38,Good,41.6,61.0,16.2,8,7,False
2026-07-18 09:50:22.344251,35.3,63.5,14.4,6.8,0.89,8.9,58,Satisfactory,41.6,62.5,7.9,9,7,False
2026-07-18 10:50:22.344251,31.1,57.1,9.4,1.5,0.76,6.7,51,Satisfactory,39.9,47.9,10.3,10,7,False
2026-07-18 11:50:22.344251,25.8,50.1,10.3,7.2,0.53,7.6,43,Good,33.9,46.2,9.7,11,7,False
2026-07-18 12:50:22.344251,30.0,66.4,19.1,5.5,0.92,9.7,50,Good,32.0,47.2,6.5,12,7,False
2026-07-18 13:50:22.344251,22.1,42.6,21.3,5.0,0.9,31.0,37,Good,29.8,70.8,12.5,13,7,False
2026-07-18 14:50:22.344251,31.6,68.9,22.8,5.2,0.54,27.4,52,Satisfactory,32.0,75.2,0.5,14,7,False
2026-07-18 15:50:22.344251,32.2,64.8,11.1,3.9,0.69,38.4,53,Satisfactory,31.4,50.0,1.6,15,7,False
2026-07-18 16:50:22.344251,33.6,65.5,19.8,5.5,0.56,40.3,55,Satisfactory,31.9,51.0,3.5,16,7,False
2026-07-18 17:50:22.344251,39.9,81.9,12.2,4.7,1.1,52.9,66,Satisfactory,31.7,53.0,1.0,17,7,False
2026-07-18 18:50:22.344251,36.3,88.4,21.5,9.5,0.68,52.3,60,Satisfactory,30.8,59.2,5.4,18,7,False
2026-07-18 19:50:22.344251,37.7,77.1,19.2,7.5,0.79,47.7,62,Satisfactory,29.1,51.7,3.9,19,7,False
2026-07-18 20:50:22.344251,40.0,58.0,22.8,2.6,0.57,51.5,66,Satisfactory,31.3,64.8,7.3,20,7,False
2026-07-18 21:50:22.344251,24.9,40.1,17.0,6.3,0.16,49.3,42,Good,30.9,58.9,8.3,21,7,False
2026-07-18 22:50:22.344251,22.4,48.5,6.8,6.3,0.55,46.7,37,Good,35.7,58.6,5.9,22,7,False
2026-07-18 23:50:22.344251,27.1,41.8,13.6,6.6,0.28,35.4,45,Good,36.9,61.8,4.3,23,7,False
2026-07-19 00:50:22.344251,19.9,45.5,16.7,5.2,0.19,41.8,33,Good,33.0,62.2,2.6,0,7,False
2026-07-19 01:50:22.344251,15.7,26.2,1.5,7.6,0.51,34.9,26,Good,35.0,64.1,11.7,1,7,False
2026-07-19 02:50:22.344251,14.1,28.9,9.6,3.6,0.17,31.1,24,Good,37.8,50.8,12.6,2,7,False
2026-07-19 03:50:22.344251,9.5,24.1,5.3,8.1,0.62,27.2,16,Good,39.1,63.4,18.4,3,7,False
2026-07-19 04:50:22.344251,17.6,30.3,15.3,7.2,0.11,21.3,29,Good,35.9,61.5,12.6,4,7,False
2026-07-19 05:50:22.344251,13.5,21.9,9.1,6.8,0.71,14.5,22,Good,41.1,63.9,13.4,5,7,False
2026-07-19 06:50:22.344251,18.1,29.0,9.5,6.2,0.48,20.5,30,Good,40.0,47.2,15.2,6,7,False
2026-07-19 07:50:22.344251,25.5,44.0,16.8,5.2,0.55,4.6,42,Good,40.2,58.3,14.0,7,7,False
2026-07-19 08:50:22.344251,29.8,49.2,20.5,2.7,0.72,6.5,50,Good,40.1,60.1,11.6,8,7,False
2026-07-19 09:50:22.344251,23.9,44.2,14.1,5.5,0.96,19.1,40,Good,36.8,63.8,13.4,9,7,False
2026-07-19 10:50:22.344251,35.2,62.9,20.3,6.0,0.73,18.1,58,Satisfactory,38.1,62.5,11.1,10,7,False
2026-07-19 11:50:22.344251,22.5,36.5,11.6,5.6,0.67,19.6,38,Good,35.1,70.1,11.4,11,7,False
2026-07-19 12:50:22.344251,27.7,35.0,23.5,7.3,0.54,27.1,46,Good,35.2,56.5,10.6,12,7,False
2026-07-19 13:50:22.344251,30.5,49.6,20.3,7.2,0.47,28.5,0,Good,32.6,62.1,7.1,13,7,False
2026-07-19 14:50:22.344251,25.4,41.6,10.7,3.9,0.86,38.6,42,Good,31.8,60.0,10.9,14,7,False
2026-07-19 15:50:22.344251,31.6,56.6,12.2,2.2,0.62,30.3,52,Satisfactory,28.4,59.8,4.5,15,7,False
2026-07-19 16:50:22.344251,27.1,60.2,17.3,5.7,0.63,46.3,45,Good,29.0,81.0,4.2,16,7,False
2026-07-19 17:50:22.344251,36.2,58.3,25.3,5.7,0.68,45.9,60,Satisfactory,32.3,78.2,7.1,17,7,False
2026-07-19 18:50:22.344251,43.7,75.5,26.2,8.2,0.53,45.1,73,Satisfactory,27.4,69.2,5.5,18,7,False
2026-07-19 19:50:22.344251,47.7,72.8,19.9,4.9,0.64,50.1,79,Satisfactory,31.4,51.3,4.9,19,7,False
2026-07-19 20:50:22.344251,47.4,88.7,28.8,5.4,1.32,48.0,79,Satisfactory,31.7,65.3,1.5,20,7,False
2026-07-19 21:50:22.344251,27.8,41.6,16.7,2.1,0.71,45.7,46,Good,31.4,57.6,10.0,21,7,False
2026-07-19 22:50:22.344251,29.0,43.1,8.0,9.0,0.49,49.4,48,Good,34.0,60.0,5.3,22,7,False
2026-07-19 23:50:22.344251,25.0,42.8,4.2,1.6,0.47,54.0,42,Good,36.1,78.9,8.5,23,7,False
2026-07-20 00:50:22.344251,14.4,30.6,15.6,1.3,0.19,37.6,24,Good,37.7,48.7,9.4,0,7,False
2026-07-20 01:50:22.344251,16.1,28.5,15.4,5.6,0.26,34.1,27,Good,35.5,52.7,10.0,1,7,False
2026-07-20 02:50:22.344251,21.9,31.5,10.7,5.0,0.36,29.4,36,Good,35.5,51.5,9.2,2,7,False
2026-07-20 03:50:22.344251,12.2,28.5,14.9,4.2,0.52,23.9,20,Good,38.0,60.4,11.3,3,7,False
2026-07-20 04:50:22.344251,13.4,19.4,0.0,6.0,0.79,29.0,22,Good,40.3,57.2,16.7,4,7,False
2026-07-20 05:50:22.344251,18.8,25.5,9.3,6.5,0.41,10.5,31,Good,39.4,58.2,12.5,5,7,False
2026-07-20 06:50:22.344251,17.1,30.5,7.5,4.2,0.19,15.7,28,Good,38.8,54.0,16.4,6,7,False
2026-07-20 07:50:22.344251,28.9,44.0,35.8,6.1,0.86,10.0,48,Good,39.4,68.0,11.6,7,7,False
2026-07-20 08:50:22.344251,24.2,47.1,15.6,7.3,0.75,11.3,40,Good,43.2,48.7,14.8,8,7,False
2026-07-20 09:50:22.344251,42.0,62.0,13.8,5.9,0.5,7.1,70,Satisfactory,33.6,75.8,10.0,9,7,False
2026-07-20 10:50:22.344251,33.7,51.3,11.4,4.4,0.76,21.6,55,Satisfactory,36.7,48.2,11.3,10,7,False
2026-07-20 11:50:22.344251,25.7,39.7,16.1,4.4,0.57,8.4,43,Good,37.1,69.4,10.7,11,7,False
2026-07-20 12:50:22.344251,28.7,65.2,17.8,3.5,0.57,25.8,48,Good,36.5,64.3,4.3,12,7,False
2026-07-20 13:50:22.344251,27.9,51.3,20.2,8.9,0.68,26.2,46,Good,33.6,62.8,7.9,13,7,False
2026-07-20 14:50:22.344251,33.5,72.9,17.2,7.3,0.57,28.9,55,Satisfactory,32.6,53.9,0.0,14,7,False
2026-07-20 15:50:22.344251,22.3,60.5,8.5,3.8,0.32,43.7,37,Good,28.4,50.7,5.8,15,7,False
2026-07-20 16:50:22.344251,27.4,41.8,11.8,9.5,0.86,35.6,46,Good,34.0,63.1,7.2,16,7,False
2026-07-20 17:50:22.344251,43.8,56.4,21.0,4.5,1.14,52.7,73,Satisfactory,31.9,61.3,2.2,17,7,False
2026-07-20 18:50:22.344251,44.9,72.0,9.8,3.7,0.8,42.8,74,Satisfactory,27.5,53.6,3.2,18,7,False
2026-07-20 19:50:22.344251,33.0,62.2,15.2,5.6,0.54,42.9,54,Satisfactory,31.0,60.0,5.7,19,7,False
2026-07-20 20:50:22.344251,42.6,64.9,18.8,3.4,0.72,54.4,71,Satisfactory,27.8,64.8,0.0,20,7,False
2026-07-20 21:50:22.344251,23.9,56.8,10.2,6.3,0.18,53.2,40,Good,33.9,74.7,3.4,21,7,False
2026-07-20 22:50:22.344251,23.0,47.1,20.5,5.8,0.41,46.3,38,Good,31.3,64.2,5.1,22,7,False
2026-07-20 23:50:22.344251,24.8,37.6,11.3,6.1,0.34,42.6,41,Good,35.2,72.7,3.5,23,7,False
2026-07-21 00:50:22.344251,10.4,38.2,15.4,7.0,0.13,45.7,17,Good,28.5,47.8,8.1,0,7,False
2026-07-21 01:50:22.344251,22.5,39.6,7.3,7.4,0.41,44.0,38,Good,37.1,54.4,8.6,1,7,False
2026-07-21 02:50:22.344251,12.8,22.0,13.1,6.3,0.27,30.0,21,Good,36.2,63.8,16.2,2,7,False
2026-07-21 03:50:22.344251,16.7,25.9,14.3,7.0,0.08,26.5,28,Good,41.9,53.7,11.6,3,7,False
2026-07-21 04:50:22.344251,13.3,21.4,19.2,8.0,0.31,22.5,22,Good,40.3,71.1,13.3,4,7,False
2026-07-21 05:50:22.344251,13.2,20.4,15.6,3.8,0.45,17.2,22,Good,41.0,57.4,17.3,5,7,False
2026-07-21 06:50:22.344251,27.0,44.3,13.7,6.6,0.51,12.2,45,Good,39.0,77.5,9.3,6,7,False
2026-07-21 07:50:22.344251,26.3,48.6,24.6,6.2,0.73,14.0,44,Good,37.5,34.7,14.0,7,7,False
2026-07-21 08:50:22.344251,35.5,58.5,20.9,7.0,0.7,13.4,59,Satisfactory,41.4,56.9,10.4,8,7,False
2026-07-21 09:50:22.344251,27.5,63.6,7.0,5.3,0.96,11.6,46,Good,37.9,53.1,9.9,9,7,False
2026-07-21 10:50:22.344251,25.9,57.5,15.5,8.4,0.99,10.7,43,Good,38.5,61.6,10.8,10,7,False
2026-07-21 11:50:22.344251,18.6,48.5,16.7,4.4,0.42,6.1,31,Good,36.1,59.9,8.8,11,7,False
2026-07-21 12:50:22.344251,33.8,54.0,18.0,10.0,0.61,18.2,56,Satisfactory,39.4,48.8,6.2,12,7,False
2026-07-21 13:50:22.344251,33.9,49.3,17.1,8.4,1.02,23.4,56,Satisfactory,29.9,59.1,6.8,13,7,False
2026-07-21 14:50:22.344251,24.2,54.5,18.9,6.4,0.93,26.2,40,Good,33.5,65.3,8.9,14,7,False
2026-07-21 15:50:22.344251,26.0,51.2,10.1,6.2,0.67,34.3,43,Good,29.7,56.7,7.1,15,7,False
2026-07-21 16:50:22.344251,30.6,47.4,4.8,5.4,0.54,41.3,0,Good,33.5,55.0,6.8,16,7,False
2026-07-21 17:50:22.344251,35.4,65.2,20.6,2.4,0.65,46.9,58,Satisfactory,28.7,46.7,4.7,17,7,False
2026-07-21 18:50:22.344251,40.1,81.5,23.7,4.8,0.92,47.5,66,Satisfactory,26.9,51.8,0.0,18,7,False
2026-07-21 19:50:22.344251,52.7,85.1,21.1,5.0,0.51,42.9,88,Satisfactory,36.0,67.2,1.1,19,7,False
2026-07-21 20:50:22.344251,45.2,87.9,15.0,8.6,0.44,57.9,75,Satisfactory,29.9,55.7,2.5,20,7,False
2026-07-21 21:50:22.344251,29.2,46.6,15.8,3.7,0.6,48.9,49,Good,35.0,61.4,3.1,21,7,False
2026-07-21 22:50:22.344251,31.6,42.3,12.2,7.9,0.62,56.1,52,Satisfactory,31.5,50.4,5.1,22,7,False
2026-07-21 23:50:22.344251,30.5,32.0,10.3,5.5,0.74,48.7,0,Good,32.0,55.9,6.5,23,7,False
2026-07-22 00:50:22.344251,24.0,31.2,4.2,5.3,0.36,41.3,40,Good,34.2,57.5,2.9,0,7,False
2026-07-22 01:50:22.344251,19.3,34.5,14.9,4.8,0.37,40.9,32,Good,36.1,61.7,6.6,1,7,False
2026-07-22 02:50:22.344251,13.5,22.2,11.9,6.0,0.53,25.4,23,Good,35.6,52.3,14.4,2,7,False
2026-07-22 03:50:22.344251,10.5,25.9,6.3,2.0,0.32,24.5,18,Good,39.2,54.6,14.3,3,7,False
2026-07-22 04:50:22.344251,14.3,23.6,12.3,6.2,0.38,17.8,24,Good,41.1,51.5,12.3,4,7,False
2026-07-22 05:50:22.344251,12.5,21.2,1.2,6.2,0.33,15.5,21,Good,41.4,71.6,14.6,5,7,False
2026-07-22 06:50:22.344251,18.0,37.6,14.4,5.6,0.29,11.7,30,Good,38.4,70.9,14.3,6,7,False
2026-07-22 07:50:22.344251,29.6,61.8,24.2,4.4,0.77,10.1,49,Good,41.6,53.2,8.0,7,7,False
2026-07-22 08:50:22.344251,30.0,50.9,12.0,7.0,0.43,11.1,50,Good,41.8,59.5,10.6,8,7,False
2026-07-22 09:50:22.344251,29.6,38.7,19.3,4.7,0.8,11.1,49,Good,39.7,60.8,12.7,9,7,False
2026-07-22 10:50:22.344251,39.3,64.3,16.6,2.8,0.43,13.8,65,Satisfactory,35.1,54.1,6.7,10,7,False
2026-07-22 11:50:22.344251,27.1,56.3,6.9,5.5,0.67,3.6,45,Good,33.0,55.4,10.1,11,7,False
2026-07-22 12:50:22.344251,14.6,39.3,7.8,1.9,0.42,21.4,24,Good,33.7,54.6,13.3,12,7,False
2026-07-22 13:50:22.344251,33.5,48.8,8.5,4.1,0.53,27.5,55,Satisfactory,30.9,52.7,8.0,13,7,False
2026-07-22 14:50:22.344251,26.1,55.2,12.2,4.2,0.72,39.3,43,Good,30.6,66.6,5.7,14,7,False
2026-07-22 15:50:22.344251,44.8,70.3,14.2,2.0,1.09,32.7,74,Satisfactory,31.1,42.9,0.0,15,7,False
2026-07-22 16:50:22.344251,36.7,42.6,17.7,4.7,0.89,44.7,61,Satisfactory,30.6,66.9,5.4,16,7,False
2026-07-22 17:50:22.344251,39.8,87.1,12.6,4.8,0.67,51.0,66,Satisfactory,30.2,64.1,1.3,17,7,False
2026-07-22 18:50:22.344251,50.6,71.7,20.2,5.9,0.77,51.1,84,Satisfactory,28.5,58.5,1.3,18,7,False
2026-07-22 19:50:22.344251,36.0,60.4,21.3,3.9,0.29,47.1,59,Satisfactory,29.2,51.8,6.6,19,7,False
2026-07-22 20:50:22.344251,34.6,76.8,19.4,3.3,0.19,51.3,57,Satisfactory,29.5,62.5,5.1,20,7,False
2026-07-22 21:50:22.344251,37.3,41.3,18.8,5.7,0.33,54.3,62,Satisfactory,32.2,53.7,0.0,21,7,False
2026-07-22 22:50:22.344251,21.4,49.5,14.6,6.0,0.38,51.4,36,Good,28.2,58.6,7.5,22,7,False
2026-07-22 23:50:22.344251,24.3,45.4,12.1,7.9,0.54,49.4,40,Good,33.1,57.6,8.3,23,7,False
2026-07-23 00:50:22.344251,19.1,24.3,7.8,6.0,0.5,33.3,32,Good,34.6,65.9,11.6,0,7,False
2026-07-23 01:50:22.344251,21.7,28.0,5.6,1.6,0.46,39.4,36,Good,36.6,59.5,10.4,1,7,False
2026-07-23 02:50:22.344251,19.9,35.2,14.1,4.0,0.51,33.0,33,Good,41.6,68.4,4.2,2,7,False
2026-07-23 03:50:22.344251,12.9,28.9,9.2,5.3,0.45,26.5,22,Good,38.0,63.2,13.3,3,7,False
2026-07-23 04:50:22.344251,17.5,26.6,13.1,6.6,0.0,26.5,29,Good,39.8,58.1,10.3,4,7,False
2026-07-23 05:50:22.344251,12.0,23.8,21.1,6.7,0.43,10.2,20,Good,42.3,59.0,13.7,5,7,False
2026-07-23 06:50:22.344251,23.5,40.1,14.9,7.5,0.73,11.3,39,Good,40.7,53.5,12.7,6,7,False
2026-07-23 07:50:22.344251,30.7,55.9,20.7,2.4,0.99,15.2,0,Good,41.6,61.5,13.0,7,7,False
2026-07-23 08:50:22.344251,24.9,62.1,13.1,4.2,1.14,10.9,41,Good,40.0,71.1,11.0,8,7,False
2026-07-23 09:50:22.344251,32.4,56.0,9.3,6.9,0.9,2.7,53,Satisfactory,38.8,73.9,13.7,9,7,False
2026-07-23 10:50:22.344251,27.2,56.1,19.3,4.1,0.68,9.4,45,Good,41.0,59.2,10.6,10,7,False
2026-07-23 11:50:22.344251,25.6,52.1,23.9,6.5,0.6,9.0,43,Good,38.5,79.5,10.2,11,7,False
2026-07-23 12:50:22.344251,40.9,66.5,21.8,5.2,0.6,22.1,68,Satisfactory,36.7,46.7,1.6,12,7,False
2026-07-23 13:50:22.344251,30.0,51.0,19.0,2.7,0.45,29.7,0,Good,34.6,67.7,10.2,13,7,False
2026-07-23 14:50:22.344251,27.2,56.2,19.1,4.5,0.67,28.8,45,Good,31.2,73.7,5.0,14,7,False
2026-07-23 15:50:22.344251,36.7,57.9,17.1,7.2,0.64,32.9,61,Satisfactory,33.1,64.9,4.8,15,7,False
2026-07-23 16:50:22.344251,30.1,60.8,16.8,9.5,0.33,47.1,0,Good,31.2,61.3,6.3,16,7,False
2026-07-23 17:50:22.344251,46.9,57.7,25.9,7.0,0.71,36.0,78,Satisfactory,28.5,66.6,7.0,17,7,False
2026-07-23 18:50:22.344251,31.9,84.6,13.2,8.3,0.68,53.7,53,Satisfactory,29.8,63.2,1.4,18,7,False
2026-07-23 19:50:22.344251,29.0,60.5,13.5,5.1,0.41,53.3,48,Good,30.2,67.3,10.0,19,7,False
2026-07-23 20:50:22.344251,34.9,68.6,20.0,3.7,1.21,46.2,58,Satisfactory,29.8,56.1,0.0,20,7,False
2026-07-23 21:50:22.344251,24.5,41.7,11.5,0.8,0.44,56.3,41,Good,33.4,60.1,6.9,21,7,False
2026-07-23 22:50:22.344251,25.6,42.0,18.4,9.9,0.69,47.4,43,Good,32.2,59.7,6.7,22,7,False
2026-07-23 23:50:22.344251,31.7,46.9,11.7,4.3,0.57,40.8,52,Satisfactory,36.1,67.0,4.7,23,7,False
2026-07-24 00:50:22.344251,19.6,36.1,12.0,4.2,0.47,44.0,33,Good,34.2,60.4,7.0,0,7,False
2026-07-24 01:50:22.344251,16.8,30.3,17.0,4.8,0.38,25.5,28,Good,37.4,70.1,10.9,1,7,False
2026-07-24 02:50:22.344251,18.8,28.1,10.7,4.2,0.32,34.9,31,Good,36.0,67.2,10.8,2,7,False
2026-07-24 03:50:22.344251,11.7,32.2,2.6,7.0,0.23,24.0,20,Good,40.0,49.4,9.8,3,7,False
2026-07-24 04:50:22.344251,20.6,31.8,19.0,4.4,0.12,19.6,34,Good,39.7,62.3,9.1,4,7,False
2026-07-24 05:50:22.344251,13.5,36.8,12.9,4.7,0.13,21.0,22,Good,39.1,64.3,11.6,5,7,False
2026-07-24 06:50:22.344251,16.1,31.4,9.5,1.9,0.85,8.1,27,Good,41.6,41.3,13.6,6,7,False
2026-07-24 07:50:22.344251,17.0,39.6,18.2,8.7,1.01,7.8,28,Good,42.8,59.2,18.2,7,7,False
2026-07-24 08:50:22.344251,23.8,65.9,18.4,7.2,0.98,10.7,40,Good,41.0,49.7,11.9,8,7,False
2026-07-24 09:50:22.344251,7.4,19.2,16.9,5.2,0.82,8.8,12,Good,39.7,56.1,7.6,9,7,True
2026-07-24 10:50:22.344251,26.9,58.8,19.0,4.4,0.35,21.5,45,Good,38.7,74.1,14.0,10,7,False
2026-07-24 11:50:22.344251,16.8,56.1,15.2,5.7,0.86,17.0,28,Good,41.2,50.3,10.0,11,7,False
2026-07-24 12:50:22.344251,29.6,49.8,8.3,6.9,0.5,15.0,49,Good,33.2,69.6,6.0,12,7,False
2026-07-24 13:50:22.344251,43.4,65.1,12.3,7.4,0.65,19.0,72,Satisfactory,35.7,72.8,2.4,13,7,False
2026-07-24 14:50:22.344251,31.8,63.3,18.4,3.6,0.41,37.1,52,Satisfactory,30.8,60.7,5.2,14,7,False
2026-07-24 15:50:22.344251,35.3,50.5,12.4,7.7,0.38,29.5,58,Satisfactory,30.9,64.6,2.2,15,7,False
2026-07-24 16:50:22.344251,38.4,56.2,12.9,7.2,0.53,35.6,64,Satisfactory,29.0,59.3,6.7,16,7,False
2026-07-24 17:50:22.344251,47.5,81.2,21.9,6.5,0.78,48.5,79,Satisfactory,29.3,75.7,5.3,17,7,False
2026-07-24 18:50:22.344251,31.6,72.7,17.9,8.4,0.57,53.2,52,Satisfactory,33.2,61.0,5.2,18,7,False
2026-07-24 19:50:22.344251,34.0,70.5,18.1,4.4,0.74,53.0,56,Satisfactory,36.4,54.1,0.7,19,7,False
2026-07-24 20:50:22.344251,39.7,88.1,16.6,8.0,0.81,54.9,66,Satisfactory,33.2,63.4,5.5,20,7,False
2026-07-24 21:50:22.344251,26.9,43.9,18.8,6.0,0.35,52.2,45,Good,30.0,65.9,6.2,21,7,False
2026-07-24 22:50:22.344251,28.7,55.2,17.8,8.9,1.04,48.2,48,Good,29.4,64.2,1.9,22,7,False
2026-07-24 23:50:22.344251,14.5,52.7,17.1,6.3,0.47,53.0,24,Good,32.0,67.5,8.0,23,7,False
2026-07-25 00:50:22.344251,20.7,39.6,7.6,4.9,0.33,48.5,35,Good,32.4,61.0,5.2,0,7,False
2026-07-25 01:50:22.344251,20.8,22.9,14.8,5.0,0.48,32.5,35,Good,35.0,50.5,11.5,1,7,False
2026-07-25 02:50:22.344251,13.8,25.9,10.4,6.6,0.46,23.8,23,Good,37.1,58.4,11.3,2,7,False
2026-07-25 03:50:22.344251,18.5,33.1,5.7,7.3,0.55,25.4,31,Good,38.3,53.2,11.3,3,7,False
2026-07-25 04:50:22.344251,16.2,29.8,15.2,2.6,0.34,13.9,27,Good,39.9,60.7,13.2,4,7,False
2026-07-25 05:50:22.344251,14.7,26.5,13.6,5.8,0.47,17.4,24,Good,42.7,55.5,14.0,5,7,False
2026-07-25 06:50:22.344251,26.1,38.2,1.4,5.1,0.53,20.7,43,Good,39.2,90.2,11.6,6,7,False
2026-07-25 07:50:22.344251,22.2,47.4,5.0,1.6,1.01,17.2,37,Good,39.4,53.3,16.8,7,7,False
2026-07-25 08:50:22.344251,24.1,41.5,19.8,7.1,0.65,11.3,40,Good,36.4,70.7,16.1,8,7,False
2026-07-25 09:50:22.344251,35.1,71.9,12.2,9.5,0.81,17.2,58,Satisfactory,40.6,71.0,8.1,9,7,False
2026-07-25 10:50:22.344251,31.4,53.9,13.4,5.5,1.01,9.9,52,Satisfactory,42.1,57.4,11.0,10,7,False
2026-07-25 11:50:22.344251,21.8,47.2,17.7,4.3,0.48,19.4,36,Good,36.5,66.7,13.6,11,7,False
2026-07-25 12:50:22.344251,21.4,43.0,20.9,4.5,0.8,14.7,36,Good,35.2,67.8,12.2,12,7,False
2026-07-25 13:50:22.344251,40.4,63.0,9.7,1.3,0.53,19.1,67,Satisfactory,33.8,63.3,1.9,13,7,False
2026-07-25 14:50:22.344251,25.0,46.0,18.3,2.7,0.77,38.2,42,Good,33.1,53.7,9.9,14,7,False
2026-07-25 15:50:22.344251,30.5,50.8,6.4,5.7,0.91,34.1,0,Good,31.6,74.0,6.2,15,7,False
2026-07-25 16:50:22.344251,36.5,58.0,13.9,5.0,0.51,43.7,60,Satisfactory,32.0,43.8,3.5,16,7,False
2026-07-25 17:50:22.344251,45.5,77.9,24.5,7.7,0.19,34.6,76,Satisfactory,32.5,62.7,2.9,17,7,False
2026-07-25 18:50:22.344251,46.5,90.7,10.6,7.4,0.72,39.8,77,Satisfactory,29.2,57.2,0.0,18,7,False
2026-07-25 19:50:22.344251,40.7,69.0,14.3,5.1,0.96,54.1,67,Satisfactory,31.1,66.5,3.0,19,7,False
2026-07-25 20:50:22.344251,35.5,78.8,13.4,7.5,0.81,58.6,59,Satisfactory,27.8,85.1,4.7,20,7,False
2026-07-25 21:50:22.344251,26.9,61.3,17.6,4.0,0.33,42.5,45,Good,30.9,53.4,5.3,21,7,False
2026-07-25 22:50:22.344251,32.3,60.6,15.4,4.8,0.63,51.0,53,Satisfactory,34.0,59.4,2.0,22,7,False
2026-07-25 23:50:22.344251,28.8,34.2,6.1,7.1,0.95,38.6,48,Good,34.7,60.8,6.8,23,7,False
2026-07-26 00:50:22.344251,17.9,39.7,14.3,4.5,0.06,42.2,30,Good,37.9,55.1,5.2,0,7,False
2026-07-26 01:50:22.344251,12.7,18.3,9.2,7.1,0.46,31.3,21,Good,37.8,48.0,18.4,1,7,False
2026-07-26 02:50:22.344251,16.5,26.1,15.4,2.9,0.03,33.4,28,Good,35.9,60.3,10.9,2,7,False
2026-07-26 03:50:22.344251,13.9,35.2,14.0,4.3,0.69,17.6,23,Good,40.5,68.1,11.7,3,7,False
2026-07-26 04:50:22.344251,11.6,20.4,15.6,4.8,0.48,20.7,19,Good,38.3,54.7,15.8,4,7,False
2026-07-26 05:50:22.344251,19.4,24.9,10.4,5.3,0.47,15.2,32,Good,39.0,53.7,12.9,5,7,False
2026-07-26 06:50:22.344251,17.1,30.9,20.0,5.9,0.58,12.7,28,Good,39.6,66.2,14.8,6,7,False
2026-07-26 07:50:22.344251,25.6,52.7,24.8,5.3,0.6,7.4,43,Good,37.7,65.2,15.5,7,7,False
2026-07-26 08:50:22.344251,29.7,52.3,15.5,7.2,0.16,17.5,50,Good,39.4,46.1,11.9,8,7,False
2026-07-26 09:50:22.344251,24.6,50.2,22.6,5.4,0.74,7.4,41,Good,36.7,72.2,12.4,9,7,False
2026-07-26 10:50:22.344251,28.2,57.0,17.2,7.1,0.49,12.1,47,Good,36.8,71.7,10.7,10,7,False
2026-07-26 11:50:22.344251,23.7,48.1,16.4,8.2,0.31,12.3,40,Good,35.0,61.6,9.0,11,7,False
2026-07-26 12:50:22.344251,22.5,50.8,22.3,6.9,0.84,15.4,38,Good,34.1,60.6,9.0,12,7,False
2026-07-26 13:50:22.344251,32.1,55.9,13.6,4.9,0.86,24.1,53,Satisfactory,33.0,51.4,3.8,13,7,False
2026-07-26 14:50:22.344251,26.6,48.2,15.8,5.8,0.72,30.3,44,Good,35.1,51.9,10.6,14,7,False
2026-07-26 15:50:22.344251,29.8,60.8,14.3,4.5,0.14,41.5,50,Good,31.4,59.3,1.4,15,7,False
2026-07-26 16:50:22.344251,94.0,182.0,10.2,7.1,0.81,40.8,211,Poor,29.9,58.2,8.5,16,7,True
2026-07-26 17:50:22.344251,44.6,86.4,13.8,6.3,0.68,45.6,74,Satisfactory,31.2,59.7,0.8,17,7,False
2026-07-26 18:50:22.344251,37.5,59.0,11.3,5.4,0.53,44.4,62,Satisfactory,32.0,81.9,3.7,18,7,False
2026-07-26 19:50:22.344251,46.3,77.2,22.5,7.2,0.73,49.8,77,Satisfactory,30.7,58.0,2.5,19,7,False
2026-07-26 20:50:22.344251,46.1,88.3,20.8,6.1,0.79,59.5,77,Satisfactory,31.0,53.5,0.0,20,7,False
2026-07-26 21:50:22.344251,27.5,46.5,17.0,3.7,0.27,47.6,46,Good,30.1,69.9,4.5,21,7,False
2026-07-26 22:50:22.344251,28.3,48.9,8.9,7.5,0.7,46.6,47,Good,34.2,75.2,5.3,22,7,False
2026-07-26 23:50:22.344251,20.4,61.3,15.9,6.2,0.7,45.6,34,Good,32.9,71.0,2.8,23,7,False
2026-07-27 00:50:22.344251,26.7,35.1,5.3,6.3,0.47,42.2,44,Good,34.5,69.0,4.6,0,7,False
2026-07-27 01:50:22.344251,17.7,31.5,3.1,4.8,0.68,39.6,29,Good,33.9,70.0,7.2,1,7,False
2026-07-27 02:50:22.344251,14.7,23.0,6.0,5.4,0.08,37.1,25,Good,39.1,64.6,12.5,2,7,False
2026-07-27 03:50:22.344251,17.4,34.1,14.4,4.6,0.88,24.8,29,Good,40.0,51.5,6.2,3,7,False
2026-07-27 04:50:22.344251,20.2,40.5,12.9,6.1,0.49,25.4,34,Good,39.5,61.9,7.8,4,7,False
2026-07-27 05:50:22.344251,18.6,30.6,18.6,2.2,0.13,16.3,31,Good,39.6,56.2,9.0,5,7,False
2026-07-27 06:50:22.344251,17.6,36.5,19.7,2.0,0.57,13.8,29,Good,39.3,66.3,11.3,6,7,False
2026-07-27 07:50:22.344251,22.6,36.3,19.4,6.6,0.92,12.1,38,Good,40.1,80.7,17.0,7,7,False
2026-07-27 08:50:22.344251,27.6,50.6,11.8,4.6,0.77,6.6,46,Good,36.8,70.0,12.3,8,7,False
2026-07-27 09:50:22.344251,25.6,61.0,18.3,5.6,1.22,15.1,43,Good,41.8,57.6,13.6,9,7,False
2026-07-27 10:50:22.344251,28.2,44.8,16.0,3.2,0.73,16.2,47,Good,34.2,55.6,13.5,10,7,False
2026-07-27 11:50:22.344251,29.5,54.8,17.8,6.9,0.55,19.7,49,Good,37.3,49.6,10.0,11,7,False
2026-07-27 12:50:22.344251,35.5,52.4,10.6,6.1,0.51,24.2,59,Satisfactory,35.2,65.9,4.8,12,7,False
2026-07-27 13:50:22.344251,29.1,52.4,13.5,1.8,0.7,29.7,49,Good,32.3,67.4,10.5,13,7,False
2026-07-27 14:50:22.344251,32.2,42.9,13.5,0.9,0.52,36.4,53,Satisfactory,31.0,53.9,5.6,14,7,False
2026-07-27 15:50:22.344251,30.4,64.8,13.7,2.9,0.56,31.6,0,Good,29.9,57.0,2.2,15,7,False
2026-07-27 16:50:22.344251,25.8,66.5,16.3,4.2,0.75,38.2,43,Good,33.3,48.3,3.8,16,7,False
2026-07-27 17:50:22.344251,49.7,88.2,20.0,4.0,0.86,52.7,83,Satisfactory,32.3,56.3,2.3,17,7,False
2026-07-27 18:50:22.344251,41.7,88.6,16.9,1.6,0.86,47.6,69,Satisfactory,31.4,48.3,0.4,18,7,False
2026-07-27 19:50:22.344251,35.4,67.6,13.6,8.3,0.82,43.2,58,Satisfactory,31.3,52.6,7.4,19,7,False
2026-07-27 20:50:22.344251,9.2,25.3,12.7,5.5,0.36,52.4,15,Good,29.4,72.1,2.5,20,7,True
2026-07-27 21:50:22.344251,24.1,47.5,14.4,6.7,0.42,50.8,40,Good,33.6,48.0,2.1,21,7,False
2026-07-27 22:50:22.344251,31.4,60.4,15.2,4.1,0.49,45.5,52,Satisfactory,33.8,66.2,0.6,22,7,False
2026-07-27 23:50:22.344251,26.7,40.7,14.8,4.4,0.57,44.1,44,Good,33.7,52.9,5.8,23,7,False
2026-07-28 00:50:22.344251,15.6,31.7,17.5,3.6,0.44,52.1,26,Good,31.1,67.4,11.3,0,7,False
2026-07-28 01:50:22.344251,15.3,25.2,12.5,6.9,0.35,42.4,26,Good,35.4,69.7,13.3,1,7,False
2026-07-28 02:50:22.344251,17.2,34.9,6.6,8.5,0.75,38.0,29,Good,39.0,53.5,7.0,2,7,False
2026-07-28 03:50:22.344251,3.2,7.1,10.3,4.5,0.41,24.4,5,Good,38.8,44.6,11.1,3,7,True
2026-07-28 04:50:22.344251,18.2,23.6,12.2,4.5,0.45,22.4,30,Good,36.4,48.8,14.2,4,7,False
2026-07-28 05:50:22.344251,13.9,30.1,17.5,7.4,0.56,15.6,23,Good,40.4,51.4,13.1,5,7,False
2026-07-28 06:50:22.344251,20.2,31.8,11.1,4.6,0.64,17.0,34,Good,40.9,63.5,11.2,6,7,False
2026-07-28 07:50:22.344251,32.3,52.6,16.8,10.0,0.75,6.4,53,Satisfactory,40.2,39.8,11.2,7,7,False
2026-07-28 08:50:22.344251,34.5,52.0,24.3,7.1,0.72,15.7,57,Satisfactory,37.0,63.1,9.0,8,7,False
2026-07-28 09:50:22.344251,25.7,44.0,19.5,8.4,1.22,18.2,43,Good,38.3,54.2,15.8,9,7,False
2026-07-28 10:50:22.344251,31.6,53.9,18.7,7.7,0.71,11.6,52,Satisfactory,41.6,55.4,12.3,10,7,False
2026-07-28 11:50:22.344251,35.3,69.7,15.8,3.1,0.83,20.0,58,Satisfactory,37.3,51.8,5.8,11,7,False
2026-07-28 12:50:22.344251,38.5,65.0,25.6,5.8,0.52,19.8,64,Satisfactory,36.4,68.8,1.3,12,7,False
2026-07-28 13:50:22.344251,34.4,47.2,17.9,7.2,0.64,16.8,57,Satisfactory,33.7,59.9,5.8,13,7,False
2026-07-28 14:50:22.344251,26.6,54.6,16.2,7.2,0.86,34.3,44,Good,30.6,59.0,9.5,14,7,False
2026-07-28 15:50:22.344251,34.8,60.2,19.3,6.5,0.33,37.7,57,Satisfactory,32.4,48.8,1.1,15,7,False
2026-07-28 16:50:22.344251,34.0,59.7,11.9,5.7,0.69,34.6,56,Satisfactory,31.9,60.9,3.9,16,7,False
2026-07-28 17:50:22.344251,32.9,82.5,28.9,6.4,0.69,47.8,54,Satisfactory,31.4,49.0,1.5,17,7,False
2026-07-28 18:50:22.344251,45.2,71.2,18.2,3.3,0.58,44.1,75,Satisfactory,26.8,46.3,1.8,18,7,False
2026-07-28 19:50:22.344251,38.1,71.6,24.9,4.2,0.6,52.8,63,Satisfactory,31.1,61.0,3.2,19,7,False
2026-07-28 20:50:22.344251,40.0,63.2,17.2,4.3,0.75,49.8,66,Satisfactory,31.7,71.1,4.1,20,7,False
2026-07-28 21:50:22.344251,25.7,51.4,13.0,6.4,0.2,51.5,43,Good,32.3,48.0,7.6,21,7,False
2026-07-28 22:50:22.344251,33.9,45.2,15.2,7.8,0.74,50.7,56,Satisfactory,32.8,56.8,5.2,22,7,False
2026-07-28 23:50:22.344251,28.7,44.9,12.6,7.3,0.8,41.0,48,Good,33.3,63.1,5.9,23,7,False
2026-07-29 00:50:22.344251,19.6,31.1,3.7,7.7,0.42,44.1,33,Good,37.1,62.6,6.8,0,7,False
2026-07-29 01:50:22.344251,19.8,41.6,15.6,6.5,0.28,30.9,33,Good,35.2,53.2,5.9,1,7,False
2026-07-29 02:50:22.344251,52.4,80.0,4.1,5.4,0.53,32.6,87,Satisfactory,37.8,67.2,10.5,2,7,True
2026-07-29 03:50:22.344251,13.7,19.4,2.2,8.6,0.44,21.2,23,Good,40.4,59.8,18.7,3,7,False
2026-07-29 04:50:22.344251,17.0,24.0,2.7,6.7,0.19,21.6,28,Good,36.9,66.5,12.5,4,7,False
2026-07-29 05:50:22.344251,16.7,29.6,7.5,4.7,0.52,17.9,28,Good,41.2,50.2,12.4,5,7,False
2026-07-29 06:50:22.344251,16.2,31.2,8.4,4.7,0.33,11.6,27,Good,41.1,65.2,18.1,6,7,False
2026-07-29 07:50:22.344251,20.0,41.2,12.3,7.7,0.39,10.8,33,Good,42.9,69.5,16.5,7,7,False
2026-07-29 08:50:22.344251,21.8,55.0,23.8,7.3,0.55,3.2,36,Good,37.9,55.8,14.2,8,7,False
2026-07-29 09:50:22.344251,28.6,44.3,26.0,3.5,0.75,18.1,48,Good,38.8,66.4,12.8,9,7,False
2026-07-29 10:50:22.344251,37.7,62.6,21.7,7.3,0.41,10.6,62,Satisfactory,36.7,56.9,8.9,10,7,False
2026-07-29 11:50:22.344251,29.4,47.1,11.3,4.6,0.7,9.0,49,Good,39.6,48.9,9.2,11,7,False
2026-07-29 12:50:22.344251,37.5,56.8,3.4,7.3,0.71,18.5,62,Satisfactory,36.9,65.2,3.1,12,7,False
2026-07-29 13:50:22.344251,33.7,57.1,20.2,5.1,0.15,22.2,56,Satisfactory,35.0,62.7,2.8,13,7,False
2026-07-29 14:50:22.344251,26.2,43.9,20.2,7.7,0.88,29.7,44,Good,32.6,64.1,10.5,14,7,False
2026-07-29 15:50:22.344251,32.1,53.7,16.3,8.8,0.84,42.9,53,Satisfactory,32.3,63.6,8.5,15,7,False
2026-07-29 16:50:22.344251,46.9,58.3,13.4,5.0,0.21,44.1,78,Satisfactory,26.3,41.0,4.7,16,7,False
2026-07-29 17:50:22.344251,36.3,59.1,18.8,7.3,0.62,50.2,60,Satisfactory,26.4,77.0,9.1,17,7,False
2026-07-29 18:50:22.344251,42.6,69.9,18.3,9.1,0.68,49.6,71,Satisfactory,28.0,65.2,0.5,18,7,False
2026-07-29 19:50:22.344251,51.8,70.8,24.5,4.5,0.88,56.0,86,Satisfactory,27.1,82.0,3.5,19,7,False
2026-07-29 20:50:22.344251,45.5,69.4,18.1,5.5,0.76,47.0,75,Satisfactory,28.3,55.4,3.2,20,7,False
2026-07-29 21:50:22.344251,61.1,95.0,6.4,2.1,0.56,50.7,101,Moderate,29.9,59.2,4.3,21,7,True
2026-07-29 22:50:22.344251,28.8,44.5,11.6,5.3,0.48,40.7,48,Good,31.0,51.1,8.9,22,7,False
2026-07-29 23:50:22.344251,24.2,50.3,17.5,5.4,0.5,39.3,40,Good,33.4,64.7,4.5,23,7,False
2026-07-30 00:50:22.344251,17.4,28.8,15.0,4.3,0.68,43.9,29,Good,34.0,73.1,8.6,0,7,False
2026-07-30 01:50:22.344251,19.4,40.8,8.1,5.1,0.26,38.5,32,Good,34.9,69.3,4.8,1,7,False
2026-07-30 02:50:22.344251,13.0,30.5,7.4,7.4,0.53,31.9,22,Good,35.7,57.3,6.9,2,7,False
2026-07-30 03:50:22.344251,14.3,24.7,13.6,3.0,0.43,24.5,24,Good,40.2,55.7,10.6,3,7,False
2026-07-30 04:50:22.344251,15.1,38.6,9.0,4.5,0.8,16.4,25,Good,37.8,58.1,9.8,4,7,False
2026-07-30 05:50:22.344251,14.2,32.1,6.0,4.2,0.5,19.0,24,Good,39.9,54.1,9.4,5,7,False
2026-07-30 06:50:22.344251,19.0,28.5,18.2,5.5,0.81,8.9,32,Good,39.8,49.5,14.8,6,7,False
2026-07-30 07:50:22.344251,19.8,41.1,31.5,2.6,0.57,12.0,33,Good,41.5,55.8,19.6,7,7,False
2026-07-30 08:50:22.344251,28.8,56.8,23.9,6.4,0.87,9.8,48,Good,38.8,70.8,12.7,8,7,False
2026-07-30 09:50:22.344251,33.9,48.2,8.0,6.0,0.32,6.0,56,Satisfactory,37.6,61.6,9.4,9,7,False
2026-07-30 10:50:22.344251,32.1,67.2,18.2,2.8,0.78,15.4,53,Satisfactory,35.4,63.7,12.0,10,7,False
2026-07-30 11:50:22.344251,30.3,52.1,15.0,11.0,0.53,15.3,0,Good,36.5,54.2,7.7,11,7,False
2026-07-30 12:50:22.344251,36.3,50.6,13.5,9.9,0.85,18.5,60,Satisfactory,34.4,62.8,10.6,12,7,False
2026-07-30 13:50:22.344251,28.4,52.0,13.2,0.6,1.26,28.6,47,Good,36.5,56.4,3.3,13,7,False
2026-07-30 14:50:22.344251,35.3,55.1,18.0,5.2,0.74,33.5,58,Satisfactory,32.8,68.2,4.8,14,7,False
2026-07-30 15:50:22.344251,35.6,49.9,9.5,4.4,0.61,30.0,59,Satisfactory,34.0,61.7,3.1,15,7,False
2026-07-30 16:50:22.344251,34.6,56.3,10.5,6.7,0.6,37.2,57,Satisfactory,34.6,69.7,6.5,16,7,False
2026-07-30 17:50:22.344251,33.3,51.8,20.8,5.3,0.62,44.6,55,Satisfactory,27.7,63.1,10.3,17,7,False
2026-07-30 18:50:22.344251,47.9,76.8,20.7,6.0,0.77,53.6,80,Satisfactory,32.9,40.5,1.4,18,7,False
2026-07-30 19:50:22.344251,39.3,72.0,9.4,6.5,0.9,45.4,65,Satisfactory,31.0,74.4,3.1,19,7,False
2026-07-30 20:50:22.344251,41.4,82.4,18.9,6.1,1.37,54.4,69,Satisfactory,27.6,50.8,2.5,20,7,False
2026-07-30 21:50:22.344251,21.1,31.2,7.8,4.2,0.4,47.5,35,Good,36.9,61.0,10.4,21,7,False
2026-07-30 22:50:22.344251,24.5,41.1,8.8,6.0,0.28,45.1,41,Good,29.4,73.3,9.3,22,7,False
2026-07-30 23:50:22.344251,32.5,53.4,12.6,2.0,0.53,36.8,54,Satisfactory,33.2,57.7,4.6,23,7,False
2026-07-31 00:50:22.344251,22.8,34.6,2.8,2.0,0.13,34.7,38,Good,33.1,45.0,7.1,0,7,False
2026-07-31 01:50:22.344251,18.9,37.8,14.8,8.7,0.13,35.4,32,Good,34.2,47.5,8.3,1,7,False
2026-07-31 02:50:22.344251,13.3,30.0,7.7,4.2,0.47,24.9,22,Good,38.1,50.0,12.3,2,7,False
2026-07-31 03:50:22.344251,15.0,28.1,6.6,4.6,0.77,15.3,25,Good,40.7,51.6,10.1,3,7,False
2026-07-31 04:50:22.344251,13.7,29.4,2.3,4.3,0.08,19.9,23,Good,40.6,54.6,12.4,4,7,False
2026-07-31 05:50:22.344251,17.1,30.6,9.9,2.2,0.57,13.7,29,Good,40.0,61.0,10.5,5,7,False
2026-07-31 06:50:22.344251,18.3,30.8,19.6,4.6,0.57,23.2,31,Good,39.2,57.9,15.2,6,7,False
2026-07-31 07:50:22.344251,26.8,49.5,10.7,5.9,0.72,8.8,45,Good,37.3,53.6,10.5,7,7,False
2026-07-31 08:50:22.344251,26.6,49.9,8.8,8.0,0.78,15.7,44,Good,38.1,56.0,15.6,8,7,False
2026-07-31 09:50:22.344251,27.5,35.6,20.9,4.7,0.88,14.0,46,Good,36.8,67.5,18.3,9,7,False
2026-07-31 10:50:22.344251,36.2,65.8,18.1,7.0,0.64,9.1,60,Satisfactory,36.2,55.6,7.8,10,7,False
2026-07-31 11:50:22.344251,33.1,67.3,17.3,8.2,0.77,23.9,55,Satisfactory,38.4,70.9,4.1,11,7,False
2026-07-31 12:50:22.344251,31.1,62.2,18.0,1.5,0.33,19.9,51,Satisfactory,34.2,48.3,8.1,12,7,False
2026-07-31 13:50:22.344251,37.5,67.7,19.1,4.0,0.42,20.0,62,Satisfactory,28.8,43.2,5.7,13,7,False
2026-07-31 14:50:22.344251,40.4,65.6,13.5,4.4,0.54,30.5,67,Satisfactory,30.5,64.5,6.7,14,7,False
2026-07-31 15:50:22.344251,33.5,53.1,15.8,5.9,1.05,32.4,55,Satisfactory,33.4,71.7,2.2,15,7,False
2026-07-31 16:50:22.344251,16.3,44.2,16.4,7.3,0.47,44.0,27,Good,31.8,73.6,5.3,16,7,False
2026-07-31 17:50:22.344251,45.0,69.1,21.5,5.3,0.48,49.7,75,Satisfactory,28.6,70.4,6.8,17,7,False
2026-07-31 18:50:22.344251,120.7,135.2,22.2,8.2,0.86,45.5,0,Good,31.5,80.7,2.8,18,7,True
2026-07-31 19:50:22.344251,35.8,67.7,24.4,7.3,0.78,49.0,59,Satisfactory,29.5,61.5,6.1,19,7,False
2026-07-31 20:50:22.344251,40.6,54.4,14.2,5.5,0.56,53.2,67,Satisfactory,36.1,64.9,8.0,20,7,False
2026-07-31 21:50:22.344251,22.9,44.6,15.9,6.4,0.34,48.7,38,Good,30.2,78.0,10.1,21,7,False
2026-07-31 22:50:22.344251,30.0,45.7,6.3,4.2,0.29,51.3,50,Good,30.6,65.4,4.0,22,7,False
2026-07-31 23:50:22.344251,28.9,69.3,3.9,5.3,0.46,47.4,48,Good,36.4,74.1,0.0,23,7,False
2026-08-01 00:50:22.344251,16.6,27.7,0.4,8.0,0.03,40.0,28,Good,33.6,70.9,11.3,0,8,False
2026-08-01 01:50:22.344251,21.7,43.1,5.7,4.9,0.4,30.3,36,Good,35.9,86.0,6.2,1,8,False
2026-08-01 02:50:22.344251,18.3,21.4,8.5,2.7,0.42,21.1,30,Good,38.0,59.1,11.1,2,8,False
2026-08-01 03:50:22.344251,13.9,31.1,7.0,8.1,0.29,26.1,23,Good,39.3,74.4,11.7,3,8,False
2026-08-01 04:50:22.344251,14.6,24.4,11.8,5.3,0.3,18.3,24,Good,41.3,70.8,11.8,4,8,False
2026-08-01 05:50:22.344251,12.1,26.2,0.3,6.2,0.23,17.7,20,Good,39.6,68.4,15.5,5,8,False
2026-08-01 06:50:22.344251,21.3,40.0,24.4,4.1,0.81,0.0,36,Good,37.1,62.3,11.7,6,8,False
2026-08-01 07:50:22.344251,41.3,53.7,14.9,5.0,0.41,9.0,68,Satisfactory,33.3,79.5,10.3,7,8,False
2026-08-01 08:50:22.344251,24.6,60.8,15.2,1.9,0.7,15.2,41,Good,38.6,51.3,12.4,8,8,False
2026-08-01 09:50:22.344251,17.4,54.0,12.5,6.3,1.04,17.0,29,Good,39.7,69.3,14.5,9,8,False
2026-08-01 10:50:22.344251,23.9,46.2,21.2,7.0,0.82,13.8,40,Good,35.5,69.2,15.8,10,8,False
2026-08-01 11:50:22.344251,27.0,46.5,18.4,8.3,0.72,19.5,45,Good,35.1,49.0,9.2,11,8,False
2026-08-01 12:50:22.344251,26.1,51.3,16.8,2.8,0.17,13.6,43,Good,31.9,72.8,10.1,12,8,False
2026-08-01 13:50:22.344251,33.5,50.8,21.1,6.0,0.55,24.3,55,Satisfactory,35.3,79.8,8.4,13,8,False
2026-08-01 14:50:22.344251,42.4,71.8,15.2,6.1,0.62,38.4,70,Satisfactory,28.9,65.2,0.0,14,8,False
2026-08-01 15:50:22.344251,34.9,61.1,19.4,3.1,0.48,39.3,58,Satisfactory,26.3,69.6,4.5,15,8,False
2026-08-01 16:50:22.344251,32.1,72.2,8.0,4.2,0.39,41.2,53,Satisfactory,27.5,75.3,0.8,16,8,False
2026-08-01 17:50:22.344251,47.7,83.4,22.1,6.3,0.98,57.1,79,Satisfactory,25.5,70.1,1.1,17,8,False
2026-08-01 18:50:22.344251,38.5,77.1,18.3,9.6,0.92,51.0,64,Satisfactory,28.1,73.4,3.3,18,8,False
2026-08-01 19:50:22.344251,36.4,67.5,14.8,9.2,1.07,52.2,60,Satisfactory,26.7,67.2,4.0,19,8,False
2026-08-01 20:50:22.344251,34.7,69.7,17.7,6.8,0.48,53.2,57,Satisfactory,33.7,62.8,5.1,20,8,False
2026-08-01 21:50:22.344251,37.2,60.9,14.0,4.8,0.83,48.5,61,Satisfactory,27.5,73.0,0.6,21,8,False
2026-08-01 22:50:22.344251,20.0,50.5,7.5,4.6,0.55,51.1,33,Good,31.3,81.9,4.3,22,8,False
2026-08-01 23:50:22.344251,29.1,44.7,5.4,7.5,0.49,34.5,48,Good,37.1,73.9,8.7,23,8,False
2026-08-02 00:50:22.344251,22.6,36.2,15.7,4.6,0.21,34.3,38,Good,32.5,71.9,5.4,0,8,False
2026-08-02 01:50:22.344251,19.9,31.2,9.7,2.3,0.0,36.1,33,Good,34.2,68.6,9.6,1,8,False
2026-08-02 02:50:22.344251,16.1,24.8,15.2,5.3,0.22,29.3,27,Good,38.9,63.1,12.5,2,8,False
2026-08-02 03:50:22.344251,16.9,29.7,12.1,5.9,0.21,17.6,28,Good,39.8,73.1,8.2,3,8,False
2026-08-02 04:50:22.344251,15.2,31.2,12.7,2.3,0.51,12.0,25,Good,39.2,67.6,12.4,4,8,False
2026-08-02 05:50:22.344251,17.5,33.2,15.8,4.4,0.07,23.3,29,Good,38.7,76.9,10.2,5,8,False
2026-08-02 06:50:22.344251,19.3,32.8,4.4,6.3,0.49,4.6,32,Good,38.5,63.6,16.0,6,8,False
2026-08-02 07:50:22.344251,24.2,49.4,12.9,4.6,0.69,15.9,40,Good,38.2,53.8,12.0,7,8,False
2026-08-02 08:50:22.344251,37.2,59.9,27.8,4.6,1.14,11.8,62,Satisfactory,39.1,67.4,9.0,8,8,False
2026-08-02 09:50:22.344251,31.9,62.7,16.5,7.1,0.75,5.4,52,Satisfactory,36.7,67.8,10.9,9,8,False
2026-08-02 10:50:22.344251,42.3,59.8,14.0,6.2,0.52,17.1,70,Satisfactory,36.7,74.7,6.9,10,8,False
2026-08-02 11:50:22.344251,28.9,50.5,21.0,4.1,0.8,16.9,48,Good,31.3,68.5,10.1,11,8,False
2026-08-02 12:50:22.344251,30.2,40.6,28.2,5.2,0.37,5.6,0,Good,31.6,68.2,7.9,12,8,False
2026-08-02 13:50:22.344251,36.5,59.1,14.1,2.7,0.53,21.6,60,Satisfactory,31.7,69.6,3.1,13,8,False
2026-08-02 14:50:22.344251,31.7,34.7,20.2,3.3,0.76,32.4,52,Satisfactory,33.2,71.6,12.5,14,8,False
2026-08-02 15:50:22.344251,28.7,61.2,8.9,1.2,0.6,41.3,48,Good,28.6,79.5,7.2,15,8,False
2026-08-02 16:50:22.344251,35.0,63.7,20.9,2.7,0.76,47.4,58,Satisfactory,26.9,77.2,5.2,16,8,False
2026-08-02 17:50:22.344251,52.5,102.9,16.6,7.7,0.9,44.0,87,Satisfactory,26.1,72.3,0.0,17,8,False
2026-08-02 18:50:22.344251,60.7,67.9,14.3,3.7,0.71,45.9,0,Good,28.1,78.6,3.3,18,8,False
2026-08-02 19:50:22.344251,41.8,62.7,25.2,5.8,0.94,50.5,69,Satisfactory,24.6,61.8,6.7,19,8,False
2026-08-02 20:50:22.344251,50.7,91.1,18.2,7.0,0.9,54.5,84,Satisfactory,27.0,64.9,0.8,20,8,False
2026-08-02 21:50:22.344251,32.7,49.1,12.5,9.4,0.77,48.5,54,Satisfactory,31.3,82.3,2.4,21,8,False
2026-08-02 22:50:22.344251,35.3,56.2,19.1,4.5,0.72,46.9,58,Satisfactory,29.2,69.9,1.4,22,8,False
2026-08-02 23:50:22.344251,21.1,41.1,10.6,6.5,0.31,42.6,35,Good,30.5,52.0,10.0,23,8,False
2026-08-03 00:50:22.344251,19.9,31.0,11.4,5.7,0.12,34.6,33,Good,34.6,63.7,12.0,0,8,False
2026-08-03 01:50:22.344251,16.5,25.1,15.0,1.5,0.39,26.4,27,Good,34.3,60.3,12.7,1,8,False
2026-08-03 02:50:22.344251,11.0,19.5,6.2,7.6,0.28,28.9,18,Good,32.0,70.7,15.6,2,8,False
2026-08-03 03:50:22.344251,17.5,26.2,6.8,4.8,0.6,24.1,29,Good,38.5,64.1,12.4,3,8,False
2026-08-03 04:50:22.344251,41.7,76.2,7.8,1.5,0.49,23.5,69,Satisfactory,37.8,85.5,11.6,4,8,True
2026-08-03 05:50:22.344251,14.5,23.8,7.0,6.9,0.1,15.6,24,Good,35.0,69.3,11.1,5,8,False
2026-08-03 06:50:22.344251,18.0,32.0,22.9,7.5,0.55,10.2,30,Good,38.9,67.5,13.5,6,8,False
2026-08-03 07:50:22.344251,24.8,45.3,16.7,3.8,0.78,11.8,41,Good,34.8,64.2,15.6,7,8,False
2026-08-03 08:50:22.344251,21.2,48.1,19.1,5.3,0.61,6.0,35,Good,37.3,65.3,11.8,8,8,False
2026-08-03 09:50:22.344251,28.4,50.7,13.3,7.0,0.7,0.0,47,Good,35.3,74.5,12.2,9,8,False
2026-08-03 10:50:22.344251,23.1,53.9,9.0,8.5,0.79,12.7,38,Good,39.4,79.2,10.3,10,8,False
2026-08-03 11:50:22.344251,31.1,48.9,16.0,7.1,0.65,12.1,51,Satisfactory,35.7,72.9,10.2,11,8,False
2026-08-03 12:50:22.344251,28.0,59.1,11.6,2.4,0.84,23.9,47,Good,31.7,59.9,8.3,12,8,False
2026-08-03 13:50:22.344251,31.2,54.4,8.4,5.9,0.45,22.7,51,Satisfactory,34.8,70.4,8.0,13,8,False
2026-08-03 14:50:22.344251,32.2,63.1,4.1,6.0,0.67,28.7,53,Satisfactory,29.5,68.9,4.4,14,8,False
2026-08-03 15:50:22.344251,28.7,62.2,9.0,8.0,0.31,23.9,48,Good,28.7,64.4,6.1,15,8,False
2026-08-03 16:50:22.344251,37.9,43.7,20.7,5.8,0.72,32.1,63,Satisfactory,26.7,78.5,7.4,16,8,False
2026-08-03 17:50:22.344251,43.5,74.6,18.7,4.4,1.0,38.8,72,Satisfactory,30.4,74.8,5.6,17,8,False
2026-08-03 18:50:22.344251,29.4,100.1,15.9,8.9,0.92,42.3,49,Good,23.0,70.0,0.0,18,8,False
2026-08-03 19:50:22.344251,49.4,81.2,13.2,4.3,0.85,50.9,82,Satisfactory,27.7,71.2,0.0,19,8,False
2026-08-03 20:50:22.344251,58.0,95.8,21.5,6.8,0.57,44.0,97,Satisfactory,32.4,67.3,0.0,20,8,False
2026-08-03 21:50:22.344251,27.1,61.0,10.7,4.3,0.5,46.0,45,Good,32.7,60.7,0.3,21,8,False
2026-08-03 22:50:22.344251,25.8,63.0,19.1,5.5,0.02,50.0,43,Good,30.5,73.3,1.8,22,8,False
2026-08-03 23:50:22.344251,31.5,47.6,6.6,5.2,0.35,40.5,52,Satisfactory,33.8,62.3,6.6,23,8,False
2026-08-04 00:50:22.344251,16.8,22.4,14.6,8.6,0.41,39.2,28,Good,31.4,75.8,12.3,0,8,False
2026-08-04 01:50:22.344251,19.6,29.7,5.9,6.0,0.38,31.2,33,Good,35.3,75.1,9.2,1,8,False
2026-08-04 02:50:22.344251,17.2,39.3,12.7,4.0,0.15,32.3,29,Good,36.3,74.9,11.3,2,8,False
2026-08-04 03:50:22.344251,15.4,24.8,8.2,4.0,0.37,14.1,26,Good,36.7,73.7,13.4,3,8,False
2026-08-04 04:50:22.344251,17.4,31.1,12.8,4.5,0.25,17.4,29,Good,36.8,70.8,9.6,4,8,False
2026-08-04 05:50:22.344251,16.2,31.5,21.2,3.8,0.23,16.0,27,Good,32.6,71.5,10.4,5,8,False
2026-08-04 06:50:22.344251,28.8,40.5,8.3,4.9,0.5,8.4,48,Good,39.8,68.9,9.8,6,8,False
2026-08-04 07:50:22.344251,26.6,47.7,22.2,4.6,0.35,17.2,44,Good,39.1,62.8,14.2,7,8,False
2026-08-04 08:50:22.344251,24.6,43.8,22.4,4.8,1.03,2.9,41,Good,40.0,63.1,13.7,8,8,False
2026-08-04 09:50:22.344251,26.9,62.9,18.4,5.6,0.83,11.8,45,Good,35.4,62.3,9.1,9,8,False
2026-08-04 10:50:22.344251,23.3,53.5,13.9,10.5,0.8,11.8,39,Good,36.2,78.6,12.0,10,8,False
2026-08-04 11:50:22.344251,30.0,58.3,11.3,8.6,0.59,9.2,50,Good,33.2,62.3,4.2,11,8,False
2026-08-04 12:50:22.344251,21.4,50.4,20.4,7.2,0.97,16.6,36,Good,38.6,69.2,11.4,12,8,False
2026-08-04 13:50:22.344251,32.8,58.3,16.9,9.6,0.5,24.1,54,Satisfactory,35.5,77.2,7.2,13,8,False
2026-08-04 14:50:22.344251,36.2,59.5,12.0,5.4,0.72,27.0,60,Satisfactory,35.3,68.0,4.1,14,8,False
2026-08-04 15:50:22.344251,35.3,54.5,10.2,2.5,0.78,37.4,58,Satisfactory,29.3,68.4,3.8,15,8,False
2026-08-04 16:50:22.344251,31.4,57.7,14.3,3.3,0.55,41.7,52,Satisfactory,30.0,78.2,9.6,16,8,False
2026-08-04 17:50:22.344251,33.3,68.3,18.8,7.9,0.73,47.5,55,Satisfactory,29.8,75.5,2.7,17,8,False
2026-08-04 18:50:22.344251,28.1,68.9,23.1,3.4,0.48,45.7,47,Good,30.5,67.5,6.6,18,8,False
2026-08-04 19:50:22.344251,38.0,84.9,19.3,6.9,0.78,51.6,63,Satisfactory,28.9,69.1,0.0,19,8,False
2026-08-04 20:50:22.344251,52.0,68.4,19.5,5.2,0.73,46.8,86,Satisfactory,31.2,72.2,3.0,20,8,False
2026-08-04 21:50:22.344251,26.3,54.5,20.8,4.4,0.59,50.3,44,Good,29.4,66.6,3.0,21,8,False
2026-08-04 22:50:22.344251,30.9,41.0,8.8,8.3,0.5,42.0,0,Good,29.1,81.1,5.0,22,8,False
2026-08-04 23:50:22.344251,30.3,51.0,2.0,3.8,0.67,45.4,0,Good,33.7,65.5,6.4,23,8,False
2026-08-05 00:50:22.344251,20.3,26.0,14.1,8.2,0.58,41.7,34,Good,34.3,67.0,10.5,0,8,False
2026-08-05 01:50:22.344251,19.0,37.8,5.1,5.5,0.91,31.8,32,Good,32.2,69.7,8.8,1,8,False
2026-08-05 02:50:22.344251,4.1,10.3,9.7,6.5,0.35,28.9,7,Good,36.9,81.4,8.2,2,8,True
2026-08-05 03:50:22.344251,13.2,19.8,12.4,4.8,0.59,27.7,22,Good,36.4,60.1,15.4,3,8,False
2026-08-05 04:50:22.344251,17.9,23.9,9.8,6.5,0.32,20.5,30,Good,38.8,65.3,13.4,4,8,False
2026-08-05 05:50:22.344251,14.9,23.4,7.9,6.3,0.39,13.3,25,Good,38.8,74.5,12.2,5,8,False
2026-08-05 06:50:22.344251,14.4,28.2,20.0,2.7,0.07,13.1,24,Good,39.5,69.1,17.6,6,8,False
2026-08-05 07:50:22.344251,22.6,48.7,11.7,0.6,1.04,16.7,38,Good,32.1,53.3,14.4,7,8,False
2026-08-05 08:50:22.344251,22.5,37.7,25.6,5.5,0.81,6.0,38,Good,38.0,55.7,16.9,8,8,False
2026-08-05 09:50:22.344251,30.4,42.4,23.1,7.2,0.9,8.6,0,Good,35.3,68.5,12.9,9,8,False
2026-08-05 10:50:22.344251,33.2,45.2,24.2,5.9,0.47,12.2,55,Satisfactory,35.6,65.4,10.6,10,8,False
2026-08-05 11:50:22.344251,40.4,51.5,20.3,3.3,0.54,20.4,67,Satisfactory,35.0,62.6,2.3,11,8,False
2026-08-05 12:50:22.344251,41.4,73.2,11.0,5.0,0.67,13.1,69,Satisfactory,34.7,71.8,0.7,12,8,False
2026-08-05 13:50:22.344251,35.3,56.8,10.1,3.9,0.45,34.3,58,Satisfactory,33.3,70.9,5.4,13,8,False
2026-08-05 14:50:22.344251,43.6,78.1,11.3,6.4,0.62,34.1,72,Satisfactory,30.9,67.3,2.8,14,8,False
2026-08-05 15:50:22.344251,26.1,54.8,14.7,2.3,0.71,35.9,43,Good,28.7,79.7,5.7,15,8,False
2026-08-05 16:50:22.344251,31.3,63.9,15.6,4.8,0.57,42.6,51,Satisfactory,26.4,63.4,0.0,16,8,False
2026-08-05 17:50:22.344251,36.4,59.2,17.0,3.2,0.92,41.5,60,Satisfactory,26.3,72.6,9.1,17,8,False
2026-08-05 18:50:22.344251,44.7,90.9,33.4,7.4,0.87,45.4,74,Satisfactory,28.4,87.9,0.0,18,8,False
2026-08-05 19:50:22.344251,38.9,60.4,25.2,4.8,0.23,40.6,64,Satisfactory,28.5,60.2,4.6,19,8,False
2026-08-05 20:50:22.344251,42.7,85.8,18.2,7.2,0.53,49.9,71,Satisfactory,28.5,67.9,3.0,20,8,False
2026-08-05 21:50:22.344251,30.7,50.7,9.0,4.7,0.69,55.2,0,Good,26.8,74.1,3.2,21,8,False
2026-08-05 22:50:22.344251,30.3,59.8,7.2,6.7,0.76,51.9,0,Good,31.0,81.1,2.8,22,8,False
2026-08-05 23:50:22.344251,26.6,51.3,15.6,7.6,0.39,45.4,44,Good,33.0,70.9,8.5,23,8,False
2026-08-06 00:50:22.344251,12.7,30.7,9.2,8.5,0.25,34.3,21,Good,34.7,80.7,13.9,0,8,False
2026-08-06 01:50:22.344251,2.6,9.8,4.7,5.1,0.88,32.6,4,Good,34.8,67.4,11.4,1,8,True
2026-08-06 02:50:22.344251,22.0,25.6,17.0,5.2,0.67,29.9,37,Good,34.3,72.4,7.5,2,8,False
2026-08-06 03:50:22.344251,20.1,27.2,6.1,4.0,0.52,18.5,33,Good,35.3,83.0,12.6,3,8,False
2026-08-06 04:50:22.344251,15.2,29.4,5.0,7.1,0.14,22.5,25,Good,36.1,82.1,12.8,4,8,False
2026-08-06 05:50:22.344251,15.3,25.0,5.3,7.0,0.38,18.0,25,Good,37.0,74.3,13.2,5,8,False
2026-08-06 06:50:22.344251,14.4,34.3,8.6,2.5,0.69,14.2,24,Good,37.2,76.0,18.3,6,8,False
2026-08-06 07:50:22.344251,26.1,38.8,19.4,7.6,0.74,2.4,43,Good,39.0,66.3,15.5,7,8,False
2026-08-06 08:50:22.344251,25.8,61.1,11.5,3.5,0.52,13.2,43,Good,38.0,74.4,11.0,8,8,False
2026-08-06 09:50:22.344251,46.8,64.5,21.1,5.7,0.46,7.8,78,Satisfactory,37.2,69.8,7.3,9,8,False
2026-08-06 10:50:22.344251,32.5,51.5,17.8,7.6,0.69,14.3,54,Satisfactory,36.6,75.1,7.6,10,8,False
2026-08-06 11:50:22.344251,20.1,44.6,13.9,8.8,0.58,16.8,33,Good,38.6,68.6,12.3,11,8,False
2026-08-06 12:50:22.344251,28.4,37.1,15.4,4.5,0.74,28.6,47,Good,30.1,72.4,11.3,12,8,False
2026-08-06 13:50:22.344251,35.1,52.9,10.8,6.4,0.87,30.1,58,Satisfactory,30.6,72.8,9.6,13,8,False
2026-08-06 14:50:22.344251,31.6,54.3,4.1,5.0,0.6,35.1,52,Satisfactory,31.7,74.6,8.1,14,8,False
2026-08-06 15:50:22.344251,27.7,48.3,13.5,4.7,0.36,40.8,46,Good,30.7,63.6,3.4,15,8,False
2026-08-06 16:50:22.344251,39.2,55.7,19.8,4.6,0.84,27.9,65,Satisfactory,27.6,64.0,4.9,16,8,False
2026-08-06 17:50:22.344251,34.1,80.5,20.6,4.5,0.69,34.1,56,Satisfactory,28.9,73.3,7.0,17,8,False
2026-08-06 18:50:22.344251,45.4,69.5,16.9,1.9,0.52,57.4,75,Satisfactory,30.0,72.9,7.4,18,8,False
2026-08-06 19:50:22.344251,43.3,81.6,17.1,5.8,0.73,44.6,72,Satisfactory,30.6,70.5,2.1,19,8,False
2026-08-06 20:50:22.344251,47.4,64.7,16.1,0.0,0.5,47.2,79,Satisfactory,27.6,83.8,3.9,20,8,False
2026-08-06 21:50:22.344251,22.5,33.5,7.0,9.1,0.69,43.3,37,Good,29.4,74.1,11.6,21,8,False
2026-08-06 22:50:22.344251,40.8,54.8,10.7,5.0,0.65,44.7,68,Satisfactory,30.0,67.5,0.5,22,8,False
2026-08-06 23:50:22.344251,16.7,30.4,14.2,4.5,0.75,45.7,28,Good,31.5,85.0,10.2,23,8,False
2026-08-07 00:50:22.344251,19.1,34.8,12.5,7.4,0.39,47.5,32,Good,32.6,85.5,8.3,0,8,False
2026-08-07 01:50:22.344251,16.8,24.9,5.6,5.6,0.19,35.6,28,Good,36.4,77.6,11.2,1,8,False
2026-08-07 02:50:22.344251,13.5,28.6,5.1,2.6,0.2,33.1,23,Good,32.5,83.2,12.6,2,8,False
2026-08-07 03:50:22.344251,15.8,35.5,8.0,4.2,0.34,22.5,26,Good,39.4,75.5,12.4,3,8,False
2026-08-07 04:50:22.344251,10.6,26.8,9.5,3.6,0.33,17.8,18,Good,36.4,72.8,12.7,4,8,False
2026-08-07 05:50:22.344251,16.9,28.5,9.3,5.8,0.69,10.3,28,Good,38.1,65.6,10.1,5,8,False
2026-08-07 06:50:22.344251,21.1,34.4,11.2,4.7,0.58,13.5,35,Good,39.9,68.4,13.1,6,8,False
2026-08-07 07:50:22.344251,51.8,95.8,24.4,5.4,1.01,9.8,86,Satisfactory,37.0,61.3,13.7,7,8,True
2026-08-07 08:50:22.344251,22.0,41.4,20.9,3.9,0.79,5.2,37,Good,37.3,66.0,16.2,8,8,False
2026-08-07 09:50:22.344251,22.5,49.7,27.4,4.4,0.93,16.5,38,Good,40.1,73.9,14.1,9,8,False
2026-08-07 10:50:22.344251,23.5,51.0,8.6,6.1,1.05,13.3,39,Good,36.1,74.8,14.2,10,8,False
2026-08-07 11:50:22.344251,28.8,57.7,21.7,2.7,0.66,25.1,48,Good,36.4,63.0,7.6,11,8,False
2026-08-07 12:50:22.344251,29.7,54.1,10.5,0.0,0.59,18.3,49,Good,33.0,66.8,7.6,12,8,False
2026-08-07 13:50:22.344251,19.3,38.0,10.6,5.4,1.1,30.4,32,Good,32.6,79.4,13.1,13,8,False
2026-08-07 14:50:22.344251,29.8,56.6,19.5,5.8,1.01,26.3,50,Good,32.0,70.2,7.7,14,8,False
2026-08-07 15:50:22.344251,65.4,142.0,21.2,4.8,0.64,33.8,116,Moderate,31.0,63.4,6.9,15,8,True
2026-08-07 16:50:22.344251,30.9,66.3,19.4,3.4,0.57,42.7,0,Good,30.7,69.9,0.0,16,8,False
2026-08-07 17:50:22.344251,43.9,74.1,17.7,7.8,0.39,41.5,73,Satisfactory,29.4,63.4,1.6,17,8,False
2026-08-07 18:50:22.344251,50.7,70.6,19.6,6.3,0.76,44.7,84,Satisfactory,31.5,68.2,0.0,18,8,False
2026-08-07 19:50:22.344251,43.2,67.3,13.3,3.5,0.38,47.9,72,Satisfactory,30.8,72.3,0.0,19,8,False
2026-08-07 20:50:22.344251,37.9,67.8,11.0,8.4,1.02,52.5,63,Satisfactory,30.4,82.9,5.3,20,8,False
2026-08-07 21:50:22.344251,25.0,50.0,8.4,4.4,0.5,52.4,42,Good,33.2,75.2,5.5,21,8,False
2026-08-07 22:50:22.344251,23.8,49.8,6.3,4.5,0.87,51.0,40,Good,31.1,74.6,4.1,22,8,False
2026-08-07 23:50:22.344251,26.6,33.3,16.6,3.8,0.44,37.6,44,Good,28.9,51.2,8.3,23,8,False
2026-08-08 00:50:22.344251,14.1,23.6,11.4,7.3,0.57,38.4,24,Good,31.0,56.8,10.1,0,8,False
2026-08-08 01:50:22.344251,15.0,22.3,9.1,4.9,0.48,35.0,25,Good,32.4,67.4,13.6,1,8,False
2026-08-08 02:50:22.344251,14.0,28.5,4.8,5.7,0.61,25.5,23,Good,36.3,70.4,10.9,2,8,False
2026-08-08 03:50:22.344251,14.9,25.2,14.1,5.3,0.37,27.5,25,Good,36.0,70.1,16.9,3,8,False
2026-08-08 04:50:22.344251,14.9,22.9,15.0,6.9,0.91,21.3,25,Good,35.3,63.7,12.4,4,8,False
2026-08-08 05:50:22.344251,13.7,19.9,16.5,3.7,0.14,11.0,23,Good,37.5,74.9,15.9,5,8,False
2026-08-08 06:50:22.344251,28.7,33.2,16.2,10.5,0.63,6.3,48,Good,40.3,75.5,12.8,6,8,False
2026-08-08 07:50:22.344251,30.9,46.2,18.9,2.9,0.75,11.7,0,Good,39.8,71.6,14.2,7,8,False
2026-08-08 08:50:22.344251,31.2,57.1,26.0,3.4,0.7,3.4,51,Satisfactory,35.0,60.4,11.3,8,8,False
2026-08-08 09:50:22.344251,35.1,59.0,15.9,7.2,0.64,4.1,58,Satisfactory,39.3,74.5,11.8,9,8,False
2026-08-08 10:50:22.344251,41.0,63.5,14.9,2.6,0.86,14.6,68,Satisfactory,32.7,68.5,7.5,10,8,False
2026-08-08 11:50:22.344251,24.6,52.6,17.3,4.3,0.75,21.1,41,Good,36.7,68.4,8.2,11,8,False
2026-08-08 12:50:22.344251,38.1,60.7,5.5,5.5,0.75,21.9,63,Satisfactory,32.1,59.9,4.2,12,8,False
2026-08-08 13:50:22.344251,5.8,13.8,22.3,1.6,0.76,31.1,10,Good,31.5,78.4,9.2,13,8,True
2026-08-08 14:50:22.344251,36.6,71.9,15.4,7.5,0.74,28.0,60,Satisfactory,32.6,66.6,2.0,14,8,False
2026-08-08 15:50:22.344251,31.9,55.2,15.7,4.2,0.6,32.4,52,Satisfactory,31.5,70.8,6.4,15,8,False
2026-08-08 16:50:22.344251,21.0,43.9,16.9,7.5,0.71,34.5,35,Good,26.2,61.8,11.7,16,8,False
2026-08-08 17:50:22.344251,47.6,88.1,18.8,3.9,0.75,34.3,79,Satisfactory,27.6,71.6,0.7,17,8,False
2026-08-08 18:50:22.344251,45.3,68.5,15.3,6.3,0.77,45.5,75,Satisfactory,29.2,74.1,1.2,18,8,False
2026-08-08 19:50:22.344251,30.4,65.6,22.2,8.0,0.32,47.7,0,Good,28.9,67.2,5.2,19,8,False
2026-08-08 20:50:22.344251,42.4,85.2,22.5,5.0,0.77,53.4,70,Satisfactory,32.9,82.7,2.8,20,8,False
2026-08-08 21:50:22.344251,21.1,38.5,17.1,8.7,0.36,50.5,35,Good,30.6,74.5,9.6,21,8,False
2026-08-08 22:50:22.344251,29.2,43.2,20.8,1.4,0.26,46.6,49,Good,29.9,65.2,6.1,22,8,False
2026-08-08 23:50:22.344251,34.5,60.3,11.7,3.9,0.43,45.4,57,Satisfactory,33.5,80.4,4.0,23,8,False
2026-08-09 00:50:22.344251,21.3,39.3,7.5,5.1,0.64,34.7,35,Good,32.3,75.9,4.2,0,8,False
2026-08-09 01:50:22.344251,12.4,25.9,8.6,4.3,0.33,30.6,21,Good,34.3,68.8,13.4,1,8,False
2026-08-09 02:50:22.344251,21.1,34.7,1.0,6.0,0.58,35.2,35,Good,36.4,63.1,5.9,2,8,False
2026-08-09 03:50:22.344251,22.4,26.8,9.3,7.9,0.39,28.2,37,Good,35.1,72.6,12.7,3,8,False
2026-08-09 04:50:22.344251,12.8,30.2,11.3,5.4,0.23,28.9,21,Good,39.5,72.6,14.5,4,8,False
2026-08-09 05:50:22.344251,12.0,22.1,2.4,4.9,0.29,19.3,20,Good,39.8,67.8,18.4,5,8,False
2026-08-09 06:50:22.344251,17.9,30.2,14.5,4.9,0.75,7.2,30,Good,36.8,58.7,14.4,6,8,False
2026-08-09 07:50:22.344251,37.3,56.9,20.0,7.9,0.69,0.0,62,Satisfactory,40.6,89.5,10.2,7,8,False
2026-08-09 08:50:22.344251,22.8,42.9,23.1,8.9,0.49,22.5,38,Good,36.5,57.7,16.4,8,8,False
2026-08-09 09:50:22.344251,28.3,50.0,10.1,3.7,1.01,13.6,47,Good,42.4,71.0,11.5,9,8,False
2026-08-09 10:50:22.344251,34.2,49.8,19.7,4.6,0.66,14.8,56,Satisfactory,32.5,74.3,10.1,10,8,False
2026-08-09 11:50:22.344251,27.3,48.7,12.8,4.7,0.66,12.3,46,Good,30.3,65.3,12.0,11,8,False
2026-08-09 12:50:22.344251,27.1,54.1,17.5,4.6,0.6,15.2,45,Good,33.1,67.4,3.5,12,8,False
2026-08-09 13:50:22.344251,44.2,66.5,23.9,3.4,0.64,20.1,73,Satisfactory,34.5,61.9,3.3,13,8,False
2026-08-09 14:50:22.344251,29.3,58.0,16.6,7.3,0.27,32.3,49,Good,28.4,58.6,3.7,14,8,False
2026-08-09 15:50:22.344251,40.0,47.1,17.3,7.5,0.49,31.2,66,Satisfactory,35.3,82.2,2.7,15,8,False
2026-08-09 16:50:22.344251,45.4,61.7,18.2,7.1,0.67,39.5,75,Satisfactory,31.4,67.6,0.0,16,8,False
2026-08-09 17:50:22.344251,40.0,82.2,8.7,6.1,0.67,41.1,66,Satisfactory,32.3,83.4,1.3,17,8,False
2026-08-09 18:50:22.344251,37.5,72.9,13.5,12.2,1.12,46.6,62,Satisfactory,25.3,67.4,8.1,18,8,False
2026-08-09 19:50:22.344251,45.2,60.7,22.4,3.2,0.8,51.4,75,Satisfactory,32.8,80.1,2.9,19,8,False
2026-08-09 20:50:22.344251,48.5,70.1,7.6,0.7,0.67,46.1,80,Satisfactory,26.5,75.8,4.1,20,8,False
2026-08-09 21:50:22.344251,25.5,71.9,9.1,6.2,0.13,59.2,43,Good,29.0,72.3,0.3,21,8,False
2026-08-09 22:50:22.344251,29.8,45.5,23.4,2.8,0.32,46.0,50,Good,32.0,75.0,2.8,22,8,False
2026-08-09 23:50:22.344251,27.9,43.4,13.3,7.6,0.15,46.1,46,Good,34.2,74.0,3.7,23,8,False
2026-08-10 00:50:22.344251,14.9,27.8,14.3,6.9,0.34,42.2,25,Good,32.5,80.5,9.9,0,8,False
2026-08-10 01:50:22.344251,15.7,27.6,4.1,5.0,0.21,36.3,26,Good,36.0,61.7,10.6,1,8,False
2026-08-10 02:50:22.344251,14.0,31.5,16.3,1.4,0.11,26.5,23,Good,37.9,75.4,12.2,2,8,False
2026-08-10 03:50:22.344251,18.7,33.2,0.0,7.4,0.56,26.7,31,Good,37.1,72.2,10.2,3,8,False
2026-08-10 04:50:22.344251,14.1,24.6,9.9,6.1,0.1,14.6,23,Good,40.7,70.8,14.1,4,8,False
2026-08-10 05:50:22.344251,15.5,33.1,13.5,6.6,0.24,17.3,26,Good,39.4,72.7,8.2,5,8,False
2026-08-10 06:50:22.344251,23.1,37.0,11.9,7.1,0.43,19.9,39,Good,40.1,64.8,8.0,6,8,False
2026-08-10 07:50:22.344251,32.0,55.4,18.0,7.5,0.77,10.0,53,Satisfactory,38.3,73.1,13.6,7,8,False
2026-08-10 08:50:22.344251,26.9,56.2,15.7,0.0,0.92,6.2,45,Good,36.0,81.2,10.8,8,8,False
2026-08-10 09:50:22.344251,23.6,50.1,15.9,5.8,0.73,11.8,39,Good,36.4,73.1,11.8,9,8,False
2026-08-10 10:50:22.344251,27.4,68.3,20.4,6.3,0.76,10.8,46,Good,36.1,64.7,8.0,10,8,False
2026-08-10 11:50:22.344251,21.0,53.0,25.5,1.8,0.71,11.8,35,Good,37.6,58.5,9.3,11,8,False
2026-08-10 12:50:22.344251,30.0,64.1,2.7,2.1,0.65,18.5,0,Good,33.3,59.1,2.7,12,8,False
2026-08-10 13:50:22.344251,33.1,43.8,16.4,5.1,1.15,32.5,55,Satisfactory,37.2,76.5,10.1,13,8,False
2026-08-10 14:50:22.344251,33.9,62.8,13.7,8.0,0.59,26.8,56,Satisfactory,32.2,82.2,4.3,14,8,False
2026-08-10 15:50:22.344251,45.3,60.2,10.2,7.5,0.63,29.6,75,Satisfactory,29.2,69.3,2.6,15,8,False
2026-08-10 16:50:22.344251,36.9,50.7,19.3,10.1,0.86,32.9,61,Satisfactory,29.2,76.0,4.5,16,8,False
2026-08-10 17:50:22.344251,40.8,74.8,24.1,4.9,0.64,42.1,67,Satisfactory,31.9,71.6,2.1,17,8,False
2026-08-10 18:50:22.344251,33.9,66.0,19.0,6.8,0.91,53.0,56,Satisfactory,29.1,73.2,7.4,18,8,False
2026-08-10 19:50:22.344251,44.0,64.6,23.1,10.3,0.61,53.2,73,Satisfactory,26.5,69.9,3.3,19,8,False
2026-08-10 20:50:22.344251,45.3,76.6,11.3,8.4,0.65,50.4,75,Satisfactory,26.6,62.8,0.0,20,8,False
2026-08-10 21:50:22.344251,25.2,40.5,23.4,2.3,0.3,38.6,42,Good,30.6,73.8,9.2,21,8,False
2026-08-10 22:50:22.344251,28.5,43.5,19.6,6.5,0.65,41.6,47,Good,30.4,80.8,7.3,22,8,False
2026-08-10 23:50:22.344251,17.3,32.8,16.0,8.2,0.6,43.0,29,Good,30.4,64.8,8.6,23,8,False
2026-08-11 00:50:22.344251,24.8,36.1,9.3,4.2,0.57,50.0,41,Good,31.1,77.3,7.8,0,8,False
2026-08-11 01:50:22.344251,17.7,29.2,2.3,4.9,0.57,37.5,29,Good,36.5,68.6,11.0,1,8,False
2026-08-11 02:50:22.344251,22.1,40.7,9.1,4.8,0.0,34.3,37,Good,35.8,73.0,7.8,2,8,False
2026-08-11 03:50:22.344251,16.0,22.6,18.7,6.7,0.14,29.8,27,Good,37.3,55.5,14.1,3,8,False
2026-08-11 04:50:22.344251,13.5,21.4,14.3,5.8,0.45,23.0,22,Good,38.0,71.3,19.2,4,8,False
2026-08-11 05:50:22.344251,18.4,32.0,10.8,5.2,0.3,13.8,31,Good,36.6,78.5,8.5,5,8,False
2026-08-11 06:50:22.344251,22.6,45.1,7.2,6.9,0.21,18.1,38,Good,36.4,70.5,9.1,6,8,False
2026-08-11 07:50:22.344251,33.6,57.2,18.2,7.3,0.87,5.0,55,Satisfactory,39.4,58.6,10.7,7,8,False
2026-08-11 08:50:22.344251,21.7,46.9,15.6,6.9,0.57,6.8,36,Good,32.5,52.1,18.9,8,8,False
2026-08-11 09:50:22.344251,28.1,48.1,26.9,1.6,0.7,17.8,47,Good,37.0,72.2,13.8,9,8,False
2026-08-11 10:50:22.344251,44.3,49.5,13.5,3.9,0.77,5.9,73,Satisfactory,37.1,69.1,8.5,10,8,False
2026-08-11 11:50:22.344251,32.4,52.4,19.5,3.8,0.7,14.2,53,Satisfactory,37.3,80.9,5.6,11,8,False
2026-08-11 12:50:22.344251,28.2,40.1,19.5,6.5,0.46,24.5,47,Good,33.5,70.0,11.0,12,8,False
2026-08-11 13:50:22.344251,36.2,72.7,11.7,7.6,0.93,16.8,60,Satisfactory,35.9,68.0,2.1,13,8,False
2026-08-11 14:50:22.344251,27.6,44.9,23.6,3.2,0.54,31.3,46,Good,32.1,74.1,4.8,14,8,False
2026-08-11 15:50:22.344251,35.0,57.5,15.4,3.5,0.46,41.6,58,Satisfactory,30.4,80.6,7.1,15,8,False
2026-08-11 16:50:22.344251,35.4,75.2,18.4,6.4,0.83,34.5,58,Satisfactory,25.3,74.7,0.3,16,8,False
2026-08-11 17:50:22.344251,33.7,45.7,15.0,9.8,0.86,47.9,56,Satisfactory,31.5,69.0,10.6,17,8,False
2026-08-11 18:50:22.344251,40.3,68.7,17.1,3.7,0.49,54.1,67,Satisfactory,28.5,73.6,3.3,18,8,False
2026-08-11 19:50:22.344251,47.9,76.7,29.3,4.6,0.63,59.9,80,Satisfactory,27.2,49.2,1.7,19,8,False
2026-08-11 20:50:22.344251,83.7,138.2,19.3,5.5,0.71,47.2,178,Moderate,28.5,76.1,3.8,20,8,True
2026-08-11 21:50:22.344251,31.3,71.3,18.0,3.0,0.26,46.2,51,Satisfactory,26.6,92.8,1.3,21,8,False
2026-08-11 22:50:22.344251,27.5,55.0,11.8,0.0,0.55,42.4,46,Good,33.3,79.5,4.5,22,8,False
2026-08-11 23:50:22.344251,33.9,51.9,3.2,6.5,0.37,50.4,56,Satisfactory,35.6,71.1,2.0,23,8,False
2026-08-12 00:50:22.344251,15.1,26.4,5.5,5.0,0.51,38.7,25,Good,33.9,55.5,14.0,0,8,False
2026-08-12 01:50:22.344251,19.6,33.3,9.2,2.5,0.32,33.2,33,Good,35.9,68.7,7.6,1,8,False
2026-08-12 02:50:22.344251,10.5,27.1,7.2,6.5,0.31,29.1,18,Good,36.0,79.1,16.2,2,8,False
2026-08-12 03:50:22.344251,18.6,23.2,6.2,10.9,0.59,31.7,31,Good,35.6,67.9,7.9,3,8,False
2026-08-12 04:50:22.344251,15.8,31.7,1.7,2.7,0.21,13.3,26,Good,38.2,74.3,11.5,4,8,False
2026-08-12 05:50:22.344251,17.6,23.5,10.9,3.9,0.57,17.1,29,Good,36.7,68.8,11.4,5,8,False
2026-08-12 06:50:22.344251,18.8,31.8,0.7,4.7,0.65,11.5,31,Good,42.2,77.9,15.4,6,8,False
2026-08-12 07:50:22.344251,26.6,54.9,12.7,1.9,0.83,13.2,44,Good,43.1,71.4,13.5,7,8,False
2026-08-12 08:50:22.344251,34.5,46.8,19.6,6.0,0.93,13.9,57,Satisfactory,37.3,65.8,12.7,8,8,False
2026-08-12 09:50:22.344251,18.0,38.2,11.5,4.5,0.62,14.4,30,Good,37.6,76.4,16.2,9,8,False
2026-08-12 10:50:22.344251,32.7,60.3,21.9,4.1,0.85,18.0,54,Satisfactory,37.3,68.9,7.0,10,8,False
2026-08-12 11:50:22.344251,34.3,51.0,18.1,4.1,0.42,9.1,57,Satisfactory,37.3,66.2,9.7,11,8,False
2026-08-12 12:50:22.344251,23.9,43.6,18.0,3.2,0.88,15.2,40,Good,31.9,78.2,10.4,12,8,False
2026-08-12 13:50:22.344251,25.7,48.7,14.7,7.9,0.4,24.1,43,Good,34.5,67.6,9.5,13,8,False
2026-08-12 14:50:22.344251,35.9,50.8,20.8,1.8,0.39,29.5,59,Satisfactory,31.5,75.9,7.2,14,8,False
2026-08-12 15:50:22.344251,29.8,60.6,8.0,5.3,0.56,20.6,50,Good,31.2,70.6,2.1,15,8,False
2026-08-12 16:50:22.344251,38.6,86.2,16.9,6.0,0.63,39.7,64,Satisfactory,29.7,68.9,0.3,16,8,False
2026-08-12 17:50:22.344251,47.5,75.3,16.2,8.5,0.67,39.4,79,Satisfactory,31.3,66.4,4.3,17,8,False
2026-08-12 18:50:22.344251,49.8,64.1,21.5,4.2,0.77,41.6,83,Satisfactory,28.3,64.0,4.1,18,8,False
2026-08-12 19:50:22.344251,45.9,74.8,13.0,6.6,0.9,51.9,76,Satisfactory,30.4,67.8,6.5,19,8,False
2026-08-12 20:50:22.344251,36.3,84.9,18.3,5.3,0.46,52.7,60,Satisfactory,28.0,73.0,5.7,20,8,False
2026-08-12 21:50:22.344251,30.3,42.3,4.9,3.5,0.54,58.9,0,Good,25.5,67.3,2.5,21,8,False
2026-08-12 22:50:22.344251,20.9,30.0,9.0,10.0,0.45,42.3,35,Good,31.0,77.5,12.7,22,8,False
2026-08-12 23:50:22.344251,29.4,49.9,5.4,0.0,0.57,47.2,49,Good,35.9,53.0,5.3,23,8,False
2026-08-13 00:50:22.344251,21.2,29.0,4.2,6.6,0.57,38.4,35,Good,32.5,68.6,7.9,0,8,False
2026-08-13 01:50:22.344251,16.2,30.7,12.7,5.7,0.24,32.8,27,Good,35.2,78.9,9.9,1,8,False
2026-08-13 02:50:22.344251,18.7,32.9,13.1,5.3,0.54,32.4,31,Good,35.8,85.3,9.3,2,8,False
2026-08-13 03:50:22.344251,12.5,34.1,9.3,6.4,0.27,18.4,21,Good,36.2,74.0,11.2,3,8,False
2026-08-13 04:50:22.344251,15.1,31.7,4.9,8.2,0.8,20.5,25,Good,39.0,61.4,12.7,4,8,False
2026-08-13 05:50:22.344251,10.3,24.1,4.8,5.2,0.5,9.4,17,Good,38.0,58.8,14.9,5,8,False
2026-08-13 06:50:22.344251,18.5,26.4,11.9,6.1,0.49,9.2,31,Good,37.9,67.0,16.2,6,8,False
2026-08-13 07:50:22.344251,31.5,41.9,16.6,2.7,0.57,9.5,52,Satisfactory,38.1,65.4,13.3,7,8,False
2026-08-13 08:50:22.344251,20.5,46.7,23.7,8.0,0.36,11.2,34,Good,38.4,67.8,14.6,8,8,False
2026-08-13 09:50:22.344251,27.6,42.8,20.3,5.5,0.86,11.5,46,Good,36.6,53.5,13.7,9,8,False
2026-08-13 10:50:22.344251,42.4,66.8,10.4,4.4,0.59,17.2,70,Satisfactory,37.5,72.8,6.0,10,8,False
2026-08-13 11:50:22.344251,40.8,51.8,15.8,9.8,0.61,19.5,68,Satisfactory,36.8,65.9,5.6,11,8,False
2026-08-13 12:50:22.344251,93.1,197.5,16.8,2.8,0.74,15.9,208,Poor,36.0,61.3,6.1,12,8,True
2026-08-13 13:50:22.344251,17.9,32.7,23.4,8.0,0.69,31.1,30,Good,30.0,64.6,15.4,13,8,False
2026-08-13 14:50:22.344251,27.7,51.8,22.4,2.1,0.61,30.4,46,Good,33.1,71.9,10.8,14,8,False
2026-08-13 15:50:22.344251,41.5,61.4,21.4,5.1,0.55,32.7,69,Satisfactory,30.5,60.7,4.6,15,8,False
2026-08-13 16:50:22.344251,40.3,59.0,13.8,6.0,0.81,54.5,67,Satisfactory,27.8,66.6,5.0,16,8,False
2026-08-13 17:50:22.344251,35.6,66.3,12.7,6.6,0.88,53.1,59,Satisfactory,30.1,69.1,6.9,17,8,False
2026-08-13 18:50:22.344251,34.7,77.5,10.6,3.6,0.71,50.0,57,Satisfactory,27.4,73.7,6.2,18,8,False
2026-08-13 19:50:22.344251,43.5,96.7,16.0,5.8,0.49,57.7,72,Satisfactory,29.5,66.3,0.9,19,8,False
2026-08-13 20:50:22.344251,46.4,72.2,17.2,6.5,0.65,46.6,77,Satisfactory,27.0,61.8,3.3,20,8,False
2026-08-13 21:50:22.344251,32.8,45.1,6.6,7.3,0.34,47.9,54,Satisfactory,31.1,76.9,4.5,21,8,False
2026-08-13 22:50:22.344251,24.1,44.9,18.2,4.5,0.51,45.7,40,Good,30.4,69.3,6.5,22,8,False
2026-08-13 23:50:22.344251,24.7,53.3,17.6,7.3,0.54,41.4,41,Good,33.6,69.0,6.6,23,8,False
2026-08-14 00:50:22.344251,18.3,30.4,10.0,2.3,0.58,39.8,31,Good,31.7,66.9,12.4,0,8,False
2026-08-14 01:50:22.344251,22.4,30.4,9.8,4.5,0.0,26.1,37,Good,35.6,72.5,7.9,1,8,False
2026-08-14 02:50:22.344251,19.0,26.9,12.1,5.9,0.39,28.6,32,Good,33.7,57.7,10.1,2,8,False
2026-08-14 03:50:22.344251,14.2,31.2,17.5,3.1,0.39,17.1,24,Good,38.6,62.9,10.6,3,8,False
2026-08-14 04:50:22.344251,15.7,23.4,19.5,7.4,0.39,20.4,26,Good,37.3,61.8,12.4,4,8,False
2026-08-14 05:50:22.344251,3.4,8.0,4.7,6.4,0.43,13.7,6,Good,37.7,67.4,13.3,5,8,True
2026-08-14 06:50:22.344251,22.9,47.5,10.9,7.2,0.7,12.2,38,Good,40.5,49.8,9.8,6,8,False
2026-08-14 07:50:22.344251,38.3,49.9,23.6,6.0,0.49,12.4,63,Satisfactory,38.2,67.8,8.9,7,8,False
2026-08-14 08:50:22.344251,22.7,43.3,13.3,8.0,0.76,2.3,38,Good,42.6,67.8,15.8,8,8,False
2026-08-14 09:50:22.344251,28.0,70.0,17.7,5.3,0.71,11.0,47,Good,37.9,88.3,9.8,9,8,False
2026-08-14 10:50:22.344251,29.0,33.1,10.6,6.2,0.55,18.3,48,Good,34.4,73.0,14.6,10,8,False
2026-08-14 11:50:22.344251,27.5,65.6,11.5,6.6,0.13,6.8,46,Good,32.0,70.1,7.9,11,8,False
2026-08-14 12:50:22.344251,3.5,14.1,16.2,4.6,0.41,33.4,6,Good,35.5,76.3,11.1,12,8,True
2026-08-14 13:50:22.344251,33.2,49.9,11.7,5.6,0.17,23.0,55,Satisfactory,31.0,70.0,8.5,13,8,False
2026-08-14 14:50:22.344251,22.0,56.8,20.1,1.0,0.17,16.2,37,Good,33.1,78.8,9.8,14,8,False
2026-08-14 15:50:22.344251,36.2,70.6,17.2,6.4,0.6,35.9,60,Satisfactory,32.1,56.9,2.0,15,8,False
2026-08-14 16:50:22.344251,40.2,66.4,15.0,5.7,0.63,43.7,67,Satisfactory,27.3,65.1,0.0,16,8,False
2026-08-14 17:50:22.344251,27.4,59.5,11.9,6.1,0.78,42.7,46,Good,30.1,66.4,6.5,17,8,False
2026-08-14 18:50:22.344251,40.2,57.6,13.8,9.4,0.94,47.9,67,Satisfactory,28.7,62.8,5.6,18,8,False
2026-08-14 19:50:22.344251,25.2,55.4,21.5,6.5,1.11,55.6,42,Good,29.4,70.2,9.4,19,8,False
2026-08-14 20:50:22.344251,37.3,59.5,15.2,6.9,0.45,42.7,62,Satisfactory,29.6,72.6,4.9,20,8,False
2026-08-14 21:50:22.344251,32.3,58.9,8.5,11.0,0.68,50.8,53,Satisfactory,30.0,59.5,0.9,21,8,False
2026-08-14 22:50:22.344251,31.0,44.4,3.4,4.0,0.57,43.0,0,Good,30.2,58.6,5.4,22,8,False
2026-08-14 23:50:22.344251,32.6,57.9,6.9,5.9,0.28,37.8,54,Satisfactory,31.7,63.5,2.5,23,8,False
2026-08-15 00:50:22.344251,14.9,24.8,9.3,6.8,0.41,49.3,25,Good,33.4,68.1,10.5,0,8,False
2026-08-15 01:50:22.344251,11.8,37.2,8.2,7.3,0.4,28.3,20,Good,31.9,56.0,7.8,1,8,False
2026-08-15 02:50:22.344251,10.9,32.0,14.5,6.3,0.4,27.4,18,Good,34.2,61.7,12.5,2,8,False
2026-08-15 03:50:22.344251,14.4,21.5,2.8,5.6,0.24,20.2,24,Good,37.0,85.1,14.2,3,8,False
2026-08-15 04:50:22.344251,19.5,33.0,8.9,9.2,0.06,22.7,33,Good,35.4,66.6,7.8,4,8,False
2026-08-15 05:50:22.344251,10.1,29.7,8.0,5.8,0.48,7.7,17,Good,38.3,65.0,11.8,5,8,False
2026-08-15 06:50:22.344251,23.4,33.7,3.1,3.8,0.69,20.1,39,Good,36.2,73.8,11.2,6,8,False
2026-08-15 07:50:22.344251,25.3,40.8,19.3,5.9,0.33,3.8,42,Good,40.1,74.1,15.6,7,8,False
2026-08-15 08:50:22.344251,38.4,64.0,22.0,6.0,0.76,18.6,63,Satisfactory,34.5,76.6,12.2,8,8,False
2026-08-15 09:50:22.344251,36.2,63.3,21.0,6.7,0.84,10.3,60,Satisfactory,35.7,70.8,10.5,9,8,False
2026-08-15 10:50:22.344251,25.8,46.2,18.4,6.0,0.68,15.7,43,Good,33.1,68.1,13.7,10,8,False
2026-08-15 11:50:22.344251,28.9,56.6,13.4,4.7,0.94,19.0,48,Good,35.1,85.6,7.5,11,8,False
2026-08-15 12:50:22.344251,37.7,63.1,19.8,5.7,1.19,24.3,62,Satisfactory,34.5,79.9,1.6,12,8,False
2026-08-15 13:50:22.344251,32.3,57.0,18.8,7.2,0.63,34.3,53,Satisfactory,31.1,73.8,6.3,13,8,False
2026-08-15 14:50:22.344251,38.5,79.8,16.7,6.8,0.53,29.1,64,Satisfactory,30.9,60.4,0.6,14,8,False
2026-08-15 15:50:22.344251,37.0,65.6,9.9,1.8,0.58,30.2,61,Satisfactory,29.4,68.8,4.9,15,8,False
2026-08-15 16:50:22.344251,27.2,62.1,12.5,5.4,0.77,40.9,45,Good,28.6,79.9,5.5,16,8,False
2026-08-15 17:50:22.344251,41.9,61.1,25.6,5.6,0.35,46.6,70,Satisfactory,29.1,77.4,5.9,17,8,False
2026-08-15 18:50:22.344251,49.2,68.4,18.0,8.8,0.55,50.0,82,Satisfactory,28.9,79.4,1.3,18,8,False
2026-08-15 19:50:22.344251,40.4,54.3,19.6,5.1,1.18,59.9,67,Satisfactory,26.8,57.8,5.4,19,8,False
2026-08-15 20:50:22.344251,38.7,71.0,25.4,4.1,0.94,51.8,64,Satisfactory,31.3,77.9,2.4,20,8,False
2026-08-15 21:50:22.344251,31.3,54.9,20.0,1.5,0.51,47.6,51,Satisfactory,28.7,74.6,3.1,21,8,False
2026-08-15 22:50:22.344251,29.9,42.4,9.8,2.9,0.87,53.4,50,Good,31.3,61.9,5.1,22,8,False
2026-08-15 23:50:22.344251,19.0,43.8,1.2,4.2,0.45,46.5,32,Good,32.9,73.4,8.7,23,8,False
2026-08-16 00:50:22.344251,20.0,26.6,0.0,5.2,0.54,42.1,33,Good,34.6,66.1,4.8,0,8,False
2026-08-16 01:50:22.344251,16.5,34.0,12.3,5.3,0.28,40.1,28,Good,33.7,71.6,13.4,1,8,False
2026-08-16 02:50:22.344251,20.7,28.5,16.1,6.4,0.6,32.8,34,Good,34.8,62.3,7.5,2,8,False
2026-08-16 03:50:22.344251,11.6,31.9,10.5,6.7,0.39,21.3,19,Good,37.8,70.3,14.1,3,8,False
2026-08-16 04:50:22.344251,14.6,23.8,10.7,5.4,0.59,11.5,24,Good,36.1,70.5,12.6,4,8,False
2026-08-16 05:50:22.344251,15.2,23.8,18.7,6.2,0.14,9.0,25,Good,36.8,62.6,15.6,5,8,False
2026-08-16 06:50:22.344251,18.6,34.5,16.0,4.8,0.55,17.5,31,Good,40.5,66.8,10.9,6,8,False
2026-08-16 07:50:22.344251,16.8,45.1,13.4,7.5,0.48,10.0,28,Good,39.5,78.3,16.4,7,8,False
2026-08-16 08:50:22.344251,21.4,40.3,21.6,2.4,0.63,13.8,36,Good,37.4,72.2,17.4,8,8,False
2026-08-16 09:50:22.344251,27.1,40.1,23.7,5.9,0.72,9.9,45,Good,38.7,71.2,13.5,9,8,False
2026-08-16 10:50:22.344251,28.2,50.8,15.4,5.1,0.78,14.4,47,Good,37.4,64.1,15.2,10,8,False
2026-08-16 11:50:22.344251,24.6,42.2,18.8,8.7,0.79,14.2,41,Good,38.3,55.6,10.6,11,8,False
2026-08-16 12:50:22.344251,15.4,39.9,23.3,6.5,1.28,15.1,26,Good,35.0,67.9,12.9,12,8,False
2026-08-16 13:50:22.344251,34.0,50.5,19.2,3.7,0.67,22.4,56,Satisfactory,31.0,67.5,9.7,13,8,False
2026-08-16 14:50:22.344251,32.1,55.7,10.9,5.1,0.54,31.4,53,Satisfactory,29.0,63.9,6.3,14,8,False
2026-08-16 15:50:22.344251,29.1,59.1,5.8,5.1,0.54,30.2,48,Good,28.4,67.9,7.6,15,8,False
2026-08-16 16:50:22.344251,36.3,69.7,15.5,8.5,0.41,46.4,60,Satisfactory,28.3,57.2,0.0,16,8,False
2026-08-16 17:50:22.344251,47.9,79.5,25.1,6.2,0.89,48.6,80,Satisfactory,28.4,61.1,0.6,17,8,False
2026-08-16 18:50:22.344251,44.2,92.1,17.6,3.2,0.65,44.4,73,Satisfactory,30.3,67.0,2.8,18,8,False
2026-08-16 19:50:22.344251,40.1,85.8,19.9,5.3,0.84,50.9,66,Satisfactory,27.3,70.0,2.9,19,8,False
2026-08-16 20:50:22.344251,44.2,84.0,14.9,5.2,0.71,47.8,73,Satisfactory,32.1,61.8,3.2,20,8,False
2026-08-16 21:50:22.344251,24.8,41.3,3.2,7.4,0.59,45.7,41,Good,29.9,56.7,6.0,21,8,False
2026-08-16 22:50:22.344251,31.3,47.7,7.3,7.6,0.36,54.3,51,Satisfactory,29.1,69.6,2.7,22,8,False
2026-08-16 23:50:22.344251,24.7,39.7,20.6,3.8,0.61,45.6,41,Good,33.3,79.6,10.5,23,8,False
2026-08-17 00:50:22.344251,20.6,33.2,6.4,10.6,0.29,39.0,34,Good,31.6,79.6,9.8,0,8,False
2026-08-17 01:50:22.344251,17.4,38.0,4.6,5.3,0.59,37.5,29,Good,37.2,67.1,7.5,1,8,False
2026-08-17 02:50:22.344251,12.9,18.3,5.6,2.6,0.35,36.2,21,Good,35.5,57.8,15.3,2,8,False
2026-08-17 03:50:22.344251,11.7,30.7,11.3,4.8,0.25,26.1,20,Good,35.7,63.1,13.6,3,8,False
2026-08-17 04:50:22.344251,15.9,27.7,1.7,4.9,0.26,19.9,27,Good,36.9,62.7,13.4,4,8,False
2026-08-17 05:50:22.344251,12.8,21.6,14.4,4.4,0.3,14.3,21,Good,37.3,65.0,19.9,5,8,False
2026-08-17 06:50:22.344251,14.8,26.8,9.2,6.4,0.57,5.0,25,Good,38.9,64.3,21.2,6,8,False
2026-08-17 07:50:22.344251,28.6,43.5,17.0,3.7,0.62,11.4,48,Good,39.7,72.2,19.3,7,8,False
2026-08-17 08:50:22.344251,38.1,47.6,11.4,6.4,0.69,10.5,63,Satisfactory,44.6,74.5,9.7,8,8,False
2026-08-17 09:50:22.344251,23.7,41.3,22.7,5.4,0.66,10.8,40,Good,41.5,66.1,14.1,9,8,False
2026-08-17 10:50:22.344251,29.7,54.4,19.2,8.4,1.13,3.7,50,Good,35.3,72.1,11.4,10,8,False
2026-08-17 11:50:22.344251,35.1,48.8,20.1,2.9,0.83,15.5,58,Satisfactory,33.2,63.6,8.4,11,8,False
2026-08-17 12:50:22.344251,27.4,54.3,4.7,3.2,1.03,27.4,46,Good,36.3,59.3,9.7,12,8,False
2026-08-17 13:50:22.344251,29.5,52.9,14.7,8.2,0.44,28.1,49,Good,32.3,53.6,8.1,13,8,False
2026-08-17 14:50:22.344251,29.3,61.1,7.3,2.5,0.56,31.2,49,Good,32.5,61.9,2.0,14,8,False
2026-08-17 15:50:22.344251,22.9,62.2,14.7,6.5,0.66,31.2,38,Good,28.8,68.3,6.2,15,8,False
2026-08-17 16:50:22.344251,40.4,69.1,17.9,6.4,0.77,45.3,67,Satisfactory,30.0,65.7,0.0,16,8,False
2026-08-17 17:50:22.344251,31.7,74.0,15.3,6.3,0.81,44.6,52,Satisfactory,27.5,62.3,5.1,17,8,False
2026-08-17 18:50:22.344251,42.3,69.1,13.5,7.7,0.85,48.4,70,Satisfactory,30.9,73.3,4.7,18,8,False
2026-08-17 19:50:22.344251,38.4,73.0,20.5,4.1,0.56,45.8,64,Satisfactory,29.9,72.2,3.7,19,8,False
2026-08-17 20:50:22.344251,42.6,70.8,13.6,8.5,0.77,52.4,71,Satisfactory,31.7,57.3,4.8,20,8,False
2026-08-17 21:50:22.344251,25.3,52.4,10.3,7.2,0.65,55.5,42,Good,31.0,69.8,4.5,21,8,False
2026-08-17 22:50:22.344251,24.6,49.4,18.4,5.0,0.41,37.1,41,Good,30.6,75.2,6.7,22,8,False
2026-08-17 23:50:22.344251,27.6,45.3,9.3,4.8,0.46,45.4,46,Good,30.7,67.1,3.9,23,8,False
2026-08-18 00:50:22.344251,16.1,27.6,19.5,6.5,0.37,43.7,27,Good,36.7,58.4,12.6,0,8,False
2026-08-18 01:50:22.344251,19.2,35.3,2.9,6.2,0.67,33.0,32,Good,33.2,63.1,10.2,1,8,False
2026-08-18 02:50:22.344251,18.1,25.1,10.1,2.7,0.33,31.7,30,Good,35.2,64.1,11.6,2,8,False
2026-08-18 03:50:22.344251,14.5,24.0,12.5,3.9,0.33,19.3,24,Good,38.8,74.2,12.5,3,8,False
2026-08-18 04:50:22.344251,8.7,24.8,4.0,6.1,0.23,20.8,14,Good,43.8,61.8,14.7,4,8,False
2026-08-18 05:50:22.344251,13.1,29.3,7.4,8.1,0.51,14.9,22,Good,36.7,84.7,12.8,5,8,False
2026-08-18 06:50:22.344251,19.6,39.0,8.0,3.4,0.65,12.2,33,Good,39.4,70.3,12.3,6,8,False
2026-08-18 07:50:22.344251,20.8,46.4,22.3,5.0,0.75,15.2,35,Good,39.2,68.8,15.7,7,8,False
2026-08-18 08:50:22.344251,31.6,45.9,5.7,2.4,1.11,10.7,52,Satisfactory,36.6,76.8,12.3,8,8,False
2026-08-18 09:50:22.344251,38.8,54.4,25.5,5.8,0.71,8.0,64,Satisfactory,36.6,62.8,9.7,9,8,False
2026-08-18 10:50:22.344251,42.3,62.9,10.4,2.8,0.57,10.3,70,Satisfactory,37.7,81.3,4.4,10,8,False
2026-08-18 11:50:22.344251,30.4,50.9,12.8,6.8,0.47,16.5,0,Good,36.3,60.9,9.1,11,8,False
2026-08-18 12:50:22.344251,26.3,30.4,14.0,7.2,0.64,25.7,44,Good,37.3,50.8,9.6,12,8,False
2026-08-18 13:50:22.344251,23.1,40.4,19.7,4.7,0.34,28.6,38,Good,34.4,59.0,11.0,13,8,False
2026-08-18 14:50:22.344251,34.0,57.1,16.0,6.1,0.85,32.7,56,Satisfactory,33.4,63.2,6.6,14,8,False
2026-08-18 15:50:22.344251,32.8,63.9,21.6,2.4,0.73,36.7,54,Satisfactory,25.9,62.0,4.6,15,8,False
2026-08-18 16:50:22.344251,37.9,78.8,14.1,0.0,0.52,39.7,63,Satisfactory,28.7,76.7,1.0,16,8,False
2026-08-18 17:50:22.344251,24.1,58.6,11.1,9.4,0.67,51.4,40,Good,28.3,56.6,3.4,17,8,False
2026-08-18 18:50:22.344251,41.0,59.4,17.9,6.0,0.42,45.3,68,Satisfactory,28.3,87.0,3.5,18,8,False
2026-08-18 19:50:22.344251,34.8,83.3,14.6,4.3,0.62,46.9,57,Satisfactory,26.1,78.2,0.0,19,8,False
2026-08-18 20:50:22.344251,38.7,88.5,20.4,6.0,0.47,48.4,64,Satisfactory,26.7,69.4,0.0,20,8,False
2026-08-18 21:50:22.344251,26.6,50.5,16.2,4.9,0.57,46.3,44,Good,33.4,70.9,4.4,21,8,False
2026-08-18 22:50:22.344251,24.2,43.6,17.3,4.6,0.45,37.3,40,Good,32.7,83.3,4.1,22,8,False
2026-08-18 23:50:22.344251,24.4,45.7,18.9,0.8,0.66,44.2,41,Good,34.4,67.4,8.5,23,8,False
2026-08-19 00:50:22.344251,16.2,32.6,7.7,6.1,0.36,37.3,27,Good,32.9,66.5,8.7,0,8,False
2026-08-19 01:50:22.344251,16.6,30.5,10.7,3.6,0.53,33.4,28,Good,37.0,76.2,10.9,1,8,False
2026-08-19 02:50:22.344251,15.1,35.0,5.8,3.4,0.31,33.5,25,Good,38.0,62.6,11.4,2,8,False
2026-08-19 03:50:22.344251,14.0,17.9,10.0,5.4,0.58,23.7,23,Good,37.0,52.0,16.0,3,8,False
2026-08-19 04:50:22.344251,13.9,28.8,4.2,8.1,0.39,13.9,23,Good,36.1,68.1,13.0,4,8,False
2026-08-19 05:50:22.344251,10.6,32.9,12.1,6.0,0.68,7.1,18,Good,38.5,75.2,10.9,5,8,False
2026-08-19 06:50:22.344251,19.3,34.8,12.9,6.4,0.45,21.7,32,Good,34.4,85.8,15.3,6,8,False
2026-08-19 07:50:22.344251,32.9,43.6,20.3,3.1,0.75,5.1,54,Satisfactory,36.5,78.3,11.1,7,8,False
2026-08-19 08:50:22.344251,35.8,59.3,18.9,7.9,0.73,12.8,59,Satisfactory,40.5,74.9,11.5,8,8,False
2026-08-19 09:50:22.344251,42.5,55.2,18.3,4.6,0.95,11.3,71,Satisfactory,36.5,69.5,4.9,9,8,False
2026-08-19 10:50:22.344251,38.2,64.4,21.9,4.3,0.58,24.7,63,Satisfactory,35.3,68.7,8.3,10,8,False
2026-08-19 11:50:22.344251,20.3,49.0,6.0,5.0,0.68,24.7,34,Good,39.3,72.4,10.2,11,8,False
2026-08-19 12:50:22.344251,27.9,63.9,9.0,6.7,0.98,15.7,46,Good,34.0,72.2,8.1,12,8,False
2026-08-19 13:50:22.344251,30.0,56.0,10.6,6.2,0.64,26.6,50,Good,34.1,55.0,6.0,13,8,False
2026-08-19 14:50:22.344251,32.4,45.4,8.4,3.5,0.51,31.5,53,Satisfactory,32.3,83.2,6.3,14,8,False
2026-08-19 15:50:22.344251,33.8,73.2,8.7,8.0,0.64,30.4,56,Satisfactory,34.6,71.2,3.5,15,8,False
2026-08-19 16:50:22.344251,26.6,51.0,11.4,3.0,0.54,40.9,44,Good,30.2,53.2,9.3,16,8,False
2026-08-19 17:50:22.344251,51.1,78.9,13.9,6.2,0.81,43.3,85,Satisfactory,25.2,74.0,0.0,17,8,False
2026-08-19 18:50:22.344251,34.0,65.1,18.9,11.2,0.88,45.6,56,Satisfactory,32.3,72.4,4.5,18,8,False
2026-08-19 19:50:22.344251,28.2,55.1,13.0,4.0,1.0,48.3,47,Good,31.6,58.7,7.3,19,8,False
2026-08-19 20:50:22.344251,40.9,80.8,13.8,6.5,0.69,41.1,68,Satisfactory,30.0,85.2,3.4,20,8,False
2026-08-19 21:50:22.344251,32.9,54.2,13.4,3.2,0.3,41.3,54,Satisfactory,28.1,74.0,3.2,21,8,False
2026-08-19 22:50:22.344251,36.7,52.2,8.1,4.4,0.49,52.5,61,Satisfactory,29.6,74.9,4.8,22,8,False
2026-08-19 23:50:22.344251,26.5,60.6,14.0,5.2,0.81,45.5,44,Good,32.1,68.9,2.5,23,8,False
2026-08-20 00:50:22.344251,16.2,31.1,11.2,5.9,0.24,35.9,27,Good,31.5,60.1,10.0,0,8,False
2026-08-20 01:50:22.344251,17.7,31.5,10.2,5.3,0.56,27.7,30,Good,38.7,72.0,11.6,1,8,False
2026-08-20 02:50:22.344251,20.6,36.3,14.6,6.1,0.24,20.2,34,Good,38.9,51.0,7.5,2,8,False
2026-08-20 03:50:22.344251,17.7,25.3,0.0,5.8,0.53,21.9,30,Good,38.9,71.1,10.8,3,8,False
2026-08-20 04:50:22.344251,16.9,33.7,8.8,8.4,0.78,18.9,28,Good,34.9,62.8,8.3,4,8,False
2026-08-20 05:50:22.344251,7.1,24.7,10.6,5.5,0.29,21.9,12,Good,38.1,76.1,18.7,5,8,False
2026-08-20 06:50:22.344251,17.3,31.0,3.5,5.6,0.35,12.0,29,Good,38.2,60.0,13.9,6,8,False
2026-08-20 07:50:22.344251,30.2,45.5,18.3,5.5,0.68,16.0,0,Good,38.0,56.9,13.1,7,8,False
2026-08-20 08:50:22.344251,30.5,50.2,10.2,5.3,0.87,16.2,0,Good,39.0,57.8,13.3,8,8,False
2026-08-20 09:50:22.344251,27.2,60.8,22.9,4.8,0.36,14.1,45,Good,37.6,81.2,7.8,9,8,False
2026-08-20 10:50:22.344251,37.3,56.0,26.1,6.6,1.05,15.9,62,Satisfactory,36.6,79.0,8.6,10,8,False
2026-08-20 11:50:22.344251,32.8,58.0,23.0,7.7,0.67,21.3,54,Satisfactory,33.4,72.7,7.9,11,8,False
2026-08-20 12:50:22.344251,24.6,60.7,21.2,5.9,0.73,24.5,41,Good,30.3,66.1,4.2,12,8,False
2026-08-20 13:50:22.344251,25.8,52.5,17.2,7.5,0.54,24.7,43,Good,35.0,58.7,11.1,13,8,False
2026-08-20 14:50:22.344251,27.0,59.9,13.1,2.2,0.91,27.7,45,Good,34.7,68.9,4.7,14,8,False
2026-08-20 15:50:22.344251,25.7,51.8,11.5,5.6,0.47,33.6,43,Good,36.3,74.8,3.9,15,8,False
2026-08-20 16:50:22.344251,30.4,59.1,16.5,6.2,0.46,43.7,0,Good,27.7,80.4,4.7,16,8,False
2026-08-20 17:50:22.344251,32.5,83.5,25.4,6.7,0.61,43.6,54,Satisfactory,28.8,77.4,1.7,17,8,False
2026-08-20 18:50:22.344251,43.6,69.7,15.3,4.9,0.79,37.3,72,Satisfactory,27.7,60.7,4.1,18,8,False
2026-08-20 19:50:22.344251,53.5,83.2,20.9,5.9,0.85,42.0,89,Satisfactory,26.8,85.6,0.0,19,8,False
2026-08-20 20:50:22.344251,38.1,64.9,19.3,6.9,0.4,52.8,63,Satisfactory,29.4,65.7,8.7,20,8,False
2026-08-20 21:50:22.344251,30.6,55.4,8.9,7.9,0.52,55.5,0,Good,31.4,60.5,4.4,21,8,False
2026-08-20 22:50:22.344251,28.5,54.4,16.1,4.4,0.39,49.4,48,Good,32.5,70.7,2.9,22,8,False
2026-08-20 23:50:22.344251,27.9,56.9,21.0,7.8,0.35,39.7,46,Good,31.9,73.4,3.5,23,8,False
2026-08-21 00:50:22.344251,15.3,30.3,14.2,3.4,0.47,37.9,25,Good,33.4,83.6,9.2,0,8,False
2026-08-21 01:50:22.344251,17.3,24.7,18.1,2.4,0.51,36.2,29,Good,36.2,74.9,12.3,1,8,False
2026-08-21 02:50:22.344251,17.4,35.5,4.7,8.6,0.0,32.9,29,Good,39.5,67.7,6.9,2,8,False
2026-08-21 03:50:22.344251,18.5,33.5,11.6,7.7,0.37,30.4,31,Good,38.1,73.2,9.9,3,8,False
2026-08-21 04:50:22.344251,16.7,38.7,12.3,6.8,0.44,14.6,28,Good,41.8,74.6,6.9,4,8,False
2026-08-21 05:50:22.344251,13.1,26.9,18.7,7.5,0.28,13.1,22,Good,40.3,72.0,13.4,5,8,False
2026-08-21 06:50:22.344251,17.5,26.4,16.3,6.6,0.76,11.7,29,Good,39.3,73.0,13.7,6,8,False
2026-08-21 07:50:22.344251,24.7,42.0,14.1,5.9,0.82,2.8,41,Good,40.3,63.4,15.8,7,8,False
2026-08-21 08:50:22.344251,36.8,60.7,12.0,3.5,0.8,11.0,61,Satisfactory,37.6,68.6,8.9,8,8,False
2026-08-21 09:50:22.344251,35.4,74.1,17.3,7.1,0.62,6.7,58,Satisfactory,36.2,66.5,8.0,9,8,False
2026-08-21 10:50:22.344251,21.6,49.3,20.4,5.5,0.8,18.1,36,Good,36.3,72.8,12.8,10,8,False
2026-08-21 11:50:22.344251,23.3,51.7,17.7,3.6,0.6,15.2,39,Good,34.1,76.3,10.6,11,8,False
2026-08-21 12:50:22.344251,30.3,67.5,21.1,2.7,1.02,21.7,0,Good,35.0,77.4,5.3,12,8,False
2026-08-21 13:50:22.344251,33.4,57.7,15.6,6.9,0.77,27.6,55,Satisfactory,29.3,71.5,7.4,13,8,False
2026-08-21 14:50:22.344251,28.8,56.0,16.0,4.7,0.64,24.2,48,Good,31.2,68.8,3.7,14,8,False
2026-08-21 15:50:22.344251,36.3,57.1,11.9,6.6,0.41,30.0,60,Satisfactory,29.7,79.9,6.3,15,8,False
2026-08-21 16:50:22.344251,39.2,62.2,15.9,5.6,0.69,34.1,65,Satisfactory,32.1,71.9,4.4,16,8,False
2026-08-21 17:50:22.344251,45.9,82.5,14.1,4.9,0.43,43.5,76,Satisfactory,29.0,52.7,0.2,17,8,False
2026-08-21 18:50:22.344251,43.1,69.5,15.1,3.6,0.99,48.7,71,Satisfactory,28.9,64.4,1.0,18,8,False
2026-08-21 19:50:22.344251,43.6,75.1,15.1,8.1,0.85,57.4,72,Satisfactory,29.9,59.3,5.2,19,8,False
2026-08-21 20:50:22.344251,36.0,58.8,15.3,8.2,0.83,55.5,59,Satisfactory,29.8,74.2,5.2,20,8,False
2026-08-21 21:50:22.344251,29.0,52.9,18.8,8.5,0.41,43.2,48,Good,30.6,69.8,0.2,21,8,False
2026-08-21 22:50:22.344251,28.5,47.8,16.2,5.8,0.22,44.0,48,Good,29.5,68.6,5.7,22,8,False
2026-08-21 23:50:22.344251,27.6,38.7,10.7,4.8,0.64,50.5,46,Good,31.3,78.9,10.1,23,8,False
2026-08-22 00:50:22.344251,14.4,28.8,10.8,5.1,0.56,44.3,24,Good,36.8,84.1,9.4,0,8,False
2026-08-22 01:50:22.344251,15.7,30.1,3.5,7.4,0.77,35.4,26,Good,38.2,70.2,9.1,1,8,False
2026-08-22 02:50:22.344251,11.6,25.0,10.4,5.7,0.48,25.4,19,Good,38.1,61.2,14.5,2,8,False
2026-08-22 03:50:22.344251,17.0,32.3,13.5,4.6,0.16,30.5,28,Good,38.0,63.4,11.9,3,8,False
2026-08-22 04:50:22.344251,15.1,28.9,4.0,3.8,0.33,14.4,25,Good,39.3,67.9,10.2,4,8,False
2026-08-22 05:50:22.344251,11.5,21.6,10.0,8.1,0.56,11.4,19,Good,39.9,61.4,17.0,5,8,False
2026-08-22 06:50:22.344251,21.0,32.3,10.2,5.5,0.77,12.2,35,Good,37.4,93.5,11.8,6,8,False
2026-08-22 07:50:22.344251,28.4,44.0,23.3,6.7,0.54,9.6,47,Good,42.7,87.1,14.2,7,8,False
2026-08-22 08:50:22.344251,24.8,50.7,17.8,10.3,0.84,0.0,41,Good,36.8,76.3,13.6,8,8,False
2026-08-22 09:50:22.344251,40.0,68.4,14.9,11.5,0.79,4.2,66,Satisfactory,38.0,61.1,8.5,9,8,False
2026-08-22 10:50:22.344251,24.3,54.9,8.3,3.6,1.13,12.5,41,Good,34.6,67.6,12.7,10,8,False
2026-08-22 11:50:22.344251,25.1,47.9,15.0,2.7,0.78,12.9,42,Good,35.1,59.1,6.1,11,8,False
2026-08-22 12:50:22.344251,39.2,51.9,22.4,7.4,0.64,20.5,65,Satisfactory,33.6,74.6,4.1,12,8,False
2026-08-22 13:50:22.344251,32.2,51.0,21.0,7.3,0.67,35.9,53,Satisfactory,38.0,76.6,9.1,13,8,False
2026-08-22 14:50:22.344251,31.9,56.7,21.4,4.6,0.53,31.5,53,Satisfactory,31.5,80.2,3.9,14,8,False
2026-08-22 15:50:22.344251,32.2,54.1,17.7,6.6,0.97,32.8,53,Satisfactory,29.6,58.3,9.2,15,8,False
2026-08-22 16:50:22.344251,29.5,62.5,12.0,4.6,0.39,39.9,49,Good,27.4,69.5,4.1,16,8,False
2026-08-22 17:50:22.344251,50.3,83.0,18.2,7.1,0.81,48.6,84,Satisfactory,28.9,69.6,0.0,17,8,False
2026-08-22 18:50:22.344251,38.6,65.1,27.4,5.3,1.06,53.8,64,Satisfactory,31.5,72.8,0.0,18,8,False
2026-08-22 19:50:22.344251,40.8,75.5,25.1,5.3,0.64,51.0,68,Satisfactory,29.9,69.5,0.0,19,8,False
2026-08-22 20:50:22.344251,43.1,68.3,19.0,2.7,0.91,47.0,72,Satisfactory,27.1,60.8,5.2,20,8,False
2026-08-22 21:50:22.344251,21.8,37.0,4.6,8.3,0.36,52.7,36,Good,31.5,63.8,9.9,21,8,False
2026-08-22 22:50:22.344251,21.9,38.9,20.1,7.8,0.52,40.8,36,Good,29.8,70.2,9.4,22,8,False
2026-08-22 23:50:22.344251,26.7,38.7,5.9,7.1,0.37,47.7,45,Good,34.3,75.0,10.2,23,8,False
2026-08-23 00:50:22.344251,22.4,33.4,15.8,5.4,0.04,35.8,37,Good,33.2,63.3,5.3,0,8,False
2026-08-23 01:50:22.344251,18.2,26.3,10.5,5.8,0.43,40.5,30,Good,32.5,50.0,12.0,1,8,False
2026-08-23 02:50:22.344251,18.1,37.2,2.0,6.5,0.23,25.8,30,Good,34.1,69.4,5.4,2,8,False
2026-08-23 03:50:22.344251,16.2,37.1,5.7,8.4,0.62,29.1,27,Good,38.5,71.0,8.2,3,8,False
2026-08-23 04:50:22.344251,15.2,29.7,7.1,7.5,0.36,18.3,25,Good,39.1,72.1,6.3,4,8,False
2026-08-23 05:50:22.344251,17.3,31.5,10.2,4.9,0.28,21.3,29,Good,37.1,67.6,11.7,5,8,False
2026-08-23 06:50:22.344251,17.2,27.1,12.2,5.7,0.67,16.2,29,Good,38.1,77.8,14.6,6,8,False
2026-08-23 07:50:22.344251,35.4,58.7,20.5,3.3,0.95,14.2,58,Satisfactory,37.0,67.1,7.4,7,8,False
2026-08-23 08:50:22.344251,32.6,50.5,20.7,6.8,0.95,7.0,54,Satisfactory,42.0,61.4,10.0,8,8,False
2026-08-23 09:50:22.344251,25.9,52.9,18.2,6.8,0.59,7.2,43,Good,38.1,72.8,14.0,9,8,False
2026-08-23 10:50:22.344251,43.4,68.5,18.4,5.3,0.85,7.3,72,Satisfactory,35.3,82.9,7.9,10,8,False
2026-08-23 11:50:22.344251,23.0,57.1,15.5,3.7,0.98,16.6,38,Good,31.1,76.3,8.2,11,8,False
2026-08-23 12:50:22.344251,41.1,69.5,13.9,6.0,0.76,16.1,68,Satisfactory,34.6,80.7,3.5,12,8,False
2026-08-23 13:50:22.344251,34.2,59.9,21.4,5.8,0.94,30.0,56,Satisfactory,32.6,73.8,5.2,13,8,False
2026-08-23 14:50:22.344251,30.8,51.9,16.3,3.6,0.43,29.4,0,Good,31.5,69.0,7.6,14,8,False
2026-08-23 15:50:22.344251,30.9,59.2,15.7,7.2,0.83,44.6,0,Good,30.2,63.1,6.8,15,8,False
2026-08-23 16:50:22.344251,47.2,72.0,6.9,4.3,0.77,37.2,78,Satisfactory,26.3,62.3,0.0,16,8,False
2026-08-23 17:50:22.344251,49.6,55.7,17.3,3.6,0.93,43.4,82,Satisfactory,32.4,64.0,1.8,17,8,False
2026-08-23 18:50:22.344251,45.7,73.5,14.7,5.6,0.38,45.7,76,Satisfactory,30.7,62.0,1.9,18,8,False
2026-08-23 19:50:22.344251,53.7,80.3,22.5,6.7,0.56,52.6,89,Satisfactory,33.4,78.8,0.0,19,8,False
2026-08-23 20:50:22.344251,44.5,71.4,26.7,5.2,0.87,50.0,74,Satisfactory,28.5,77.7,3.0,20,8,False
2026-08-23 21:50:22.344251,22.5,38.8,3.7,3.5,0.5,53.1,37,Good,31.6,79.6,8.9,21,8,False
2026-08-23 22:50:22.344251,24.7,44.6,6.5,4.8,0.42,57.2,41,Good,31.7,79.7,9.1,22,8,False
2026-08-23 23:50:22.344251,71.1,79.2,11.1,6.4,0.56,53.1,135,Moderate,30.7,76.7,4.7,23,8,True
2026-08-24 00:50:22.344251,12.9,35.7,20.9,8.9,0.45,45.0,21,Good,35.3,57.8,9.1,0,8,False
2026-08-24 01:50:22.344251,17.3,33.7,8.5,7.9,0.72,35.6,29,Good,34.2,84.0,11.3,1,8,False
2026-08-24 02:50:22.344251,22.7,36.3,3.4,4.6,0.22,31.7,38,Good,37.2,65.3,5.6,2,8,False
2026-08-24 03:50:22.344251,17.3,41.4,7.1,6.1,0.44,28.7,29,Good,39.3,71.7,6.7,3,8,False
2026-08-24 04:50:22.344251,14.7,27.3,11.7,4.6,0.35,19.2,24,Good,40.8,70.4,12.4,4,8,False
2026-08-24 05:50:22.344251,11.3,24.2,9.5,6.5,0.28,14.3,19,Good,35.4,70.9,15.1,5,8,False
2026-08-24 06:50:22.344251,18.3,31.4,15.3,6.4,0.51,2.6,30,Good,35.3,68.1,14.1,6,8,False
2026-08-24 07:50:22.344251,24.2,47.4,23.3,4.2,0.83,6.9,40,Good,38.5,71.5,18.0,7,8,False
2026-08-24 08:50:22.344251,22.8,43.3,15.4,5.8,0.84,0.0,38,Good,34.5,58.6,13.3,8,8,False
2026-08-24 09:50:22.344251,26.4,50.8,16.3,7.3,0.66,11.5,44,Good,35.5,61.9,10.7,9,8,False
2026-08-24 10:50:22.344251,25.8,53.5,15.4,7.1,0.68,0.0,43,Good,35.6,70.0,10.6,10,8,False
2026-08-24 11:50:22.344251,43.2,65.6,19.1,5.7,0.18,21.8,72,Satisfactory,36.0,65.7,4.8,11,8,False
2026-08-24 12:50:22.344251,27.9,54.5,14.3,3.9,0.7,23.0,47,Good,37.9,84.3,7.7,12,8,False
2026-08-24 13:50:22.344251,26.8,39.9,26.4,4.4,0.7,17.9,45,Good,30.4,60.3,8.0,13,8,False
2026-08-24 14:50:22.344251,40.7,65.8,23.1,5.5,0.62,28.8,67,Satisfactory,30.5,80.4,1.5,14,8,False
2026-08-24 15:50:22.344251,34.4,54.3,13.9,6.5,0.89,40.1,57,Satisfactory,30.9,78.1,6.2,15,8,False
2026-08-24 16:50:22.344251,34.9,59.6,21.5,7.2,0.32,46.8,58,Satisfactory,29.9,62.5,0.7,16,8,False
2026-08-24 17:50:22.344251,48.8,70.8,15.8,6.7,0.82,48.6,81,Satisfactory,26.3,66.0,3.3,17,8,False
2026-08-24 18:50:22.344251,43.5,77.0,17.6,4.6,0.71,53.9,72,Satisfactory,29.6,76.9,0.5,18,8,False
2026-08-24 19:50:22.344251,57.8,94.3,26.2,5.9,0.64,40.7,96,Satisfactory,28.9,66.4,1.0,19,8,False
2026-08-24 20:50:22.344251,44.4,69.6,10.5,2.3,0.82,49.1,74,Satisfactory,31.1,75.7,1.2,20,8,False
2026-08-24 21:50:22.344251,21.7,41.6,11.6,4.4,0.52,48.6,36,Good,31.2,72.8,8.0,21,8,False
2026-08-24 22:50:22.344251,23.9,41.9,11.9,9.6,0.55,45.0,40,Good,32.5,62.9,6.1,22,8,False
2026-08-24 23:50:22.344251,25.1,43.1,12.1,3.5,0.52,36.4,42,Good,33.1,61.3,8.3,23,8,False
2026-08-25 00:50:22.344251,19.2,40.3,11.8,6.1,0.59,42.5,32,Good,34.1,61.3,5.6,0,8,False
2026-08-25 01:50:22.344251,15.3,38.3,10.9,2.0,0.53,34.3,25,Good,34.5,77.5,6.9,1,8,False
2026-08-25 02:50:22.344251,23.4,45.1,9.5,9.7,0.33,32.4,39,Good,36.2,63.4,6.4,2,8,False
2026-08-25 03:50:22.344251,18.4,29.5,16.3,4.4,0.02,20.1,31,Good,36.9,74.5,11.8,3,8,False
2026-08-25 04:50:22.344251,17.1,24.8,11.8,3.2,0.31,31.1,29,Good,37.4,77.6,12.3,4,8,False
2026-08-25 05:50:22.344251,21.4,44.1,13.0,4.1,0.44,15.8,36,Good,37.1,57.4,3.0,5,8,False
2026-08-25 06:50:22.344251,20.5,40.2,10.0,10.8,0.56,28.5,34,Good,39.8,77.0,10.2,6,8,False
2026-08-25 07:50:22.344251,25.2,78.1,23.3,6.0,0.49,15.3,42,Good,38.8,78.9,8.1,7,8,False
2026-08-25 08:50:22.344251,30.8,66.8,15.4,7.3,0.75,8.8,0,Good,38.5,66.8,8.8,8,8,False
2026-08-25 09:50:22.344251,18.6,50.6,13.7,6.1,0.88,13.8,31,Good,36.1,64.7,14.4,9,8,False
2026-08-25 10:50:22.344251,24.4,48.8,17.1,9.2,1.07,17.5,41,Good,40.7,77.5,13.2,10,8,False
2026-08-25 11:50:22.344251,17.6,41.6,16.3,9.1,0.7,13.5,29,Good,33.3,71.5,11.3,11,8,False
2026-08-25 12:50:22.344251,28.6,50.8,17.7,5.6,0.33,20.2,48,Good,33.0,63.1,9.7,12,8,False
2026-08-25 13:50:22.344251,36.2,53.4,17.3,8.6,0.74,24.2,60,Satisfactory,34.8,66.7,6.4,13,8,False
2026-08-25 14:50:22.344251,34.7,52.6,15.2,3.8,0.33,31.7,57,Satisfactory,31.9,52.2,5.1,14,8,False
2026-08-25 15:50:22.344251,25.6,66.5,15.0,4.7,0.58,37.6,43,Good,30.2,78.8,8.7,15,8,False
2026-08-25 16:50:22.344251,24.9,45.1,18.4,5.8,0.73,45.0,42,Good,29.7,73.6,6.7,16,8,False
2026-08-25 17:50:22.344251,27.5,62.1,8.4,8.1,0.33,40.3,46,Good,30.3,78.8,8.5,17,8,False
2026-08-25 18:50:22.344251,37.7,58.0,18.4,4.8,0.96,58.2,62,Satisfactory,28.1,67.5,5.4,18,8,False
2026-08-25 19:50:22.344251,43.1,68.8,19.9,6.6,0.91,48.0,71,Satisfactory,29.0,65.1,3.1,19,8,False
2026-08-25 20:50:22.344251,53.0,67.3,18.6,0.5,0.95,38.0,88,Satisfactory,33.6,65.0,2.6,20,8,False
2026-08-25 21:50:22.344251,29.4,60.0,20.0,2.6,0.56,48.8,49,Good,28.0,76.9,1.3,21,8,False
2026-08-25 22:50:22.344251,22.8,38.4,13.2,5.7,0.34,38.6,38,Good,32.0,65.2,9.1,22,8,False
2026-08-25 23:50:22.344251,30.6,36.9,10.9,5.2,0.41,45.0,0,Good,34.9,71.3,6.5,23,8,False
2026-08-26 00:50:22.344251,26.4,37.8,20.7,5.3,0.5,34.6,44,Good,33.2,66.6,6.4,0,8,False
2026-08-26 01:50:22.344251,15.6,31.5,8.2,4.7,0.28,36.8,26,Good,32.3,79.9,9.7,1,8,False
2026-08-26 02:50:22.344251,20.0,31.2,0.7,7.7,0.35,28.9,33,Good,39.7,74.3,8.0,2,8,False
2026-08-26 03:50:22.344251,16.1,27.7,15.4,2.1,0.39,22.1,27,Good,35.9,77.9,13.6,3,8,False
2026-08-26 04:50:22.344251,11.7,22.9,5.7,6.2,0.64,21.0,20,Good,35.7,83.9,18.0,4,8,False
2026-08-26 05:50:22.344251,15.0,28.3,10.7,5.3,0.07,16.9,25,Good,38.1,74.1,12.8,5,8,False
2026-08-26 06:50:22.344251,18.7,43.0,11.2,6.5,0.53,12.8,31,Good,40.1,76.4,12.4,6,8,False
2026-08-26 07:50:22.344251,17.2,50.8,18.7,6.5,0.52,9.9,29,Good,41.8,77.5,12.6,7,8,False
2026-08-26 08:50:22.344251,26.3,49.4,18.2,6.6,0.88,20.4,44,Good,38.3,74.8,12.4,8,8,False
2026-08-26 09:50:22.344251,23.0,52.2,21.7,6.8,0.89,9.2,38,Good,35.8,76.9,13.5,9,8,False
2026-08-26 10:50:22.344251,34.3,76.3,23.5,6.0,0.67,12.2,57,Satisfactory,37.1,77.1,4.8,10,8,False
2026-08-26 11:50:22.344251,26.6,54.7,15.4,5.5,0.9,10.3,44,Good,33.9,74.5,9.2,11,8,False
2026-08-26 12:50:22.344251,29.8,52.6,10.9,5.3,0.29,30.2,50,Good,35.6,74.4,6.5,12,8,False
2026-08-26 13:50:22.344251,25.2,42.7,12.5,5.7,0.61,34.0,42,Good,33.8,82.6,11.4,13,8,False
2026-08-26 14:50:22.344251,30.8,72.7,13.0,4.8,0.82,31.9,0,Good,32.7,64.7,4.4,14,8,False
2026-08-26 15:50:22.344251,29.3,57.3,20.4,6.8,0.95,41.9,49,Good,30.3,59.3,4.3,15,8,False
2026-08-26 16:50:22.344251,33.5,57.7,16.6,4.6,0.61,45.5,55,Satisfactory,30.5,56.1,0.0,16,8,False
2026-08-26 17:50:22.344251,45.0,63.5,9.1,5.5,0.68,44.7,75,Satisfactory,32.2,64.9,4.4,17,8,False
2026-08-26 18:50:22.344251,50.4,75.1,18.2,7.2,0.8,46.5,84,Satisfactory,30.4,76.5,1.5,18,8,False
2026-08-26 19:50:22.344251,49.8,65.1,23.1,3.9,0.64,57.1,83,Satisfactory,28.8,71.1,0.0,19,8,False
2026-08-26 20:50:22.344251,45.3,69.1,22.6,3.2,0.78,50.8,75,Satisfactory,32.6,67.3,3.7,20,8,False
2026-08-26 21:50:22.344251,27.8,45.2,13.6,4.3,0.4,55.7,46,Good,29.2,64.6,3.1,21,8,False
2026-08-26 22:50:22.344251,26.7,41.8,6.3,5.5,0.59,51.2,45,Good,35.4,52.6,5.3,22,8,False
2026-08-26 23:50:22.344251,27.3,42.9,20.7,7.9,0.92,40.0,46,Good,33.9,74.7,9.5,23,8,False
2026-08-27 00:50:22.344251,23.0,40.8,13.2,6.2,0.76,44.2,38,Good,32.1,64.3,6.5,0,8,False
2026-08-27 01:50:22.344251,19.0,34.0,12.6,4.5,0.38,33.3,32,Good,37.0,64.6,7.7,1,8,False
2026-08-27 02:50:22.344251,23.4,29.3,14.1,7.8,0.37,31.9,39,Good,39.5,66.3,8.2,2,8,False
2026-08-27 03:50:22.344251,10.3,24.5,0.0,6.1,0.31,19.1,17,Good,37.6,67.5,14.4,3,8,False
2026-08-27 04:50:22.344251,15.3,22.8,4.9,4.7,0.79,18.8,25,Good,37.5,60.5,10.3,4,8,False
2026-08-27 05:50:22.344251,13.4,26.8,6.5,7.9,0.35,14.0,22,Good,40.6,55.0,14.2,5,8,False
2026-08-27 06:50:22.344251,21.3,34.8,17.1,4.4,0.4,11.2,36,Good,39.3,74.9,14.2,6,8,False
2026-08-27 07:50:22.344251,26.4,38.4,24.4,5.9,1.05,13.8,44,Good,34.5,57.1,15.8,7,8,False
2026-08-27 08:50:22.344251,30.3,49.6,23.0,9.6,0.51,8.7,0,Good,40.0,55.1,12.1,8,8,False
2026-08-27 09:50:22.344251,36.9,70.7,15.3,3.9,0.57,7.5,61,Satisfactory,38.4,57.6,6.1,9,8,False
2026-08-27 10:50:22.344251,39.8,51.3,27.0,5.3,0.77,12.6,66,Satisfactory,35.6,68.5,9.3,10,8,False
2026-08-27 11:50:22.344251,26.8,48.8,6.1,5.7,0.64,14.4,45,Good,39.9,67.9,9.3,11,8,False
2026-08-27 12:50:22.344251,31.0,48.8,18.4,7.6,0.57,21.8,0,Good,31.9,68.8,12.9,12,8,False
2026-08-27 13:50:22.344251,24.7,40.4,14.2,2.7,0.55,33.4,41,Good,33.5,60.6,6.1,13,8,False
2026-08-27 14:50:22.344251,29.4,56.1,28.1,8.3,0.52,35.0,49,Good,30.6,69.2,3.6,14,8,False
2026-08-27 15:50:22.344251,29.8,67.5,19.5,7.2,0.61,32.6,50,Good,25.3,56.2,3.7,15,8,False
2026-08-27 16:50:22.344251,35.6,65.0,12.8,7.5,0.79,34.8,59,Satisfactory,28.4,68.1,3.6,16,8,False
2026-08-27 17:50:22.344251,49.3,84.1,21.7,8.0,0.74,41.6,82,Satisfactory,28.8,67.3,0.0,17,8,False
2026-08-27 18:50:22.344251,42.2,67.5,10.1,2.8,0.86,45.1,70,Satisfactory,25.0,78.5,8.2,18,8,False
2026-08-27 19:50:22.344251,35.2,84.6,8.5,6.6,0.99,54.8,58,Satisfactory,30.0,66.4,4.9,19,8,False
2026-08-27 20:50:22.344251,42.2,75.2,13.5,3.9,0.86,45.7,70,Satisfactory,29.8,77.6,6.2,20,8,False
2026-08-27 21:50:22.344251,23.5,50.5,8.2,4.7,0.45,53.6,39,Good,32.0,70.9,5.1,21,8,False
2026-08-27 22:50:22.344251,25.1,52.0,14.1,8.0,0.61,39.1,42,Good,30.3,72.1,6.8,22,8,False
2026-08-27 23:50:22.344251,27.7,45.2,9.8,5.6,0.8,45.3,46,Good,32.2,68.3,6.3,23,8,False
2026-08-28 00:50:22.344251,22.4,25.4,9.4,5.9,0.28,43.9,37,Good,33.9,80.2,10.2,0,8,False
2026-08-28 01:50:22.344251,13.9,38.9,6.3,7.6,0.23,41.7,23,Good,31.3,76.7,5.6,1,8,False
2026-08-28 02:50:22.344251,16.0,33.2,9.0,6.8,0.56,29.0,27,Good,34.5,72.2,9.3,2,8,False
2026-08-28 03:50:22.344251,14.3,25.3,8.2,5.5,0.36,17.6,24,Good,35.7,49.4,14.7,3,8,False
2026-08-28 04:50:22.344251,12.1,30.1,14.3,4.0,0.64,24.8,20,Good,39.7,70.3,8.7,4,8,False
2026-08-28 05:50:22.344251,10.1,20.9,13.5,5.0,0.42,18.1,17,Good,40.0,66.7,16.8,5,8,False
2026-08-28 06:50:22.344251,25.1,40.1,6.7,4.7,0.27,17.3,42,Good,38.1,71.9,12.3,6,8,False
2026-08-28 07:50:22.344251,21.7,65.5,13.6,8.3,0.62,9.7,36,Good,40.0,76.2,8.2,7,8,False
2026-08-28 08:50:22.344251,27.1,72.8,18.4,5.2,0.61,2.9,45,Good,38.0,78.3,9.4,8,8,False
2026-08-28 09:50:22.344251,24.7,46.4,19.9,4.8,0.51,7.7,41,Good,36.9,70.7,8.9,9,8,False
2026-08-28 10:50:22.344251,28.1,52.0,22.7,5.1,0.66,4.4,47,Good,40.7,65.8,6.1,10,8,False
2026-08-28 11:50:22.344251,36.2,53.5,16.1,5.3,0.56,10.0,60,Satisfactory,31.4,77.5,4.8,11,8,False
2026-08-28 12:50:22.344251,26.0,39.2,13.4,3.7,0.66,14.5,43,Good,32.1,75.1,12.2,12,8,False
2026-08-28 13:50:22.344251,29.5,53.8,18.7,4.9,0.63,18.1,49,Good,32.1,56.2,6.9,13,8,False
2026-08-28 14:50:22.344251,32.3,60.0,14.9,4.5,0.59,31.5,53,Satisfactory,32.1,61.1,4.1,14,8,False
2026-08-28 15:50:22.344251,30.0,60.2,6.9,8.3,0.72,41.8,0,Good,29.4,71.1,4.3,15,8,False
2026-08-28 16:50:22.344251,27.7,57.9,2.0,7.2,0.92,44.4,46,Good,30.8,65.5,5.0,16,8,False
2026-08-28 17:50:22.344251,36.4,73.3,21.4,4.4,0.88,45.0,60,Satisfactory,28.4,63.3,1.0,17,8,False
2026-08-28 18:50:22.344251,43.4,67.4,12.4,7.4,0.83,54.1,72,Satisfactory,29.2,62.6,7.3,18,8,False
2026-08-28 19:50:22.344251,44.9,72.2,14.6,7.6,0.7,50.4,74,Satisfactory,29.0,79.2,3.8,19,8,False
2026-08-28 20:50:22.344251,27.1,56.7,8.4,4.1,0.54,52.4,45,Good,31.2,71.3,10.6,20,8,False
2026-08-28 21:50:22.344251,21.4,49.5,15.2,5.1,0.25,38.9,36,Good,29.3,76.5,3.1,21,8,False
2026-08-28 22:50:22.344251,21.1,35.8,6.8,5.2,0.87,45.2,35,Good,31.0,85.4,8.0,22,8,False
2026-08-28 23:50:22.344251,35.3,49.4,11.5,5.3,0.46,49.3,58,Satisfactory,34.6,75.5,1.5,23,8,False
2026-08-29 00:50:22.344251,16.9,31.8,24.5,8.0,0.18,39.7,28,Good,32.0,72.7,10.8,0,8,False
2026-08-29 01:50:22.344251,19.7,38.2,18.9,7.5,0.28,31.2,33,Good,36.6,86.0,3.6,1,8,False
2026-08-29 02:50:22.344251,53.8,59.5,15.2,6.6,0.45,29.2,90,Satisfactory,38.6,70.2,10.8,2,8,True
2026-08-29 03:50:22.344251,16.7,36.7,6.7,5.8,0.75,28.4,28,Good,36.1,72.1,6.9,3,8,False
2026-08-29 04:50:22.344251,23.4,37.9,6.7,3.8,0.57,12.1,39,Good,42.6,73.6,8.7,4,8,False
2026-08-29 05:50:22.344251,15.1,29.4,11.9,5.2,0.23,22.2,25,Good,38.6,68.3,12.3,5,8,False
2026-08-29 06:50:22.344251,14.9,28.5,11.6,3.5,0.7,14.0,25,Good,37.6,74.5,17.4,6,8,False
2026-08-29 07:50:22.344251,27.0,44.5,11.7,4.5,0.54,1.9,45,Good,40.2,70.2,13.7,7,8,False
2026-08-29 08:50:22.344251,24.0,52.5,14.9,4.5,0.75,13.9,40,Good,39.5,58.3,10.8,8,8,False
2026-08-29 09:50:22.344251,37.1,65.4,9.7,6.6,0.23,5.5,61,Satisfactory,33.0,76.9,5.2,9,8,False
2026-08-29 10:50:22.344251,34.6,80.3,23.1,4.6,0.8,14.1,57,Satisfactory,36.7,73.8,5.8,10,8,False
2026-08-29 11:50:22.344251,32.9,44.1,8.8,6.2,0.32,20.6,54,Satisfactory,33.2,63.0,12.8,11,8,False
2026-08-29 12:50:22.344251,33.5,69.0,17.5,3.6,0.34,19.3,55,Satisfactory,34.0,73.0,4.5,12,8,False
2026-08-29 13:50:22.344251,31.4,48.4,9.8,4.3,0.65,24.8,52,Satisfactory,34.1,68.0,4.8,13,8,False
2026-08-29 14:50:22.344251,39.1,70.2,18.2,4.0,0.63,34.8,65,Satisfactory,29.9,65.8,4.9,14,8,False
2026-08-29 15:50:22.344251,35.3,69.7,10.8,7.7,0.71,43.5,58,Satisfactory,30.0,68.1,2.4,15,8,False
2026-08-29 16:50:22.344251,39.5,58.6,9.5,4.9,0.18,40.8,65,Satisfactory,30.9,55.2,0.7,16,8,False
2026-08-29 17:50:22.344251,41.9,76.3,20.7,9.4,0.24,45.9,69,Satisfactory,26.8,62.4,5.1,17,8,False
2026-08-29 18:50:22.344251,54.1,85.8,22.5,5.2,0.74,48.4,90,Satisfactory,26.7,63.6,1.1,18,8,False
2026-08-29 19:50:22.344251,35.6,62.2,28.0,4.7,0.7,49.5,59,Satisfactory,32.7,79.6,9.0,19,8,False
2026-08-29 20:50:22.344251,42.7,71.1,8.8,6.6,0.38,49.4,71,Satisfactory,26.1,59.8,1.3,20,8,False
2026-08-29 21:50:22.344251,28.6,42.0,14.3,9.9,0.27,35.6,48,Good,32.7,74.7,3.3,21,8,False
2026-08-29 22:50:22.344251,24.0,39.6,10.5,1.7,0.81,53.7,40,Good,31.1,69.7,6.6,22,8,False
2026-08-29 23:50:22.344251,21.3,51.1,16.1,5.8,0.78,50.5,36,Good,27.3,59.8,7.5,23,8,False
2026-08-30 00:50:22.344251,18.2,33.1,16.9,4.5,0.33,38.2,30,Good,35.0,89.0,8.3,0,8,False
2026-08-30 01:50:22.344251,15.6,33.9,5.0,6.2,0.32,41.7,26,Good,32.4,74.5,8.3,1,8,False
2026-08-30 02:50:22.344251,16.7,30.6,4.5,3.3,0.51,28.0,28,Good,38.4,70.3,10.7,2,8,False
2026-08-30 03:50:22.344251,14.0,34.5,13.0,6.0,0.3,20.7,23,Good,37.2,74.4,12.3,3,8,False
2026-08-30 04:50:22.344251,13.1,19.7,11.3,7.4,0.82,23.8,22,Good,36.1,75.0,16.4,4,8,False
2026-08-30 05:50:22.344251,10.2,22.0,4.4,1.9,0.48,16.7,17,Good,38.8,79.7,15.6,5,8,False
2026-08-30 06:50:22.344251,20.4,44.5,16.8,4.8,0.85,17.8,34,Good,38.2,82.5,7.9,6,8,False
2026-08-30 07:50:22.344251,27.8,58.1,16.4,3.3,0.88,4.7,46,Good,39.1,76.9,12.1,7,8,False
2026-08-30 08:50:22.344251,29.4,42.4,22.7,3.8,0.61,3.4,49,Good,35.4,78.1,14.7,8,8,False
2026-08-30 09:50:22.344251,31.6,48.9,22.1,3.2,0.81,3.1,52,Satisfactory,36.8,75.4,10.8,9,8,False
2026-08-30 10:50:22.344251,37.6,44.7,26.6,7.4,0.68,6.7,62,Satisfactory,36.4,76.1,8.3,10,8,False
2026-08-30 11:50:22.344251,27.1,44.4,12.9,5.8,0.59,11.3,45,Good,36.1,86.7,10.7,11,8,False
2026-08-30 12:50:22.344251,34.7,57.2,10.7,5.3,0.53,12.3,57,Satisfactory,32.9,74.8,4.1,12,8,False
2026-08-30 13:50:22.344251,20.9,34.4,17.9,4.3,0.54,22.2,35,Good,34.5,55.8,17.1,13,8,False
2026-08-30 14:50:22.344251,31.6,56.3,9.9,6.6,0.66,29.1,52,Satisfactory,28.7,77.8,1.2,14,8,False
2026-08-30 15:50:22.344251,27.4,45.2,15.8,1.3,0.54,38.3,46,Good,29.9,72.2,3.6,15,8,False
2026-08-30 16:50:22.344251,37.1,54.3,10.3,4.6,0.74,36.9,61,Satisfactory,32.7,72.3,7.0,16,8,False
2026-08-30 17:50:22.344251,34.9,75.6,15.4,5.0,1.0,49.5,58,Satisfactory,27.7,73.0,0.0,17,8,False
2026-08-30 18:50:22.344251,45.9,91.5,20.7,3.5,0.42,53.2,76,Satisfactory,31.1,71.4,0.9,18,8,False
2026-08-30 19:50:22.344251,37.3,81.2,12.9,7.9,1.07,49.9,62,Satisfactory,26.1,71.3,4.8,19,8,False
2026-08-30 20:50:22.344251,40.0,70.3,14.6,5.7,0.39,54.4,66,Satisfactory,33.2,67.2,6.7,20,8,False
2026-08-30 21:50:22.344251,22.4,52.4,22.9,6.4,0.46,42.3,37,Good,28.7,80.3,6.9,21,8,False
2026-08-30 22:50:22.344251,17.3,36.0,11.0,7.2,0.36,53.7,29,Good,31.7,77.7,5.3,22,8,False
2026-08-30 23:50:22.344251,21.4,29.5,16.9,5.7,0.71,44.8,36,Good,31.3,84.3,11.7,23,8,False
2026-08-31 00:50:22.344251,12.3,22.9,19.1,3.4,0.19,35.9,21,Good,31.2,78.7,14.4,0,8,False
2026-08-31 01:50:22.344251,17.4,29.7,2.7,8.6,0.36,29.6,29,Good,34.9,72.0,7.9,1,8,False
2026-08-31 02:50:22.344251,21.3,33.1,12.3,7.2,0.22,33.2,36,Good,34.6,67.1,8.3,2,8,False
2026-08-31 03:50:22.344251,15.1,32.8,14.5,3.6,0.43,25.4,25,Good,35.5,71.6,8.0,3,8,False
2026-08-31 04:50:22.344251,18.4,26.0,7.6,7.8,0.87,15.8,31,Good,40.4,59.8,10.9,4,8,False
2026-08-31 05:50:22.344251,14.8,29.6,6.6,4.1,0.73,31.2,25,Good,39.0,83.8,12.8,5,8,False
2026-08-31 06:50:22.344251,23.4,53.4,10.8,2.7,0.95,8.1,39,Good,39.8,67.0,5.9,6,8,False
2026-08-31 07:50:22.344251,33.5,35.5,18.8,4.8,0.89,7.9,55,Satisfactory,37.6,67.7,14.8,7,8,False
2026-08-31 08:50:22.344251,29.8,58.3,10.3,7.4,0.6,6.4,50,Good,37.7,55.0,12.3,8,8,False
2026-08-31 09:50:22.344251,26.7,58.6,18.8,7.0,0.66,7.3,44,Good,38.7,84.3,9.1,9,8,False
2026-08-31 10:50:22.344251,25.9,49.6,17.8,6.8,0.77,8.7,43,Good,33.9,68.6,12.7,10,8,False
2026-08-31 11:50:22.344251,29.5,59.5,13.8,6.2,0.69,19.9,49,Good,33.7,71.5,5.2,11,8,False
2026-08-31 12:50:22.344251,20.0,47.5,21.1,7.8,0.55,27.2,33,Good,33.5,71.3,9.8,12,8,False
2026-08-31 13:50:22.344251,37.5,60.2,15.4,2.6,0.71,27.8,62,Satisfactory,34.1,73.4,3.9,13,8,False
2026-08-31 14:50:22.344251,35.9,51.5,25.2,3.7,0.46,28.1,59,Satisfactory,31.6,62.6,9.2,14,8,False
2026-08-31 15:50:22.344251,34.3,68.7,18.6,2.1,0.6,31.6,57,Satisfactory,32.8,67.7,2.4,15,8,False
2026-08-31 16:50:22.344251,32.0,62.2,13.4,7.0,0.69,40.1,53,Satisfactory,26.8,64.5,6.7,16,8,False
2026-08-31 17:50:22.344251,37.3,68.3,13.7,7.0,0.53,36.5,62,Satisfactory,29.7,75.6,9.2,17,8,False
2026-08-31 18:50:22.344251,40.2,68.4,25.7,3.7,0.73,42.1,67,Satisfactory,27.5,65.6,3.7,18,8,False
2026-08-31 19:50:22.344251,32.8,81.9,23.7,7.0,0.87,53.9,54,Satisfactory,31.5,64.5,7.2,19,8,False
2026-08-31 20:50:22.344251,40.0,79.6,12.9,4.2,0.77,41.0,66,Satisfactory,32.9,58.1,3.7,20,8,False
2026-08-31 21:50:22.344251,37.7,62.2,14.2,6.6,0.61,40.4,62,Satisfactory,28.8,62.8,0.2,21,8,False
2026-08-31 22:50:22.344251,30.5,41.3,9.5,5.1,0.45,38.0,0,Good,29.9,75.3,2.7,22,8,False
2026-08-31 23:50:22.344251,21.1,44.8,10.1,8.3,0.62,41.7,35,Good,29.4,65.2,7.9,23,8,False
2026-09-01 00:50:22.344251,19.2,29.0,3.1,6.3,0.48,35.1,32,Good,26.9,63.9,11.8,0,9,False
2026-09-01 01:50:22.344251,22.0,32.9,13.4,4.3,0.3,36.4,37,Good,34.3,68.1,8.7,1,9,False
2026-09-01 02:50:22.344251,22.3,31.5,11.4,8.5,0.72,30.8,37,Good,31.5,90.1,11.6,2,9,False
2026-09-01 03:50:22.344251,18.2,29.3,11.5,4.1,0.54,27.9,30,Good,35.0,67.2,9.2,3,9,False
2026-09-01 04:50:22.344251,15.6,21.6,10.5,3.8,0.4,19.0,26,Good,34.1,83.4,14.3,4,9,False
2026-09-01 05:50:22.344251,19.8,29.5,0.0,4.7,0.39,25.3,33,Good,36.0,69.8,9.4,5,9,False
2026-09-01 06:50:22.344251,17.1,32.9,12.5,8.7,0.75,11.3,29,Good,35.2,88.6,12.1,6,9,False
2026-09-01 07:50:22.344251,29.6,49.6,15.5,4.2,0.79,7.6,49,Good,34.9,68.4,13.4,7,9,False
2026-09-01 08:50:22.344251,26.3,67.6,12.1,6.0,0.75,11.6,44,Good,34.1,65.6,9.0,8,9,False
2026-09-01 09:50:22.344251,35.3,61.6,27.6,7.2,0.66,6.5,58,Satisfactory,33.5,91.1,9.9,9,9,False
2026-09-01 10:50:22.344251,23.6,44.7,14.6,3.8,0.75,13.4,39,Good,32.8,79.2,19.3,10,9,False
2026-09-01 11:50:22.344251,24.8,38.7,14.6,7.0,0.7,21.9,41,Good,32.0,72.3,8.1,11,9,False
2026-09-01 12:50:22.344251,37.4,73.9,14.1,6.1,0.47,20.8,62,Satisfactory,31.0,79.1,7.4,12,9,False
2026-09-01 13:50:22.344251,33.2,58.6,14.3,5.7,0.81,16.1,55,Satisfactory,30.6,71.6,5.8,13,9,False
2026-09-01 14:50:22.344251,21.8,49.0,9.5,3.7,0.24,36.5,36,Good,28.2,71.6,11.5,14,9,False
2026-09-01 15:50:22.344251,30.5,50.7,7.3,3.0,0.4,44.6,0,Good,24.7,74.8,7.3,15,9,False
2026-09-01 16:50:22.344251,42.3,52.3,12.1,6.0,0.66,31.9,70,Satisfactory,24.3,78.9,3.0,16,9,False
2026-09-01 17:50:22.344251,39.9,80.5,17.5,8.2,0.46,44.4,66,Satisfactory,23.3,82.1,2.1,17,9,False
2026-09-01 18:50:22.344251,51.1,71.7,8.6,3.1,0.71,56.2,85,Satisfactory,25.9,69.7,3.1,18,9,False
2026-09-01 19:50:22.344251,37.1,66.2,23.3,6.6,0.84,46.7,61,Satisfactory,24.8,82.0,7.4,19,9,False
2026-09-01 20:50:22.344251,37.3,71.2,16.7,3.6,1.11,43.4,62,Satisfactory,29.4,76.5,4.8,20,9,False
2026-09-01 21:50:22.344251,18.8,37.3,19.6,8.1,0.72,41.7,31,Good,27.7,74.4,9.8,21,9,False
2026-09-01 22:50:22.344251,23.0,35.4,10.7,7.6,0.63,47.6,38,Good,27.2,55.4,11.0,22,9,False
2026-09-01 23:50:22.344251,22.7,44.1,10.1,6.3,0.28,44.1,38,Good,28.5,72.4,7.4,23,9,False
2026-09-02 00:50:22.344251,18.4,29.2,8.6,7.4,0.48,48.3,31,Good,29.5,84.6,9.0,0,9,False
2026-09-02 01:50:22.344251,16.8,25.8,17.8,5.5,0.35,39.8,28,Good,33.5,83.3,11.6,1,9,False
2026-09-02 02:50:22.344251,15.1,27.6,22.1,3.2,0.46,24.5,25,Good,34.5,82.3,11.1,2,9,False
2026-09-02 03:50:22.344251,13.1,30.7,8.7,8.3,0.52,24.3,22,Good,31.9,85.6,10.9,3,9,False
2026-09-02 04:50:22.344251,11.8,28.0,10.8,3.9,0.33,20.3,20,Good,33.0,74.9,12.7,4,9,False
2026-09-02 05:50:22.344251,15.7,24.2,14.9,6.1,0.23,25.6,26,Good,35.8,86.0,13.9,5,9,False
2026-09-02 06:50:22.344251,14.3,32.5,20.5,3.9,0.47,7.8,24,Good,35.6,76.1,12.3,6,9,False
2026-09-02 07:50:22.344251,27.7,50.3,21.1,5.7,0.63,4.8,46,Good,38.3,70.2,14.6,7,9,False
2026-09-02 08:50:22.344251,43.7,92.4,24.8,4.5,0.66,20.7,72,Satisfactory,34.2,79.6,4.3,8,9,False
2026-09-02 09:50:22.344251,25.8,36.1,17.2,4.7,0.75,13.7,43,Good,31.5,74.3,18.7,9,9,False
2026-09-02 10:50:22.344251,34.4,48.2,13.7,6.0,0.4,17.2,57,Satisfactory,34.1,82.0,10.6,10,9,False
2026-09-02 11:50:22.344251,31.5,47.8,18.6,7.9,0.58,18.3,52,Satisfactory,32.8,78.2,8.7,11,9,False
2026-09-02 12:50:22.344251,32.2,51.2,20.9,5.6,1.0,19.2,53,Satisfactory,28.8,71.9,7.4,12,9,False
2026-09-02 13:50:22.344251,37.2,47.7,21.0,3.7,0.67,21.9,61,Satisfactory,28.4,80.8,3.6,13,9,False
2026-09-02 14:50:22.344251,42.1,67.4,11.3,4.4,0.45,35.8,70,Satisfactory,26.4,76.2,0.0,14,9,False
2026-09-02 15:50:22.344251,31.4,61.9,20.5,3.4,0.55,35.3,52,Satisfactory,26.4,68.8,5.7,15,9,False
2026-09-02 16:50:22.344251,27.7,74.1,16.8,3.5,0.55,32.8,46,Good,20.6,78.6,1.0,16,9,False
2026-09-02 17:50:22.344251,35.3,57.3,18.4,6.6,0.46,49.0,58,Satisfactory,23.4,75.1,9.8,17,9,False
2026-09-02 18:50:22.344251,57.0,67.7,24.0,6.0,0.71,51.0,95,Satisfactory,24.1,72.7,1.7,18,9,False
2026-09-02 19:50:22.344251,42.5,83.7,13.8,3.9,0.7,46.2,70,Satisfactory,23.0,78.2,0.5,19,9,False
2026-09-02 20:50:22.344251,42.1,63.7,22.9,5.3,0.8,59.8,70,Satisfactory,27.0,77.4,4.9,20,9,False
2026-09-02 21:50:22.344251,34.7,54.5,18.3,5.0,0.79,55.0,57,Satisfactory,24.8,77.8,4.5,21,9,False
2026-09-02 22:50:22.344251,30.9,41.7,8.7,7.3,0.72,44.6,0,Good,30.4,79.5,7.8,22,9,False
2026-09-02 23:50:22.344251,22.5,49.5,14.8,6.4,0.33,44.9,38,Good,30.3,66.7,6.9,23,9,False
2026-09-03 00:50:22.344251,14.9,30.8,5.3,1.3,0.66,41.4,25,Good,29.8,64.1,8.4,0,9,False
2026-09-03 01:50:22.344251,14.2,32.9,16.0,1.3,0.45,36.6,24,Good,31.1,68.8,12.6,1,9,False
2026-09-03 02:50:22.344251,17.5,31.6,11.4,3.5,0.74,27.1,29,Good,35.3,93.3,8.9,2,9,False
2026-09-03 03:50:22.344251,17.7,31.5,12.4,8.5,0.3,19.9,29,Good,32.1,84.2,13.7,3,9,False
2026-09-03 04:50:22.344251,19.0,33.8,7.9,3.3,0.49,23.6,32,Good,31.7,78.3,11.0,4,9,False
2026-09-03 05:50:22.344251,9.9,24.1,3.9,5.4,0.2,12.7,16,Good,33.5,73.9,14.7,5,9,False
2026-09-03 06:50:22.344251,19.7,38.8,17.6,7.2,0.54,11.0,33,Good,37.4,66.5,14.3,6,9,False
2026-09-03 07:50:22.344251,28.5,43.8,3.7,5.8,0.67,10.2,48,Good,31.4,99.3,14.4,7,9,False
2026-09-03 08:50:22.344251,27.2,59.8,18.0,6.3,0.54,4.3,45,Good,33.9,78.7,11.1,8,9,False
2026-09-03 09:50:22.344251,37.6,56.6,18.4,7.1,0.42,15.5,62,Satisfactory,37.4,65.2,11.1,9,9,False
2026-09-03 10:50:22.344251,42.5,71.3,27.0,6.0,0.43,14.7,70,Satisfactory,34.8,78.9,5.4,10,9,False
2026-09-03 11:50:22.344251,22.0,55.3,11.4,3.2,0.24,10.9,37,Good,27.8,71.1,9.5,11,9,False
2026-09-03 12:50:22.344251,31.9,58.5,14.0,3.6,0.39,9.8,53,Satisfactory,29.0,72.9,6.4,12,9,False
2026-09-03 13:50:22.344251,20.3,66.9,12.0,0.8,0.93,28.8,34,Good,29.6,68.8,5.6,13,9,False
2026-09-03 14:50:22.344251,38.0,52.1,17.8,7.7,0.9,24.7,63,Satisfactory,25.5,86.0,7.1,14,9,False
2026-09-03 15:50:22.344251,20.6,48.8,16.4,4.8,1.05,32.8,34,Good,28.6,68.5,6.1,15,9,False
2026-09-03 16:50:22.344251,19.6,71.8,7.0,2.8,0.83,45.1,33,Good,27.2,85.1,1.7,16,9,False
2026-09-03 17:50:22.344251,47.9,79.8,19.2,4.9,0.68,42.5,79,Satisfactory,22.9,82.7,1.2,17,9,False
2026-09-03 18:50:22.344251,47.1,77.3,19.7,8.4,0.8,50.3,78,Satisfactory,23.0,85.1,1.4,18,9,False
2026-09-03 19:50:22.344251,37.4,69.7,15.9,7.6,0.61,46.2,62,Satisfactory,24.4,74.0,0.3,19,9,False
2026-09-03 20:50:22.344251,37.5,65.3,19.9,5.1,0.9,54.0,62,Satisfactory,24.0,74.5,4.8,20,9,False
2026-09-03 21:50:22.344251,24.6,35.7,5.6,6.0,0.63,51.2,41,Good,27.6,77.7,7.8,21,9,False
2026-09-03 22:50:22.344251,25.8,40.8,11.5,4.2,0.39,43.7,43,Good,27.9,79.1,9.3,22,9,False
2026-09-03 23:50:22.344251,21.6,41.3,11.7,3.6,0.21,40.8,36,Good,26.2,79.1,9.2,23,9,False
2026-09-04 00:50:22.344251,21.8,32.4,11.4,4.4,0.35,35.8,36,Good,25.6,62.0,3.4,0,9,False
2026-09-04 01:50:22.344251,15.1,27.5,4.5,6.5,0.19,33.6,25,Good,31.7,69.7,10.8,1,9,False
2026-09-04 02:50:22.344251,18.0,23.1,9.2,3.4,0.55,30.8,30,Good,31.7,68.7,12.2,2,9,False
2026-09-04 03:50:22.344251,18.1,35.5,10.1,6.9,0.03,16.5,30,Good,37.0,86.9,8.6,3,9,False
2026-09-04 04:50:22.344251,15.0,19.5,8.0,4.5,0.36,15.7,25,Good,35.2,88.5,14.6,4,9,False
2026-09-04 05:50:22.344251,14.9,31.2,2.4,5.6,0.48,14.4,25,Good,36.2,88.9,12.8,5,9,False
2026-09-04 06:50:22.344251,20.0,30.3,6.2,4.8,0.58,10.3,33,Good,32.6,83.2,13.7,6,9,False
2026-09-04 07:50:22.344251,23.7,37.9,20.9,7.3,0.78,11.6,39,Good,36.1,85.1,17.9,7,9,False
2026-09-04 08:50:22.344251,22.9,44.7,22.3,5.1,0.85,0.0,38,Good,33.2,84.2,14.2,8,9,False
2026-09-04 09:50:22.344251,31.3,47.3,21.5,6.2,0.83,12.5,51,Satisfactory,34.2,86.3,13.4,9,9,False
2026-09-04 10:50:22.344251,35.4,50.3,14.6,1.1,0.88,8.4,58,Satisfactory,34.5,76.8,11.7,10,9,False
2026-09-04 11:50:22.344251,20.4,39.6,8.2,5.0,0.74,13.4,34,Good,30.8,93.1,14.8,11,9,False
2026-09-04 12:50:22.344251,33.6,46.8,23.7,3.4,0.44,22.4,55,Satisfactory,31.5,77.4,11.0,12,9,False
2026-09-04 13:50:22.344251,35.0,51.6,22.0,7.2,0.26,25.4,58,Satisfactory,25.9,79.9,5.7,13,9,False
2026-09-04 14:50:22.344251,70.3,229.0,24.2,5.2,0.63,26.8,133,Moderate,31.0,86.9,1.8,14,9,True
2026-09-04 15:50:22.344251,29.4,55.1,11.6,4.7,0.6,28.8,49,Good,24.1,85.5,8.5,15,9,False
2026-09-04 16:50:22.344251,37.5,61.9,15.4,3.8,0.39,40.4,62,Satisfactory,27.7,68.1,4.4,16,9,False
2026-09-04 17:50:22.344251,49.9,72.0,21.9,5.3,1.06,36.7,83,Satisfactory,24.3,64.2,1.1,17,9,False
2026-09-04 18:50:22.344251,50.9,66.7,20.4,4.1,1.0,55.0,85,Satisfactory,24.7,83.2,0.0,18,9,False
2026-09-04 19:50:22.344251,42.2,99.7,19.1,6.3,0.69,47.1,70,Satisfactory,22.0,77.7,0.7,19,9,False
2026-09-04 20:50:22.344251,34.5,69.4,21.9,3.3,0.47,45.7,57,Satisfactory,26.3,78.5,3.9,20,9,False
2026-09-04 21:50:22.344251,27.9,45.1,11.0,1.7,0.42,48.5,47,Good,28.1,82.3,3.7,21,9,False
2026-09-04 22:50:22.344251,31.9,42.8,7.5,5.7,0.0,44.1,53,Satisfactory,26.9,78.8,1.7,22,9,False
2026-09-04 23:50:22.344251,30.3,52.1,12.1,9.5,0.28,40.2,0,Good,30.8,78.0,3.4,23,9,False
2026-09-05 00:50:22.344251,21.6,34.7,3.5,6.7,0.28,43.3,36,Good,30.0,79.1,6.9,0,9,False
2026-09-05 01:50:22.344251,4.4,9.1,7.4,5.7,0.53,31.5,7,Good,31.7,87.3,6.9,1,9,True
2026-09-05 02:50:22.344251,10.5,23.1,8.0,6.6,0.02,21.6,17,Good,33.4,73.2,14.2,2,9,False
2026-09-05 03:50:22.344251,12.2,34.0,18.8,6.4,0.54,31.2,20,Good,37.4,75.6,13.2,3,9,False
2026-09-05 04:50:22.344251,16.3,32.5,3.1,9.8,0.08,15.7,27,Good,35.5,87.4,10.7,4,9,False
2026-09-05 05:50:22.344251,13.6,25.7,12.7,11.2,0.14,14.2,23,Good,35.9,73.9,11.3,5,9,False
2026-09-05 06:50:22.344251,18.6,33.9,5.9,8.1,0.43,4.7,31,Good,35.0,68.9,10.6,6,9,False
2026-09-05 07:50:22.344251,24.2,46.0,10.1,5.3,0.57,15.0,40,Good,31.4,84.5,17.1,7,9,False
2026-09-05 08:50:22.344251,28.5,64.6,18.3,6.8,0.77,15.0,47,Good,34.8,86.4,8.8,8,9,False
2026-09-05 09:50:22.344251,32.7,59.2,24.2,8.0,0.92,11.1,54,Satisfactory,33.6,71.3,11.1,9,9,False
2026-09-05 10:50:22.344251,38.2,53.6,16.6,8.8,0.7,14.4,63,Satisfactory,33.3,73.8,9.9,10,9,False
2026-09-05 11:50:22.344251,16.6,42.3,17.5,5.7,0.3,15.5,28,Good,30.2,74.2,13.7,11,9,False
2026-09-05 12:50:22.344251,29.1,50.4,16.1,8.2,0.44,12.0,48,Good,31.2,80.4,9.3,12,9,False
2026-09-05 13:50:22.344251,18.3,60.0,18.6,5.3,0.5,14.5,31,Good,27.5,58.5,9.6,13,9,False
2026-09-05 14:50:22.344251,29.2,57.5,21.3,7.6,0.7,34.1,49,Good,26.8,70.2,6.3,14,9,False
2026-09-05 15:50:22.344251,6.1,14.9,18.0,3.1,0.78,38.8,10,Good,24.9,72.7,4.6,15,9,True
2026-09-05 16:50:22.344251,30.4,72.5,20.8,8.1,0.49,40.8,0,Good,26.2,67.6,4.7,16,9,False
2026-09-05 17:50:22.344251,47.9,76.6,8.5,7.8,0.76,36.9,79,Satisfactory,24.5,73.2,2.4,17,9,False
2026-09-05 18:50:22.344251,35.0,71.2,12.7,6.3,0.84,54.0,58,Satisfactory,24.7,72.0,5.7,18,9,False
2026-09-05 19:50:22.344251,46.5,94.8,11.1,6.6,0.78,55.2,77,Satisfactory,27.1,92.7,3.8,19,9,False
2026-09-05 20:50:22.344251,48.1,78.9,19.6,5.5,0.53,54.3,80,Satisfactory,24.0,71.3,3.8,20,9,False
2026-09-05 21:50:22.344251,24.6,54.8,13.5,8.6,0.34,51.0,41,Good,25.2,74.3,3.1,21,9,False
2026-09-05 22:50:22.344251,28.3,53.7,20.8,5.4,0.22,45.3,47,Good,28.9,91.1,3.6,22,9,False
2026-09-05 23:50:22.344251,78.5,120.1,3.8,9.4,0.5,46.8,161,Moderate,28.0,63.7,9.1,23,9,True
2026-09-06 00:50:22.344251,15.5,38.0,2.3,3.9,0.55,39.0,26,Good,28.9,74.2,10.3,0,9,False
2026-09-06 01:50:22.344251,26.7,33.4,11.0,4.6,0.55,32.3,44,Good,34.0,73.0,5.2,1,9,False
2026-09-06 02:50:22.344251,14.1,25.3,11.6,6.1,0.16,32.5,23,Good,33.1,74.5,14.9,2,9,False
2026-09-06 03:50:22.344251,17.9,36.0,20.2,4.3,0.49,26.9,30,Good,33.6,72.6,7.7,3,9,False
2026-09-06 04:50:22.344251,19.9,26.6,8.9,6.4,0.46,17.6,33,Good,36.0,76.8,9.9,4,9,False
2026-09-06 05:50:22.344251,16.8,37.6,11.6,5.1,0.29,10.1,28,Good,37.5,65.9,6.3,5,9,False
2026-09-06 06:50:22.344251,15.8,42.1,5.8,10.2,0.54,13.5,26,Good,36.9,77.1,12.8,6,9,False
2026-09-06 07:50:22.344251,32.7,66.0,16.7,4.1,0.52,15.8,54,Satisfactory,36.9,69.3,9.0,7,9,False
2026-09-06 08:50:22.344251,26.7,62.7,11.8,2.4,1.09,12.9,44,Good,28.3,74.4,9.2,8,9,False
2026-09-06 09:50:22.344251,30.7,32.5,23.6,4.8,0.85,24.4,0,Good,35.4,68.8,12.8,9,9,False
2026-09-06 10:50:22.344251,32.1,45.5,16.7,3.5,1.03,9.4,53,Satisfactory,30.4,71.6,10.4,10,9,False
2026-09-06 11:50:22.344251,22.6,32.9,10.3,5.5,0.67,13.1,38,Good,29.3,72.4,11.6,11,9,False
2026-09-06 12:50:22.344251,34.1,50.7,18.5,7.2,0.9,17.0,56,Satisfactory,30.4,76.3,8.2,12,9,False
2026-09-06 13:50:22.344251,25.8,54.6,18.7,2.8,0.69,23.5,43,Good,24.4,89.3,10.3,13,9,False
2026-09-06 14:50:22.344251,24.9,44.3,9.9,4.9,0.55,29.6,41,Good,27.9,71.1,6.5,14,9,False
2026-09-06 15:50:22.344251,34.4,54.8,21.4,5.8,0.34,38.9,57,Satisfactory,27.4,83.4,4.6,15,9,False
2026-09-06 16:50:22.344251,41.9,68.5,18.3,7.6,0.36,34.2,69,Satisfactory,25.9,61.8,0.0,16,9,False
2026-09-06 17:50:22.344251,48.7,63.5,18.6,3.3,0.8,56.2,81,Satisfactory,25.4,79.0,2.8,17,9,False
2026-09-06 18:50:22.344251,42.9,81.1,16.4,0.6,0.71,50.3,71,Satisfactory,27.7,85.9,0.0,18,9,False
2026-09-06 19:50:22.344251,29.3,68.4,20.2,9.7,0.91,56.4,49,Good,26.8,97.2,2.7,19,9,False
2026-09-06 20:50:22.344251,36.9,65.6,16.9,3.8,0.69,60.6,61,Satisfactory,26.8,81.8,7.2,20,9,False
2026-09-06 21:50:22.344251,34.2,57.5,5.5,4.0,0.46,44.8,56,Satisfactory,30.3,75.2,1.9,21,9,False
2026-09-06 22:50:22.344251,22.2,40.7,19.8,6.1,0.6,53.5,37,Good,29.9,84.7,10.3,22,9,False
2026-09-06 23:50:22.344251,26.4,42.4,16.2,3.5,0.32,38.1,44,Good,26.5,78.9,7.6,23,9,False
2026-09-07 00:50:22.344251,15.0,31.6,11.8,10.0,0.36,43.7,25,Good,28.2,74.9,10.0,0,9,False
2026-09-07 01:50:22.344251,14.1,32.3,5.7,5.4,0.17,36.6,23,Good,33.4,77.4,10.1,1,9,False
2026-09-07 02:50:22.344251,14.9,23.5,12.1,5.5,0.41,27.8,25,Good,31.9,85.3,15.2,2,9,False
2026-09-07 03:50:22.344251,21.6,25.9,4.4,4.0,0.32,21.4,36,Good,36.0,68.3,7.1,3,9,False
2026-09-07 04:50:22.344251,18.0,31.3,0.0,5.3,0.58,19.2,30,Good,35.6,71.7,11.3,4,9,False
2026-09-07 05:50:22.344251,16.8,34.2,0.6,3.8,0.59,9.5,28,Good,36.0,62.4,10.9,5,9,False
2026-09-07 06:50:22.344251,23.0,44.8,20.0,8.9,0.55,15.0,38,Good,39.8,88.9,11.1,6,9,False
2026-09-07 07:50:22.344251,23.3,56.8,17.4,5.0,0.81,6.7,39,Good,37.2,80.2,9.6,7,9,False
2026-09-07 08:50:22.344251,31.2,45.1,14.8,7.2,0.59,0.0,51,Satisfactory,34.9,79.6,11.2,8,9,False
2026-09-07 09:50:22.344251,29.9,59.1,17.9,3.7,0.36,3.7,50,Good,36.7,73.3,7.3,9,9,False
2026-09-07 10:50:22.344251,28.4,47.1,15.1,10.4,0.25,17.4,47,Good,30.3,74.5,15.7,10,9,False
2026-09-07 11:50:22.344251,24.4,45.9,7.8,0.0,0.7,19.4,41,Good,30.9,82.0,10.5,11,9,False
2026-09-07 12:50:22.344251,26.2,43.1,13.6,8.6,0.47,20.9,44,Good,31.6,72.1,10.0,12,9,False
2026-09-07 13:50:22.344251,26.2,45.1,18.1,8.7,0.79,28.1,44,Good,27.1,72.8,9.2,13,9,False
2026-09-07 14:50:22.344251,21.3,65.3,18.5,1.9,0.89,24.2,36,Good,26.2,69.4,5.6,14,9,False
2026-09-07 15:50:22.344251,24.4,50.9,15.7,6.7,0.37,37.0,41,Good,24.4,88.8,8.1,15,9,False
2026-09-07 16:50:22.344251,27.2,57.0,4.2,9.2,0.79,42.8,45,Good,29.3,66.3,8.9,16,9,False
2026-09-07 17:50:22.344251,43.4,73.3,15.3,3.8,0.85,55.3,72,Satisfactory,26.5,64.7,0.9,17,9,False
2026-09-07 18:50:22.344251,39.7,81.2,14.0,7.1,0.67,39.6,66,Satisfactory,23.6,79.1,2.8,18,9,False
2026-09-07 19:50:22.344251,53.7,79.5,17.5,8.6,1.15,45.1,89,Satisfactory,27.7,77.2,2.7,19,9,False
2026-09-07 20:50:22.344251,32.3,47.7,20.4,8.0,0.48,52.4,53,Satisfactory,26.7,70.4,9.7,20,9,False
2026-09-07 21:50:22.344251,18.9,40.0,9.0,4.4,0.48,40.7,32,Good,29.2,78.1,8.4,21,9,False
2026-09-07 22:50:22.344251,22.9,50.3,6.7,9.5,0.42,61.0,38,Good,28.5,63.6,5.7,22,9,False
2026-09-07 23:50:22.344251,29.1,47.8,10.5,6.8,0.6,46.9,49,Good,29.8,69.9,6.4,23,9,False
2026-09-08 00:50:22.344251,16.6,40.0,14.7,9.9,0.37,32.8,28,Good,30.0,70.8,0.0,0,9,False
2026-09-08 01:50:22.344251,14.4,23.2,7.9,6.5,0.43,35.4,24,Good,30.0,77.9,14.1,1,9,False
2026-09-08 02:50:22.344251,13.6,29.4,0.0,7.3,0.18,27.7,23,Good,34.2,73.3,11.5,2,9,False
2026-09-08 03:50:22.344251,17.6,34.4,9.3,2.2,0.5,25.9,29,Good,38.9,83.5,11.0,3,9,False
2026-09-08 04:50:22.344251,11.8,24.1,12.0,1.8,0.52,23.4,20,Good,32.8,76.9,17.5,4,9,False
2026-09-08 05:50:22.344251,19.9,31.0,8.6,4.0,0.33,19.5,33,Good,36.9,75.3,4.8,5,9,False
2026-09-08 06:50:22.344251,13.3,22.7,13.2,4.1,0.86,13.5,22,Good,32.2,81.9,17.6,6,9,False
2026-09-08 07:50:22.344251,39.2,58.4,23.4,2.6,1.13,5.6,65,Satisfactory,36.4,86.3,8.9,7,9,False
2026-09-08 08:50:22.344251,22.5,45.7,16.8,4.7,0.59,14.9,38,Good,39.1,80.8,15.4,8,9,False
2026-09-08 09:50:22.344251,34.6,55.1,9.7,3.7,0.81,0.0,57,Satisfactory,31.7,70.3,11.3,9,9,False
2026-09-08 10:50:22.344251,32.0,52.9,25.1,8.1,0.68,9.5,53,Satisfactory,28.9,75.8,10.4,10,9,False
2026-09-08 11:50:22.344251,28.6,47.5,14.6,4.1,0.74,16.8,48,Good,31.0,81.8,6.7,11,9,False
2026-09-08 12:50:22.344251,22.7,46.8,16.9,7.3,0.76,22.9,38,Good,30.0,90.4,9.5,12,9,False
2026-09-08 13:50:22.344251,24.2,25.3,18.3,6.3,0.46,21.4,40,Good,27.9,81.9,14.5,13,9,False
2026-09-08 14:50:22.344251,134.1,184.9,14.5,3.2,0.89,33.7,311,Very Poor,24.5,81.3,2.2,14,9,True
2026-09-08 15:50:22.344251,34.1,58.0,25.1,7.4,0.85,29.5,56,Satisfactory,27.6,81.3,3.2,15,9,False
2026-09-08 16:50:22.344251,34.3,54.4,22.2,5.9,0.3,41.5,57,Satisfactory,25.0,75.0,3.8,16,9,False
2026-09-08 17:50:22.344251,41.6,68.1,19.2,8.5,0.67,38.2,69,Satisfactory,26.1,77.3,4.4,17,9,False
2026-09-08 18:50:22.344251,42.6,54.7,17.9,6.8,0.75,50.0,71,Satisfactory,31.8,82.9,7.1,18,9,False
2026-09-08 19:50:22.344251,49.3,68.2,22.3,6.5,0.29,48.4,82,Satisfactory,26.9,61.6,2.2,19,9,False
2026-09-08 20:50:22.344251,43.6,92.7,13.3,3.8,0.83,47.2,72,Satisfactory,23.8,73.3,0.3,20,9,False
2026-09-08 21:50:22.344251,32.0,47.9,16.8,8.1,0.48,50.5,53,Satisfactory,27.2,77.9,5.7,21,9,False
2026-09-08 22:50:22.344251,31.8,60.4,12.2,5.7,0.56,53.5,52,Satisfactory,27.4,82.1,3.8,22,9,False
2026-09-08 23:50:22.344251,22.9,46.1,6.6,0.0,0.5,46.1,38,Good,27.9,78.0,4.9,23,9,False
2026-09-09 00:50:22.344251,16.7,29.3,10.0,6.7,0.72,40.2,28,Good,32.8,64.3,10.9,0,9,False
2026-09-09 01:50:22.344251,20.4,33.1,15.0,6.3,0.78,31.8,34,Good,31.3,71.0,6.0,1,9,False
2026-09-09 02:50:22.344251,21.2,35.2,11.2,6.0,0.39,32.0,35,Good,31.1,72.6,7.2,2,9,False
2026-09-09 03:50:22.344251,20.7,42.3,13.3,6.6,0.48,29.4,34,Good,35.9,80.1,4.3,3,9,False
2026-09-09 04:50:22.344251,15.6,23.7,7.3,6.0,0.27,13.3,26,Good,39.9,99.5,13.9,4,9,False
2026-09-09 05:50:22.344251,15.7,24.9,11.8,8.2,0.29,22.0,26,Good,34.1,75.8,11.1,5,9,False
2026-09-09 06:50:22.344251,27.1,35.9,6.8,5.6,0.4,17.2,45,Good,37.0,88.7,11.3,6,9,False
2026-09-09 07:50:22.344251,25.7,42.8,19.7,5.1,0.68,15.8,43,Good,33.3,76.6,15.5,7,9,False
2026-09-09 08:50:22.344251,30.2,67.2,16.4,4.6,0.74,22.5,0,Good,34.5,68.4,6.9,8,9,False
2026-09-09 09:50:22.344251,24.3,44.2,10.9,4.4,0.8,9.0,41,Good,35.1,75.2,12.8,9,9,False
2026-09-09 10:50:22.344251,32.8,45.9,10.0,4.4,0.69,11.8,54,Satisfactory,32.6,86.4,11.6,10,9,False
2026-09-09 11:50:22.344251,28.7,47.5,20.0,6.5,0.44,17.5,48,Good,34.5,74.2,11.0,11,9,False
2026-09-09 12:50:22.344251,29.5,55.5,17.6,2.1,0.55,27.1,49,Good,25.6,79.2,9.7,12,9,False
2026-09-09 13:50:22.344251,31.6,67.6,9.6,5.4,0.46,19.1,52,Satisfactory,31.5,79.6,2.4,13,9,False
2026-09-09 14:50:22.344251,35.0,59.4,11.6,6.1,0.71,34.2,58,Satisfactory,23.3,82.0,3.1,14,9,False
2026-09-09 15:50:22.344251,40.9,65.0,13.5,4.1,0.63,38.3,68,Satisfactory,26.6,93.2,0.0,15,9,False
2026-09-09 16:50:22.344251,22.4,60.7,18.3,4.8,0.8,36.8,37,Good,22.8,88.4,2.5,16,9,False
2026-09-09 17:50:22.344251,37.7,72.6,19.3,4.8,0.95,46.7,62,Satisfactory,26.4,69.4,5.5,17,9,False
2026-09-09 18:50:22.344251,41.7,79.2,12.3,4.5,0.76,44.2,69,Satisfactory,22.6,70.8,0.0,18,9,False
2026-09-09 19:50:22.344251,47.2,82.6,29.0,5.6,0.89,53.3,78,Satisfactory,26.1,58.9,0.0,19,9,False
2026-09-09 20:50:22.344251,49.2,84.2,19.3,3.9,0.67,58.8,82,Satisfactory,26.1,68.6,0.0,20,9,False
2026-09-09 21:50:22.344251,19.1,40.0,7.2,9.3,0.45,46.4,32,Good,27.0,70.4,9.7,21,9,False
2026-09-09 22:50:22.344251,23.6,43.3,19.6,3.3,0.6,43.4,39,Good,27.5,94.8,9.2,22,9,False
2026-09-09 23:50:22.344251,22.9,33.2,14.8,4.2,0.69,36.2,38,Good,27.8,81.6,9.1,23,9,False
2026-09-10 00:50:22.344251,15.1,28.4,8.0,6.3,0.18,39.3,25,Good,30.4,78.5,10.0,0,9,False
2026-09-10 01:50:22.344251,14.9,36.9,8.1,4.1,0.07,27.2,25,Good,27.7,83.8,8.0,1,9,False
2026-09-10 02:50:22.344251,14.0,25.5,10.5,2.3,0.36,27.3,23,Good,33.5,77.7,15.8,2,9,False
2026-09-10 03:50:22.344251,14.8,24.8,7.7,7.6,0.23,22.8,25,Good,36.1,69.4,15.1,3,9,False
2026-09-10 04:50:22.344251,14.8,26.7,11.5,7.5,0.04,16.9,25,Good,33.4,86.3,14.6,4,9,False
2026-09-10 05:50:22.344251,48.0,58.3,16.1,7.7,0.71,23.9,80,Satisfactory,34.0,83.3,12.5,5,9,True
2026-09-10 06:50:22.344251,17.9,40.5,17.5,5.3,0.68,8.4,30,Good,33.7,78.3,12.5,6,9,False
2026-09-10 07:50:22.344251,24.9,49.0,15.7,6.0,1.03,9.9,41,Good,36.4,84.3,9.3,7,9,False
2026-09-10 08:50:22.344251,34.1,51.4,20.6,8.7,0.79,6.4,56,Satisfactory,31.9,60.5,10.1,8,9,False
2026-09-10 09:50:22.344251,40.4,58.9,17.6,0.0,0.5,18.7,67,Satisfactory,33.6,82.7,6.3,9,9,False
2026-09-10 10:50:22.344251,21.7,52.0,14.6,6.7,0.6,8.3,36,Good,31.8,74.7,11.5,10,9,False
2026-09-10 11:50:22.344251,28.2,72.3,13.3,6.5,0.69,13.7,47,Good,35.3,63.4,4.9,11,9,False
2026-09-10 12:50:22.344251,36.9,67.1,8.0,9.8,0.58,26.3,61,Satisfactory,33.8,67.9,5.2,12,9,False
2026-09-10 13:50:22.344251,25.4,55.9,9.8,6.7,0.53,24.8,42,Good,30.8,82.1,8.3,13,9,False
2026-09-10 14:50:22.344251,26.3,54.3,24.3,4.7,0.85,26.2,44,Good,28.6,76.3,9.2,14,9,False
2026-09-10 15:50:22.344251,29.8,53.7,15.4,2.4,0.61,38.5,50,Good,26.5,74.9,3.2,15,9,False
2026-09-10 16:50:22.344251,38.7,53.7,15.1,10.7,0.72,40.7,64,Satisfactory,27.0,83.0,5.3,16,9,False
2026-09-10 17:50:22.344251,8.9,21.5,14.7,7.0,0.81,42.8,15,Good,27.5,82.0,0.9,17,9,True
2026-09-10 18:50:22.344251,54.0,76.0,20.7,8.8,0.91,43.8,90,Satisfactory,26.7,91.5,1.4,18,9,False
2026-09-10 19:50:22.344251,50.5,90.2,10.4,3.2,0.88,49.5,84,Satisfactory,25.2,82.3,0.6,19,9,False
2026-09-10 20:50:22.344251,28.0,79.1,16.6,6.6,0.42,47.4,47,Good,30.6,72.9,4.7,20,9,False
2026-09-10 21:50:22.344251,19.7,40.5,13.1,6.8,0.35,55.8,33,Good,25.7,78.0,7.5,21,9,False
2026-09-10 22:50:22.344251,28.2,43.7,9.4,8.7,0.65,44.2,47,Good,29.5,79.6,7.0,22,9,False
2026-09-10 23:50:22.344251,29.0,46.8,14.0,3.0,0.42,47.6,48,Good,25.6,67.7,5.7,23,9,False
2026-09-11 00:50:22.344251,4.4,9.7,3.3,3.9,0.22,37.0,7,Good,32.6,83.1,6.5,0,9,True
2026-09-11 01:50:22.344251,11.8,31.5,7.4,8.2,0.13,31.0,20,Good,28.9,70.4,12.1,1,9,False
2026-09-11 02:50:22.344251,11.6,35.7,11.1,3.3,0.73,31.0,19,Good,33.0,75.4,8.3,2,9,False
2026-09-11 03:50:22.344251,15.5,23.6,2.2,6.0,0.34,32.1,26,Good,31.3,79.2,14.0,3,9,False
2026-09-11 04:50:22.344251,12.4,31.6,11.1,7.7,0.62,24.0,21,Good,33.8,93.4,12.6,4,9,False
2026-09-11 05:50:22.344251,17.5,25.7,13.2,2.9,0.43,18.7,29,Good,34.5,76.0,10.5,5,9,False
2026-09-11 06:50:22.344251,15.1,38.8,14.0,5.8,0.21,12.6,25,Good,36.4,72.8,14.0,6,9,False
2026-09-11 07:50:22.344251,25.6,43.3,20.0,8.3,0.83,3.0,43,Good,34.1,81.1,12.6,7,9,False
2026-09-11 08:50:22.344251,29.1,29.1,14.6,5.8,0.71,11.0,49,Good,34.9,68.0,15.3,8,9,False
2026-09-11 09:50:22.344251,31.4,62.7,21.0,2.0,0.86,10.4,52,Satisfactory,37.2,88.0,10.8,9,9,False
2026-09-11 10:50:22.344251,22.8,43.1,24.7,3.0,0.65,20.3,38,Good,36.1,72.3,16.3,10,9,False
2026-09-11 11:50:22.344251,28.0,44.7,21.9,5.7,0.82,13.2,47,Good,32.4,82.3,8.1,11,9,False
2026-09-11 12:50:22.344251,24.9,51.5,16.4,6.0,0.53,10.4,42,Good,31.8,65.0,9.3,12,9,False
2026-09-11 13:50:22.344251,40.4,62.9,16.2,2.8,0.48,19.5,67,Satisfactory,28.5,76.4,4.3,13,9,False
2026-09-11 14:50:22.344251,25.5,60.4,25.5,1.0,0.67,35.8,42,Good,30.6,79.5,5.6,14,9,False
2026-09-11 15:50:22.344251,28.9,59.3,11.5,6.8,0.74,35.5,48,Good,26.9,78.4,4.4,15,9,False
2026-09-11 16:50:22.344251,39.5,63.5,15.3,7.2,0.65,34.1,65,Satisfactory,25.9,81.9,2.7,16,9,False
2026-09-11 17:50:22.344251,26.8,77.3,19.2,4.4,0.42,39.9,45,Good,27.6,78.9,3.7,17,9,False
2026-09-11 18:50:22.344251,46.6,74.5,24.5,5.2,1.0,52.9,77,Satisfactory,25.5,67.8,0.4,18,9,False
2026-09-11 19:50:22.344251,44.8,74.4,18.8,11.3,0.52,54.4,74,Satisfactory,24.6,75.4,1.8,19,9,False
2026-09-11 20:50:22.344251,36.8,71.1,22.2,5.3,1.11,44.9,61,Satisfactory,22.1,88.8,3.2,20,9,False
2026-09-11 21:50:22.344251,22.3,44.9,15.8,4.9,0.17,51.2,37,Good,25.9,83.1,4.5,21,9,False
2026-09-11 22:50:22.344251,22.5,44.2,25.8,8.4,0.37,48.4,37,Good,29.8,77.1,8.2,22,9,False
2026-09-11 23:50:22.344251,47.0,58.0,7.3,1.9,0.67,34.5,78,Satisfactory,28.3,79.3,1.8,23,9,False
2026-09-12 00:50:22.344251,18.1,31.3,17.9,8.5,0.11,39.7,30,Good,27.4,77.9,8.0,0,9,False
2026-09-12 01:50:22.344251,15.8,29.4,2.7,4.0,0.22,32.3,26,Good,31.4,76.6,9.5,1,9,False
2026-09-12 02:50:22.344251,14.8,26.4,7.8,6.0,0.29,25.0,25,Good,35.9,78.6,11.2,2,9,False
2026-09-12 03:50:22.344251,16.0,30.7,6.2,4.4,0.62,26.4,27,Good,35.3,79.8,11.5,3,9,False
2026-09-12 04:50:22.344251,14.9,27.8,8.2,5.3,0.51,16.9,25,Good,36.4,71.1,15.0,4,9,False
2026-09-12 05:50:22.344251,11.0,23.7,6.9,6.4,0.43,15.4,18,Good,32.6,76.6,16.2,5,9,False
2026-09-12 06:50:22.344251,17.4,29.3,15.2,8.7,0.75,21.6,29,Good,35.5,79.3,17.4,6,9,False
2026-09-12 07:50:22.344251,29.4,61.6,24.8,8.3,0.7,7.5,49,Good,33.3,92.6,7.5,7,9,False
2026-09-12 08:50:22.344251,26.4,44.0,28.3,5.7,0.42,14.7,44,Good,34.5,81.6,15.9,8,9,False
2026-09-12 09:50:22.344251,25.7,38.0,21.4,9.6,0.9,15.4,43,Good,36.1,80.5,14.0,9,9,False
2026-09-12 10:50:22.344251,42.6,67.9,16.2,9.3,0.91,16.6,71,Satisfactory,35.2,87.9,7.1,10,9,False
2026-09-12 11:50:22.344251,23.1,44.6,18.7,4.0,0.65,12.8,38,Good,30.3,78.5,11.2,11,9,False
2026-09-12 12:50:22.344251,23.5,59.4,30.2,2.9,0.86,10.2,39,Good,31.1,65.9,11.0,12,9,False
2026-09-12 13:50:22.344251,28.1,46.6,16.2,1.8,0.58,16.9,47,Good,26.9,72.8,7.5,13,9,False
2026-09-12 14:50:22.344251,21.5,69.2,2.4,5.6,0.47,33.6,36,Good,26.6,64.3,6.9,14,9,False
2026-09-12 15:50:22.344251,30.4,51.1,14.1,5.3,0.59,26.6,0,Good,26.2,69.9,4.8,15,9,False
2026-09-12 16:50:22.344251,43.1,66.3,9.9,4.2,0.76,37.9,71,Satisfactory,25.2,86.8,0.7,16,9,False
2026-09-12 17:50:22.344251,36.5,84.7,11.1,4.8,0.69,44.9,60,Satisfactory,21.6,63.0,3.9,17,9,False
2026-09-12 18:50:22.344251,38.6,61.0,18.4,3.9,0.85,46.1,64,Satisfactory,24.4,74.6,1.8,18,9,False
2026-09-12 19:50:22.344251,51.2,77.0,17.7,6.1,1.06,46.7,85,Satisfactory,24.8,61.1,3.4,19,9,False
2026-09-12 20:50:22.344251,45.1,85.4,16.2,6.5,0.66,51.9,75,Satisfactory,24.0,72.6,0.3,20,9,False
2026-09-12 21:50:22.344251,26.0,56.6,22.5,6.5,0.86,49.8,43,Good,28.0,75.1,5.5,21,9,False
2026-09-12 22:50:22.344251,31.3,50.3,14.2,3.9,0.37,53.1,52,Satisfactory,26.5,77.8,4.8,22,9,False
2026-09-12 23:50:22.344251,34.3,45.0,18.7,5.1,0.77,39.8,57,Satisfactory,26.9,82.8,4.4,23,9,False
2026-09-13 00:50:22.344251,14.2,30.7,24.4,5.5,0.33,36.4,24,Good,29.4,87.4,12.1,0,9,False
2026-09-13 01:50:22.344251,10.9,35.5,8.4,8.7,0.27,30.7,18,Good,36.4,100.0,9.1,1,9,False
2026-09-13 02:50:22.344251,11.6,24.9,17.9,2.8,0.2,25.9,19,Good,35.0,70.4,16.3,2,9,False
2026-09-13 03:50:22.344251,15.5,36.8,7.0,3.4,0.17,20.3,26,Good,33.7,56.9,9.8,3,9,False
2026-09-13 04:50:22.344251,15.8,31.4,8.1,4.7,0.46,21.2,26,Good,36.2,83.0,11.6,4,9,False
2026-09-13 05:50:22.344251,19.0,28.7,5.5,4.8,0.43,15.3,32,Good,36.6,86.7,12.4,5,9,False
2026-09-13 06:50:22.344251,26.4,46.5,8.3,7.0,0.36,18.4,44,Good,38.7,66.8,6.8,6,9,False
2026-09-13 07:50:22.344251,22.7,42.1,16.0,3.7,0.6,12.9,38,Good,31.7,73.9,16.4,7,9,False
2026-09-13 08:50:22.344251,28.4,58.1,21.2,2.4,0.68,12.1,47,Good,32.8,80.8,10.1,8,9,False
2026-09-13 09:50:22.344251,30.5,50.7,21.7,4.0,0.35,15.0,0,Good,36.5,73.0,11.0,9,9,False
2026-09-13 10:50:22.344251,25.8,51.7,24.7,6.7,0.45,18.3,43,Good,35.1,80.2,12.9,10,9,False
2026-09-13 11:50:22.344251,23.4,45.1,15.3,7.3,0.49,9.6,39,Good,32.6,75.8,12.1,11,9,False
2026-09-13 12:50:22.344251,33.3,79.6,11.6,7.3,0.41,12.3,55,Satisfactory,30.0,73.2,2.9,12,9,False
2026-09-13 13:50:22.344251,24.5,48.9,14.2,3.3,0.87,21.9,41,Good,31.0,69.6,6.3,13,9,False
2026-09-13 14:50:22.344251,34.8,58.6,19.6,12.0,0.79,38.0,57,Satisfactory,30.9,82.1,6.2,14,9,False
2026-09-13 15:50:22.344251,29.7,48.7,22.0,6.0,0.58,36.2,49,Good,29.0,55.4,9.2,15,9,False
2026-09-13 16:50:22.344251,29.8,65.4,24.6,6.6,0.73,42.2,50,Good,27.3,74.5,5.2,16,9,False
2026-09-13 17:50:22.344251,41.2,64.5,19.7,5.4,0.92,47.3,68,Satisfactory,22.8,76.8,2.0,17,9,False
2026-09-13 18:50:22.344251,40.4,96.0,15.5,8.7,0.94,46.5,67,Satisfactory,21.9,73.6,0.0,18,9,False
2026-09-13 19:50:22.344251,40.2,76.0,15.5,5.1,0.74,44.5,67,Satisfactory,26.9,69.5,0.0,19,9,False
2026-09-13 20:50:22.344251,52.1,75.9,17.9,3.1,0.96,51.7,87,Satisfactory,23.4,60.4,0.6,20,9,False
2026-09-13 21:50:22.344251,24.8,48.3,7.2,9.2,0.44,55.1,41,Good,29.7,90.3,4.4,21,9,False
2026-09-13 22:50:22.344251,23.2,57.6,10.7,4.9,1.04,41.5,39,Good,27.7,64.8,5.2,22,9,False
2026-09-13 23:50:22.344251,19.8,45.5,13.1,4.2,0.53,48.4,33,Good,28.3,78.8,6.1,23,9,False
2026-09-14 00:50:22.344251,15.3,31.6,9.4,3.7,0.16,38.4,26,Good,29.6,73.9,9.7,0,9,False
2026-09-14 01:50:22.344251,22.0,29.0,13.4,3.9,0.26,34.8,37,Good,34.6,84.2,9.6,1,9,False
2026-09-14 02:50:22.344251,20.9,34.6,8.6,8.1,0.02,35.1,35,Good,30.2,81.6,9.4,2,9,False
2026-09-14 03:50:22.344251,17.7,22.7,18.1,6.6,0.2,23.9,29,Good,33.4,77.7,13.9,3,9,False
2026-09-14 04:50:22.344251,12.5,26.5,4.2,4.5,0.35,15.3,21,Good,33.5,82.7,12.1,4,9,False
2026-09-14 05:50:22.344251,18.6,32.6,12.2,6.9,0.38,15.2,31,Good,37.6,85.7,10.2,5,9,False
2026-09-14 06:50:22.344251,16.5,29.8,15.2,7.3,0.47,14.4,27,Good,34.3,88.4,17.3,6,9,False
2026-09-14 07:50:22.344251,31.5,53.1,17.1,6.1,0.8,10.2,52,Satisfactory,37.0,81.0,14.1,7,9,False
2026-09-14 08:50:22.344251,35.4,60.9,13.4,5.0,0.61,14.3,58,Satisfactory,29.6,90.8,10.5,8,9,False
2026-09-14 09:50:22.344251,23.4,38.5,13.9,2.4,0.66,11.9,39,Good,30.6,79.8,13.0,9,9,False
2026-09-14 10:50:22.344251,28.9,56.0,20.7,7.2,0.76,10.9,48,Good,34.9,78.9,10.0,10,9,False
2026-09-14 11:50:22.344251,23.7,44.3,16.8,8.4,0.51,16.2,39,Good,32.0,71.8,9.6,11,9,False
2026-09-14 12:50:22.344251,23.4,59.5,15.4,8.3,0.32,26.2,39,Good,32.7,68.2,5.8,12,9,False
2026-09-14 13:50:22.344251,33.2,58.5,18.6,5.0,0.45,27.2,55,Satisfactory,28.4,72.2,6.2,13,9,False
2026-09-14 14:50:22.344251,31.6,56.2,7.2,5.1,0.5,28.8,52,Satisfactory,27.8,72.8,5.4,14,9,False
2026-09-14 15:50:22.344251,41.5,66.1,24.7,3.5,0.53,32.9,69,Satisfactory,29.9,64.8,0.5,15,9,False
2026-09-14 16:50:22.344251,31.0,66.6,19.2,6.8,0.37,37.4,51,Satisfactory,24.5,67.8,3.7,16,9,False
2026-09-14 17:50:22.344251,47.8,63.9,16.7,7.0,0.73,43.9,79,Satisfactory,25.9,74.0,5.9,17,9,False
2026-09-14 18:50:22.344251,36.3,60.1,12.3,3.6,0.2,43.8,60,Satisfactory,29.2,78.8,5.6,18,9,False
2026-09-14 19:50:22.344251,36.4,60.7,20.2,6.4,0.88,55.6,60,Satisfactory,26.0,65.2,4.0,19,9,False
2026-09-14 20:50:22.344251,26.1,59.2,16.2,4.3,0.48,54.3,43,Good,24.5,68.5,8.5,20,9,False
2026-09-14 21:50:22.344251,19.4,48.7,13.3,7.3,0.49,48.4,32,Good,25.6,71.1,9.8,21,9,False
2026-09-14 22:50:22.344251,34.2,32.2,6.3,7.4,0.75,43.3,56,Satisfactory,28.5,84.9,2.6,22,9,False
2026-09-14 23:50:22.344251,23.6,48.6,13.9,7.4,0.25,39.7,39,Good,28.1,68.8,4.6,23,9,False
2026-09-15 00:50:22.344251,21.7,29.6,28.6,4.7,0.26,28.9,36,Good,27.3,67.8,9.6,0,9,False
2026-09-15 01:50:22.344251,14.8,35.9,12.8,4.3,0.76,27.9,25,Good,30.9,71.9,9.0,1,9,False
2026-09-15 02:50:22.344251,16.3,27.8,9.8,4.8,0.5,41.9,27,Good,35.9,70.9,11.8,2,9,False
2026-09-15 03:50:22.344251,11.7,23.3,12.3,6.5,0.43,22.6,19,Good,33.3,66.0,15.6,3,9,False
2026-09-15 04:50:22.344251,19.6,30.5,9.4,7.2,0.0,31.2,33,Good,34.3,81.2,12.2,4,9,False
2026-09-15 05:50:22.344251,13.0,22.5,1.5,8.7,0.55,12.2,22,Good,32.4,81.5,14.3,5,9,False
2026-09-15 06:50:22.344251,18.9,42.5,9.9,3.8,0.27,18.8,32,Good,34.2,73.5,10.8,6,9,False
2026-09-15 07:50:22.344251,36.3,64.0,17.4,5.8,0.91,8.5,60,Satisfactory,33.8,78.2,12.1,7,9,False
2026-09-15 08:50:22.344251,36.0,55.4,14.0,6.9,0.91,17.0,59,Satisfactory,35.9,73.9,10.9,8,9,False
2026-09-15 09:50:22.344251,28.6,53.1,27.8,4.0,0.81,15.8,48,Good,34.8,70.1,13.5,9,9,False
2026-09-15 10:50:22.344251,37.9,50.9,22.4,4.4,0.83,6.3,63,Satisfactory,29.7,71.3,12.6,10,9,False
2026-09-15 11:50:22.344251,28.3,49.8,18.2,6.3,0.77,17.4,47,Good,31.2,84.4,8.6,11,9,False
2026-09-15 12:50:22.344251,30.5,35.7,6.2,3.4,0.5,22.6,0,Good,31.0,74.5,9.7,12,9,False
2026-09-15 13:50:22.344251,29.7,42.6,18.5,4.1,0.47,25.9,50,Good,25.8,80.8,10.2,13,9,False
2026-09-15 14:50:22.344251,31.9,58.3,24.2,5.3,0.67,29.0,53,Satisfactory,28.3,75.7,5.9,14,9,False
2026-09-15 15:50:22.344251,35.6,82.5,18.1,4.5,0.65,39.2,59,Satisfactory,25.4,92.4,0.4,15,9,False
2026-09-15 16:50:22.344251,30.3,46.3,19.5,3.4,0.98,40.0,0,Good,24.8,75.4,11.6,16,9,False
2026-09-15 17:50:22.344251,36.5,68.0,12.4,6.0,0.97,51.1,60,Satisfactory,28.0,67.7,5.4,17,9,False
2026-09-15 18:50:22.344251,38.2,73.1,23.6,3.4,0.64,43.6,63,Satisfactory,27.9,72.1,2.7,18,9,False
2026-09-15 19:50:22.344251,52.1,84.6,18.3,8.3,0.58,56.7,87,Satisfactory,26.7,80.2,0.1,19,9,False
2026-09-15 20:50:22.344251,47.1,81.6,22.4,3.1,0.85,59.3,78,Satisfactory,25.2,66.8,3.1,20,9,False
2026-09-15 21:50:22.344251,27.7,50.0,19.8,2.0,0.38,52.3,46,Good,28.3,92.9,1.7,21,9,False
2026-09-15 22:50:22.344251,13.8,39.4,16.9,4.6,0.39,44.4,23,Good,27.0,72.8,12.0,22,9,False
2026-09-15 23:50:22.344251,23.1,37.4,6.2,5.0,0.45,46.7,39,Good,27.6,81.8,9.0,23,9,False
2026-09-16 00:50:22.344251,23.3,30.8,12.9,6.4,0.15,43.5,39,Good,28.3,87.5,5.3,0,9,False
2026-09-16 01:50:22.344251,19.6,25.0,8.3,4.4,0.35,36.5,33,Good,29.1,72.8,10.2,1,9,False
2026-09-16 02:50:22.344251,21.6,28.4,10.4,2.0,0.39,27.1,36,Good,30.4,82.9,8.6,2,9,False
2026-09-16 03:50:22.344251,17.1,31.1,1.9,3.0,0.27,31.4,29,Good,30.8,76.5,9.1,3,9,False
2026-09-16 04:50:22.344251,18.0,40.1,13.1,7.1,0.28,16.7,30,Good,38.0,75.6,5.9,4,9,False
2026-09-16 05:50:22.344251,15.5,29.8,15.2,5.4,0.22,29.5,26,Good,33.5,95.2,11.3,5,9,False
2026-09-16 06:50:22.344251,13.3,37.9,8.4,3.9,0.73,10.0,22,Good,35.7,77.4,15.1,6,9,False
2026-09-16 07:50:22.344251,42.9,64.9,23.2,7.2,1.03,17.5,71,Satisfactory,35.0,71.9,6.2,7,9,False
2026-09-16 08:50:22.344251,37.3,61.6,21.3,2.8,1.03,19.3,62,Satisfactory,34.2,73.3,13.1,8,9,False
2026-09-16 09:50:22.344251,35.0,61.4,25.4,2.6,0.76,4.9,58,Satisfactory,33.3,68.0,8.0,9,9,False
2026-09-16 10:50:22.344251,17.7,52.1,20.8,5.9,0.95,10.2,29,Good,34.5,67.0,14.3,10,9,False
2026-09-16 11:50:22.344251,21.7,35.4,14.8,5.2,0.88,20.6,36,Good,31.4,69.6,13.8,11,9,False
2026-09-16 12:50:22.344251,33.8,68.1,14.6,2.9,0.56,19.4,56,Satisfactory,30.6,88.2,6.7,12,9,False
2026-09-16 13:50:22.344251,34.3,64.4,3.4,7.0,0.48,29.7,57,Satisfactory,31.4,77.0,5.1,13,9,False
2026-09-16 14:50:22.344251,28.3,59.9,12.7,6.1,0.83,24.6,47,Good,29.0,68.2,9.8,14,9,False
2026-09-16 15:50:22.344251,34.6,59.8,15.1,4.6,0.62,32.7,57,Satisfactory,29.1,67.0,4.9,15,9,False
2026-09-16 16:50:22.344251,35.9,68.5,7.5,8.0,0.71,44.7,59,Satisfactory,22.6,91.0,1.2,16,9,False
2026-09-16 17:50:22.344251,31.6,60.4,13.7,5.3,0.69,44.6,52,Satisfactory,25.9,67.9,8.4,17,9,False
2026-09-16 18:50:22.344251,42.7,63.1,18.7,8.4,0.61,50.0,71,Satisfactory,24.6,96.5,3.4,18,9,False
2026-09-16 19:50:22.344251,39.1,101.9,14.2,9.6,1.37,47.6,65,Satisfactory,27.5,73.1,0.0,19,9,False
2026-09-16 20:50:22.344251,37.3,70.7,21.6,8.5,1.1,61.0,62,Satisfactory,24.8,73.9,5.0,20,9,False
2026-09-16 21:50:22.344251,25.1,53.2,13.7,8.9,0.63,57.4,42,Good,26.2,74.8,3.2,21,9,False
2026-09-16 22:50:22.344251,25.2,61.9,8.2,5.0,0.29,39.7,42,Good,29.6,62.0,0.0,22,9,False
2026-09-16 23:50:22.344251,22.9,41.4,14.8,4.1,0.6,50.1,38,Good,30.7,84.8,9.1,23,9,False
2026-09-17 00:50:22.344251,16.7,34.1,6.3,4.3,0.29,38.9,28,Good,28.8,92.0,8.1,0,9,False
2026-09-17 01:50:22.344251,12.8,21.8,6.4,10.3,0.5,32.5,21,Good,28.4,75.5,15.7,1,9,False
2026-09-17 02:50:22.344251,19.2,32.4,3.4,7.5,0.58,26.0,32,Good,30.5,78.4,8.0,2,9,False
2026-09-17 03:50:22.344251,17.9,39.6,0.0,5.8,0.37,20.1,30,Good,33.6,66.2,4.4,3,9,False
2026-09-17 04:50:22.344251,20.2,22.4,9.5,4.6,0.33,25.8,34,Good,33.7,73.9,11.1,4,9,False
2026-09-17 05:50:22.344251,14.9,24.9,8.0,2.6,0.35,19.4,25,Good,37.1,73.9,13.9,5,9,False
2026-09-17 06:50:22.344251,22.0,31.3,14.3,1.9,0.33,14.7,37,Good,33.0,78.2,13.4,6,9,False
2026-09-17 07:50:22.344251,33.1,67.5,17.2,5.8,0.68,12.1,55,Satisfactory,33.3,70.3,8.5,7,9,False
2026-09-17 08:50:22.344251,22.5,52.7,16.7,4.7,0.41,9.3,38,Good,34.5,63.0,14.8,8,9,False
2026-09-17 09:50:22.344251,27.7,42.8,17.2,5.8,0.86,11.3,46,Good,34.9,67.5,14.5,9,9,False
2026-09-17 10:50:22.344251,41.2,58.6,18.7,5.0,0.53,17.2,68,Satisfactory,34.7,67.9,8.3,10,9,False
2026-09-17 11:50:22.344251,25.8,51.1,11.7,8.1,0.75,16.5,43,Good,32.3,83.4,7.8,11,9,False
2026-09-17 12:50:22.344251,21.0,37.8,11.6,6.4,0.78,24.9,35,Good,32.2,76.4,13.9,12,9,False
2026-09-17 13:50:22.344251,26.7,61.0,18.8,4.3,0.32,21.5,45,Good,31.9,78.8,8.0,13,9,False
2026-09-17 14:50:22.344251,33.0,55.7,5.5,9.2,0.71,29.7,54,Satisfactory,28.2,69.2,8.2,14,9,False
2026-09-17 15:50:22.344251,30.8,60.6,14.2,3.5,0.66,44.4,0,Good,27.4,73.6,7.7,15,9,False
2026-09-17 16:50:22.344251,30.4,60.6,14.5,7.8,0.7,45.7,0,Good,25.0,88.6,5.9,16,9,False
2026-09-17 17:50:22.344251,38.7,90.4,20.2,5.8,0.95,52.1,64,Satisfactory,22.4,74.9,1.2,17,9,False
2026-09-17 18:50:22.344251,38.9,65.5,23.0,8.6,0.42,54.1,64,Satisfactory,25.0,89.6,5.6,18,9,False
2026-09-17 19:50:22.344251,53.5,78.1,14.4,3.9,0.75,58.8,89,Satisfactory,23.0,76.3,2.2,19,9,False
2026-09-17 20:50:22.344251,33.0,68.0,22.2,5.2,0.93,56.3,54,Satisfactory,26.0,89.7,5.7,20,9,False
2026-09-17 21:50:22.344251,21.5,45.7,16.9,5.9,0.33,51.6,36,Good,27.5,82.4,5.4,21,9,False
2026-09-17 22:50:22.344251,24.8,43.8,10.8,6.8,0.47,48.9,41,Good,29.5,76.1,7.2,22,9,False
2026-09-17 23:50:22.344251,18.7,47.5,11.3,4.3,0.55,40.4,31,Good,27.4,84.4,3.1,23,9,False
2026-09-18 00:50:22.344251,19.3,34.5,11.7,5.4,0.37,37.2,32,Good,30.5,76.0,8.4,0,9,False
2026-09-18 01:50:22.344251,14.2,28.8,5.7,4.5,0.0,40.2,24,Good,32.2,85.0,6.9,1,9,False
2026-09-18 02:50:22.344251,17.2,27.5,14.2,6.3,0.42,25.7,29,Good,32.2,87.1,13.1,2,9,False
2026-09-18 03:50:22.344251,16.3,26.7,0.3,4.2,0.38,29.3,27,Good,37.1,61.1,12.4,3,9,False
2026-09-18 04:50:22.344251,15.6,20.5,10.5,8.3,0.0,19.3,26,Good,35.5,89.8,16.4,4,9,False
2026-09-18 05:50:22.344251,21.1,34.7,9.6,6.2,0.4,12.7,35,Good,31.4,77.8,9.2,5,9,False
2026-09-18 06:50:22.344251,21.5,27.8,13.4,5.8,0.57,12.7,36,Good,35.7,82.2,12.4,6,9,False
2026-09-18 07:50:22.344251,32.3,50.8,23.0,3.9,0.84,12.2,53,Satisfactory,34.0,73.8,10.0,7,9,False
2026-09-18 08:50:22.344251,40.4,62.9,24.3,7.5,1.06,12.7,67,Satisfactory,37.0,74.7,8.2,8,9,False
2026-09-18 09:50:22.344251,38.6,58.6,10.0,5.1,0.52,18.0,64,Satisfactory,34.6,80.1,8.0,9,9,False
2026-09-18 10:50:22.344251,31.3,49.5,21.4,5.3,0.4,16.7,51,Satisfactory,28.6,73.5,12.5,10,9,False
2026-09-18 11:50:22.344251,21.9,51.1,13.7,2.7,0.57,17.7,37,Good,31.1,75.7,11.8,11,9,False
2026-09-18 12:50:22.344251,29.9,54.0,16.3,5.7,0.32,17.1,50,Good,30.2,76.4,8.5,12,9,False
2026-09-18 13:50:22.344251,33.6,50.4,17.7,9.4,0.88,22.6,55,Satisfactory,26.5,70.9,10.3,13,9,False
2026-09-18 14:50:22.344251,39.4,71.9,14.6,7.8,0.61,18.8,65,Satisfactory,21.4,73.7,2.1,14,9,False
2026-09-18 15:50:22.344251,31.1,35.7,14.1,3.0,0.46,33.6,51,Satisfactory,25.8,82.1,9.4,15,9,False
2026-09-18 16:50:22.344251,34.5,54.3,6.9,4.8,0.18,47.6,57,Satisfactory,24.0,88.4,4.5,16,9,False
2026-09-18 17:50:22.344251,42.8,84.8,12.7,4.2,0.78,54.1,71,Satisfactory,26.4,75.2,2.9,17,9,False
2026-09-18 18:50:22.344251,23.7,49.6,19.8,6.2,0.82,48.0,39,Good,26.0,76.8,10.1,18,9,False
2026-09-18 19:50:22.344251,45.1,71.6,30.9,8.9,0.64,52.8,75,Satisfactory,26.4,82.9,3.9,19,9,False
2026-09-18 20:50:22.344251,39.7,51.8,13.0,7.2,0.69,49.8,66,Satisfactory,25.4,80.3,7.3,20,9,False
2026-09-18 21:50:22.344251,32.6,44.6,7.6,5.3,0.66,53.4,54,Satisfactory,24.9,66.6,3.6,21,9,False
2026-09-18 22:50:22.344251,27.4,44.3,6.9,8.8,0.45,36.8,46,Good,30.1,89.1,9.7,22,9,False
2026-09-18 23:50:22.344251,26.0,41.1,6.1,8.9,0.32,48.2,43,Good,29.4,89.3,7.2,23,9,False
2026-09-19 00:50:22.344251,17.8,36.0,7.4,7.1,0.13,33.8,30,Good,28.8,71.8,8.0,0,9,False
2026-09-19 01:50:22.344251,14.8,30.2,4.4,5.5,0.03,35.6,25,Good,31.7,84.1,10.5,1,9,False
2026-09-19 02:50:22.344251,12.4,25.1,14.7,5.6,0.45,30.6,21,Good,32.2,81.1,14.6,2,9,False
2026-09-19 03:50:22.344251,19.0,37.1,13.0,3.8,0.68,31.2,32,Good,33.5,83.5,6.8,3,9,False
2026-09-19 04:50:22.344251,15.9,29.6,14.1,5.1,0.44,31.4,26,Good,36.3,73.1,10.1,4,9,False
2026-09-19 05:50:22.344251,15.1,29.9,10.6,7.2,0.16,17.1,25,Good,35.5,66.5,13.9,5,9,False
2026-09-19 06:50:22.344251,22.7,43.9,9.8,4.9,0.49,13.9,38,Good,33.1,64.5,9.5,6,9,False
2026-09-19 07:50:22.344251,29.1,47.9,19.8,4.7,0.93,6.3,48,Good,35.8,83.5,12.1,7,9,False
2026-09-19 08:50:22.344251,27.9,48.9,9.2,9.4,1.02,0.0,46,Good,33.0,83.2,11.8,8,9,False
2026-09-19 09:50:22.344251,24.5,56.2,9.6,4.9,0.8,7.4,41,Good,32.0,87.5,9.9,9,9,False
2026-09-19 10:50:22.344251,34.3,46.5,14.0,5.5,1.04,14.4,57,Satisfactory,28.4,86.9,13.1,10,9,False
2026-09-19 11:50:22.344251,29.1,47.6,18.8,5.3,0.51,10.0,49,Good,32.1,84.5,11.6,11,9,False
2026-09-19 12:50:22.344251,35.9,63.5,11.3,4.9,0.98,25.3,59,Satisfactory,32.6,81.5,5.6,12,9,False
2026-09-19 13:50:22.344251,26.1,63.0,11.0,6.8,0.92,30.0,43,Good,30.0,81.6,6.0,13,9,False
2026-09-19 14:50:22.344251,38.0,50.3,15.7,9.5,0.7,28.8,63,Satisfactory,29.6,83.2,5.7,14,9,False
2026-09-19 15:50:22.344251,16.5,50.6,11.0,4.1,0.56,40.4,27,Good,25.2,67.3,8.4,15,9,False
2026-09-19 16:50:22.344251,41.9,67.1,18.5,6.3,1.17,48.3,69,Satisfactory,25.4,87.2,1.6,16,9,False
2026-09-19 17:50:22.344251,39.0,77.2,14.1,6.8,0.52,45.3,65,Satisfactory,24.9,57.7,6.2,17,9,False
2026-09-19 18:50:22.344251,21.3,99.9,16.3,7.9,0.8,50.8,35,Good,26.0,81.9,1.2,18,9,False
2026-09-19 19:50:22.344251,41.4,50.0,10.9,5.4,0.67,53.6,69,Satisfactory,19.8,70.7,8.2,19,9,False
2026-09-19 20:50:22.344251,50.9,69.2,18.5,4.1,0.88,52.9,85,Satisfactory,22.7,83.6,1.5,20,9,False
2026-09-19 21:50:22.344251,24.0,58.1,14.1,4.2,0.56,46.5,40,Good,28.6,77.8,1.4,21,9,False
2026-09-19 22:50:22.344251,35.8,51.0,13.9,5.8,0.67,44.9,59,Satisfactory,24.2,69.0,3.1,22,9,False
2026-09-19 23:50:22.344251,28.5,49.6,13.5,5.1,0.38,52.0,48,Good,28.8,74.1,2.2,23,9,False
2026-09-20 00:50:22.344251,44.8,97.7,8.2,1.1,0.25,39.1,74,Satisfactory,29.7,78.0,12.2,0,9,True
2026-09-20 01:50:22.344251,16.0,32.3,3.0,9.7,0.58,40.6,27,Good,29.3,79.3,10.5,1,9,False
2026-09-20 02:50:22.344251,17.0,31.6,10.6,5.2,0.32,24.0,28,Good,31.2,66.4,9.3,2,9,False
2026-09-20 03:50:22.344251,15.7,27.1,11.3,8.1,0.63,26.7,26,Good,31.4,78.7,12.1,3,9,False
2026-09-20 04:50:22.344251,14.4,23.6,11.1,5.9,0.39,15.9,24,Good,33.2,80.7,13.8,4,9,False
2026-09-20 05:50:22.344251,18.0,30.4,12.4,3.8,0.36,13.0,30,Good,34.5,67.4,6.3,5,9,False
2026-09-20 06:50:22.344251,16.4,27.0,0.0,4.4,0.39,8.6,27,Good,36.9,69.3,19.6,6,9,False
2026-09-20 07:50:22.344251,26.9,38.1,16.2,5.3,0.76,6.2,45,Good,35.8,78.8,15.0,7,9,False
2026-09-20 08:50:22.344251,27.1,47.5,18.6,9.7,0.93,14.2,45,Good,37.0,88.6,13.8,8,9,False
2026-09-20 09:50:22.344251,32.1,59.7,19.1,8.9,0.68,5.1,53,Satisfactory,33.4,75.0,10.0,9,9,False
2026-09-20 10:50:22.344251,30.1,54.8,11.8,4.7,0.67,15.1,0,Good,36.2,79.9,9.6,10,9,False
2026-09-20 11:50:22.344251,24.2,38.9,13.6,7.8,0.76,0.7,40,Good,31.2,71.1,13.4,11,9,False
2026-09-20 12:50:22.344251,40.6,60.8,11.6,6.8,0.57,17.5,67,Satisfactory,28.7,71.0,4.6,12,9,False
2026-09-20 13:50:22.344251,35.8,46.2,14.6,6.1,0.46,26.5,59,Satisfactory,30.1,68.4,5.7,13,9,False
2026-09-20 14:50:22.344251,30.6,42.7,12.7,6.8,0.71,31.3,0,Good,28.1,87.4,8.2,14,9,False
2026-09-20 15:50:22.344251,31.8,46.2,20.2,5.5,0.88,37.7,52,Satisfactory,27.2,69.3,11.9,15,9,False
2026-09-20 16:50:22.344251,22.0,45.4,6.8,6.6,0.53,45.4,37,Good,25.9,83.7,7.0,16,9,False
2026-09-20 17:50:22.344251,38.8,70.5,24.5,7.8,0.78,35.4,64,Satisfactory,23.7,60.3,6.0,17,9,False
2026-09-20 18:50:22.344251,30.5,60.0,14.4,4.2,1.02,47.2,0,Good,28.7,77.9,10.8,18,9,False
2026-09-20 19:50:22.344251,39.3,74.8,16.8,6.3,0.82,47.2,65,Satisfactory,25.3,71.8,2.0,19,9,False
2026-09-20 20:50:22.344251,39.8,72.3,9.7,5.9,0.66,51.1,66,Satisfactory,24.9,69.4,4.3,20,9,False
2026-09-20 21:50:22.344251,21.4,38.8,18.0,8.9,0.67,48.9,36,Good,25.5,90.4,8.0,21,9,False
2026-09-20 22:50:22.344251,28.3,53.0,7.0,3.1,0.46,43.6,47,Good,28.7,75.5,1.0,22,9,False
2026-09-20 23:50:22.344251,29.8,41.5,11.5,8.0,0.59,41.2,50,Good,33.3,67.3,3.9,23,9,False
2026-09-21 00:50:22.344251,16.0,32.3,13.5,7.0,0.54,43.6,27,Good,28.9,82.6,9.3,0,9,False
2026-09-21 01:50:22.344251,18.9,29.0,3.8,5.7,0.41,43.6,31,Good,31.4,64.9,7.6,1,9,False
2026-09-21 02:50:22.344251,12.3,26.0,9.5,10.3,0.12,30.0,20,Good,30.2,72.8,11.8,2,9,False
2026-09-21 03:50:22.344251,18.6,26.3,3.9,8.3,0.92,28.7,31,Good,33.4,79.3,9.6,3,9,False
2026-09-21 04:50:22.344251,17.2,23.9,7.1,6.3,0.4,14.6,29,Good,34.5,80.3,12.0,4,9,False
2026-09-21 05:50:22.344251,18.4,36.8,19.0,3.4,0.09,19.4,31,Good,33.0,79.9,7.5,5,9,False
2026-09-21 06:50:22.344251,17.0,30.5,5.6,5.8,0.29,11.0,28,Good,35.2,74.2,14.6,6,9,False
2026-09-21 07:50:22.344251,30.8,62.0,23.0,8.9,0.92,10.3,0,Good,33.8,81.4,10.1,7,9,False
2026-09-21 08:50:22.344251,27.1,43.2,17.1,6.0,0.65,6.4,45,Good,34.3,80.1,18.1,8,9,False
2026-09-21 09:50:22.344251,32.4,74.5,11.5,7.1,0.66,8.3,53,Satisfactory,30.2,80.5,8.0,9,9,False
2026-09-21 10:50:22.344251,32.3,58.5,21.6,9.8,0.83,21.2,53,Satisfactory,32.1,70.4,10.5,10,9,False
2026-09-21 11:50:22.344251,27.8,51.9,14.8,5.4,0.87,17.9,46,Good,30.5,79.5,8.6,11,9,False
2026-09-21 12:50:22.344251,4.9,13.3,18.6,5.9,0.72,18.2,8,Good,27.8,81.9,14.2,12,9,True
2026-09-21 13:50:22.344251,36.4,66.5,14.1,3.5,0.29,26.0,60,Satisfactory,26.3,62.5,1.7,13,9,False
2026-09-21 14:50:22.344251,28.7,65.5,14.8,4.6,0.51,30.3,48,Good,25.2,72.3,5.0,14,9,False
2026-09-21 15:50:22.344251,35.0,31.5,17.8,0.9,0.29,30.6,58,Satisfactory,25.6,75.3,8.0,15,9,False
2026-09-21 16:50:22.344251,34.6,63.3,13.0,5.5,0.68,39.5,57,Satisfactory,26.1,86.3,3.9,16,9,False
2026-09-21 17:50:22.344251,50.3,61.7,11.2,5.6,0.83,43.2,84,Satisfactory,23.5,82.7,2.2,17,9,False
2026-09-21 18:50:22.344251,34.9,80.6,15.7,4.1,0.78,49.3,58,Satisfactory,22.7,74.5,3.3,18,9,False
2026-09-21 19:50:22.344251,36.2,65.4,17.3,5.7,1.31,46.9,60,Satisfactory,25.1,74.9,6.3,19,9,False
2026-09-21 20:50:22.344251,33.6,84.1,15.6,3.8,0.82,50.3,55,Satisfactory,28.7,70.7,2.3,20,9,False
2026-09-21 21:50:22.344251,22.6,57.9,19.2,3.8,0.69,40.6,38,Good,27.0,70.5,2.8,21,9,False
2026-09-21 22:50:22.344251,23.8,55.2,4.8,7.7,0.0,41.5,40,Good,26.0,57.5,4.0,22,9,False
2026-09-21 23:50:22.344251,22.8,50.9,10.0,6.0,0.4,46.5,38,Good,27.3,77.7,5.3,23,9,False
2026-09-22 00:50:22.344251,17.9,37.2,14.1,4.6,0.44,41.8,30,Good,30.9,84.2,3.6,0,9,False
2026-09-22 01:50:22.344251,16.2,30.3,4.7,6.1,0.6,34.3,27,Good,33.2,72.1,8.6,1,9,False
2026-09-22 02:50:22.344251,17.9,40.4,7.2,9.4,0.19,31.4,30,Good,30.3,78.2,5.7,2,9,False
2026-09-22 03:50:22.344251,18.2,24.2,3.1,5.8,0.6,11.2,30,Good,32.1,75.3,10.5,3,9,False
2026-09-22 04:50:22.344251,8.9,22.7,0.0,10.7,0.52,13.8,15,Good,33.6,71.0,14.7,4,9,False
2026-09-22 05:50:22.344251,16.3,23.9,3.2,7.4,0.54,9.8,27,Good,33.5,84.1,14.2,5,9,False
2026-09-22 06:50:22.344251,16.0,36.2,14.8,3.4,0.49,12.6,27,Good,34.7,92.5,14.9,6,9,False
2026-09-22 07:50:22.344251,13.2,44.4,13.3,5.1,0.91,12.0,22,Good,30.9,62.8,13.7,7,9,False
2026-09-22 08:50:22.344251,28.8,51.4,32.6,7.2,0.58,5.8,48,Good,36.9,76.7,11.1,8,9,False
2026-09-22 09:50:22.344251,34.8,66.4,14.7,6.0,0.83,10.7,57,Satisfactory,28.9,71.4,9.6,9,9,False
2026-09-22 10:50:22.344251,38.8,55.2,18.7,8.0,0.54,8.8,64,Satisfactory,38.1,69.3,9.3,10,9,False
2026-09-22 11:50:22.344251,35.1,49.6,15.8,8.6,0.55,15.1,58,Satisfactory,30.4,69.4,6.6,11,9,False
2026-09-22 12:50:22.344251,31.7,54.9,13.4,6.3,0.84,17.3,52,Satisfactory,31.2,91.6,3.1,12,9,False
2026-09-22 13:50:22.344251,40.5,55.5,15.3,7.0,0.64,23.1,67,Satisfactory,29.4,74.8,4.6,13,9,False
2026-09-22 14:50:22.344251,32.5,57.1,21.9,4.0,0.5,31.8,54,Satisfactory,27.0,90.4,2.3,14,9,False
2026-09-22 15:50:22.344251,35.3,67.8,21.2,3.2,0.43,37.3,58,Satisfactory,26.1,68.9,4.0,15,9,False
2026-09-22 16:50:22.344251,24.7,72.7,16.9,6.4,0.74,27.6,41,Good,28.5,90.2,1.5,16,9,False
2026-09-22 17:50:22.344251,37.4,71.3,20.0,4.0,0.91,45.9,62,Satisfactory,25.5,66.6,1.6,17,9,False
2026-09-22 18:50:22.344251,43.2,90.4,15.7,4.6,1.26,41.0,72,Satisfactory,21.7,82.4,1.4,18,9,False
2026-09-22 19:50:22.344251,39.0,71.2,9.5,6.8,0.43,47.8,65,Satisfactory,26.9,90.4,2.9,19,9,False
2026-09-22 20:50:22.344251,38.7,82.2,20.0,6.9,0.86,40.8,64,Satisfactory,23.1,83.9,3.3,20,9,False
2026-09-22 21:50:22.344251,26.6,49.8,14.5,5.8,0.8,50.7,44,Good,26.0,82.5,1.2,21,9,False
2026-09-22 22:50:22.344251,31.5,51.0,18.2,6.8,0.41,46.7,52,Satisfactory,27.4,89.7,2.9,22,9,False
2026-09-22 23:50:22.344251,34.9,61.9,7.8,6.2,0.01,45.9,58,Satisfactory,30.5,72.3,4.2,23,9,False
2026-09-23 00:50:22.344251,20.4,32.5,7.4,7.8,0.57,46.5,34,Good,32.0,68.7,10.0,0,9,False
2026-09-23 01:50:22.344251,14.4,26.1,6.1,8.3,0.34,37.9,24,Good,32.2,70.7,14.2,1,9,False
2026-09-23 02:50:22.344251,18.9,27.3,12.8,2.1,0.14,34.3,31,Good,30.4,87.0,12.3,2,9,False
2026-09-23 03:50:22.344251,17.1,33.2,15.4,5.0,0.32,24.6,28,Good,32.1,84.1,7.6,3,9,False
2026-09-23 04:50:22.344251,21.1,34.3,12.4,6.3,0.45,32.5,35,Good,32.0,83.7,9.9,4,9,False
2026-09-23 05:50:22.344251,14.9,35.3,4.4,1.0,0.55,8.6,25,Good,35.2,77.1,11.3,5,9,False
2026-09-23 06:50:22.344251,20.6,30.6,15.5,4.8,0.39,11.7,34,Good,38.9,85.2,11.4,6,9,False
2026-09-23 07:50:22.344251,31.4,51.4,9.5,6.5,0.47,5.3,52,Satisfactory,35.7,73.2,13.3,7,9,False
2026-09-23 08:50:22.344251,36.4,60.7,14.0,8.1,0.74,7.0,60,Satisfactory,33.4,83.7,8.8,8,9,False
2026-09-23 09:50:22.344251,33.1,51.9,23.0,4.6,0.86,11.1,54,Satisfactory,35.3,82.0,9.9,9,9,False
2026-09-23 10:50:22.344251,35.8,55.1,26.8,5.9,0.54,21.8,59,Satisfactory,31.6,72.3,7.7,10,9,False
2026-09-23 11:50:22.344251,26.5,60.1,14.7,0.4,0.73,9.0,44,Good,29.1,79.2,6.4,11,9,False
2026-09-23 12:50:22.344251,34.8,65.6,3.2,6.5,0.82,21.2,57,Satisfactory,32.0,87.4,7.5,12,9,False
2026-09-23 13:50:22.344251,47.9,54.6,15.3,9.1,0.85,30.1,80,Satisfactory,28.6,77.0,6.1,13,9,False
2026-09-23 14:50:22.344251,29.1,54.8,15.0,6.1,0.38,33.8,48,Good,25.0,77.5,8.8,14,9,False
2026-09-23 15:50:22.344251,33.9,56.1,16.9,5.8,0.47,37.3,56,Satisfactory,21.8,91.5,4.7,15,9,False
2026-09-23 16:50:22.344251,35.4,68.9,17.3,7.5,0.61,33.7,58,Satisfactory,25.0,58.4,2.4,16,9,False
2026-09-23 17:50:22.344251,51.8,64.0,21.3,2.4,0.63,50.4,86,Satisfactory,23.2,79.9,2.0,17,9,False
2026-09-23 18:50:22.344251,44.1,88.5,23.7,3.2,0.69,55.5,73,Satisfactory,27.2,85.4,1.0,18,9,False
2026-09-23 19:50:22.344251,46.8,89.3,22.0,0.7,0.7,47.7,78,Satisfactory,25.8,84.5,0.0,19,9,False
2026-09-23 20:50:22.344251,52.1,94.1,13.0,4.8,0.97,48.8,87,Satisfactory,28.0,77.1,0.0,20,9,False
2026-09-23 21:50:22.344251,22.1,41.6,5.5,4.6,0.5,51.5,37,Good,25.7,69.5,8.0,21,9,False
2026-09-23 22:50:22.344251,29.9,45.4,8.0,4.9,0.46,45.6,50,Good,28.7,73.5,7.9,22,9,False
2026-09-23 23:50:22.344251,22.1,46.2,8.8,1.1,0.78,46.9,37,Good,24.0,79.4,6.3,23,9,False
2026-09-24 00:50:22.344251,18.9,30.8,5.2,5.1,0.48,48.9,32,Good,32.1,66.8,9.2,0,9,False
2026-09-24 01:50:22.344251,15.0,30.5,0.0,5.5,0.26,36.0,25,Good,30.7,61.6,12.8,1,9,False
2026-09-24 02:50:22.344251,17.3,39.5,9.4,6.5,0.27,30.1,29,Good,35.0,81.2,9.9,2,9,False
2026-09-24 03:50:22.344251,16.5,32.0,8.8,5.6,0.64,33.4,27,Good,35.2,76.3,9.0,3,9,False
2026-09-24 04:50:22.344251,17.7,36.3,4.3,6.8,0.42,18.3,29,Good,34.3,87.1,10.2,4,9,False
2026-09-24 05:50:22.344251,15.8,32.1,11.5,5.2,0.29,16.2,26,Good,32.9,71.7,11.1,5,9,False
2026-09-24 06:50:22.344251,23.1,40.6,16.7,6.2,0.6,17.6,39,Good,35.2,72.0,9.6,6,9,False
2026-09-24 07:50:22.344251,20.9,47.8,18.3,4.0,0.53,13.8,35,Good,36.7,70.6,15.5,7,9,False
2026-09-24 08:50:22.344251,26.7,38.1,23.9,5.0,0.63,7.2,44,Good,34.2,69.6,14.4,8,9,False
2026-09-24 09:50:22.344251,23.5,46.7,30.8,6.2,0.79,7.1,39,Good,33.9,87.4,15.6,9,9,False
2026-09-24 10:50:22.344251,36.8,71.1,16.0,8.4,0.71,14.2,61,Satisfactory,27.9,78.4,9.7,10,9,False
2026-09-24 11:50:22.344251,27.9,54.0,9.9,6.5,0.84,15.0,46,Good,32.0,72.2,10.0,11,9,False
2026-09-24 12:50:22.344251,37.6,47.6,12.6,5.7,0.36,15.9,62,Satisfactory,31.2,69.7,4.2,12,9,False
2026-09-24 13:50:22.344251,28.8,55.7,13.6,2.0,0.86,19.9,48,Good,30.1,76.5,5.9,13,9,False
2026-09-24 14:50:22.344251,27.9,52.1,18.3,7.3,0.72,27.0,46,Good,25.6,67.6,5.4,14,9,False
2026-09-24 15:50:22.344251,28.7,62.1,9.4,4.2,0.58,32.0,48,Good,28.0,83.3,5.1,15,9,False
2026-09-24 16:50:22.344251,27.5,67.0,8.1,6.6,0.87,34.5,46,Good,26.8,69.2,2.6,16,9,False
2026-09-24 17:50:22.344251,28.0,83.2,13.8,4.9,0.88,47.4,47,Good,27.3,74.1,2.6,17,9,False
2026-09-24 18:50:22.344251,38.1,70.8,22.6,4.0,0.64,44.8,63,Satisfactory,22.9,81.7,6.9,18,9,False
2026-09-24 19:50:22.344251,29.9,59.6,14.8,3.8,0.64,51.9,50,Good,27.3,77.1,7.3,19,9,False
2026-09-24 20:50:22.344251,38.4,73.5,17.3,8.2,0.6,47.0,64,Satisfactory,26.5,85.0,2.6,20,9,False
2026-09-24 21:50:22.344251,21.3,40.9,13.6,2.6,0.97,50.9,36,Good,26.3,93.2,4.5,21,9,False
2026-09-24 22:50:22.344251,20.3,47.7,19.6,5.8,0.56,48.5,34,Good,28.0,77.4,5.1,22,9,False
2026-09-24 23:50:22.344251,27.4,55.0,6.2,6.9,0.47,45.0,46,Good,26.1,71.4,5.1,23,9,False
2026-09-25 00:50:22.344251,14.5,23.4,5.8,6.9,0.55,41.9,24,Good,28.2,78.6,13.7,0,9,False
2026-09-25 01:50:22.344251,18.7,36.4,9.1,3.6,0.19,39.4,31,Good,32.6,67.4,8.0,1,9,False
2026-09-25 02:50:22.344251,15.5,30.7,8.2,6.0,0.04,27.4,26,Good,30.8,81.9,13.6,2,9,False
2026-09-25 03:50:22.344251,16.5,28.5,15.1,8.5,0.11,23.7,27,Good,33.0,79.2,12.6,3,9,False
2026-09-25 04:50:22.344251,17.1,28.9,11.8,8.6,0.4,17.7,28,Good,35.5,78.0,14.2,4,9,False
2026-09-25 05:50:22.344251,10.6,30.0,13.6,4.5,0.51,15.5,18,Good,35.3,78.1,10.8,5,9,False
2026-09-25 06:50:22.344251,19.2,28.7,12.6,2.7,0.6,10.7,32,Good,36.0,81.3,14.8,6,9,False
2026-09-25 07:50:22.344251,26.7,58.5,25.2,4.3,0.94,8.6,45,Good,36.7,83.0,10.1,7,9,False
2026-09-25 08:50:22.344251,34.0,60.4,13.4,10.8,0.96,17.7,56,Satisfactory,35.7,75.8,10.7,8,9,False
2026-09-25 09:50:22.344251,32.5,48.6,12.4,3.8,1.29,11.1,54,Satisfactory,34.8,64.3,13.0,9,9,False
2026-09-25 10:50:22.344251,22.0,46.0,21.7,7.0,0.89,7.2,37,Good,35.5,69.5,14.3,10,9,False
2026-09-25 11:50:22.344251,28.3,51.1,15.9,8.5,0.94,4.5,47,Good,32.4,80.2,10.9,11,9,False
2026-09-25 12:50:22.344251,33.5,70.2,13.2,5.8,0.53,23.8,55,Satisfactory,28.9,80.9,5.5,12,9,False
2026-09-25 13:50:22.344251,34.3,61.3,17.5,4.1,0.37,21.6,57,Satisfactory,26.4,84.4,5.7,13,9,False
2026-09-25 14:50:22.344251,36.4,61.5,11.2,4.4,0.63,29.7,60,Satisfactory,28.4,86.2,3.4,14,9,False
2026-09-25 15:50:22.344251,31.0,81.2,10.5,5.0,0.31,36.8,51,Satisfactory,26.6,84.9,1.2,15,9,False
2026-09-25 16:50:22.344251,29.8,56.3,17.2,5.0,0.72,41.8,50,Good,27.2,90.1,5.4,16,9,False
2026-09-25 17:50:22.344251,52.4,82.5,20.3,6.7,0.66,47.4,87,Satisfactory,26.4,72.4,0.0,17,9,False
2026-09-25 18:50:22.344251,33.0,59.2,12.2,7.4,0.87,43.0,54,Satisfactory,26.5,78.6,9.2,18,9,False
2026-09-25 19:50:22.344251,45.1,79.3,16.7,4.3,0.46,41.4,75,Satisfactory,26.1,70.0,0.0,19,9,False
2026-09-25 20:50:22.344251,39.2,53.5,19.0,5.4,0.82,43.0,65,Satisfactory,25.0,66.5,8.5,20,9,False
2026-09-25 21:50:22.344251,33.3,67.4,4.8,0.5,0.54,40.8,55,Satisfactory,28.2,73.9,1.3,21,9,False
2026-09-25 22:50:22.344251,26.6,52.5,14.7,5.9,0.64,51.5,44,Good,25.8,85.6,1.9,22,9,False
2026-09-25 23:50:22.344251,27.3,42.2,16.8,6.4,0.45,35.3,46,Good,30.9,91.2,6.5,23,9,False
2026-09-26 00:50:22.344251,16.8,34.3,11.4,1.7,0.4,36.3,28,Good,27.9,73.9,8.2,0,9,False
2026-09-26 01:50:22.344251,21.4,35.3,2.2,6.9,0.6,31.8,36,Good,30.3,90.2,8.7,1,9,False
2026-09-26 02:50:22.344251,23.9,33.0,10.6,6.1,0.39,25.1,40,Good,33.3,67.5,5.0,2,9,False
2026-09-26 03:50:22.344251,18.8,27.4,7.9,4.3,0.3,28.9,31,Good,34.5,86.2,13.0,3,9,False
2026-09-26 04:50:22.344251,19.7,29.9,6.2,5.1,0.68,21.3,33,Good,33.2,83.7,9.8,4,9,False
2026-09-26 05:50:22.344251,16.1,31.6,8.6,3.7,0.72,14.4,27,Good,34.6,67.9,10.7,5,9,False
2026-09-26 06:50:22.344251,14.5,25.6,12.0,4.7,0.66,9.6,24,Good,33.6,84.2,15.4,6,9,False
2026-09-26 07:50:22.344251,26.1,47.3,24.8,1.4,0.76,15.7,44,Good,34.8,88.1,14.4,7,9,False
2026-09-26 08:50:22.344251,27.8,44.4,20.4,6.5,0.71,7.1,46,Good,32.7,86.2,13.5,8,9,False
2026-09-26 09:50:22.344251,30.7,53.9,30.0,8.1,0.62,6.8,0,Good,35.3,70.1,8.5,9,9,False
2026-09-26 10:50:22.344251,36.1,66.2,22.9,6.8,0.79,17.0,60,Satisfactory,31.9,79.3,8.9,10,9,False
2026-09-26 11:50:22.344251,27.9,51.7,19.5,5.3,0.31,29.4,47,Good,31.0,74.9,8.2,11,9,False
2026-09-26 12:50:22.344251,33.7,62.4,18.1,6.0,0.63,12.7,56,Satisfactory,31.7,73.9,8.0,12,9,False
2026-09-26 13:50:22.344251,37.7,55.2,11.3,3.2,0.6,26.1,62,Satisfactory,28.0,74.1,6.4,13,9,False
2026-09-26 14:50:22.344251,41.7,60.8,22.6,4.6,0.29,32.8,69,Satisfactory,23.5,76.3,3.4,14,9,False
2026-09-26 15:50:22.344251,29.6,76.3,15.0,1.9,0.9,34.6,49,Good,26.0,76.1,3.2,15,9,False
2026-09-26 16:50:22.344251,26.4,55.8,14.7,2.7,0.53,45.0,44,Good,27.3,78.6,7.5,16,9,False
2026-09-26 17:50:22.344251,55.5,69.3,22.0,6.7,1.11,42.1,92,Satisfactory,24.4,77.9,4.3,17,9,False
2026-09-26 18:50:22.344251,46.4,64.9,17.9,8.4,0.65,44.6,77,Satisfactory,23.0,81.0,4.0,18,9,False
2026-09-26 19:50:22.344251,36.7,68.0,16.7,5.2,0.74,49.4,61,Satisfactory,23.4,87.5,2.2,19,9,False
2026-09-26 20:50:22.344251,35.9,78.4,25.7,3.5,0.45,47.6,59,Satisfactory,25.4,84.7,1.5,20,9,False
2026-09-26 21:50:22.344251,27.1,49.7,18.7,5.2,0.48,52.2,45,Good,28.2,60.9,6.3,21,9,False
2026-09-26 22:50:22.344251,22.4,34.2,16.5,7.1,0.34,50.6,37,Good,28.7,85.1,11.0,22,9,False
2026-09-26 23:50:22.344251,23.2,44.1,18.7,9.2,0.35,48.3,39,Good,28.2,82.6,7.1,23,9,False
2026-09-27 00:50:22.344251,19.1,34.6,12.9,7.1,0.53,36.6,32,Good,30.7,80.4,9.1,0,9,False
2026-09-27 01:50:22.344251,21.3,40.6,2.8,3.9,0.53,39.1,35,Good,33.7,72.4,4.7,1,9,False
2026-09-27 02:50:22.344251,15.4,32.7,7.9,2.4,0.0,29.7,26,Good,30.4,74.9,10.6,2,9,False
2026-09-27 03:50:22.344251,20.6,24.8,17.6,3.4,0.4,24.5,34,Good,29.5,79.8,10.1,3,9,False
2026-09-27 04:50:22.344251,13.8,27.1,8.2,5.7,0.8,20.4,23,Good,35.0,77.6,8.3,4,9,False
2026-09-27 05:50:22.344251,15.2,21.9,8.5,8.2,0.39,11.7,25,Good,37.2,84.8,12.5,5,9,False
2026-09-27 06:50:22.344251,15.9,33.8,10.8,4.4,0.73,20.7,26,Good,33.6,85.4,14.8,6,9,False
2026-09-27 07:50:22.344251,29.0,45.6,13.0,8.4,0.69,8.9,48,Good,36.3,84.6,11.6,7,9,False
2026-09-27 08:50:22.344251,31.7,48.8,18.3,5.3,0.85,4.3,52,Satisfactory,35.7,78.7,12.0,8,9,False
2026-09-27 09:50:22.344251,21.1,48.8,15.2,5.5,0.95,13.0,35,Good,28.7,78.0,15.0,9,9,False
2026-09-27 10:50:22.344251,39.3,55.0,27.3,6.8,0.69,23.1,65,Satisfactory,30.3,85.8,8.2,10,9,False
2026-09-27 11:50:22.344251,30.3,51.8,17.0,5.0,0.62,7.1,0,Good,31.3,85.6,4.9,11,9,False
2026-09-27 12:50:22.344251,34.6,50.1,11.3,4.9,0.35,20.3,57,Satisfactory,28.5,72.1,4.1,12,9,False
2026-09-27 13:50:22.344251,42.4,73.5,16.0,4.2,0.23,21.7,70,Satisfactory,28.0,68.6,4.8,13,9,False
2026-09-27 14:50:22.344251,22.2,37.4,19.8,8.5,0.45,33.4,37,Good,30.4,89.8,7.8,14,9,False
2026-09-27 15:50:22.344251,37.2,56.1,18.3,4.2,0.96,34.1,61,Satisfactory,23.5,78.6,6.1,15,9,False
2026-09-27 16:50:22.344251,33.0,64.8,10.1,6.5,0.55,39.5,54,Satisfactory,25.2,82.7,3.4,16,9,False
2026-09-27 17:50:22.344251,53.6,64.4,19.0,6.9,1.22,51.7,89,Satisfactory,24.8,85.4,0.0,17,9,False
2026-09-27 18:50:22.344251,37.9,66.0,21.4,7.2,0.65,48.2,63,Satisfactory,23.3,76.1,3.3,18,9,False
2026-09-27 19:50:22.344251,29.5,65.5,19.3,6.0,0.37,44.3,49,Good,25.3,78.9,4.1,19,9,False
2026-09-27 20:50:22.344251,41.1,65.1,19.9,5.1,0.81,54.2,68,Satisfactory,26.1,74.8,1.9,20,9,False
2026-09-27 21:50:22.344251,7.1,15.7,18.0,5.4,0.56,41.4,12,Good,30.8,86.7,4.5,21,9,True
2026-09-27 22:50:22.344251,24.5,41.7,10.4,6.2,0.36,45.5,41,Good,24.3,73.2,6.1,22,9,False
2026-09-27 23:50:22.344251,21.4,39.5,21.5,5.1,0.19,49.3,36,Good,26.0,88.4,8.2,23,9,False
2026-09-28 00:50:22.344251,19.0,40.3,6.2,5.6,0.42,46.8,32,Good,28.8,76.9,8.0,0,9,False
2026-09-28 01:50:22.344251,14.9,24.6,16.5,3.6,0.54,33.8,25,Good,28.6,78.6,15.7,1,9,False
2026-09-28 02:50:22.344251,16.1,37.5,9.1,8.1,0.51,27.6,27,Good,38.0,73.7,9.3,2,9,False
2026-09-28 03:50:22.344251,19.9,38.3,14.8,6.6,0.42,17.3,33,Good,30.7,79.3,5.1,3,9,False
2026-09-28 04:50:22.344251,15.3,27.6,13.8,6.6,0.62,9.7,25,Good,34.5,67.6,14.7,4,9,False
2026-09-28 05:50:22.344251,20.1,20.9,11.7,4.8,0.3,12.0,33,Good,33.7,81.5,12.3,5,9,False
2026-09-28 06:50:22.344251,12.4,35.7,14.5,8.1,0.55,13.9,21,Good,38.4,67.8,14.3,6,9,False
2026-09-28 07:50:22.344251,38.0,44.0,16.0,3.0,0.69,7.3,63,Satisfactory,36.3,70.8,10.4,7,9,False
2026-09-28 08:50:22.344251,25.8,49.5,24.8,2.7,0.52,9.8,43,Good,35.0,77.1,16.7,8,9,False
2026-09-28 09:50:22.344251,34.7,55.8,21.5,7.0,0.74,7.6,57,Satisfactory,34.9,76.1,10.9,9,9,False
2026-09-28 10:50:22.344251,31.7,60.6,25.2,3.2,0.98,14.2,52,Satisfactory,34.5,84.9,8.2,10,9,False
2026-09-28 11:50:22.344251,20.2,47.6,12.2,6.4,0.86,16.5,34,Good,29.8,87.8,11.5,11,9,False
2026-09-28 12:50:22.344251,19.4,72.8,17.8,1.3,0.78,16.5,32,Good,28.0,78.2,6.6,12,9,False
2026-09-28 13:50:22.344251,33.4,67.0,3.6,3.4,0.63,20.3,55,Satisfactory,27.9,82.5,5.2,13,9,False
2026-09-28 14:50:22.344251,30.1,58.1,14.4,5.0,0.87,38.2,0,Good,30.3,78.6,7.2,14,9,False
2026-09-28 15:50:22.344251,77.6,127.1,22.0,4.0,0.91,35.3,158,Moderate,29.7,69.5,5.2,15,9,True
2026-09-28 16:50:22.344251,33.7,66.3,21.0,3.7,0.72,35.3,56,Satisfactory,29.2,69.4,2.1,16,9,False
2026-09-28 17:50:22.344251,38.7,81.8,12.3,2.6,0.67,41.3,64,Satisfactory,23.2,94.2,2.9,17,9,False
2026-09-28 18:50:22.344251,36.0,84.2,23.5,2.7,0.39,50.1,59,Satisfactory,23.1,72.9,0.9,18,9,False
2026-09-28 19:50:22.344251,43.7,64.6,10.1,6.2,0.89,51.8,73,Satisfactory,25.4,69.2,4.9,19,9,False
2026-09-28 20:50:22.344251,42.0,80.5,12.1,7.1,0.95,54.5,70,Satisfactory,25.3,76.3,3.4,20,9,False
2026-09-28 21:50:22.344251,28.1,42.9,7.6,5.4,0.48,47.7,47,Good,27.1,83.8,6.6,21,9,False
2026-09-28 22:50:22.344251,22.6,35.1,2.1,9.9,0.56,49.8,38,Good,27.2,77.2,8.8,22,9,False
2026-09-28 23:50:22.344251,24.5,47.7,8.7,5.3,0.28,40.8,41,Good,30.5,88.9,5.8,23,9,False
2026-09-29 00:50:22.344251,21.7,31.4,7.5,4.4,0.72,39.7,36,Good,31.9,82.6,8.1,0,9,False
2026-09-29 01:50:22.344251,21.6,33.3,7.5,7.4,0.16,29.1,36,Good,32.6,70.5,8.0,1,9,False
2026-09-29 02:50:22.344251,20.3,30.9,23.1,5.3,0.0,32.7,34,Good,31.0,83.1,11.3,2,9,False
2026-09-29 03:50:22.344251,16.1,29.0,10.4,7.1,0.27,30.6,27,Good,33.9,84.6,11.4,3,9,False
2026-09-29 04:50:22.344251,11.4,23.6,16.2,5.1,0.43,17.3,19,Good,31.6,98.9,16.1,4,9,False
2026-09-29 05:50:22.344251,16.2,29.3,16.5,5.5,0.62,18.2,27,Good,34.3,76.8,10.1,5,9,False
2026-09-29 06:50:22.344251,21.4,33.1,16.0,6.8,0.41,6.2,36,Good,38.2,73.9,14.2,6,9,False
2026-09-29 07:50:22.344251,25.4,43.0,23.5,5.4,0.7,5.6,42,Good,36.2,90.2,14.9,7,9,False
2026-09-29 08:50:22.344251,17.5,46.8,8.2,5.2,0.66,7.6,29,Good,36.4,71.9,16.8,8,9,False
2026-09-29 09:50:22.344251,23.7,71.3,21.2,5.2,0.94,6.2,39,Good,33.3,77.4,6.9,9,9,False
2026-09-29 10:50:22.344251,24.4,45.8,21.8,3.7,0.95,5.7,41,Good,32.5,82.5,15.2,10,9,False
2026-09-29 11:50:22.344251,30.9,48.6,16.7,10.9,0.35,14.3,0,Good,34.8,84.6,9.5,11,9,False
2026-09-29 12:50:22.344251,38.5,66.9,14.1,4.4,0.69,21.8,64,Satisfactory,28.9,80.4,5.8,12,9,False
2026-09-29 13:50:22.344251,26.4,55.6,6.7,6.8,0.29,22.5,44,Good,29.6,76.0,9.5,13,9,False
2026-09-29 14:50:22.344251,28.9,44.5,11.1,5.9,0.6,17.5,48,Good,26.9,85.0,9.8,14,9,False
2026-09-29 15:50:22.344251,116.6,129.1,24.5,7.2,0.67,30.8,288,Poor,27.8,88.3,3.5,15,9,True
2026-09-29 16:50:22.344251,41.0,64.2,8.2,2.7,0.32,41.6,68,Satisfactory,25.5,67.3,0.6,16,9,False
2026-09-29 17:50:22.344251,40.3,62.2,19.1,7.1,0.69,46.9,67,Satisfactory,24.7,74.7,4.1,17,9,False
2026-09-29 18:50:22.344251,39.2,71.9,27.9,3.8,0.53,40.8,65,Satisfactory,29.6,88.1,6.5,18,9,False
2026-09-29 19:50:22.344251,36.5,50.8,7.9,3.9,0.55,56.4,60,Satisfactory,26.3,96.0,4.7,19,9,False
2026-09-29 20:50:22.344251,40.2,74.1,22.7,7.7,0.8,51.0,67,Satisfactory,25.1,87.4,3.5,20,9,False
2026-09-29 21:50:22.344251,34.9,56.4,12.5,3.4,0.78,50.5,58,Satisfactory,24.7,64.7,4.8,21,9,False
2026-09-29 22:50:22.344251,34.9,64.8,13.7,3.8,0.39,49.7,58,Satisfactory,28.1,68.2,0.6,22,9,False
2026-09-29 23:50:22.344251,31.8,44.4,11.1,8.5,0.13,43.0,52,Satisfactory,31.5,87.3,4.6,23,9,False
2026-09-30 00:50:22.344251,21.3,33.3,12.1,5.9,0.4,46.0,35,Good,28.2,66.2,6.4,0,9,False
2026-09-30 01:50:22.344251,18.9,43.1,10.5,1.7,0.47,34.5,31,Good,30.1,74.3,5.6,1,9,False
2026-09-30 02:50:22.344251,14.0,32.0,12.7,8.1,0.1,26.0,23,Good,32.1,77.6,12.2,2,9,False
2026-09-30 03:50:22.344251,14.2,31.1,2.2,5.4,0.09,25.9,24,Good,34.5,67.8,12.5,3,9,False
2026-09-30 04:50:22.344251,14.0,30.2,5.7,2.5,0.13,17.8,23,Good,32.3,87.7,12.5,4,9,False
2026-09-30 05:50:22.344251,12.2,24.4,1.7,6.4,0.32,16.5,20,Good,32.3,70.4,15.5,5,9,False
2026-09-30 06:50:22.344251,16.5,29.5,16.9,7.6,0.58,11.6,27,Good,37.7,66.2,15.1,6,9,False
2026-09-30 07:50:22.344251,34.9,49.6,22.8,8.2,0.87,13.0,58,Satisfactory,35.9,65.2,13.1,7,9,False
2026-09-30 08:50:22.344251,26.6,47.6,16.8,4.0,0.88,6.7,44,Good,34.7,63.1,17.4,8,9,False
2026-09-30 09:50:22.344251,31.8,63.5,18.8,4.1,0.96,9.2,52,Satisfactory,31.8,66.6,9.7,9,9,False
2026-09-30 10:50:22.344251,24.7,50.8,23.9,7.2,0.97,10.3,41,Good,32.5,69.7,13.3,10,9,False
2026-09-30 11:50:22.344251,24.7,52.0,14.3,4.7,0.3,19.3,41,Good,32.8,85.5,9.4,11,9,False
2026-09-30 12:50:22.344251,27.5,44.6,7.6,7.6,0.72,15.5,46,Good,27.6,85.8,12.2,12,9,False
2026-09-30 13:50:22.344251,29.7,39.5,22.0,2.8,0.92,14.2,49,Good,31.9,82.2,10.0,13,9,False
2026-09-30 14:50:22.344251,40.7,67.1,16.3,6.3,0.6,27.7,67,Satisfactory,31.5,76.3,1.3,14,9,False
2026-09-30 15:50:22.344251,48.8,76.1,17.8,3.7,0.82,34.5,81,Satisfactory,24.9,74.8,0.0,15,9,False
2026-09-30 16:50:22.344251,92.4,224.9,15.2,6.7,0.32,41.1,206,Poor,24.4,74.1,0.0,16,9,True
2026-09-30 17:50:22.344251,36.8,52.6,12.1,4.6,0.82,44.5,61,Satisfactory,24.4,81.0,4.1,17,9,False
2026-09-30 18:50:22.344251,43.7,80.9,31.9,4.4,0.81,47.2,73,Satisfactory,22.7,84.6,2.3,18,9,False
2026-09-30 19:50:22.344251,32.6,85.5,18.8,6.7,0.7,48.5,54,Satisfactory,24.7,89.0,3.7,19,9,False
2026-09-30 20:50:22.344251,37.1,59.5,15.5,5.4,0.79,54.8,61,Satisfactory,23.4,86.3,7.9,20,9,False
2026-09-30 21:50:22.344251,28.5,47.1,9.9,6.1,0.58,53.1,48,Good,23.6,79.3,5.1,21,9,False
2026-09-30 22:50:22.344251,20.8,52.7,3.0,8.4,0.87,46.6,35,Good,26.7,80.5,7.3,22,9,False
2026-09-30 23:50:22.344251,25.1,40.6,22.0,4.7,0.5,43.7,42,Good,25.0,89.7,10.8,23,9,False
2026-10-01 00:50:22.344251,25.2,59.0,9.6,4.4,0.58,39.6,42,Good,25.9,79.5,4.5,0,10,False
2026-10-01 01:50:22.344251,16.6,28.7,9.2,9.7,0.54,34.9,28,Good,23.7,78.5,16.8,1,10,False
2026-10-01 02:50:22.344251,24.5,48.9,10.4,7.3,0.23,38.0,41,Good,26.8,84.8,9.5,2,10,False
2026-10-01 03:50:22.344251,23.2,39.8,14.7,7.8,0.58,30.1,39,Good,25.5,91.3,9.1,3,10,False
2026-10-01 04:50:22.344251,35.5,54.4,10.6,6.2,0.74,18.7,59,Satisfactory,28.8,82.8,7.3,4,10,False
2026-10-01 05:50:22.344251,15.5,37.2,6.0,4.7,0.78,7.0,26,Good,27.4,71.2,15.8,5,10,False
2026-10-01 06:50:22.344251,25.8,51.6,16.2,10.3,0.49,19.4,43,Good,29.5,76.1,8.0,6,10,False
2026-10-01 07:50:22.344251,38.9,74.4,23.8,6.9,0.92,8.6,64,Satisfactory,28.5,86.9,13.1,7,10,False
2026-10-01 08:50:22.344251,51.0,96.2,24.5,8.0,0.87,21.2,85,Satisfactory,29.7,83.1,6.7,8,10,False
2026-10-01 09:50:22.344251,38.4,63.0,25.6,7.2,0.6,16.4,64,Satisfactory,29.2,72.5,12.9,9,10,False
2026-10-01 10:50:22.344251,50.6,88.4,26.3,8.0,0.9,18.8,84,Satisfactory,30.0,73.6,8.3,10,10,False
2026-10-01 11:50:22.344251,38.9,66.4,24.0,10.2,0.64,18.8,64,Satisfactory,30.0,81.0,10.0,11,10,False
2026-10-01 12:50:22.344251,50.1,70.8,18.7,10.4,0.88,16.1,83,Satisfactory,27.4,74.0,4.3,12,10,False
2026-10-01 13:50:22.344251,57.4,119.0,28.1,9.2,1.33,30.7,96,Satisfactory,28.1,72.0,0.9,13,10,False
2026-10-01 14:50:22.344251,38.0,74.0,23.4,5.8,1.15,23.4,63,Satisfactory,23.0,74.1,8.1,14,10,False
2026-10-01 15:50:22.344251,47.7,80.1,17.1,7.8,0.94,29.8,79,Satisfactory,20.0,78.9,0.9,15,10,False
2026-10-01 16:50:22.344251,54.1,67.2,13.2,7.2,1.0,44.6,90,Satisfactory,24.7,84.8,5.2,16,10,False
2026-10-01 17:50:22.344251,62.8,109.9,26.8,6.6,1.11,47.8,107,Moderate,22.4,73.2,0.7,17,10,False
2026-10-01 18:50:22.344251,43.5,120.3,28.5,6.9,0.78,47.3,72,Satisfactory,19.2,80.9,4.9,18,10,False
2026-10-01 19:50:22.344251,56.3,115.2,34.6,8.5,1.18,51.5,94,Satisfactory,22.3,100.0,2.5,19,10,False
2026-10-01 20:50:22.344251,58.3,96.1,25.9,8.3,1.2,56.0,97,Satisfactory,23.7,87.7,3.6,20,10,False
2026-10-01 21:50:22.344251,33.8,54.3,23.1,8.7,0.77,40.3,56,Satisfactory,20.0,84.4,10.9,21,10,False
2026-10-01 22:50:22.344251,35.4,50.4,24.1,9.5,0.69,48.9,58,Satisfactory,19.4,78.8,8.7,22,10,False
2026-10-01 23:50:22.344251,22.3,60.9,28.1,8.3,0.77,33.9,37,Good,24.2,76.5,9.0,23,10,False
2026-10-02 00:50:22.344251,23.5,39.9,13.6,9.5,0.92,34.4,39,Good,26.0,77.0,10.5,0,10,False
2026-10-02 01:50:22.344251,26.4,47.2,18.9,7.2,0.48,31.3,44,Good,25.4,65.9,6.2,1,10,False
2026-10-02 02:50:22.344251,21.6,35.4,16.2,8.2,0.44,25.9,36,Good,31.0,72.6,13.5,2,10,False
2026-10-02 03:50:22.344251,29.0,45.3,9.4,6.6,0.51,27.1,48,Good,24.5,93.5,7.8,3,10,False
2026-10-02 04:50:22.344251,20.6,43.1,21.4,4.6,0.75,18.7,34,Good,28.5,79.8,10.6,4,10,False
2026-10-02 05:50:22.344251,17.8,42.6,10.3,5.1,0.47,14.0,30,Good,26.3,88.1,15.3,5,10,False
2026-10-02 06:50:22.344251,28.2,40.4,16.4,5.4,0.53,7.6,47,Good,29.0,82.9,15.3,6,10,False
2026-10-02 07:50:22.344251,41.6,76.6,26.8,8.5,0.98,3.9,69,Satisfactory,31.3,74.1,11.4,7,10,False
2026-10-02 08:50:22.344251,38.9,61.9,22.6,11.0,0.84,14.8,64,Satisfactory,30.2,73.5,12.7,8,10,False
2026-10-02 09:50:22.344251,45.6,77.5,25.0,6.7,1.01,7.1,76,Satisfactory,31.8,84.4,10.4,9,10,False
2026-10-02 10:50:22.344251,46.8,69.9,30.3,7.6,1.14,21.4,78,Satisfactory,29.7,81.1,9.3,10,10,False
2026-10-02 11:50:22.344251,52.0,86.1,17.9,11.2,0.69,13.1,87,Satisfactory,21.8,65.9,8.4,11,10,False
2026-10-02 12:50:22.344251,40.7,63.5,28.1,7.9,0.96,19.7,67,Satisfactory,25.6,79.3,11.2,12,10,False
2026-10-02 13:50:22.344251,38.0,59.9,21.6,8.0,0.92,18.8,63,Satisfactory,26.4,73.2,12.3,13,10,False
2026-10-02 14:50:22.344251,38.1,61.3,16.6,9.6,0.77,30.5,63,Satisfactory,20.5,79.2,12.4,14,10,False
2026-10-02 15:50:22.344251,46.6,60.2,28.2,10.4,1.06,30.0,77,Satisfactory,20.3,72.9,5.7,15,10,False
2026-10-02 16:50:22.344251,55.5,86.9,19.6,7.2,0.92,39.5,92,Satisfactory,19.2,86.5,3.3,16,10,False
2026-10-02 17:50:22.344251,42.7,93.9,25.4,13.1,1.32,43.4,71,Satisfactory,20.5,80.3,6.0,17,10,False
2026-10-02 18:50:22.344251,48.6,83.8,30.0,8.3,0.62,52.0,81,Satisfactory,20.0,88.3,4.0,18,10,False
2026-10-02 19:50:22.344251,71.8,113.4,16.9,9.4,0.88,53.5,138,Moderate,23.4,85.6,3.1,19,10,False
2026-10-02 20:50:22.344251,56.7,98.4,28.4,8.7,0.73,52.6,94,Satisfactory,19.0,92.2,5.3,20,10,False
2026-10-02 21:50:22.344251,30.9,61.7,21.1,9.3,0.56,45.7,0,Good,18.5,75.6,6.8,21,10,False
2026-10-02 22:50:22.344251,42.9,77.4,8.2,7.1,0.89,46.4,71,Satisfactory,20.4,81.6,1.0,22,10,False
2026-10-02 23:50:22.344251,37.5,61.0,8.2,7.8,0.81,43.2,62,Satisfactory,24.0,88.5,5.5,23,10,False
2026-10-03 00:50:22.344251,23.9,40.4,13.8,5.3,0.58,46.3,40,Good,23.2,79.1,11.3,0,10,False
2026-10-03 01:50:22.344251,27.4,35.1,13.0,10.5,0.64,27.2,46,Good,25.6,84.4,11.1,1,10,False
2026-10-03 02:50:22.344251,26.0,45.0,20.1,6.7,1.05,24.9,43,Good,29.4,76.9,11.8,2,10,False
2026-10-03 03:50:22.344251,22.3,51.4,7.1,5.3,0.58,24.2,37,Good,28.1,74.2,11.3,3,10,False
2026-10-03 04:50:22.344251,19.7,27.7,16.8,6.9,0.84,27.1,33,Good,29.2,76.3,18.4,4,10,False
2026-10-03 05:50:22.344251,20.3,43.0,20.2,5.2,0.26,10.5,34,Good,33.7,86.5,12.5,5,10,False
2026-10-03 06:50:22.344251,29.7,45.4,15.5,7.1,0.54,18.1,49,Good,29.4,82.0,13.7,6,10,False
2026-10-03 07:50:22.344251,30.4,53.7,26.3,8.2,0.81,17.9,0,Good,31.3,85.4,13.5,7,10,False
2026-10-03 08:50:22.344251,36.8,56.8,21.6,8.9,1.2,7.3,61,Satisfactory,30.5,76.9,18.3,8,10,False
2026-10-03 09:50:22.344251,39.0,77.5,26.9,6.8,1.15,12.3,64,Satisfactory,31.0,75.0,11.9,9,10,False
2026-10-03 10:50:22.344251,48.6,78.9,25.2,11.4,1.04,10.7,81,Satisfactory,27.0,74.1,8.0,10,10,False
2026-10-03 11:50:22.344251,55.6,67.0,22.6,8.9,1.06,15.6,93,Satisfactory,26.9,76.6,1.0,11,10,False
2026-10-03 12:50:22.344251,38.0,81.3,19.2,9.0,0.78,9.6,63,Satisfactory,25.1,82.1,7.0,12,10,False
2026-10-03 13:50:22.344251,40.6,66.2,19.7,6.3,1.02,25.3,67,Satisfactory,26.8,82.9,7.0,13,10,False
2026-10-03 14:50:22.344251,57.8,108.5,14.1,10.1,0.98,18.5,96,Satisfactory,22.0,83.4,5.2,14,10,False
2026-10-03 15:50:22.344251,54.5,79.4,16.9,8.5,0.89,40.8,91,Satisfactory,19.9,69.9,3.7,15,10,False
2026-10-03 16:50:22.344251,52.2,66.8,21.6,9.2,0.98,41.8,87,Satisfactory,22.2,75.4,2.2,16,10,False
2026-10-03 17:50:22.344251,57.5,92.7,29.9,7.4,1.1,46.1,96,Satisfactory,22.4,79.8,4.5,17,10,False
2026-10-03 18:50:22.344251,61.4,103.8,25.0,8.0,0.9,50.2,103,Moderate,18.7,80.2,0.0,18,10,False
2026-10-03 19:50:22.344251,48.5,85.1,21.6,8.0,0.89,55.9,81,Satisfactory,20.3,81.2,5.8,19,10,False
2026-10-03 20:50:22.344251,56.8,118.1,33.6,5.6,1.12,55.9,95,Satisfactory,17.1,87.0,1.0,20,10,False
2026-10-03 21:50:22.344251,38.6,54.1,18.7,9.0,0.84,46.4,64,Satisfactory,16.8,74.9,8.9,21,10,False
2026-10-03 22:50:22.344251,38.3,79.2,22.5,7.1,1.0,57.1,63,Satisfactory,23.3,81.9,0.9,22,10,False
2026-10-03 23:50:22.344251,29.7,62.5,15.2,9.1,0.98,41.3,49,Good,22.1,64.2,10.1,23,10,False
2026-10-04 00:50:22.344251,26.1,50.7,13.1,8.0,0.42,36.6,44,Good,19.6,81.5,7.4,0,10,False
