timestamp,pm25,pm10,no2,so2,co,o3,aqi,aqi_category,temperature,humidity,wind_speed,hour,month,is_anomaly
2026-07-06 01:50:20.512938,10.2,16.6,0.0,5.4,0.16,37.1,17,Good,36.8,56.8,9.4,1,7,False
2026-07-06 02:50:20.512938,8.0,20.1,8.8,1.1,0.28,28.1,13,Good,42.1,55.4,13.3,2,7,False
2026-07-06 03:50:20.512938,10.9,15.8,16.8,3.8,0.47,36.1,18,Good,35.7,55.0,9.7,3,7,False
2026-07-06 04:50:20.512938,13.0,19.9,3.9,4.6,0.4,22.6,22,Good,40.0,55.6,7.4,4,7,False
2026-07-06 05:50:20.512938,10.5,16.0,4.2,3.5,0.31,8.8,17,Good,39.0,61.8,11.5,5,7,False
2026-07-06 06:50:20.512938,9.5,21.9,7.0,3.9,0.43,8.1,16,Good,42.6,67.0,12.2,6,7,False
2026-07-06 07:50:20.512938,14.9,27.0,12.0,5.2,0.86,11.1,25,Good,36.6,60.4,15.4,7,7,False
2026-07-06 08:50:20.512938,17.4,27.9,11.2,6.4,0.96,7.5,29,Good,39.9,64.9,12.8,8,7,False
2026-07-06 09:50:20.512938,28.4,41.4,12.7,3.2,0.61,10.3,47,Good,39.0,74.5,5.9,9,7,False
2026-07-06 10:50:20.512938,16.7,30.8,12.1,4.5,0.44,10.6,28,Good,35.2,56.3,11.8,10,7,False
2026-07-06 11:50:20.512938,17.7,29.0,15.3,6.0,0.67,9.9,29,Good,37.0,40.7,11.1,11,7,False
2026-07-06 12:50:20.512938,10.6,31.2,16.0,5.5,0.56,23.4,18,Good,34.3,54.6,12.5,12,7,False
2026-07-06 13:50:20.512938,18.4,35.7,12.2,5.4,0.48,27.6,31,Good,30.1,63.0,2.0,13,7,False
2026-07-06 14:50:20.512938,26.5,41.5,7.2,2.6,0.38,28.7,44,Good,35.7,64.6,1.4,14,7,False
2026-07-06 15:50:20.512938,24.2,46.5,28.2,5.3,0.47,36.3,40,Good,30.4,73.0,0.0,15,7,False
2026-07-06 16:50:20.512938,18.4,35.7,9.2,6.7,0.71,41.1,31,Good,26.4,64.0,6.6,16,7,False
2026-07-06 17:50:20.512938,23.2,50.6,22.7,5.6,0.65,45.5,39,Good,30.1,67.4,3.8,17,7,False
2026-07-06 18:50:20.512938,23.8,44.1,7.3,3.2,0.52,41.7,40,Good,35.0,46.9,5.6,18,7,False
2026-07-06 19:50:20.512938,23.5,47.1,13.5,5.8,0.73,48.4,39,Good,31.2,61.6,6.5,19,7,False
2026-07-06 20:50:20.512938,29.1,51.7,16.9,4.5,0.83,50.8,49,Good,31.5,59.0,1.3,20,7,False
2026-07-06 21:50:20.512938,21.2,33.6,0.0,6.6,0.59,40.9,35,Good,33.3,60.7,1.6,21,7,False
2026-07-06 22:50:20.512938,14.0,34.9,1.6,4.8,0.15,47.5,23,Good,33.7,47.9,2.6,22,7,False
2026-07-06 23:50:20.512938,15.1,28.8,15.1,7.2,0.38,44.8,25,Good,35.6,76.9,3.9,23,7,False
2026-07-07 00:50:20.512938,12.7,27.4,7.7,3.0,0.38,45.4,21,Good,31.8,67.0,4.1,0,7,False
2026-07-07 01:50:20.512938,13.0,25.7,14.3,6.6,0.49,41.1,22,Good,36.2,63.9,8.4,1,7,False
2026-07-07 02:50:20.512938,9.7,23.1,1.0,6.1,0.36,19.3,16,Good,38.6,51.4,6.6,2,7,False
2026-07-07 03:50:20.512938,12.4,26.4,23.9,6.2,0.19,19.6,21,Good,37.5,47.2,6.0,3,7,False
2026-07-07 04:50:20.512938,9.7,18.0,11.9,4.2,0.24,18.3,16,Good,40.1,63.3,8.7,4,7,False
2026-07-07 05:50:20.512938,1.9,6.1,0.0,1.2,0.24,21.3,3,Good,38.7,67.4,9.9,5,7,True
2026-07-07 06:50:20.512938,12.4,18.4,6.7,4.5,0.26,0.9,21,Good,39.2,53.3,12.2,6,7,False
2026-07-07 07:50:20.512938,4.2,12.1,14.2,3.4,0.59,16.6,7,Good,40.4,59.4,8.4,7,7,True
2026-07-07 08:50:20.512938,21.1,31.4,10.9,7.5,0.65,4.6,35,Good,40.0,76.5,11.6,8,7,False
2026-07-07 09:50:20.512938,12.1,29.3,18.0,3.6,0.5,6.2,20,Good,39.9,55.9,13.5,9,7,False
2026-07-07 10:50:20.512938,20.8,34.2,19.9,5.6,0.62,7.6,35,Good,37.1,50.5,9.9,10,7,False
2026-07-07 11:50:20.512938,16.9,28.3,11.8,9.6,0.44,19.7,28,Good,39.5,60.9,4.2,11,7,False
2026-07-07 12:50:20.512938,14.3,25.5,11.0,4.1,0.62,28.1,24,Good,32.3,65.7,10.7,12,7,False
2026-07-07 13:50:20.512938,19.5,36.2,9.1,2.6,0.19,21.5,32,Good,38.4,65.4,5.1,13,7,False
2026-07-07 14:50:20.512938,15.5,34.2,12.8,5.9,0.76,28.7,26,Good,31.9,50.4,6.9,14,7,False
2026-07-07 15:50:20.512938,15.7,28.5,9.9,3.2,0.27,29.6,26,Good,32.0,57.2,6.9,15,7,False
2026-07-07 16:50:20.512938,29.4,47.7,14.2,3.5,0.54,37.9,49,Good,29.7,60.9,0.3,16,7,False
2026-07-07 17:50:20.512938,24.0,52.6,14.6,3.6,0.74,49.8,40,Good,32.3,49.2,5.0,17,7,False
2026-07-07 18:50:20.512938,28.5,51.8,13.4,3.6,0.56,48.6,47,Good,29.6,61.1,0.0,18,7,False
2026-07-07 19:50:20.512938,21.2,30.6,23.8,3.7,0.58,50.9,35,Good,27.8,66.9,10.7,19,7,False
2026-07-07 20:50:20.512938,21.3,36.7,7.0,8.9,0.71,57.0,36,Good,32.0,50.6,1.7,20,7,False
2026-07-07 21:50:20.512938,18.7,36.0,10.6,4.4,0.38,39.9,31,Good,29.7,59.6,3.4,21,7,False
2026-07-07 22:50:20.512938,14.6,25.0,0.8,7.0,0.44,60.9,24,Good,30.3,55.3,10.7,22,7,False
2026-07-07 23:50:20.512938,16.4,27.5,9.9,3.1,0.27,34.0,27,Good,32.8,59.5,4.3,23,7,False
2026-07-08 00:50:20.512938,14.2,18.1,8.3,1.7,0.23,40.9,24,Good,37.0,53.0,8.8,0,7,False
2026-07-08 01:50:20.512938,9.0,18.1,6.1,5.3,0.54,31.5,15,Good,40.0,61.9,10.0,1,7,False
2026-07-08 02:50:20.512938,7.4,18.6,16.5,2.6,0.6,25.9,12,Good,35.4,64.0,11.6,2,7,False
2026-07-08 03:50:20.512938,7.1,14.3,6.3,3.4,0.31,27.7,12,Good,41.1,63.5,14.6,3,7,False
2026-07-08 04:50:20.512938,46.9,52.0,5.6,0.0,0.55,10.7,78,Satisfactory,40.9,53.2,9.2,4,7,True
2026-07-08 05:50:20.512938,8.4,11.7,6.6,6.2,0.1,13.5,14,Good,40.5,57.5,13.0,5,7,False
2026-07-08 06:50:20.512938,12.3,22.2,15.6,7.3,0.3,23.7,21,Good,39.4,61.6,10.7,6,7,False
2026-07-08 07:50:20.512938,20.9,28.1,27.3,7.1,0.61,5.9,35,Good,38.6,57.3,11.9,7,7,False
2026-07-08 08:50:20.512938,15.7,26.3,18.6,3.3,0.73,2.8,26,Good,37.6,42.1,14.8,8,7,False
2026-07-08 09:50:20.512938,17.6,29.2,14.5,3.3,0.86,17.7,29,Good,38.0,54.7,13.0,9,7,False
2026-07-08 10:50:20.512938,23.5,41.4,10.9,1.0,0.72,23.1,39,Good,36.7,48.4,11.3,10,7,False
2026-07-08 11:50:20.512938,14.9,28.3,2.4,8.2,0.38,13.1,25,Good,35.8,72.9,9.4,11,7,False
2026-07-08 12:50:20.512938,18.2,32.2,13.3,5.8,0.58,16.5,30,Good,38.7,62.2,6.7,12,7,False
2026-07-08 13:50:20.512938,48.6,82.1,9.0,1.6,0.19,35.9,81,Satisfactory,33.6,56.1,6.9,13,7,True
2026-07-08 14:50:20.512938,13.5,27.7,12.5,4.0,0.44,26.7,22,Good,31.1,51.7,11.3,14,7,False
2026-07-08 15:50:20.512938,21.2,28.9,7.5,6.3,0.0,36.8,35,Good,31.1,58.6,7.9,15,7,False
2026-07-08 16:50:20.512938,19.9,42.5,10.9,5.3,0.51,44.9,33,Good,30.2,53.7,4.2,16,7,False
2026-07-08 17:50:20.512938,22.8,37.6,15.4,3.7,0.59,41.9,38,Good,29.3,74.6,7.8,17,7,False
2026-07-08 18:50:20.512938,20.6,50.9,13.3,7.7,0.77,43.9,34,Good,32.3,64.7,4.3,18,7,False
2026-07-08 19:50:20.512938,21.7,45.1,15.6,5.0,0.82,53.6,36,Good,27.6,53.3,3.9,19,7,False
2026-07-08 20:50:20.512938,18.2,49.5,13.6,4.8,0.46,56.7,30,Good,29.5,59.2,0.0,20,7,False
2026-07-08 21:50:20.512938,18.7,30.8,4.9,5.5,0.09,49.4,31,Good,30.7,56.6,1.6,21,7,False
2026-07-08 22:50:20.512938,14.0,30.7,9.2,6.1,0.51,53.0,23,Good,32.0,52.5,4.2,22,7,False
2026-07-08 23:50:20.512938,12.5,23.7,18.6,5.1,0.4,39.8,21,Good,30.5,60.9,11.5,23,7,False
2026-07-09 00:50:20.512938,10.7,21.2,0.0,6.3,0.35,37.2,18,Good,33.5,41.2,9.5,0,7,False
2026-07-09 01:50:20.512938,11.3,27.1,8.3,4.2,0.16,26.6,19,Good,36.1,61.6,5.1,1,7,False
2026-07-09 02:50:20.512938,8.5,16.4,5.5,3.6,0.76,37.3,14,Good,37.9,50.4,13.6,2,7,False
2026-07-09 03:50:20.512938,8.2,14.7,15.0,3.9,0.58,25.9,14,Good,39.9,59.2,14.1,3,7,False
2026-07-09 04:50:20.512938,8.6,16.7,7.0,7.6,0.8,18.4,14,Good,38.7,59.2,12.3,4,7,False
2026-07-09 05:50:20.512938,12.5,20.3,12.2,5.8,0.41,14.4,21,Good,40.4,51.5,7.2,5,7,False
2026-07-09 06:50:20.512938,10.4,17.3,24.2,4.9,0.28,18.5,17,Good,43.1,68.8,12.5,6,7,False
2026-07-09 07:50:20.512938,13.8,24.1,15.3,9.6,0.68,9.3,23,Good,41.1,60.5,15.9,7,7,False
2026-07-09 08:50:20.512938,21.0,36.4,6.0,5.9,0.54,1.3,35,Good,41.8,70.2,13.4,8,7,False
2026-07-09 09:50:20.512938,10.3,23.5,12.8,7.4,0.54,8.9,17,Good,34.7,64.4,17.3,9,7,False
2026-07-09 10:50:20.512938,16.5,33.7,18.2,3.0,0.45,14.8,27,Good,36.7,64.0,14.5,10,7,False
2026-07-09 11:50:20.512938,12.7,21.3,12.9,5.0,0.57,20.3,21,Good,37.4,59.7,11.1,11,7,False
2026-07-09 12:50:20.512938,20.2,28.7,14.1,6.1,0.5,12.2,34,Good,35.4,55.9,9.8,12,7,False
2026-07-09 13:50:20.512938,18.0,33.1,9.2,2.1,0.6,27.8,30,Good,29.1,61.9,8.8,13,7,False
2026-07-09 14:50:20.512938,16.0,33.9,9.4,3.6,0.48,29.8,27,Good,37.4,62.8,10.7,14,7,False
2026-07-09 15:50:20.512938,17.7,44.1,15.7,7.6,1.09,31.7,29,Good,30.6,57.5,0.7,15,7,False
2026-07-09 16:50:20.512938,12.7,30.0,8.5,7.4,0.39,32.6,21,Good,25.9,68.5,11.8,16,7,False
2026-07-09 17:50:20.512938,30.4,42.8,11.8,3.8,0.44,47.9,0,Good,25.0,62.8,4.6,17,7,False
2026-07-09 18:50:20.512938,23.1,43.2,18.1,3.1,0.81,35.2,39,Good,31.3,65.2,6.7,18,7,False
2026-07-09 19:50:20.512938,23.0,41.0,14.0,6.2,0.58,45.2,38,Good,30.3,57.3,1.4,19,7,False
2026-07-09 20:50:20.512938,27.3,42.8,15.6,3.7,0.31,49.2,46,Good,28.2,67.4,2.7,20,7,False
2026-07-09 21:50:20.512938,13.3,25.1,8.9,7.1,0.3,48.2,22,Good,29.6,61.5,8.0,21,7,False
2026-07-09 22:50:20.512938,17.0,28.3,8.9,5.1,0.35,39.6,28,Good,31.0,63.3,2.4,22,7,False
2026-07-09 23:50:20.512938,15.6,23.6,8.9,6.2,0.45,48.9,26,Good,31.5,60.4,4.8,23,7,False
2026-07-10 00:50:20.512938,6.6,18.7,11.8,4.7,0.34,33.2,11,Good,34.5,65.9,9.2,0,7,False
2026-07-10 01:50:20.512938,12.5,24.7,6.5,3.8,0.28,40.8,21,Good,38.2,68.8,7.4,1,7,False
2026-07-10 02:50:20.512938,12.9,25.5,9.3,3.7,0.52,33.6,22,Good,33.6,77.0,6.7,2,7,False
2026-07-10 03:50:20.512938,9.1,19.3,5.9,3.9,0.51,28.1,15,Good,38.2,58.1,10.3,3,7,False
2026-07-10 04:50:20.512938,9.6,20.1,16.9,2.5,0.5,23.4,16,Good,35.9,56.9,11.8,4,7,False
2026-07-10 05:50:20.512938,6.0,15.1,4.7,4.0,0.41,15.6,10,Good,38.9,66.5,15.3,5,7,False
2026-07-10 06:50:20.512938,14.0,26.2,16.6,5.7,0.36,20.2,23,Good,38.3,63.6,6.9,6,7,False
2026-07-10 07:50:20.512938,19.3,38.3,19.5,6.2,0.77,13.3,32,Good,37.1,63.8,10.3,7,7,False
2026-07-10 08:50:20.512938,16.8,23.1,13.6,6.9,0.88,9.2,28,Good,40.2,62.8,18.6,8,7,False
2026-07-10 09:50:20.512938,19.6,42.5,20.1,4.4,0.28,7.3,33,Good,37.9,53.0,5.2,9,7,False
2026-07-10 10:50:20.512938,14.4,24.0,12.5,8.9,0.58,17.7,24,Good,37.1,73.0,16.0,10,7,False
2026-07-10 11:50:20.512938,15.0,31.3,13.0,5.3,0.66,15.6,25,Good,38.3,63.5,10.1,11,7,False
2026-07-10 12:50:20.512938,19.2,36.7,9.5,5.4,0.4,14.0,32,Good,35.0,69.4,6.1,12,7,False
2026-07-10 13:50:20.512938,16.3,27.0,13.2,6.9,1.09,22.8,27,Good,32.4,58.3,9.2,13,7,False
2026-07-10 14:50:20.512938,22.3,40.3,1.3,9.4,0.36,31.7,37,Good,31.8,70.9,5.4,14,7,False
2026-07-10 15:50:20.512938,23.5,46.1,14.5,2.4,0.12,33.4,39,Good,30.8,59.5,0.0,15,7,False
2026-07-10 16:50:20.512938,23.3,36.9,8.3,4.0,0.43,34.6,39,Good,29.0,61.9,2.9,16,7,False
2026-07-10 17:50:20.512938,22.2,46.1,13.2,0.6,0.28,43.2,37,Good,32.5,60.2,2.9,17,7,False
2026-07-10 18:50:20.512938,18.3,34.9,18.1,5.8,0.56,41.7,30,Good,29.3,66.2,6.3,18,7,False
2026-07-10 19:50:20.512938,24.4,62.3,18.9,9.1,0.79,47.9,41,Good,33.1,51.4,0.0,19,7,False
2026-07-10 20:50:20.512938,27.7,44.4,11.4,4.2,0.75,53.6,46,Good,31.8,61.4,5.5,20,7,False
2026-07-10 21:50:20.512938,15.4,30.5,1.1,5.0,0.26,46.1,26,Good,31.5,77.9,5.5,21,7,False
2026-07-10 22:50:20.512938,13.4,29.5,10.3,7.4,0.76,54.4,22,Good,33.2,43.1,8.0,22,7,False
2026-07-10 23:50:20.512938,14.4,26.2,11.7,5.2,0.48,43.7,24,Good,32.0,69.0,9.5,23,7,False
2026-07-11 00:50:20.512938,9.3,21.3,13.2,5.3,0.24,48.8,16,Good,36.4,59.8,8.6,0,7,False
2026-07-11 01:50:20.512938,14.1,20.1,2.3,6.9,0.21,27.7,24,Good,33.5,52.4,7.7,1,7,False
2026-07-11 02:50:20.512938,12.2,23.7,4.9,7.1,0.46,30.9,20,Good,38.0,61.6,7.8,2,7,False
2026-07-11 03:50:20.512938,7.0,14.0,9.1,2.7,0.09,14.5,12,Good,40.9,69.7,16.0,3,7,False
2026-07-11 04:50:20.512938,11.2,22.9,3.0,3.9,0.0,16.2,19,Good,44.0,71.1,10.4,4,7,False
2026-07-11 05:50:20.512938,12.7,18.6,11.1,4.1,0.03,16.4,21,Good,40.1,68.9,10.7,5,7,False
2026-07-11 06:50:20.512938,10.1,18.9,16.7,4.5,0.42,26.2,17,Good,38.8,54.7,12.2,6,7,False
2026-07-11 07:50:20.512938,13.4,27.8,21.7,4.2,0.41,0.0,22,Good,40.3,56.5,19.3,7,7,False
2026-07-11 08:50:20.512938,26.0,36.6,21.9,6.9,0.49,2.2,43,Good,40.3,72.9,10.8,8,7,False
2026-07-11 09:50:20.512938,21.7,35.0,21.2,2.8,0.33,6.4,36,Good,35.4,50.6,11.5,9,7,False
2026-07-11 10:50:20.512938,13.2,28.2,19.5,4.4,0.35,3.9,22,Good,39.2,61.5,16.3,10,7,False
2026-07-11 11:50:20.512938,20.3,32.8,15.6,8.0,0.39,15.6,34,Good,38.9,59.0,3.3,11,7,False
2026-07-11 12:50:20.512938,17.2,33.4,9.6,6.5,0.58,26.5,29,Good,35.2,62.6,10.6,12,7,False
2026-07-11 13:50:20.512938,22.5,39.7,5.5,1.2,0.62,29.6,38,Good,33.4,43.3,6.3,13,7,False
2026-07-11 14:50:20.512938,19.3,34.0,13.0,6.6,0.54,27.9,32,Good,34.0,49.0,4.5,14,7,False
2026-07-11 15:50:20.512938,15.3,38.8,9.6,4.0,0.59,42.6,26,Good,31.6,56.1,3.1,15,7,False
2026-07-11 16:50:20.512938,18.5,37.2,3.8,6.2,0.65,31.7,31,Good,28.9,58.3,5.5,16,7,False
2026-07-11 17:50:20.512938,21.0,57.7,22.9,5.2,0.37,47.3,35,Good,31.0,60.4,1.2,17,7,False
2026-07-11 18:50:20.512938,23.0,41.7,13.6,4.7,0.61,49.2,38,Good,30.8,53.9,3.1,18,7,False
2026-07-11 19:50:20.512938,20.9,42.7,11.2,5.3,0.68,53.3,35,Good,29.5,62.9,0.0,19,7,False
2026-07-11 20:50:20.512938,31.0,49.8,16.4,1.8,0.78,53.6,51,Satisfactory,31.9,76.8,0.0,20,7,False
2026-07-11 21:50:20.512938,16.3,24.5,16.3,2.9,0.78,52.5,27,Good,32.7,63.2,8.8,21,7,False
2026-07-11 22:50:20.512938,17.7,32.4,13.8,4.6,0.38,47.0,29,Good,31.1,57.2,7.7,22,7,False
2026-07-11 23:50:20.512938,14.9,32.1,12.9,3.9,0.77,36.6,25,Good,36.2,61.0,10.2,23,7,False
2026-07-12 00:50:20.512938,10.9,18.1,9.5,1.9,0.35,39.1,18,Good,37.6,51.6,9.2,0,7,False
2026-07-12 01:50:20.512938,13.7,22.3,7.4,5.7,0.16,36.0,23,Good,34.4,54.0,6.6,1,7,False
2026-07-12 02:50:20.512938,13.8,23.2,9.2,6.6,0.31,28.5,23,Good,36.3,63.2,8.9,2,7,False
2026-07-12 03:50:20.512938,10.5,22.0,10.0,5.7,0.3,16.9,18,Good,39.1,47.5,9.1,3,7,False
2026-07-12 04:50:20.512938,10.1,15.4,8.7,2.5,0.34,20.1,17,Good,40.0,75.2,10.8,4,7,False
2026-07-12 05:50:20.512938,8.7,15.4,17.8,3.2,0.25,14.6,14,Good,40.6,58.2,12.9,5,7,False
2026-07-12 06:50:20.512938,11.9,19.4,14.1,3.8,0.34,12.3,20,Good,42.4,61.6,15.1,6,7,False
2026-07-12 07:50:20.512938,13.8,27.4,20.8,5.8,0.95,14.4,23,Good,40.1,55.9,15.3,7,7,False
2026-07-12 08:50:20.512938,16.9,35.6,19.1,8.6,0.54,16.8,28,Good,42.9,62.4,10.3,8,7,False
2026-07-12 09:50:20.512938,17.5,26.2,6.0,4.9,0.67,15.0,29,Good,41.3,73.4,13.8,9,7,False
2026-07-12 10:50:20.512938,21.0,42.6,13.7,5.2,0.46,19.0,35,Good,37.3,64.9,10.9,10,7,False
2026-07-12 11:50:20.512938,12.0,28.4,10.5,5.4,0.22,26.2,20,Good,37.3,62.8,13.3,11,7,False
2026-07-12 12:50:20.512938,17.3,36.4,12.9,1.6,0.5,26.6,29,Good,33.1,57.3,5.1,12,7,False
2026-07-12 13:50:20.512938,15.8,31.0,4.9,8.0,0.58,28.7,26,Good,33.3,70.9,9.1,13,7,False
2026-07-12 14:50:20.512938,16.3,34.2,15.5,6.0,0.29,38.4,27,Good,37.4,63.2,9.4,14,7,False
2026-07-12 15:50:20.512938,22.1,31.6,14.6,4.8,0.63,34.4,37,Good,30.3,65.5,5.8,15,7,False
2026-07-12 16:50:20.512938,19.7,48.7,14.5,4.9,0.57,35.2,33,Good,31.7,72.4,0.0,16,7,False
2026-07-12 17:50:20.512938,18.1,39.9,15.2,4.6,0.68,42.1,30,Good,28.3,63.4,3.1,17,7,False
2026-07-12 18:50:20.512938,20.2,50.5,18.6,4.7,0.62,57.9,34,Good,27.5,56.5,4.5,18,7,False
2026-07-12 19:50:20.512938,23.2,38.4,19.4,2.7,1.16,48.4,39,Good,30.5,59.2,5.4,19,7,False
2026-07-12 20:50:20.512938,28.1,45.6,22.6,7.5,1.06,44.7,47,Good,33.0,58.3,2.4,20,7,False
2026-07-12 21:50:20.512938,18.2,31.0,14.3,4.1,0.68,53.5,30,Good,33.7,73.0,7.4,21,7,False
2026-07-12 22:50:20.512938,17.8,27.6,11.6,3.5,0.36,43.4,30,Good,33.5,55.8,0.9,22,7,False
2026-07-12 23:50:20.512938,10.5,27.4,4.4,5.7,0.35,43.1,17,Good,33.6,57.1,8.6,23,7,False
2026-07-13 00:50:20.512938,14.2,20.8,9.2,4.9,0.11,33.6,24,Good,33.7,68.4,3.1,0,7,False
2026-07-13 01:50:20.512938,10.4,19.5,0.0,0.1,0.62,34.7,17,Good,35.6,54.3,10.6,1,7,False
2026-07-13 02:50:20.512938,6.2,19.5,13.2,1.4,0.2,29.3,10,Good,33.1,46.7,12.5,2,7,False
2026-07-13 03:50:20.512938,9.8,18.4,21.2,7.9,0.48,21.7,16,Good,37.1,61.2,10.9,3,7,False
2026-07-13 04:50:20.512938,8.8,17.5,14.3,3.8,0.19,21.7,15,Good,39.7,59.2,11.4,4,7,False
2026-07-13 05:50:20.512938,10.4,15.8,14.2,4.6,0.0,19.9,17,Good,41.0,70.4,10.8,5,7,False
2026-07-13 06:50:20.512938,11.7,21.7,18.6,5.6,0.5,19.7,19,Good,40.4,53.4,11.4,6,7,False
2026-07-13 07:50:20.512938,28.4,36.7,10.5,5.5,0.88,14.7,47,Good,41.5,60.9,8.7,7,7,False
2026-07-13 08:50:20.512938,15.6,27.9,8.7,3.6,0.79,6.2,26,Good,40.9,61.2,13.8,8,7,False
2026-07-13 09:50:20.512938,22.8,43.3,26.7,4.6,0.37,17.3,38,Good,38.5,63.7,6.3,9,7,False
2026-07-13 10:50:20.512938,17.1,34.0,10.3,5.9,0.5,17.6,29,Good,37.2,54.5,13.3,10,7,False
2026-07-13 11:50:20.512938,13.9,25.4,8.3,2.0,0.68,5.6,23,Good,37.8,69.2,13.1,11,7,False
2026-07-13 12:50:20.512938,16.9,27.4,11.0,5.3,0.36,21.9,28,Good,32.5,41.8,11.5,12,7,False
2026-07-13 13:50:20.512938,17.5,38.0,14.9,0.3,0.52,23.1,29,Good,33.6,69.1,6.8,13,7,False
2026-07-13 14:50:20.512938,23.5,42.1,10.6,6.0,0.78,20.1,39,Good,32.4,67.3,1.6,14,7,False
2026-07-13 15:50:20.512938,20.7,40.4,18.1,8.2,0.51,37.7,34,Good,26.5,66.2,2.8,15,7,False
2026-07-13 16:50:20.512938,19.5,35.3,10.5,6.3,0.69,41.5,33,Good,33.5,60.1,4.1,16,7,False
2026-07-13 17:50:20.512938,18.5,29.2,13.5,4.0,0.32,54.2,31,Good,27.5,59.6,7.1,17,7,False
2026-07-13 18:50:20.512938,27.2,43.8,15.9,1.5,1.08,48.2,45,Good,27.2,54.0,1.5,18,7,False
2026-07-13 19:50:20.512938,23.7,41.9,11.8,4.5,0.66,49.1,40,Good,29.3,46.2,0.9,19,7,False
2026-07-13 20:50:20.512938,26.5,54.7,6.7,4.8,1.05,53.7,44,Good,31.7,72.8,0.0,20,7,False
2026-07-13 21:50:20.512938,16.0,32.7,5.5,3.7,0.56,39.2,27,Good,32.5,51.7,4.8,21,7,False
2026-07-13 22:50:20.512938,12.9,22.7,6.6,1.9,0.17,48.7,21,Good,32.6,54.5,9.4,22,7,False
2026-07-13 23:50:20.512938,18.6,23.1,10.5,4.8,0.0,40.4,31,Good,32.6,66.1,8.3,23,7,False
2026-07-14 00:50:20.512938,8.8,17.5,5.9,2.2,0.39,38.8,15,Good,34.9,56.9,11.9,0,7,False
2026-07-14 01:50:20.512938,9.1,15.8,13.8,4.5,0.35,40.1,15,Good,36.4,59.4,12.8,1,7,False
2026-07-14 02:50:20.512938,9.5,18.5,8.4,4.0,0.02,25.2,16,Good,36.8,65.3,10.0,2,7,False
2026-07-14 03:50:20.512938,7.7,18.4,5.6,6.3,0.37,23.8,13,Good,37.2,51.1,13.3,3,7,False
2026-07-14 04:50:20.512938,8.8,19.9,13.7,4.3,0.39,17.9,15,Good,43.7,74.3,9.8,4,7,False
2026-07-14 05:50:20.512938,9.5,17.5,4.2,2.3,0.15,16.0,16,Good,39.5,74.9,10.9,5,7,False
2026-07-14 06:50:20.512938,10.8,17.5,15.4,5.4,0.33,16.5,18,Good,39.7,57.7,14.2,6,7,False
2026-07-14 07:50:20.512938,24.9,25.1,18.8,2.9,0.47,8.5,41,Good,37.8,69.1,8.3,7,7,False
2026-07-14 08:50:20.512938,19.0,35.2,15.8,7.4,0.33,15.6,32,Good,37.1,67.1,7.5,8,7,False
2026-07-14 09:50:20.512938,54.5,73.7,21.4,7.8,0.69,11.7,91,Satisfactory,39.9,61.6,13.8,9,7,True
2026-07-14 10:50:20.512938,17.6,33.1,18.1,2.1,0.34,15.0,29,Good,37.3,40.9,13.0,10,7,False
2026-07-14 11:50:20.512938,13.1,29.4,13.2,4.5,0.5,20.5,22,Good,35.1,56.0,13.1,11,7,False
2026-07-14 12:50:20.512938,22.6,32.6,11.7,4.2,0.26,24.3,38,Good,35.1,68.4,7.0,12,7,False
2026-07-14 13:50:20.512938,19.0,32.1,10.4,4.1,0.58,20.0,32,Good,35.7,60.4,4.8,13,7,False
2026-07-14 14:50:20.512938,16.9,23.8,12.7,1.1,0.79,31.0,28,Good,31.9,63.2,5.3,14,7,False
2026-07-14 15:50:20.512938,19.3,32.3,11.6,3.8,0.56,34.7,32,Good,29.6,63.8,7.1,15,7,False
2026-07-14 16:50:20.512938,28.2,42.3,8.3,3.3,0.47,36.8,47,Good,29.4,58.8,0.4,16,7,False
2026-07-14 17:50:20.512938,20.2,35.2,17.5,4.1,0.59,53.8,34,Good,31.4,51.8,5.2,17,7,False
2026-07-14 18:50:20.512938,19.8,53.0,6.9,7.0,0.48,52.0,33,Good,34.6,49.4,2.9,18,7,False
2026-07-14 19:50:20.512938,19.3,39.8,3.8,6.1,0.53,58.5,32,Good,28.2,75.1,9.6,19,7,False
2026-07-14 20:50:20.512938,21.7,51.1,7.7,2.2,0.72,59.6,36,Good,30.4,58.7,0.0,20,7,False
2026-07-14 21:50:20.512938,17.9,27.8,17.4,6.0,0.56,52.9,30,Good,29.3,56.2,6.6,21,7,False
2026-07-14 22:50:20.512938,13.1,31.4,16.0,5.6,0.58,49.9,22,Good,32.5,61.7,5.6,22,7,False
2026-07-14 23:50:20.512938,14.6,27.4,2.0,8.5,0.57,39.5,24,Good,34.5,51.7,4.9,23,7,False
2026-07-15 00:50:20.512938,12.0,27.9,8.2,3.1,0.43,34.0,20,Good,35.9,63.1,4.5,0,7,False
2026-07-15 01:50:20.512938,13.3,19.9,10.3,8.3,0.6,25.1,22,Good,32.6,52.3,4.1,1,7,False
2026-07-15 02:50:20.512938,10.4,17.6,0.6,5.5,0.5,36.7,17,Good,38.5,48.2,12.4,2,7,False
2026-07-15 03:50:20.512938,6.5,14.0,2.3,5.0,0.27,26.2,11,Good,37.8,50.7,13.8,3,7,False
2026-07-15 04:50:20.512938,9.7,18.1,11.9,7.6,0.06,28.4,16,Good,40.5,66.3,7.4,4,7,False
2026-07-15 05:50:20.512938,6.4,16.3,21.7,6.0,0.15,15.9,11,Good,40.3,53.4,12.8,5,7,False
2026-07-15 06:50:20.512938,13.4,20.7,17.7,6.8,0.59,27.9,22,Good,36.4,57.6,10.4,6,7,False
2026-07-15 07:50:20.512938,14.6,27.5,21.5,4.1,0.73,6.7,24,Good,45.2,47.2,16.9,7,7,False
2026-07-15 08:50:20.512938,22.6,40.4,11.5,5.4,0.65,7.8,38,Good,37.1,58.3,6.2,8,7,False
2026-07-15 09:50:20.512938,19.6,32.8,9.2,5.4,0.78,4.9,33,Good,37.5,62.1,11.2,9,7,False
2026-07-15 10:50:20.512938,12.8,23.9,21.6,7.1,1.01,18.2,21,Good,36.3,68.3,15.0,10,7,False
2026-07-15 11:50:20.512938,19.4,31.6,20.9,6.8,0.28,19.8,32,Good,36.5,57.2,8.0,11,7,False
2026-07-15 12:50:20.512938,16.6,35.6,6.3,1.9,0.49,21.4,28,Good,34.4,51.5,8.6,12,7,False
2026-07-15 13:50:20.512938,16.6,40.3,11.8,4.9,0.65,20.5,28,Good,36.6,59.1,4.8,13,7,False
2026-07-15 14:50:20.512938,22.5,36.2,8.4,7.6,0.65,29.6,38,Good,31.9,48.6,2.3,14,7,False
2026-07-15 15:50:20.512938,14.3,29.1,18.8,3.8,0.1,35.1,24,Good,32.1,71.4,7.1,15,7,False
2026-07-15 16:50:20.512938,12.7,38.2,17.9,7.0,0.47,42.6,21,Good,32.0,62.5,2.4,16,7,False
2026-07-15 17:50:20.512938,28.6,48.4,10.8,3.2,0.5,46.3,48,Good,28.2,63.5,4.8,17,7,False
2026-07-15 18:50:20.512938,26.7,46.2,16.7,7.0,0.69,45.5,45,Good,31.4,58.3,2.0,18,7,False
2026-07-15 19:50:20.512938,15.5,43.5,24.4,4.2,0.31,48.1,26,Good,31.5,64.2,3.1,19,7,False
2026-07-15 20:50:20.512938,17.2,36.3,18.9,9.2,0.43,50.7,29,Good,31.8,57.8,8.2,20,7,False
2026-07-15 21:50:20.512938,20.8,30.4,12.7,3.6,0.7,47.2,35,Good,27.1,49.8,5.4,21,7,False
2026-07-15 22:50:20.512938,21.6,32.8,5.4,3.3,0.57,50.4,36,Good,30.0,57.7,3.4,22,7,False
2026-07-15 23:50:20.512938,16.1,20.7,5.3,3.7,0.51,38.4,27,Good,32.2,64.7,11.0,23,7,False
2026-07-16 00:50:20.512938,10.3,20.5,8.1,3.7,0.21,41.4,17,Good,33.2,49.5,8.9,0,7,False
2026-07-16 01:50:20.512938,7.2,21.1,10.7,2.4,0.7,28.3,12,Good,37.8,59.7,13.8,1,7,False
2026-07-16 02:50:20.512938,9.3,19.9,5.3,7.4,0.73,26.5,16,Good,37.4,63.2,10.5,2,7,False
2026-07-16 03:50:20.512938,8.1,16.3,2.6,4.1,0.52,17.0,14,Good,34.9,66.5,9.8,3,7,False
2026-07-16 04:50:20.512938,7.5,13.2,7.4,6.1,0.71,20.0,13,Good,38.7,60.3,18.1,4,7,False
2026-07-16 05:50:20.512938,9.2,17.2,2.3,1.9,0.12,16.2,15,Good,40.2,48.8,11.7,5,7,False
2026-07-16 06:50:20.512938,9.3,18.5,10.0,4.0,0.28,4.4,15,Good,42.0,64.1,17.9,6,7,False
2026-07-16 07:50:20.512938,12.0,33.2,25.8,6.7,0.69,14.2,20,Good,39.5,58.0,13.0,7,7,False
2026-07-16 08:50:20.512938,21.3,40.5,20.6,3.7,0.58,3.4,35,Good,42.7,71.5,7.2,8,7,False
2026-07-16 09:50:20.512938,17.1,24.9,15.0,5.9,0.84,23.2,29,Good,42.3,65.5,13.5,9,7,False
2026-07-16 10:50:20.512938,21.1,34.2,18.7,3.2,0.86,18.4,35,Good,34.3,66.4,10.0,10,7,False
2026-07-16 11:50:20.512938,17.0,31.7,15.1,4.4,0.36,11.6,28,Good,29.8,58.1,7.0,11,7,False
2026-07-16 12:50:20.512938,23.8,32.6,4.6,5.2,0.96,27.9,40,Good,35.4,65.9,4.9,12,7,False
2026-07-16 13:50:20.512938,21.8,27.1,14.1,3.9,0.76,14.5,36,Good,33.9,55.0,6.9,13,7,False
2026-07-16 14:50:20.512938,28.4,45.0,6.3,8.7,0.39,34.9,47,Good,30.5,54.2,4.0,14,7,False
2026-07-16 15:50:20.512938,20.5,29.2,18.7,4.1,0.37,40.5,34,Good,33.3,53.8,8.5,15,7,False
2026-07-16 16:50:20.512938,22.4,29.4,13.3,1.0,0.39,40.4,37,Good,26.2,58.7,4.9,16,7,False
2026-07-16 17:50:20.512938,31.9,51.7,12.8,4.2,0.73,39.6,53,Satisfactory,30.8,63.0,2.7,17,7,False
2026-07-16 18:50:20.512938,29.7,59.3,11.0,4.9,0.86,42.7,49,Good,31.8,68.7,0.0,18,7,False
2026-07-16 19:50:20.512938,26.5,56.6,25.3,1.9,0.69,55.8,44,Good,30.6,71.8,0.0,19,7,False
2026-07-16 20:50:20.512938,22.0,44.6,10.4,3.7,0.36,52.5,37,Good,30.8,62.7,1.3,20,7,False
2026-07-16 21:50:20.512938,20.9,26.7,10.9,0.4,0.35,53.3,35,Good,31.1,55.5,1.2,21,7,False
2026-07-16 22:50:20.512938,12.2,23.8,14.6,6.0,0.31,43.8,20,Good,32.1,56.5,9.7,22,7,False
2026-07-16 23:50:20.512938,12.6,25.4,11.3,6.0,0.84,37.8,21,Good,35.4,63.4,8.9,23,7,False
2026-07-17 00:50:20.512938,11.4,21.9,0.0,5.0,0.2,51.2,19,Good,34.1,58.3,12.6,0,7,False
2026-07-17 01:50:20.512938,15.2,26.3,5.9,2.8,0.32,39.2,25,Good,31.5,62.7,3.3,1,7,False
2026-07-17 02:50:20.512938,11.4,23.0,10.6,6.4,0.54,31.0,19,Good,36.0,57.6,8.3,2,7,False
2026-07-17 03:50:20.512938,8.9,19.8,1.2,2.4,0.36,25.7,15,Good,38.4,62.8,10.4,3,7,False
2026-07-17 04:50:20.512938,11.3,13.7,0.9,6.0,0.49,26.1,19,Good,42.0,55.2,11.2,4,7,False
2026-07-17 05:50:20.512938,8.1,19.3,11.3,2.3,0.62,17.4,13,Good,42.4,51.5,9.3,5,7,False
2026-07-17 06:50:20.512938,12.1,23.5,17.7,3.0,0.5,14.5,20,Good,42.4,40.6,9.3,6,7,False
2026-07-17 07:50:20.512938,19.5,28.6,20.5,6.8,0.82,12.8,32,Good,38.7,39.4,14.4,7,7,False
2026-07-17 08:50:20.512938,14.8,29.2,14.9,1.3,0.58,15.5,25,Good,39.3,60.5,15.7,8,7,False
2026-07-17 09:50:20.512938,14.9,27.4,20.0,4.4,0.39,9.4,25,Good,38.4,65.8,16.2,9,7,False
2026-07-17 10:50:20.512938,18.6,31.6,21.8,5.0,0.88,6.7,31,Good,39.9,45.9,6.8,10,7,False
2026-07-17 11:50:20.512938,16.7,30.6,15.8,3.6,0.31,7.4,28,Good,37.1,64.6,7.9,11,7,False
2026-07-17 12:50:20.512938,15.1,30.2,10.0,5.7,0.33,19.0,25,Good,34.6,68.8,11.8,12,7,False
2026-07-17 13:50:20.512938,19.7,27.5,4.9,6.0,0.66,31.1,33,Good,35.2,58.3,11.7,13,7,False
2026-07-17 14:50:20.512938,20.2,32.3,16.5,6.8,0.6,27.9,34,Good,34.5,57.5,6.4,14,7,False
2026-07-17 15:50:20.512938,13.4,31.0,15.9,5.5,0.66,35.1,22,Good,31.0,63.2,7.7,15,7,False
2026-07-17 16:50:20.512938,19.6,41.4,15.3,5.8,0.44,46.2,33,Good,33.8,57.2,3.1,16,7,False
2026-07-17 17:50:20.512938,27.4,57.4,8.7,5.9,0.82,41.9,46,Good,31.8,59.5,0.0,17,7,False
2026-07-17 18:50:20.512938,29.1,49.0,12.5,5.4,0.18,44.5,49,Good,30.5,60.6,1.8,18,7,False
2026-07-17 19:50:20.512938,24.1,35.0,18.7,6.3,0.87,50.0,40,Good,25.4,73.6,5.4,19,7,False
2026-07-17 20:50:20.512938,29.5,51.7,15.3,7.6,0.69,63.3,49,Good,32.2,65.5,2.6,20,7,False
2026-07-17 21:50:20.512938,18.2,29.2,10.7,5.4,0.29,43.0,30,Good,32.4,47.9,4.4,21,7,False
2026-07-17 22:50:20.512938,13.8,25.6,15.8,1.0,0.12,41.4,23,Good,31.3,54.0,9.8,22,7,False
2026-07-17 23:50:20.512938,16.3,35.3,14.7,7.4,0.41,49.4,27,Good,34.2,61.9,3.8,23,7,False
2026-07-18 00:50:20.512938,9.3,18.2,7.3,5.6,0.42,42.1,16,Good,37.3,50.0,10.1,0,7,False
2026-07-18 01:50:20.512938,9.6,17.1,9.5,2.3,0.22,30.7,16,Good,42.0,75.5,11.2,1,7,False
2026-07-18 02:50:20.512938,8.4,19.6,11.6,7.9,0.52,32.6,14,Good,38.0,63.3,10.9,2,7,False
2026-07-18 03:50:20.512938,9.3,19.3,12.8,8.9,0.11,16.5,15,Good,36.2,73.1,13.8,3,7,False
2026-07-18 04:50:20.512938,11.3,21.7,7.8,4.2,0.48,16.8,19,Good,37.2,58.5,12.0,4,7,False
2026-07-18 05:50:20.512938,7.9,14.5,15.3,4.5,0.76,25.9,13,Good,42.0,49.5,14.7,5,7,False
2026-07-18 06:50:20.512938,15.2,26.7,3.3,3.6,0.63,9.6,25,Good,40.8,56.6,13.2,6,7,False
2026-07-18 07:50:20.512938,17.9,27.2,18.4,2.7,0.99,16.1,30,Good,39.7,54.8,14.5,7,7,False
2026-07-18 08:50:20.512938,13.7,30.2,16.1,4.7,0.48,10.8,23,Good,41.6,61.0,16.2,8,7,False
2026-07-18 09:50:20.512938,21.2,39.3,11.8,6.0,0.78,8.9,35,Good,41.6,62.5,7.9,9,7,False
2026-07-18 10:50:20.512938,18.7,35.4,6.8,0.7,0.65,6.7,31,Good,39.9,47.9,10.3,10,7,False
2026-07-18 11:50:20.512938,15.5,31.0,8.1,6.4,0.44,7.6,26,Good,33.9,46.2,9.7,11,7,False
2026-07-18 12:50:20.512938,18.0,41.1,16.9,4.7,0.83,9.7,30,Good,32.0,47.2,6.5,12,7,False
2026-07-18 13:50:20.512938,13.2,26.4,19.1,4.2,0.81,31.0,22,Good,29.8,70.8,12.5,13,7,False
2026-07-18 14:50:20.512938,19.0,42.7,20.6,4.4,0.45,27.4,32,Good,32.0,75.2,0.5,14,7,False
2026-07-18 15:50:20.512938,19.3,40.1,8.9,3.1,0.6,38.4,32,Good,31.4,50.0,1.6,15,7,False
2026-07-18 16:50:20.512938,20.1,40.6,17.6,4.7,0.47,40.3,34,Good,31.9,51.0,3.5,16,7,False
2026-07-18 17:50:20.512938,23.9,50.7,9.6,3.9,1.0,52.9,40,Good,31.7,53.0,1.0,17,7,False
2026-07-18 18:50:20.512938,21.8,54.7,18.9,8.7,0.58,52.3,36,Good,30.8,59.2,5.4,18,7,False
2026-07-18 19:50:20.512938,22.6,47.7,16.6,6.7,0.69,47.7,38,Good,29.1,51.7,3.9,19,7,False
2026-07-18 20:50:20.512938,24.0,35.9,20.2,1.8,0.47,51.5,40,Good,31.3,64.8,7.3,20,7,False
2026-07-18 21:50:20.512938,15.0,24.8,15.2,5.5,0.08,49.3,25,Good,30.9,58.9,8.3,21,7,False
2026-07-18 22:50:20.512938,13.4,30.0,5.0,5.5,0.48,46.7,22,Good,35.7,58.6,5.9,22,7,False
2026-07-18 23:50:20.512938,16.3,25.9,11.8,5.8,0.2,35.4,27,Good,36.9,61.8,4.3,23,7,False
2026-07-19 00:50:20.512938,12.0,28.1,15.3,4.4,0.14,41.8,20,Good,33.0,62.2,2.6,0,7,False
2026-07-19 01:50:20.512938,9.4,16.2,0.1,6.8,0.46,34.9,16,Good,35.0,64.1,11.7,1,7,False
2026-07-19 02:50:20.512938,8.5,17.9,8.2,2.8,0.11,31.1,14,Good,37.8,50.8,12.6,2,7,False
2026-07-19 03:50:20.512938,5.7,14.9,3.9,7.3,0.57,27.2,9,Good,39.1,63.4,18.4,3,7,False
2026-07-19 04:50:20.512938,10.6,18.8,13.9,6.4,0.05,21.3,18,Good,35.9,61.5,12.6,4,7,False
2026-07-19 05:50:20.512938,8.1,13.6,7.7,6.0,0.65,14.5,13,Good,41.1,63.9,13.4,5,7,False
2026-07-19 06:50:20.512938,10.9,17.9,7.7,5.4,0.41,20.5,18,Good,40.0,47.2,15.2,6,7,False
2026-07-19 07:50:20.512938,15.3,27.3,14.2,4.4,0.45,4.6,25,Good,40.2,58.3,14.0,7,7,False
2026-07-19 08:50:20.512938,17.9,30.5,17.9,1.9,0.61,6.5,30,Good,40.1,60.1,11.6,8,7,False
2026-07-19 09:50:20.512938,14.3,27.4,11.5,4.7,0.85,19.1,24,Good,36.8,63.8,13.4,9,7,False
2026-07-19 10:50:20.512938,21.1,38.9,17.7,5.2,0.63,18.1,35,Good,38.1,62.5,11.1,10,7,False
2026-07-19 11:50:20.512938,13.5,22.6,9.4,4.8,0.58,19.6,23,Good,35.1,70.1,11.4,11,7,False
2026-07-19 12:50:20.512938,16.6,21.6,21.3,6.5,0.45,27.1,28,Good,35.2,56.5,10.6,12,7,False
2026-07-19 13:50:20.512938,18.3,30.7,18.1,6.4,0.38,28.5,30,Good,32.6,62.1,7.1,13,7,False
2026-07-19 14:50:20.512938,15.3,25.7,8.5,3.1,0.77,38.6,25,Good,31.8,60.0,10.9,14,7,False
2026-07-19 15:50:20.512938,19.0,35.0,10.0,1.4,0.53,30.3,32,Good,28.4,59.8,4.5,15,7,False
2026-07-19 16:50:20.512938,16.2,37.3,15.1,4.9,0.54,46.3,27,Good,29.0,81.0,4.2,16,7,False
2026-07-19 17:50:20.512938,21.7,36.1,22.7,4.9,0.58,45.9,36,Good,32.3,78.2,7.1,17,7,False
2026-07-19 18:50:20.512938,26.2,46.8,23.6,7.4,0.43,45.1,44,Good,27.4,69.2,5.5,18,7,False
2026-07-19 19:50:20.512938,28.6,45.1,17.3,4.1,0.53,50.1,48,Good,31.4,51.3,4.9,19,7,False
2026-07-19 20:50:20.512938,28.4,54.9,26.2,4.6,1.21,48.0,47,Good,31.7,65.3,1.5,20,7,False
2026-07-19 21:50:20.512938,16.7,25.7,14.9,1.3,0.63,45.7,28,Good,31.4,57.6,10.0,21,7,False
2026-07-19 22:50:20.512938,17.4,26.7,6.2,8.2,0.42,49.4,29,Good,34.0,60.0,5.3,22,7,False
2026-07-19 23:50:20.512938,15.0,26.5,2.4,0.8,0.4,54.0,25,Good,36.1,78.9,8.5,23,7,False
2026-07-20 00:50:20.512938,8.6,18.9,14.2,0.5,0.13,37.6,14,Good,37.7,48.7,9.4,0,7,False
2026-07-20 01:50:20.512938,9.6,17.6,14.0,4.8,0.2,34.1,16,Good,35.5,52.7,10.0,1,7,False
2026-07-20 02:50:20.512938,13.1,19.5,9.3,4.2,0.3,29.4,22,Good,35.5,51.5,9.2,2,7,False
2026-07-20 03:50:20.512938,7.3,17.6,13.5,3.4,0.46,23.9,12,Good,38.0,60.4,11.3,3,7,False
2026-07-20 04:50:20.512938,8.0,12.0,0.0,5.2,0.74,29.0,13,Good,40.3,57.2,16.7,4,7,False
2026-07-20 05:50:20.512938,11.3,15.8,7.9,5.7,0.35,10.5,19,Good,39.4,58.2,12.5,5,7,False
2026-07-20 06:50:20.512938,10.3,18.9,5.7,3.4,0.12,15.7,17,Good,38.8,54.0,16.4,6,7,False
2026-07-20 07:50:20.512938,17.3,27.2,33.2,5.3,0.75,10.0,29,Good,39.4,68.0,11.6,7,7,False
2026-07-20 08:50:20.512938,14.5,29.1,13.0,6.5,0.64,11.3,24,Good,43.2,48.7,14.8,8,7,False
2026-07-20 09:50:20.512938,25.2,38.4,11.2,5.1,0.4,7.1,42,Good,33.6,75.8,10.0,9,7,False
2026-07-20 10:50:20.512938,20.2,31.8,8.8,3.6,0.66,21.6,34,Good,36.7,48.2,11.3,10,7,False
2026-07-20 11:50:20.512938,15.4,24.6,13.9,3.6,0.48,8.4,26,Good,37.1,69.4,10.7,11,7,False
2026-07-20 12:50:20.512938,17.2,40.4,15.6,2.7,0.48,25.8,29,Good,36.5,64.3,4.3,12,7,False
2026-07-20 13:50:20.512938,16.7,31.8,18.0,8.1,0.59,26.2,28,Good,33.6,62.8,7.9,13,7,False
2026-07-20 14:50:20.512938,20.1,45.1,15.0,6.5,0.48,28.9,34,Good,32.6,53.9,0.0,14,7,False
2026-07-20 15:50:20.512938,13.4,37.4,6.3,3.0,0.23,43.7,22,Good,28.4,50.7,5.8,15,7,False
2026-07-20 16:50:20.512938,16.5,25.9,9.6,8.7,0.77,35.6,27,Good,34.0,63.1,7.2,16,7,False
2026-07-20 17:50:20.512938,26.3,34.9,18.4,3.7,1.04,52.7,44,Good,31.9,61.3,2.2,17,7,False
2026-07-20 18:50:20.512938,26.9,44.6,7.2,2.9,0.7,42.8,45,Good,27.5,53.6,3.2,18,7,False
2026-07-20 19:50:20.512938,19.8,38.5,12.6,4.8,0.43,42.9,33,Good,31.0,60.0,5.7,19,7,False
2026-07-20 20:50:20.512938,25.6,40.2,16.2,2.6,0.62,54.4,43,Good,27.8,64.8,0.0,20,7,False
2026-07-20 21:50:20.512938,14.4,35.2,8.4,5.5,0.11,53.2,24,Good,33.9,74.7,3.4,21,7,False
2026-07-20 22:50:20.512938,13.8,29.1,18.7,5.0,0.34,46.3,23,Good,31.3,64.2,5.1,22,7,False
2026-07-20 23:50:20.512938,14.9,23.3,9.5,5.3,0.26,42.6,25,Good,35.2,72.7,3.5,23,7,False
2026-07-21 00:50:20.512938,6.2,23.6,14.0,6.2,0.08,45.7,10,Good,28.5,47.8,8.1,0,7,False
2026-07-21 01:50:20.512938,13.5,24.5,5.9,6.6,0.35,44.0,23,Good,37.1,54.4,8.6,1,7,False
2026-07-21 02:50:20.512938,7.7,13.6,11.7,5.5,0.21,30.0,13,Good,36.2,63.8,16.2,2,7,False
2026-07-21 03:50:20.512938,10.0,16.0,12.9,6.2,0.02,26.5,17,Good,41.9,53.7,11.6,3,7,False
2026-07-21 04:50:20.512938,8.0,13.3,17.8,7.2,0.25,22.5,13,Good,40.3,71.1,13.3,4,7,False
2026-07-21 05:50:20.512938,7.9,12.6,14.2,3.0,0.39,17.2,13,Good,41.0,57.4,17.3,5,7,False
2026-07-21 06:50:20.512938,16.2,27.4,11.9,5.8,0.44,12.2,27,Good,39.0,77.5,9.3,6,7,False
2026-07-21 07:50:20.512938,15.8,30.1,22.0,5.4,0.62,14.0,26,Good,37.5,34.7,14.0,7,7,False
2026-07-21 08:50:20.512938,21.3,36.2,18.3,6.2,0.6,13.4,35,Good,41.4,56.9,10.4,8,7,False
2026-07-21 09:50:20.512938,16.5,39.3,4.4,4.5,0.86,11.6,27,Good,37.9,53.1,9.9,9,7,False
2026-07-21 10:50:20.512938,15.5,35.6,12.9,7.6,0.88,10.7,26,Good,38.5,61.6,10.8,10,7,False
2026-07-21 11:50:20.512938,11.2,30.0,14.5,3.6,0.33,6.1,19,Good,36.1,59.9,8.8,11,7,False
2026-07-21 12:50:20.512938,20.3,33.4,15.8,9.2,0.52,18.2,34,Good,39.4,48.8,6.2,12,7,False
2026-07-21 13:50:20.512938,20.4,30.5,14.9,7.6,0.94,23.4,34,Good,29.9,59.1,6.8,13,7,False
2026-07-21 14:50:20.512938,14.5,33.7,16.7,5.6,0.84,26.2,24,Good,33.5,65.3,8.9,14,7,False
2026-07-21 15:50:20.512938,15.6,31.7,7.9,5.4,0.59,34.3,26,Good,29.7,56.7,7.1,15,7,False
2026-07-21 16:50:20.512938,18.4,29.3,2.6,4.6,0.45,41.3,31,Good,33.5,55.0,6.8,16,7,False
2026-07-21 17:50:20.512938,21.2,40.4,18.0,1.6,0.55,46.9,35,Good,28.7,46.7,4.7,17,7,False
2026-07-21 18:50:20.512938,24.1,50.5,21.1,4.0,0.81,47.5,40,Good,26.9,51.8,0.0,18,7,False
2026-07-21 19:50:20.512938,31.6,52.7,18.5,4.2,0.4,42.9,52,Satisfactory,36.0,67.2,1.1,19,7,False
2026-07-21 20:50:20.512938,27.1,54.4,12.4,7.8,0.33,57.9,45,Good,29.9,55.7,2.5,20,7,False
2026-07-21 21:50:20.512938,17.5,28.8,14.0,2.9,0.53,48.9,29,Good,35.0,61.4,3.1,21,7,False
2026-07-21 22:50:20.512938,18.9,26.2,10.4,7.1,0.55,56.1,32,Good,31.5,50.4,5.1,22,7,False
2026-07-21 23:50:20.512938,18.3,19.8,8.5,4.7,0.67,48.7,31,Good,32.0,55.9,6.5,23,7,False
2026-07-22 00:50:20.512938,14.4,19.3,2.8,4.5,0.31,41.3,24,Good,34.2,57.5,2.9,0,7,False
2026-07-22 01:50:20.512938,11.6,21.3,13.5,4.0,0.31,40.9,19,Good,36.1,61.7,6.6,1,7,False
2026-07-22 02:50:20.512938,8.1,13.7,10.5,5.2,0.48,25.4,14,Good,35.6,52.3,14.4,2,7,False
2026-07-22 03:50:20.512938,6.3,16.0,4.9,1.2,0.26,24.5,11,Good,39.2,54.6,14.3,3,7,False
2026-07-22 04:50:20.512938,8.6,14.6,10.9,5.4,0.32,17.8,14,Good,41.1,51.5,12.3,4,7,False
2026-07-22 05:50:20.512938,7.5,13.1,0.0,5.4,0.27,15.5,13,Good,41.4,71.6,14.6,5,7,False
2026-07-22 06:50:20.512938,10.8,23.3,12.6,4.8,0.22,11.7,18,Good,38.4,70.9,14.3,6,7,False
2026-07-22 07:50:20.512938,17.7,38.3,21.6,3.6,0.67,10.1,30,Good,41.6,53.2,8.0,7,7,False
2026-07-22 08:50:20.512938,18.0,31.5,9.4,6.2,0.33,11.1,30,Good,41.8,59.5,10.6,8,7,False
2026-07-22 09:50:20.512938,17.8,24.0,16.7,3.9,0.7,11.1,30,Good,39.7,60.8,12.7,9,7,False
2026-07-22 10:50:20.512938,23.6,39.8,14.0,2.0,0.33,13.8,39,Good,35.1,54.1,6.7,10,7,False
2026-07-22 11:50:20.512938,16.2,34.8,4.7,4.7,0.58,3.6,27,Good,33.0,55.4,10.1,11,7,False
2026-07-22 12:50:20.512938,8.8,24.3,5.6,1.1,0.33,21.4,15,Good,33.7,54.6,13.3,12,7,False
2026-07-22 13:50:20.512938,20.1,30.2,6.3,3.3,0.44,27.5,33,Good,30.9,52.7,8.0,13,7,False
2026-07-22 14:50:20.512938,15.7,34.2,10.0,3.4,0.63,39.3,26,Good,30.6,66.6,5.7,14,7,False
2026-07-22 15:50:20.512938,26.9,43.5,12.0,1.2,1.0,32.7,45,Good,31.1,42.9,0.0,15,7,False
2026-07-22 16:50:20.512938,22.0,26.4,15.5,3.9,0.8,44.7,37,Good,30.6,66.9,5.4,16,7,False
2026-07-22 17:50:20.512938,23.9,53.9,10.0,4.0,0.57,51.0,40,Good,30.2,64.1,1.3,17,7,False
2026-07-22 18:50:20.512938,30.3,44.4,17.6,5.1,0.67,51.1,0,Good,28.5,58.5,1.3,18,7,False
2026-07-22 19:50:20.512938,21.6,37.4,18.7,3.1,0.18,47.1,36,Good,29.2,51.8,6.6,19,7,False
2026-07-22 20:50:20.512938,20.8,47.5,16.8,2.5,0.08,51.3,35,Good,29.5,62.5,5.1,20,7,False
2026-07-22 21:50:20.512938,22.4,25.6,17.0,4.9,0.26,54.3,37,Good,32.2,53.7,0.0,21,7,False
2026-07-22 22:50:20.512938,12.9,30.6,12.8,5.2,0.31,51.4,21,Good,28.2,58.6,7.5,22,7,False
2026-07-22 23:50:20.512938,14.6,28.1,10.3,7.1,0.47,49.4,24,Good,33.1,57.6,8.3,23,7,False
2026-07-23 00:50:20.512938,11.4,15.0,6.4,5.2,0.44,33.3,19,Good,34.6,65.9,11.6,0,7,False
2026-07-23 01:50:20.512938,13.0,17.3,4.2,0.8,0.4,39.4,22,Good,36.6,59.5,10.4,1,7,False
2026-07-23 02:50:20.512938,12.0,21.8,12.7,3.2,0.45,33.0,20,Good,41.6,68.4,4.2,2,7,False
2026-07-23 03:50:20.512938,7.7,17.9,7.8,4.5,0.39,26.5,13,Good,38.0,63.2,13.3,3,7,False
2026-07-23 04:50:20.512938,10.5,16.5,11.7,5.8,0.0,26.5,18,Good,39.8,58.1,10.3,4,7,False
2026-07-23 05:50:20.512938,7.2,14.7,19.7,5.9,0.37,10.2,12,Good,42.3,59.0,13.7,5,7,False
2026-07-23 06:50:20.512938,14.1,24.8,13.1,6.7,0.66,11.3,24,Good,40.7,53.5,12.7,6,7,False
2026-07-23 07:50:20.512938,18.4,34.6,18.1,1.6,0.89,15.2,31,Good,41.6,61.5,13.0,7,7,False
2026-07-23 08:50:20.512938,14.9,38.4,10.5,3.4,1.03,10.9,25,Good,40.0,71.1,11.0,8,7,False
2026-07-23 09:50:20.512938,19.4,34.6,6.7,6.1,0.8,2.7,32,Good,38.8,73.9,13.7,9,7,False
2026-07-23 10:50:20.512938,16.3,34.7,16.7,3.3,0.58,9.4,27,Good,41.0,59.2,10.6,10,7,False
2026-07-23 11:50:20.512938,15.3,32.3,21.7,5.7,0.51,9.0,26,Good,38.5,79.5,10.2,11,7,False
2026-07-23 12:50:20.512938,24.5,41.2,19.6,4.4,0.51,22.1,41,Good,36.7,46.7,1.6,12,7,False
2026-07-23 13:50:20.512938,18.0,31.6,16.8,1.9,0.36,29.7,30,Good,34.6,67.7,10.2,13,7,False
2026-07-23 14:50:20.512938,16.3,34.8,16.9,3.7,0.59,28.8,27,Good,31.2,73.7,5.0,14,7,False
2026-07-23 15:50:20.512938,22.0,35.8,14.9,6.4,0.56,32.9,37,Good,33.1,64.9,4.8,15,7,False
2026-07-23 16:50:20.512938,18.1,37.7,14.6,8.7,0.24,47.1,30,Good,31.2,61.3,6.3,16,7,False
2026-07-23 17:50:20.512938,28.2,35.7,23.3,6.2,0.6,36.0,47,Good,28.5,66.6,7.0,17,7,False
2026-07-23 18:50:20.512938,19.2,52.4,10.6,7.5,0.58,53.7,32,Good,29.8,63.2,1.4,18,7,False
2026-07-23 19:50:20.512938,17.4,37.4,10.9,4.3,0.31,53.3,29,Good,30.2,67.3,10.0,19,7,False
2026-07-23 20:50:20.512938,20.9,42.5,17.4,2.9,1.11,46.2,35,Good,29.8,56.1,0.0,20,7,False
2026-07-23 21:50:20.512938,14.7,25.8,9.7,0.0,0.36,56.3,25,Good,33.4,60.1,6.9,21,7,False
2026-07-23 22:50:20.512938,15.3,26.0,16.6,9.1,0.61,47.4,26,Good,32.2,59.7,6.7,22,7,False
2026-07-23 23:50:20.512938,19.0,29.0,9.9,3.5,0.5,40.8,32,Good,36.1,67.0,4.7,23,7,False
2026-07-24 00:50:20.512938,11.8,22.4,10.6,3.4,0.41,44.0,20,Good,34.2,60.4,7.0,0,7,False
2026-07-24 01:50:20.512938,10.1,18.8,15.6,4.0,0.32,25.5,17,Good,37.4,70.1,10.9,1,7,False
2026-07-24 02:50:20.512938,11.3,17.4,9.3,3.4,0.27,34.9,19,Good,36.0,67.2,10.8,2,7,False
2026-07-24 03:50:20.512938,7.0,19.9,1.2,6.2,0.18,24.0,12,Good,40.0,49.4,9.8,3,7,False
2026-07-24 04:50:20.512938,12.4,19.7,17.6,3.6,0.07,19.6,21,Good,39.7,62.3,9.1,4,7,False
2026-07-24 05:50:20.512938,8.1,22.8,11.5,3.9,0.07,21.0,13,Good,39.1,64.3,11.6,5,7,False
2026-07-24 06:50:20.512938,9.6,19.5,7.7,1.1,0.78,8.1,16,Good,41.6,41.3,13.6,6,7,False
2026-07-24 07:50:20.512938,10.2,24.5,15.6,7.9,0.91,7.8,17,Good,42.8,59.2,18.2,7,7,False
2026-07-24 08:50:20.512938,14.3,40.8,15.8,6.4,0.88,10.7,24,Good,41.0,49.7,11.9,8,7,False
2026-07-24 09:50:20.512938,4.5,11.9,14.3,4.4,0.72,8.8,7,Good,39.7,56.1,7.6,9,7,True
2026-07-24 10:50:20.512938,16.1,36.4,16.4,3.6,0.25,21.5,27,Good,38.7,74.1,14.0,10,7,False
2026-07-24 11:50:20.512938,10.1,34.7,13.0,4.9,0.78,17.0,17,Good,41.2,50.3,10.0,11,7,False
2026-07-24 12:50:20.512938,17.8,30.8,6.1,6.1,0.42,15.0,30,Good,33.2,69.6,6.0,12,7,False
2026-07-24 13:50:20.512938,26.0,40.3,10.1,6.6,0.56,19.0,43,Good,35.7,72.8,2.4,13,7,False
2026-07-24 14:50:20.512938,19.1,39.2,16.2,2.8,0.32,37.1,32,Good,30.8,60.7,5.2,14,7,False
2026-07-24 15:50:20.512938,21.2,31.3,10.2,6.9,0.29,29.5,35,Good,30.9,64.6,2.2,15,7,False
2026-07-24 16:50:20.512938,23.0,34.8,10.7,6.4,0.44,35.6,38,Good,29.0,59.3,6.7,16,7,False
2026-07-24 17:50:20.512938,28.5,50.3,19.3,5.7,0.68,48.5,47,Good,29.3,75.7,5.3,17,7,False
2026-07-24 18:50:20.512938,19.0,45.0,15.3,7.6,0.46,53.2,32,Good,33.2,61.0,5.2,18,7,False
2026-07-24 19:50:20.512938,20.4,43.6,15.5,3.6,0.63,53.0,34,Good,36.4,54.1,0.7,19,7,False
2026-07-24 20:50:20.512938,23.8,54.5,14.0,7.2,0.71,54.9,40,Good,33.2,63.4,5.5,20,7,False
2026-07-24 21:50:20.512938,16.1,27.2,17.0,5.2,0.28,52.2,27,Good,30.0,65.9,6.2,21,7,False
2026-07-24 22:50:20.512938,17.2,34.2,16.0,8.1,0.97,48.2,29,Good,29.4,64.2,1.9,22,7,False
2026-07-24 23:50:20.512938,8.7,32.6,15.3,5.5,0.4,53.0,15,Good,32.0,67.5,8.0,23,7,False
2026-07-25 00:50:20.512938,12.4,24.5,6.2,4.1,0.27,48.5,21,Good,32.4,61.0,5.2,0,7,False
2026-07-25 01:50:20.512938,12.5,14.2,13.4,4.2,0.42,32.5,21,Good,35.0,50.5,11.5,1,7,False
2026-07-25 02:50:20.512938,8.3,16.0,9.0,5.8,0.41,23.8,14,Good,37.1,58.4,11.3,2,7,False
2026-07-25 03:50:20.512938,11.1,20.5,4.3,6.5,0.5,25.4,18,Good,38.3,53.2,11.3,3,7,False
2026-07-25 04:50:20.512938,9.7,18.5,13.8,1.8,0.28,13.9,16,Good,39.9,60.7,13.2,4,7,False
2026-07-25 05:50:20.512938,8.8,16.4,12.2,5.0,0.41,17.4,15,Good,42.7,55.5,14.0,5,7,False
2026-07-25 06:50:20.512938,15.6,23.7,0.0,4.3,0.46,20.7,26,Good,39.2,90.2,11.6,6,7,False
2026-07-25 07:50:20.512938,13.3,29.4,2.4,0.8,0.9,17.2,22,Good,39.4,53.3,16.8,7,7,False
2026-07-25 08:50:20.512938,14.4,25.7,17.2,6.3,0.55,11.3,24,Good,36.4,70.7,16.1,8,7,False
2026-07-25 09:50:20.512938,21.1,44.5,9.6,8.7,0.7,17.2,35,Good,40.6,71.0,8.1,9,7,False
2026-07-25 10:50:20.512938,18.8,33.4,10.8,4.7,0.9,9.9,31,Good,42.1,57.4,11.0,10,7,False
2026-07-25 11:50:20.512938,13.1,29.2,15.5,3.5,0.39,19.4,22,Good,36.5,66.7,13.6,11,7,False
2026-07-25 12:50:20.512938,12.8,26.6,18.7,3.7,0.71,14.7,21,Good,35.2,67.8,12.2,12,7,False
2026-07-25 13:50:20.512938,24.3,39.0,7.5,0.5,0.44,19.1,40,Good,33.8,63.3,1.9,13,7,False
2026-07-25 14:50:20.512938,15.0,28.4,16.1,1.9,0.69,38.2,25,Good,33.1,53.7,9.9,14,7,False
2026-07-25 15:50:20.512938,18.3,31.5,4.2,4.9,0.82,34.1,30,Good,31.6,74.0,6.2,15,7,False
2026-07-25 16:50:20.512938,21.9,35.9,11.7,4.2,0.42,43.7,36,Good,32.0,43.8,3.5,16,7,False
2026-07-25 17:50:20.512938,27.3,48.2,21.9,6.9,0.09,34.6,46,Good,32.5,62.7,2.9,17,7,False
2026-07-25 18:50:20.512938,27.9,56.2,8.0,6.6,0.62,39.8,46,Good,29.2,57.2,0.0,18,7,False
2026-07-25 19:50:20.512938,24.4,42.7,11.7,4.3,0.85,54.1,41,Good,31.1,66.5,3.0,19,7,False
2026-07-25 20:50:20.512938,21.3,48.8,10.8,6.7,0.71,58.6,35,Good,27.8,85.1,4.7,20,7,False
2026-07-25 21:50:20.512938,16.2,37.9,15.8,3.2,0.26,42.5,27,Good,30.9,53.4,5.3,21,7,False
2026-07-25 22:50:20.512938,19.4,37.5,13.6,4.0,0.55,51.0,32,Good,34.0,59.4,2.0,22,7,False
2026-07-25 23:50:20.512938,17.3,21.2,4.3,6.3,0.88,38.6,29,Good,34.7,60.8,6.8,23,7,False
2026-07-26 00:50:20.512938,10.7,24.5,12.9,3.7,0.0,42.2,18,Good,37.9,55.1,5.2,0,7,False
2026-07-26 01:50:20.512938,7.6,11.3,7.8,6.3,0.4,31.3,13,Good,37.8,48.0,18.4,1,7,False
2026-07-26 02:50:20.512938,9.9,16.1,14.0,2.1,0.0,33.4,17,Good,35.9,60.3,10.9,2,7,False
2026-07-26 03:50:20.512938,8.4,21.8,12.6,3.5,0.64,17.6,14,Good,40.5,68.1,11.7,3,7,False
2026-07-26 04:50:20.512938,6.9,12.6,14.2,4.0,0.43,20.7,12,Good,38.3,54.7,15.8,4,7,False
2026-07-26 05:50:20.512938,11.6,15.4,9.0,4.5,0.41,15.2,19,Good,39.0,53.7,12.9,5,7,False
2026-07-26 06:50:20.512938,10.2,19.1,18.2,5.1,0.51,12.7,17,Good,39.6,66.2,14.8,6,7,False
2026-07-26 07:50:20.512938,15.3,32.6,22.2,4.5,0.5,7.4,26,Good,37.7,65.2,15.5,7,7,False
2026-07-26 08:50:20.512938,17.8,32.4,12.9,6.4,0.06,17.5,30,Good,39.4,46.1,11.9,8,7,False
2026-07-26 09:50:20.512938,14.8,31.1,20.0,4.6,0.64,7.4,25,Good,36.7,72.2,12.4,9,7,False
2026-07-26 10:50:20.512938,16.9,35.3,14.6,6.3,0.39,12.1,28,Good,36.8,71.7,10.7,10,7,False
2026-07-26 11:50:20.512938,14.2,29.8,14.2,7.4,0.22,12.3,24,Good,35.0,61.6,9.0,11,7,False
2026-07-26 12:50:20.512938,13.5,31.5,20.1,6.1,0.76,15.4,23,Good,34.1,60.6,9.0,12,7,False
2026-07-26 13:50:20.512938,19.3,34.6,11.4,4.1,0.77,24.1,32,Good,33.0,51.4,3.8,13,7,False
2026-07-26 14:50:20.512938,16.0,29.8,13.6,5.0,0.63,30.3,27,Good,35.1,51.9,10.6,14,7,False
2026-07-26 15:50:20.512938,17.9,37.6,12.1,3.7,0.05,41.5,30,Good,31.4,59.3,1.4,15,7,False
2026-07-26 16:50:20.512938,56.4,112.7,8.0,6.3,0.72,40.8,94,Satisfactory,29.9,58.2,8.5,16,7,True
2026-07-26 17:50:20.512938,26.8,53.5,11.2,5.5,0.58,45.6,45,Good,31.2,59.7,0.8,17,7,False
2026-07-26 18:50:20.512938,22.5,36.5,8.7,4.6,0.42,44.4,38,Good,32.0,81.9,3.7,18,7,False
2026-07-26 19:50:20.512938,27.8,47.8,19.9,6.4,0.63,49.8,46,Good,30.7,58.0,2.5,19,7,False
2026-07-26 20:50:20.512938,27.7,54.7,18.2,5.3,0.69,59.5,46,Good,31.0,53.5,0.0,20,7,False
2026-07-26 21:50:20.512938,16.5,28.8,15.2,2.9,0.2,47.6,27,Good,30.1,69.9,4.5,21,7,False
2026-07-26 22:50:20.512938,17.0,30.3,7.1,6.7,0.62,46.6,28,Good,34.2,75.2,5.3,22,7,False
2026-07-26 23:50:20.512938,12.2,37.9,14.1,5.4,0.62,45.6,20,Good,32.9,71.0,2.8,23,7,False
2026-07-27 00:50:20.512938,16.0,21.7,3.9,5.5,0.41,42.2,27,Good,34.5,69.0,4.6,0,7,False
2026-07-27 01:50:20.512938,10.6,19.5,1.7,4.0,0.62,39.6,18,Good,33.9,70.0,7.2,1,7,False
2026-07-27 02:50:20.512938,8.8,14.2,4.6,4.6,0.02,37.1,15,Good,39.1,64.6,12.5,2,7,False
2026-07-27 03:50:20.512938,10.4,21.1,13.0,3.8,0.82,24.8,17,Good,40.0,51.5,6.2,3,7,False
2026-07-27 04:50:20.512938,12.1,25.0,11.5,5.3,0.43,25.4,20,Good,39.5,61.9,7.8,4,7,False
2026-07-27 05:50:20.512938,11.2,18.9,17.2,1.4,0.07,16.3,19,Good,39.6,56.2,9.0,5,7,False
2026-07-27 06:50:20.512938,10.5,22.6,17.9,1.2,0.5,13.8,18,Good,39.3,66.3,11.3,6,7,False
2026-07-27 07:50:20.512938,13.5,22.5,16.8,5.8,0.81,12.1,23,Good,40.1,80.7,17.0,7,7,False
2026-07-27 08:50:20.512938,16.6,31.3,9.2,3.8,0.67,6.6,28,Good,36.8,70.0,12.3,8,7,False
2026-07-27 09:50:20.512938,15.4,37.8,15.7,4.8,1.12,15.1,26,Good,41.8,57.6,13.6,9,7,False
2026-07-27 10:50:20.512938,16.9,27.7,13.4,2.4,0.63,16.2,28,Good,34.2,55.6,13.5,10,7,False
2026-07-27 11:50:20.512938,17.7,33.9,15.6,6.1,0.46,19.7,30,Good,37.3,49.6,10.0,11,7,False
2026-07-27 12:50:20.512938,21.3,32.5,8.4,5.3,0.42,24.2,36,Good,35.2,65.9,4.8,12,7,False
2026-07-27 13:50:20.512938,17.5,32.4,11.3,1.0,0.61,29.7,29,Good,32.3,67.4,10.5,13,7,False
2026-07-27 14:50:20.512938,19.3,26.6,11.3,0.1,0.43,36.4,32,Good,31.0,53.9,5.6,14,7,False
2026-07-27 15:50:20.512938,18.3,40.1,11.5,2.1,0.47,31.6,30,Good,29.9,57.0,2.2,15,7,False
2026-07-27 16:50:20.512938,15.5,41.1,14.1,3.4,0.66,38.2,26,Good,33.3,48.3,3.8,16,7,False
2026-07-27 17:50:20.512938,29.8,54.6,17.4,3.2,0.76,52.7,50,Good,32.3,56.3,2.3,17,7,False
2026-07-27 18:50:20.512938,25.0,54.9,14.3,0.8,0.76,47.6,42,Good,31.4,48.3,0.4,18,7,False
2026-07-27 19:50:20.512938,21.2,41.8,11.0,7.5,0.72,43.2,35,Good,31.3,52.6,7.4,19,7,False
2026-07-27 20:50:20.512938,5.5,15.7,10.1,4.7,0.26,52.4,9,Good,29.4,72.1,2.5,20,7,True
2026-07-27 21:50:20.512938,14.4,29.4,12.6,5.9,0.35,50.8,24,Good,33.6,48.0,2.1,21,7,False
2026-07-27 22:50:20.512938,18.8,37.4,13.4,3.3,0.42,45.5,31,Good,33.8,66.2,0.6,22,7,False
2026-07-27 23:50:20.512938,16.0,25.2,13.0,3.6,0.5,44.1,27,Good,33.7,52.9,5.8,23,7,False
2026-07-28 00:50:20.512938,9.4,19.6,16.1,2.8,0.39,52.1,16,Good,31.1,67.4,11.3,0,7,False
2026-07-28 01:50:20.512938,9.2,15.6,11.1,6.1,0.3,42.4,15,Good,35.4,69.7,13.3,1,7,False
2026-07-28 02:50:20.512938,10.3,21.6,5.2,7.7,0.69,38.0,17,Good,39.0,53.5,7.0,2,7,False
2026-07-28 03:50:20.512938,1.9,4.4,8.9,3.7,0.36,24.4,3,Good,38.8,44.6,11.1,3,7,True
2026-07-28 04:50:20.512938,10.9,14.6,10.8,3.7,0.4,22.4,18,Good,36.4,48.8,14.2,4,7,False
2026-07-28 05:50:20.512938,8.4,18.7,16.1,6.6,0.51,15.6,14,Good,40.4,51.4,13.1,5,7,False
2026-07-28 06:50:20.512938,12.1,19.7,9.3,3.8,0.57,17.0,20,Good,40.9,63.5,11.2,6,7,False
2026-07-28 07:50:20.512938,19.4,32.6,14.2,9.2,0.65,6.4,32,Good,40.2,39.8,11.2,7,7,False
2026-07-28 08:50:20.512938,20.7,32.2,21.7,6.3,0.61,15.7,34,Good,37.0,63.1,9.0,8,7,False
2026-07-28 09:50:20.512938,15.4,27.2,16.9,7.6,1.11,18.2,26,Good,38.3,54.2,15.8,9,7,False
2026-07-28 10:50:20.512938,19.0,33.4,16.1,6.9,0.6,11.6,32,Good,41.6,55.4,12.3,10,7,False
2026-07-28 11:50:20.512938,21.2,43.2,13.6,2.3,0.75,20.0,35,Good,37.3,51.8,5.8,11,7,False
2026-07-28 12:50:20.512938,23.1,40.2,23.4,5.0,0.43,19.8,38,Good,36.4,68.8,1.3,12,7,False
2026-07-28 13:50:20.512938,20.6,29.2,15.7,6.4,0.55,16.8,34,Good,33.7,59.9,5.8,13,7,False
2026-07-28 14:50:20.512938,16.0,33.8,14.0,6.4,0.77,34.3,27,Good,30.6,59.0,9.5,14,7,False
2026-07-28 15:50:20.512938,20.9,37.3,17.1,5.7,0.24,37.7,35,Good,32.4,48.8,1.1,15,7,False
2026-07-28 16:50:20.512938,20.4,37.0,9.7,4.9,0.6,34.6,34,Good,31.9,60.9,3.9,16,7,False
2026-07-28 17:50:20.512938,19.7,51.0,26.3,5.6,0.58,47.8,33,Good,31.4,49.0,1.5,17,7,False
2026-07-28 18:50:20.512938,27.1,44.1,15.6,2.5,0.47,44.1,45,Good,26.8,46.3,1.8,18,7,False
2026-07-28 19:50:20.512938,22.9,44.3,22.3,3.4,0.49,52.8,38,Good,31.1,61.0,3.2,19,7,False
2026-07-28 20:50:20.512938,24.0,39.1,14.6,3.5,0.65,49.8,40,Good,31.7,71.1,4.1,20,7,False
2026-07-28 21:50:20.512938,15.4,31.8,11.2,5.6,0.12,51.5,26,Good,32.3,48.0,7.6,21,7,False
2026-07-28 22:50:20.512938,20.4,28.0,13.4,7.0,0.67,50.7,34,Good,32.8,56.8,5.2,22,7,False
2026-07-28 23:50:20.512938,17.2,27.8,10.8,6.5,0.73,41.0,29,Good,33.3,63.1,5.9,23,7,False
2026-07-29 00:50:20.512938,11.7,19.3,2.3,6.9,0.36,44.1,20,Good,37.1,62.6,6.8,0,7,False
2026-07-29 01:50:20.512938,11.9,25.7,14.2,5.7,0.23,30.9,20,Good,35.2,53.2,5.9,1,7,False
2026-07-29 02:50:20.512938,31.5,49.5,2.7,4.6,0.47,32.6,52,Satisfactory,37.8,67.2,10.5,2,7,True
2026-07-29 03:50:20.512938,8.2,12.0,0.8,7.8,0.38,21.2,14,Good,40.4,59.8,18.7,3,7,False
2026-07-29 04:50:20.512938,10.2,14.8,1.3,5.9,0.13,21.6,17,Good,36.9,66.5,12.5,4,7,False
2026-07-29 05:50:20.512938,10.0,18.3,6.1,3.9,0.46,17.9,17,Good,41.2,50.2,12.4,5,7,False
2026-07-29 06:50:20.512938,9.7,19.3,6.6,3.9,0.26,11.6,16,Good,41.1,65.2,18.1,6,7,False
2026-07-29 07:50:20.512938,12.0,25.5,9.7,6.9,0.28,10.8,20,Good,42.9,69.5,16.5,7,7,False
2026-07-29 08:50:20.512938,13.1,34.0,21.2,6.5,0.44,3.2,22,Good,37.9,55.8,14.2,8,7,False
2026-07-29 09:50:20.512938,17.1,27.4,23.4,2.7,0.65,18.1,29,Good,38.8,66.4,12.8,9,7,False
2026-07-29 10:50:20.512938,22.6,38.8,19.1,6.5,0.3,10.6,38,Good,36.7,56.9,8.9,10,7,False
2026-07-29 11:50:20.512938,17.6,29.2,9.1,3.8,0.62,9.0,29,Good,39.6,48.9,9.2,11,7,False
2026-07-29 12:50:20.512938,22.5,35.2,1.2,6.5,0.62,18.5,37,Good,36.9,65.2,3.1,12,7,False
2026-07-29 13:50:20.512938,20.2,35.4,18.0,4.3,0.06,22.2,34,Good,35.0,62.7,2.8,13,7,False
2026-07-29 14:50:20.512938,15.7,27.2,18.0,6.9,0.79,29.7,26,Good,32.6,64.1,10.5,14,7,False
2026-07-29 15:50:20.512938,19.2,33.3,14.1,8.0,0.75,42.9,32,Good,32.3,63.6,8.5,15,7,False
2026-07-29 16:50:20.512938,28.1,36.1,11.2,4.2,0.12,44.1,47,Good,26.3,41.0,4.7,16,7,False
2026-07-29 17:50:20.512938,21.8,36.6,16.2,6.5,0.52,50.2,36,Good,26.4,77.0,9.1,17,7,False
2026-07-29 18:50:20.512938,25.6,43.2,15.7,8.3,0.57,49.6,43,Good,28.0,65.2,0.5,18,7,False
2026-07-29 19:50:20.512938,31.1,43.8,21.9,3.7,0.78,56.0,51,Satisfactory,27.1,82.0,3.5,19,7,False
2026-07-29 20:50:20.512938,27.3,43.0,15.5,4.7,0.65,47.0,45,Good,28.3,55.4,3.2,20,7,False
2026-07-29 21:50:20.512938,36.6,58.8,4.6,1.3,0.49,50.7,61,Satisfactory,29.9,59.2,4.3,21,7,True
2026-07-29 22:50:20.512938,17.3,27.6,9.8,4.5,0.41,40.7,29,Good,31.0,51.1,8.9,22,7,False
2026-07-29 23:50:20.512938,14.5,31.1,15.7,4.6,0.43,39.3,24,Good,33.4,64.7,4.5,23,7,False
2026-07-30 00:50:20.512938,10.4,17.8,13.6,3.5,0.63,43.9,17,Good,34.0,73.1,8.6,0,7,False
2026-07-30 01:50:20.512938,11.7,25.2,6.7,4.3,0.2,38.5,19,Good,34.9,69.3,4.8,1,7,False
2026-07-30 02:50:20.512938,7.8,18.9,6.0,6.6,0.48,31.9,13,Good,35.7,57.3,6.9,2,7,False
2026-07-30 03:50:20.512938,8.6,15.3,12.2,2.2,0.37,24.5,14,Good,40.2,55.7,10.6,3,7,False
2026-07-30 04:50:20.512938,9.1,23.9,7.6,3.7,0.74,16.4,15,Good,37.8,58.1,9.8,4,7,False
2026-07-30 05:50:20.512938,8.5,19.9,4.6,3.4,0.45,19.0,14,Good,39.9,54.1,9.4,5,7,False
2026-07-30 06:50:20.512938,11.4,17.7,16.4,4.7,0.73,8.9,19,Good,39.8,49.5,14.8,6,7,False
2026-07-30 07:50:20.512938,11.9,25.4,28.9,1.8,0.46,12.0,20,Good,41.5,55.8,19.6,7,7,False
2026-07-30 08:50:20.512938,17.3,35.1,21.3,5.6,0.76,9.8,29,Good,38.8,70.8,12.7,8,7,False
2026-07-30 09:50:20.512938,20.3,29.8,5.4,5.2,0.22,6.0,34,Good,37.6,61.6,9.4,9,7,False
2026-07-30 10:50:20.512938,19.2,41.6,15.6,2.0,0.68,15.4,32,Good,35.4,63.7,12.0,10,7,False
2026-07-30 11:50:20.512938,18.2,32.3,12.8,10.2,0.44,15.3,30,Good,36.5,54.2,7.7,11,7,False
2026-07-30 12:50:20.512938,21.8,31.3,11.3,9.1,0.76,18.5,36,Good,34.4,62.8,10.6,12,7,False
2026-07-30 13:50:20.512938,17.0,32.2,11.0,0.0,1.17,28.6,28,Good,36.5,56.4,3.3,13,7,False
2026-07-30 14:50:20.512938,21.2,34.1,15.8,4.4,0.66,33.5,35,Good,32.8,68.2,4.8,14,7,False
2026-07-30 15:50:20.512938,21.3,30.9,7.3,3.6,0.53,30.0,36,Good,34.0,61.7,3.1,15,7,False
2026-07-30 16:50:20.512938,20.7,34.9,8.3,5.9,0.51,37.2,35,Good,34.6,69.7,6.5,16,7,False
2026-07-30 17:50:20.512938,20.0,32.1,18.2,4.5,0.52,44.6,33,Good,27.7,63.1,10.3,17,7,False
2026-07-30 18:50:20.512938,28.8,47.5,18.1,5.2,0.66,53.6,48,Good,32.9,40.5,1.4,18,7,False
2026-07-30 19:50:20.512938,23.6,44.6,6.8,5.7,0.8,45.4,39,Good,31.0,74.4,3.1,19,7,False
2026-07-30 20:50:20.512938,24.8,51.0,16.3,5.3,1.26,54.4,41,Good,27.6,50.8,2.5,20,7,False
2026-07-30 21:50:20.512938,12.7,19.3,6.0,3.4,0.33,47.5,21,Good,36.9,61.0,10.4,21,7,False
2026-07-30 22:50:20.512938,14.7,25.4,7.0,5.2,0.21,45.1,25,Good,29.4,73.3,9.3,22,7,False
2026-07-30 23:50:20.512938,19.5,33.1,10.8,1.2,0.46,36.8,33,Good,33.2,57.7,4.6,23,7,False
2026-07-31 00:50:20.512938,13.7,21.4,1.4,1.2,0.07,34.7,23,Good,33.1,45.0,7.1,0,7,False
2026-07-31 01:50:20.512938,11.3,23.4,13.4,7.9,0.08,35.4,19,Good,34.2,47.5,8.3,1,7,False
2026-07-31 02:50:20.512938,8.0,18.6,6.3,3.4,0.42,24.9,13,Good,38.1,50.0,12.3,2,7,False
2026-07-31 03:50:20.512938,9.0,17.4,5.2,3.8,0.72,15.3,15,Good,40.7,51.6,10.1,3,7,False
2026-07-31 04:50:20.512938,8.2,18.2,0.9,3.5,0.02,19.9,14,Good,40.6,54.6,12.4,4,7,False
2026-07-31 05:50:20.512938,10.3,18.9,8.5,1.4,0.52,13.7,17,Good,40.0,61.0,10.5,5,7,False
2026-07-31 06:50:20.512938,11.0,19.1,17.8,3.8,0.5,23.2,18,Good,39.2,57.9,15.2,6,7,False
2026-07-31 07:50:20.512938,16.1,30.7,8.1,5.1,0.61,8.8,27,Good,37.3,53.6,10.5,7,7,False
2026-07-31 08:50:20.512938,15.9,30.9,6.2,7.2,0.67,15.7,27,Good,38.1,56.0,15.6,8,7,False
2026-07-31 09:50:20.512938,16.5,22.0,18.3,3.9,0.78,14.0,27,Good,36.8,67.5,18.3,9,7,False
2026-07-31 10:50:20.512938,21.7,40.7,15.5,6.2,0.53,9.1,36,Good,36.2,55.6,7.8,10,7,False
2026-07-31 11:50:20.512938,19.9,41.7,15.1,7.4,0.68,23.9,33,Good,38.4,70.9,4.1,11,7,False
2026-07-31 12:50:20.512938,18.7,38.5,15.8,0.7,0.24,19.9,31,Good,34.2,48.3,8.1,12,7,False
2026-07-31 13:50:20.512938,22.5,41.9,16.9,3.2,0.33,20.0,37,Good,28.8,43.2,5.7,13,7,False
2026-07-31 14:50:20.512938,24.2,40.6,11.3,3.6,0.45,30.5,40,Good,30.5,64.5,6.7,14,7,False
2026-07-31 15:50:20.512938,20.1,32.8,13.6,5.1,0.96,32.4,33,Good,33.4,71.7,2.2,15,7,False
2026-07-31 16:50:20.512938,9.8,27.4,14.2,6.5,0.38,44.0,16,Good,31.8,73.6,5.3,16,7,False
2026-07-31 17:50:20.512938,27.0,42.8,18.9,4.5,0.38,49.7,45,Good,28.6,70.4,6.8,17,7,False
2026-07-31 18:50:20.512938,72.4,83.7,19.6,7.4,0.75,45.5,140,Moderate,31.5,80.7,2.8,18,7,True
2026-07-31 19:50:20.512938,21.5,41.9,21.8,6.5,0.68,49.0,36,Good,29.5,61.5,6.1,19,7,False
2026-07-31 20:50:20.512938,24.4,33.7,11.6,4.7,0.46,53.2,41,Good,36.1,64.9,8.0,20,7,False
2026-07-31 21:50:20.512938,13.7,27.6,14.1,5.6,0.26,48.7,23,Good,30.2,78.0,10.1,21,7,False
2026-07-31 22:50:20.512938,18.0,28.3,4.5,3.4,0.22,51.3,30,Good,30.6,65.4,4.0,22,7,False
2026-07-31 23:50:20.512938,17.3,42.9,2.1,4.5,0.38,47.4,29,Good,36.4,74.1,0.0,23,7,False
2026-08-01 00:50:20.512938,9.9,17.1,0.0,7.2,0.0,40.0,17,Good,33.6,70.9,11.3,0,8,False
2026-08-01 01:50:20.512938,13.0,26.7,4.3,4.1,0.35,30.3,22,Good,35.9,86.0,6.2,1,8,False
2026-08-01 02:50:20.512938,11.0,13.2,7.1,1.9,0.36,21.1,18,Good,38.0,59.1,11.1,2,8,False
2026-08-01 03:50:20.512938,8.3,19.3,5.6,7.3,0.24,26.1,14,Good,39.3,74.4,11.7,3,8,False
2026-08-01 04:50:20.512938,8.8,15.1,10.4,4.5,0.24,18.3,15,Good,41.3,70.8,11.8,4,8,False
2026-08-01 05:50:20.512938,7.2,16.2,0.0,5.4,0.17,17.7,12,Good,39.6,68.4,15.5,5,8,False
2026-08-01 06:50:20.512938,12.8,24.7,22.6,3.3,0.74,0.0,21,Good,37.1,62.3,11.7,6,8,False
2026-08-01 07:50:20.512938,24.8,33.3,12.3,4.2,0.31,9.0,41,Good,33.3,79.5,10.3,7,8,False
2026-08-01 08:50:20.512938,14.8,37.6,12.6,1.1,0.6,15.2,25,Good,38.6,51.3,12.4,8,8,False
2026-08-01 09:50:20.512938,10.4,33.4,9.9,5.5,0.94,17.0,17,Good,39.7,69.3,14.5,9,8,False
2026-08-01 10:50:20.512938,14.3,28.6,18.6,6.2,0.72,13.8,24,Good,35.5,69.2,15.8,10,8,False
2026-08-01 11:50:20.512938,16.2,28.8,16.2,7.5,0.63,19.5,27,Good,35.1,49.0,9.2,11,8,False
2026-08-01 12:50:20.512938,15.6,31.8,14.6,2.0,0.08,13.6,26,Good,31.9,72.8,10.1,12,8,False
2026-08-01 13:50:20.512938,20.1,31.4,18.9,5.2,0.47,24.3,34,Good,35.3,79.8,8.4,13,8,False
2026-08-01 14:50:20.512938,25.5,44.4,13.0,5.3,0.53,38.4,42,Good,28.9,65.2,0.0,14,8,False
2026-08-01 15:50:20.512938,20.9,37.8,17.2,2.3,0.39,39.3,35,Good,26.3,69.6,4.5,15,8,False
2026-08-01 16:50:20.512938,19.2,44.7,5.8,3.4,0.3,41.2,32,Good,27.5,75.3,0.8,16,8,False
2026-08-01 17:50:20.512938,28.6,51.7,19.5,5.5,0.88,57.1,48,Good,25.5,70.1,1.1,17,8,False
2026-08-01 18:50:20.512938,23.1,47.7,15.7,8.8,0.82,51.0,38,Good,28.1,73.4,3.3,18,8,False
2026-08-01 19:50:20.512938,21.8,41.8,12.2,8.4,0.97,52.2,36,Good,26.7,67.2,4.0,19,8,False
2026-08-01 20:50:20.512938,20.8,43.1,15.1,6.0,0.37,53.2,35,Good,33.7,62.8,5.1,20,8,False
2026-08-01 21:50:20.512938,22.3,37.7,12.2,4.0,0.76,48.5,37,Good,27.5,73.0,0.6,21,8,False
2026-08-01 22:50:20.512938,12.0,31.3,5.7,3.8,0.48,51.1,20,Good,31.3,81.9,4.3,22,8,False
2026-08-01 23:50:20.512938,17.4,27.6,3.6,6.7,0.41,34.5,29,Good,37.1,73.9,8.7,23,8,False
2026-08-02 00:50:20.512938,13.5,22.4,14.3,3.8,0.16,34.3,23,Good,32.5,71.9,5.4,0,8,False
2026-08-02 01:50:20.512938,11.9,19.3,8.3,1.5,0.0,36.1,20,Good,34.2,68.6,9.6,1,8,False
2026-08-02 02:50:20.512938,9.7,15.3,13.8,4.5,0.16,29.3,16,Good,38.9,63.1,12.5,2,8,False
2026-08-02 03:50:20.512938,10.2,18.4,10.7,5.1,0.16,17.6,17,Good,39.8,73.1,8.2,3,8,False
2026-08-02 04:50:20.512938,9.1,19.3,11.3,1.5,0.45,12.0,15,Good,39.2,67.6,12.4,4,8,False
2026-08-02 05:50:20.512938,10.5,20.5,14.4,3.6,0.02,23.3,17,Good,38.7,76.9,10.2,5,8,False
2026-08-02 06:50:20.512938,11.6,20.3,2.6,5.5,0.42,4.6,19,Good,38.5,63.6,16.0,6,8,False
2026-08-02 07:50:20.512938,14.5,30.6,10.3,3.8,0.59,15.9,24,Good,38.2,53.8,12.0,7,8,False
2026-08-02 08:50:20.512938,22.3,37.1,25.2,3.8,1.04,11.8,37,Good,39.1,67.4,9.0,8,8,False
2026-08-02 09:50:20.512938,19.1,38.8,13.9,6.3,0.64,5.4,32,Good,36.7,67.8,10.9,9,8,False
2026-08-02 10:50:20.512938,25.4,37.0,11.4,5.4,0.42,17.1,42,Good,36.7,74.7,6.9,10,8,False
2026-08-02 11:50:20.512938,17.3,31.3,18.8,3.3,0.72,16.9,29,Good,31.3,68.5,10.1,11,8,False
2026-08-02 12:50:20.512938,18.1,25.2,26.0,4.4,0.28,5.6,30,Good,31.6,68.2,7.9,12,8,False
2026-08-02 13:50:20.512938,21.9,36.6,11.9,1.9,0.44,21.6,36,Good,31.7,69.6,3.1,13,8,False
2026-08-02 14:50:20.512938,19.0,21.5,18.0,2.5,0.67,32.4,32,Good,33.2,71.6,12.5,14,8,False
2026-08-02 15:50:20.512938,17.2,37.9,6.7,0.4,0.51,41.3,29,Good,28.6,79.5,7.2,15,8,False
2026-08-02 16:50:20.512938,21.0,39.4,18.7,1.9,0.67,47.4,35,Good,26.9,77.2,5.2,16,8,False
2026-08-02 17:50:20.512938,31.5,63.7,14.0,6.9,0.79,44.0,52,Satisfactory,26.1,72.3,0.0,17,8,False
2026-08-02 18:50:20.512938,36.4,42.0,11.7,2.9,0.61,45.9,60,Satisfactory,28.1,78.6,3.3,18,8,False
2026-08-02 19:50:20.512938,25.1,38.8,22.6,5.0,0.83,50.5,42,Good,24.6,61.8,6.7,19,8,False
2026-08-02 20:50:20.512938,30.4,56.4,15.6,6.2,0.8,54.5,0,Good,27.0,64.9,0.8,20,8,False
2026-08-02 21:50:20.512938,19.6,30.4,10.7,8.6,0.7,48.5,33,Good,31.3,82.3,2.4,21,8,False
2026-08-02 22:50:20.512938,21.2,34.8,17.3,3.7,0.65,46.9,35,Good,29.2,69.9,1.4,22,8,False
2026-08-02 23:50:20.512938,12.7,25.5,8.8,5.7,0.24,42.6,21,Good,30.5,52.0,10.0,23,8,False
2026-08-03 00:50:20.512938,12.0,19.2,10.0,4.9,0.06,34.6,20,Good,34.6,63.7,12.0,0,8,False
2026-08-03 01:50:20.512938,9.9,15.6,13.6,0.7,0.33,26.4,16,Good,34.3,60.3,12.7,1,8,False
2026-08-03 02:50:20.512938,6.6,12.1,4.8,6.8,0.23,28.9,11,Good,32.0,70.7,15.6,2,8,False
2026-08-03 03:50:20.512938,10.5,16.2,5.4,4.0,0.55,24.1,17,Good,38.5,64.1,12.4,3,8,False
2026-08-03 04:50:20.512938,25.0,47.2,6.4,0.7,0.43,23.5,42,Good,37.8,85.5,11.6,4,8,True
2026-08-03 05:50:20.512938,8.7,14.7,5.6,6.1,0.05,15.6,15,Good,35.0,69.3,11.1,5,8,False
2026-08-03 06:50:20.512938,10.8,19.8,21.1,6.7,0.48,10.2,18,Good,38.9,67.5,13.5,6,8,False
2026-08-03 07:50:20.512938,14.9,28.1,14.1,3.0,0.67,11.8,25,Good,34.8,64.2,15.6,7,8,False
2026-08-03 08:50:20.512938,12.7,29.8,16.5,4.5,0.5,6.0,21,Good,37.3,65.3,11.8,8,8,False
2026-08-03 09:50:20.512938,17.0,31.4,10.7,6.2,0.59,0.0,28,Good,35.3,74.5,12.2,9,8,False
2026-08-03 10:50:20.512938,13.8,33.4,6.4,7.7,0.69,12.7,23,Good,39.4,79.2,10.3,10,8,False
2026-08-03 11:50:20.512938,18.6,30.2,13.8,6.3,0.57,12.1,31,Good,35.7,72.9,10.2,11,8,False
2026-08-03 12:50:20.512938,16.8,36.6,9.4,1.6,0.75,23.9,28,Good,31.7,59.9,8.3,12,8,False
2026-08-03 13:50:20.512938,18.7,33.7,6.2,5.1,0.36,22.7,31,Good,34.8,70.4,8.0,13,8,False
2026-08-03 14:50:20.512938,19.3,39.1,1.9,5.2,0.59,28.7,32,Good,29.5,68.9,4.4,14,8,False
2026-08-03 15:50:20.512938,17.2,38.5,6.8,7.2,0.22,23.9,29,Good,28.7,64.4,6.1,15,8,False
2026-08-03 16:50:20.512938,22.7,27.0,18.5,5.0,0.63,32.1,38,Good,26.7,78.5,7.4,16,8,False
2026-08-03 17:50:20.512938,26.1,46.2,16.1,3.6,0.89,38.8,43,Good,30.4,74.8,5.6,17,8,False
2026-08-03 18:50:20.512938,17.7,61.9,13.3,8.1,0.82,42.3,29,Good,23.0,70.0,0.0,18,8,False
2026-08-03 19:50:20.512938,29.6,50.3,10.6,3.5,0.74,50.9,49,Good,27.7,71.2,0.0,19,8,False
2026-08-03 20:50:20.512938,34.8,59.3,18.9,6.0,0.47,44.0,57,Satisfactory,32.4,67.3,0.0,20,8,False
2026-08-03 21:50:20.512938,16.3,37.7,8.9,3.5,0.43,46.0,27,Good,32.7,60.7,0.3,21,8,False
2026-08-03 22:50:20.512938,15.5,39.0,17.3,4.7,0.0,50.0,26,Good,30.5,73.3,1.8,22,8,False
2026-08-03 23:50:20.512938,18.9,29.5,4.8,4.4,0.28,40.5,32,Good,33.8,62.3,6.6,23,8,False
2026-08-04 00:50:20.512938,10.1,13.9,13.2,7.8,0.36,39.2,17,Good,31.4,75.8,12.3,0,8,False
2026-08-04 01:50:20.512938,11.8,18.4,4.5,5.2,0.32,31.2,20,Good,35.3,75.1,9.2,1,8,False
2026-08-04 02:50:20.512938,10.3,24.4,11.3,3.2,0.09,32.3,17,Good,36.3,74.9,11.3,2,8,False
2026-08-04 03:50:20.512938,9.2,15.3,6.8,3.2,0.31,14.1,15,Good,36.7,73.7,13.4,3,8,False
2026-08-04 04:50:20.512938,10.4,19.2,11.4,3.7,0.19,17.4,17,Good,36.8,70.8,9.6,4,8,False
2026-08-04 05:50:20.512938,9.7,19.5,19.8,3.0,0.18,16.0,16,Good,32.6,71.5,10.4,5,8,False
2026-08-04 06:50:20.512938,17.3,25.1,6.5,4.1,0.43,8.4,29,Good,39.8,68.9,9.8,6,8,False
2026-08-04 07:50:20.512938,16.0,29.6,19.6,3.8,0.25,17.2,27,Good,39.1,62.8,14.2,7,8,False
2026-08-04 08:50:20.512938,14.8,27.1,19.8,4.0,0.93,2.9,25,Good,40.0,63.1,13.7,8,8,False
2026-08-04 09:50:20.512938,16.2,39.0,15.8,4.8,0.72,11.8,27,Good,35.4,62.3,9.1,9,8,False
2026-08-04 10:50:20.512938,14.0,33.1,11.3,9.7,0.7,11.8,23,Good,36.2,78.6,12.0,10,8,False
2026-08-04 11:50:20.512938,18.0,36.1,9.1,7.8,0.51,9.2,30,Good,33.2,62.3,4.2,11,8,False
2026-08-04 12:50:20.512938,12.9,31.2,18.2,6.4,0.88,16.6,21,Good,38.6,69.2,11.4,12,8,False
2026-08-04 13:50:20.512938,19.7,36.1,14.7,8.8,0.41,24.1,33,Good,35.5,77.2,7.2,13,8,False
2026-08-04 14:50:20.512938,21.7,36.8,9.8,4.6,0.63,27.0,36,Good,35.3,68.0,4.1,14,8,False
2026-08-04 15:50:20.512938,21.2,33.7,8.0,1.7,0.69,37.4,35,Good,29.3,68.4,3.8,15,8,False
2026-08-04 16:50:20.512938,18.8,35.7,12.1,2.5,0.46,41.7,31,Good,30.0,78.2,9.6,16,8,False
2026-08-04 17:50:20.512938,20.0,42.3,16.2,7.1,0.62,47.5,33,Good,29.8,75.5,2.7,17,8,False
2026-08-04 18:50:20.512938,16.9,42.7,20.5,2.6,0.38,45.7,28,Good,30.5,67.5,6.6,18,8,False
2026-08-04 19:50:20.512938,22.8,52.6,16.7,6.1,0.68,51.6,38,Good,28.9,69.1,0.0,19,8,False
2026-08-04 20:50:20.512938,31.2,42.4,16.9,4.4,0.63,46.8,51,Satisfactory,31.2,72.2,3.0,20,8,False
2026-08-04 21:50:20.512938,15.8,33.7,19.0,3.6,0.52,50.3,26,Good,29.4,66.6,3.0,21,8,False
2026-08-04 22:50:20.512938,18.5,25.4,7.0,7.5,0.43,42.0,31,Good,29.1,81.1,5.0,22,8,False
2026-08-04 23:50:20.512938,18.2,31.5,0.2,3.0,0.6,45.4,30,Good,33.7,65.5,6.4,23,8,False
2026-08-05 00:50:20.512938,12.2,16.1,12.7,7.4,0.53,41.7,20,Good,34.3,67.0,10.5,0,8,False
2026-08-05 01:50:20.512938,11.4,23.4,3.7,4.7,0.85,31.8,19,Good,32.2,69.7,8.8,1,8,False
2026-08-05 02:50:20.512938,2.4,6.4,8.3,5.7,0.29,28.9,4,Good,36.9,81.4,8.2,2,8,True
2026-08-05 03:50:20.512938,7.9,12.3,11.0,4.0,0.54,27.7,13,Good,36.4,60.1,15.4,3,8,False
2026-08-05 04:50:20.512938,10.8,14.8,8.4,5.7,0.27,20.5,18,Good,38.8,65.3,13.4,4,8,False
2026-08-05 05:50:20.512938,8.9,14.5,6.5,5.5,0.33,13.3,15,Good,38.8,74.5,12.2,5,8,False
2026-08-05 06:50:20.512938,8.6,17.5,18.2,1.9,0.0,13.1,14,Good,39.5,69.1,17.6,6,8,False
2026-08-05 07:50:20.512938,13.6,30.1,9.1,0.0,0.94,16.7,23,Good,32.1,53.3,14.4,7,8,False
2026-08-05 08:50:20.512938,13.5,23.3,23.0,4.7,0.7,6.0,23,Good,38.0,55.7,16.9,8,8,False
2026-08-05 09:50:20.512938,18.3,26.2,20.5,6.4,0.8,8.6,30,Good,35.3,68.5,12.9,9,8,False
2026-08-05 10:50:20.512938,19.9,28.0,21.6,5.1,0.37,12.2,33,Good,35.6,65.4,10.6,10,8,False
2026-08-05 11:50:20.512938,24.2,31.9,18.1,2.5,0.45,20.4,40,Good,35.0,62.6,2.3,11,8,False
2026-08-05 12:50:20.512938,24.8,45.3,8.8,4.2,0.58,13.1,41,Good,34.7,71.8,0.7,12,8,False
2026-08-05 13:50:20.512938,21.2,35.1,7.9,3.1,0.36,34.3,35,Good,33.3,70.9,5.4,13,8,False
2026-08-05 14:50:20.512938,26.2,48.3,9.1,5.6,0.53,34.1,44,Good,30.9,67.3,2.8,14,8,False
2026-08-05 15:50:20.512938,15.6,33.9,12.5,1.5,0.62,35.9,26,Good,28.7,79.7,5.7,15,8,False
2026-08-05 16:50:20.512938,18.8,39.6,13.4,4.0,0.48,42.6,31,Good,26.4,63.4,0.0,16,8,False
2026-08-05 17:50:20.512938,21.8,36.7,14.4,2.4,0.82,41.5,36,Good,26.3,72.6,9.1,17,8,False
2026-08-05 18:50:20.512938,26.8,56.3,30.8,6.6,0.77,45.4,45,Good,28.4,87.9,0.0,18,8,False
2026-08-05 19:50:20.512938,23.4,37.4,22.6,4.0,0.13,40.6,39,Good,28.5,60.2,4.6,19,8,False
2026-08-05 20:50:20.512938,25.6,53.1,15.6,6.4,0.43,49.9,43,Good,28.5,67.9,3.0,20,8,False
2026-08-05 21:50:20.512938,18.4,31.4,7.2,3.9,0.61,55.2,31,Good,26.8,74.1,3.2,21,8,False
2026-08-05 22:50:20.512938,18.2,37.0,5.4,5.9,0.69,51.9,30,Good,31.0,81.1,2.8,22,8,False
2026-08-05 23:50:20.512938,15.9,31.8,13.8,6.8,0.32,45.4,27,Good,33.0,70.9,8.5,23,8,False
2026-08-06 00:50:20.512938,7.6,19.0,7.8,7.7,0.2,34.3,13,Good,34.7,80.7,13.9,0,8,False
2026-08-06 01:50:20.512938,1.5,6.0,3.3,4.3,0.83,32.6,3,Good,34.8,67.4,11.4,1,8,True
2026-08-06 02:50:20.512938,13.2,15.8,15.6,4.4,0.61,29.9,22,Good,34.3,72.4,7.5,2,8,False
2026-08-06 03:50:20.512938,12.1,16.8,4.7,3.2,0.47,18.5,20,Good,35.3,83.0,12.6,3,8,False
2026-08-06 04:50:20.512938,9.1,18.2,3.6,6.3,0.08,22.5,15,Good,36.1,82.1,12.8,4,8,False
2026-08-06 05:50:20.512938,9.2,15.5,3.9,6.2,0.33,18.0,15,Good,37.0,74.3,13.2,5,8,False
2026-08-06 06:50:20.512938,8.6,21.2,6.8,1.7,0.62,14.2,14,Good,37.2,76.0,18.3,6,8,False
2026-08-06 07:50:20.512938,15.6,24.0,16.8,6.8,0.63,2.4,26,Good,39.0,66.3,15.5,7,8,False
2026-08-06 08:50:20.512938,15.5,37.8,8.9,2.7,0.41,13.2,26,Good,38.0,74.4,11.0,8,8,False
2026-08-06 09:50:20.512938,28.1,39.9,18.5,4.9,0.36,7.8,47,Good,37.2,69.8,7.3,9,8,False
2026-08-06 10:50:20.512938,19.5,31.9,15.2,6.8,0.58,14.3,32,Good,36.6,75.1,7.6,10,8,False
2026-08-06 11:50:20.512938,12.1,27.6,11.7,8.0,0.5,16.8,20,Good,38.6,68.6,12.3,11,8,False
2026-08-06 12:50:20.512938,17.0,22.9,13.2,3.7,0.65,28.6,28,Good,30.1,72.4,11.3,12,8,False
2026-08-06 13:50:20.512938,21.1,32.7,8.6,5.6,0.78,30.1,35,Good,30.6,72.8,9.6,13,8,False
2026-08-06 14:50:20.512938,19.0,33.6,1.9,4.2,0.52,35.1,32,Good,31.7,74.6,8.1,14,8,False
2026-08-06 15:50:20.512938,16.6,29.9,11.3,3.9,0.28,40.8,28,Good,30.7,63.6,3.4,15,8,False
2026-08-06 16:50:20.512938,23.5,34.5,17.6,3.8,0.76,27.9,39,Good,27.6,64.0,4.9,16,8,False
2026-08-06 17:50:20.512938,20.4,49.8,18.0,3.7,0.59,34.1,34,Good,28.9,73.3,7.0,17,8,False
2026-08-06 18:50:20.512938,27.3,43.0,14.3,1.1,0.42,57.4,45,Good,30.0,72.9,7.4,18,8,False
2026-08-06 19:50:20.512938,26.0,50.5,14.5,5.0,0.63,44.6,43,Good,30.6,70.5,2.1,19,8,False
2026-08-06 20:50:20.512938,28.4,40.0,13.5,0.0,0.39,47.2,47,Good,27.6,83.8,3.9,20,8,False
2026-08-06 21:50:20.512938,13.5,20.7,5.2,8.3,0.62,43.3,22,Good,29.4,74.1,11.6,21,8,False
2026-08-06 22:50:20.512938,24.5,33.9,8.9,4.2,0.58,44.7,41,Good,30.0,67.5,0.5,22,8,False
2026-08-06 23:50:20.512938,10.0,18.8,12.4,3.7,0.68,45.7,17,Good,31.5,85.0,10.2,23,8,False
2026-08-07 00:50:20.512938,11.5,21.5,11.1,6.6,0.33,47.5,19,Good,32.6,85.5,8.3,0,8,False
2026-08-07 01:50:20.512938,10.1,15.4,4.2,4.8,0.13,35.6,17,Good,36.4,77.6,11.2,1,8,False
2026-08-07 02:50:20.512938,8.1,17.7,3.7,1.8,0.14,33.1,14,Good,32.5,83.2,12.6,2,8,False
2026-08-07 03:50:20.512938,9.5,22.0,6.6,3.4,0.28,22.5,16,Good,39.4,75.5,12.4,3,8,False
2026-08-07 04:50:20.512938,6.4,16.6,8.1,2.8,0.27,17.8,11,Good,36.4,72.8,12.7,4,8,False
2026-08-07 05:50:20.512938,10.1,17.7,7.9,5.0,0.63,10.3,17,Good,38.1,65.6,10.1,5,8,False
2026-08-07 06:50:20.512938,12.7,21.3,9.4,3.9,0.5,13.5,21,Good,39.9,68.4,13.1,6,8,False
2026-08-07 07:50:20.512938,31.1,59.3,21.8,4.6,0.91,9.8,51,Satisfactory,37.0,61.3,13.7,7,8,True
2026-08-07 08:50:20.512938,13.2,25.6,18.3,3.1,0.68,5.2,22,Good,37.3,66.0,16.2,8,8,False
2026-08-07 09:50:20.512938,13.5,30.8,24.8,3.6,0.83,16.5,23,Good,40.1,73.9,14.1,9,8,False
2026-08-07 10:50:20.512938,14.1,31.6,6.0,5.3,0.95,13.3,24,Good,36.1,74.8,14.2,10,8,False
2026-08-07 11:50:20.512938,17.3,35.7,19.5,1.9,0.57,25.1,29,Good,36.4,63.0,7.6,11,8,False
2026-08-07 12:50:20.512938,17.8,33.5,8.3,0.0,0.5,18.3,30,Good,33.0,66.8,7.6,12,8,False
2026-08-07 13:50:20.512938,11.6,23.5,8.4,4.6,1.01,30.4,19,Good,32.6,79.4,13.1,13,8,False
2026-08-07 14:50:20.512938,17.9,35.0,17.3,5.0,0.92,26.3,30,Good,32.0,70.2,7.7,14,8,False
2026-08-07 15:50:20.512938,39.2,87.9,19.0,4.0,0.55,33.8,65,Satisfactory,31.0,63.4,6.9,15,8,True
2026-08-07 16:50:20.512938,18.6,41.1,17.2,2.6,0.48,42.7,31,Good,30.7,69.9,0.0,16,8,False
2026-08-07 17:50:20.512938,26.3,45.8,15.1,7.0,0.28,41.5,44,Good,29.4,63.4,1.6,17,8,False
2026-08-07 18:50:20.512938,30.4,43.7,17.0,5.5,0.66,44.7,0,Good,31.5,68.2,0.0,18,8,False
2026-08-07 19:50:20.512938,25.9,41.6,10.7,2.7,0.27,47.9,43,Good,30.8,72.3,0.0,19,8,False
2026-08-07 20:50:20.512938,22.7,42.0,8.4,7.6,0.92,52.5,38,Good,30.4,82.9,5.3,20,8,False
2026-08-07 21:50:20.512938,15.0,30.9,6.6,3.6,0.43,52.4,25,Good,33.2,75.2,5.5,21,8,False
2026-08-07 22:50:20.512938,14.3,30.8,4.5,3.7,0.8,51.0,24,Good,31.1,74.6,4.1,22,8,False
2026-08-07 23:50:20.512938,15.9,20.6,14.8,3.0,0.37,37.6,27,Good,28.9,51.2,8.3,23,8,False
2026-08-08 00:50:20.512938,8.5,14.6,10.0,6.5,0.51,38.4,14,Good,31.0,56.8,10.1,0,8,False
2026-08-08 01:50:20.512938,9.0,13.8,7.7,4.1,0.43,35.0,15,Good,32.4,67.4,13.6,1,8,False
2026-08-08 02:50:20.512938,8.4,17.7,3.4,4.9,0.56,25.5,14,Good,36.3,70.4,10.9,2,8,False
2026-08-08 03:50:20.512938,8.9,15.6,12.7,4.5,0.31,27.5,15,Good,36.0,70.1,16.9,3,8,False
2026-08-08 04:50:20.512938,9.0,14.2,13.6,6.1,0.85,21.3,15,Good,35.3,63.7,12.4,4,8,False
2026-08-08 05:50:20.512938,8.2,12.3,15.1,2.9,0.08,11.0,14,Good,37.5,74.9,15.9,5,8,False
2026-08-08 06:50:20.512938,17.2,20.5,14.4,9.7,0.55,6.3,29,Good,40.3,75.5,12.8,6,8,False
2026-08-08 07:50:20.512938,18.6,28.6,16.3,2.1,0.64,11.7,31,Good,39.8,71.6,14.2,7,8,False
2026-08-08 08:50:20.512938,18.7,35.4,23.4,2.6,0.6,3.4,31,Good,35.0,60.4,11.3,8,8,False
2026-08-08 09:50:20.512938,21.0,36.5,13.3,6.4,0.54,4.1,35,Good,39.3,74.5,11.8,9,8,False
2026-08-08 10:50:20.512938,24.6,39.3,12.3,1.8,0.76,14.6,41,Good,32.7,68.5,7.5,10,8,False
2026-08-08 11:50:20.512938,14.7,32.6,15.1,3.5,0.66,21.1,25,Good,36.7,68.4,8.2,11,8,False
2026-08-08 12:50:20.512938,22.8,37.6,3.3,4.7,0.67,21.9,38,Good,32.1,59.9,4.2,12,8,False
2026-08-08 13:50:20.512938,3.5,8.5,20.1,0.8,0.67,31.1,6,Good,31.5,78.4,9.2,13,8,True
2026-08-08 14:50:20.512938,21.9,44.5,13.2,6.7,0.65,28.0,37,Good,32.6,66.6,2.0,14,8,False
2026-08-08 15:50:20.512938,19.1,34.2,13.5,3.4,0.51,32.4,32,Good,31.5,70.8,6.4,15,8,False
2026-08-08 16:50:20.512938,12.6,27.2,14.7,6.7,0.62,34.5,21,Good,26.2,61.8,11.7,16,8,False
2026-08-08 17:50:20.512938,28.5,54.5,16.2,3.1,0.65,34.3,48,Good,27.6,71.6,0.7,17,8,False
2026-08-08 18:50:20.512938,27.2,42.4,12.7,5.5,0.66,45.5,45,Good,29.2,74.1,1.2,18,8,False
2026-08-08 19:50:20.512938,18.2,40.6,19.6,7.2,0.22,47.7,30,Good,28.9,67.2,5.2,19,8,False
2026-08-08 20:50:20.512938,25.4,52.8,19.9,4.2,0.67,53.4,42,Good,32.9,82.7,2.8,20,8,False
2026-08-08 21:50:20.512938,12.7,23.8,15.3,7.9,0.28,50.5,21,Good,30.6,74.5,9.6,21,8,False
2026-08-08 22:50:20.512938,17.5,26.8,19.0,0.6,0.19,46.6,29,Good,29.9,65.2,6.1,22,8,False
2026-08-08 23:50:20.512938,20.7,37.3,9.9,3.1,0.36,45.4,35,Good,33.5,80.4,4.0,23,8,False
2026-08-09 00:50:20.512938,12.8,24.3,6.1,4.3,0.59,34.7,21,Good,32.3,75.9,4.2,0,8,False
2026-08-09 01:50:20.512938,7.4,16.0,7.2,3.5,0.28,30.6,12,Good,34.3,68.8,13.4,1,8,False
2026-08-09 02:50:20.512938,12.6,21.5,0.0,5.2,0.53,35.2,21,Good,36.4,63.1,5.9,2,8,False
2026-08-09 03:50:20.512938,13.4,16.6,7.9,7.1,0.34,28.2,22,Good,35.1,72.6,12.7,3,8,False
2026-08-09 04:50:20.512938,7.7,18.7,9.9,4.6,0.17,28.9,13,Good,39.5,72.6,14.5,4,8,False
2026-08-09 05:50:20.512938,7.2,13.7,1.0,4.1,0.24,19.3,12,Good,39.8,67.8,18.4,5,8,False
2026-08-09 06:50:20.512938,10.7,18.7,12.7,4.1,0.68,7.2,18,Good,36.8,58.7,14.4,6,8,False
2026-08-09 07:50:20.512938,22.4,35.2,17.4,7.1,0.59,0.0,37,Good,40.6,89.5,10.2,7,8,False
2026-08-09 08:50:20.512938,13.7,26.6,20.5,8.1,0.39,22.5,23,Good,36.5,57.7,16.4,8,8,False
2026-08-09 09:50:20.512938,17.0,31.0,7.5,2.9,0.9,13.6,28,Good,42.4,71.0,11.5,9,8,False
2026-08-09 10:50:20.512938,20.5,30.8,17.1,3.8,0.56,14.8,34,Good,32.5,74.3,10.1,10,8,False
2026-08-09 11:50:20.512938,16.4,30.1,10.6,3.9,0.57,12.3,27,Good,30.3,65.3,12.0,11,8,False
2026-08-09 12:50:20.512938,16.2,33.5,15.3,3.8,0.51,15.2,27,Good,33.1,67.4,3.5,12,8,False
2026-08-09 13:50:20.512938,26.5,41.1,21.7,2.6,0.55,20.1,44,Good,34.5,61.9,3.3,13,8,False
2026-08-09 14:50:20.512938,17.6,35.9,14.4,6.5,0.19,32.3,29,Good,28.4,58.6,3.7,14,8,False
2026-08-09 15:50:20.512938,24.0,29.2,15.1,6.7,0.41,31.2,40,Good,35.3,82.2,2.7,15,8,False
2026-08-09 16:50:20.512938,27.3,38.2,16.0,6.3,0.58,39.5,45,Good,31.4,67.6,0.0,16,8,False
2026-08-09 17:50:20.512938,24.0,50.9,6.1,5.3,0.56,41.1,40,Good,32.3,83.4,1.3,17,8,False
2026-08-09 18:50:20.512938,22.5,45.1,10.9,11.4,1.01,46.6,38,Good,25.3,67.4,8.1,18,8,False
2026-08-09 19:50:20.512938,27.1,37.6,19.8,2.4,0.69,51.4,45,Good,32.8,80.1,2.9,19,8,False
2026-08-09 20:50:20.512938,29.1,43.4,5.0,0.0,0.57,46.1,48,Good,26.5,75.8,4.1,20,8,False
2026-08-09 21:50:20.512938,15.3,44.5,7.3,5.4,0.06,59.2,26,Good,29.0,72.3,0.3,21,8,False
2026-08-09 22:50:20.512938,17.9,28.1,21.6,2.0,0.25,46.0,30,Good,32.0,75.0,2.8,22,8,False
2026-08-09 23:50:20.512938,16.7,26.9,11.5,6.8,0.08,46.1,28,Good,34.2,74.0,3.7,23,8,False
2026-08-10 00:50:20.512938,8.9,17.2,12.9,6.1,0.28,42.2,15,Good,32.5,80.5,9.9,0,8,False
2026-08-10 01:50:20.512938,9.4,17.1,2.7,4.2,0.15,36.3,16,Good,36.0,61.7,10.6,1,8,False
2026-08-10 02:50:20.512938,8.4,19.5,14.9,0.6,0.06,26.5,14,Good,37.9,75.4,12.2,2,8,False
2026-08-10 03:50:20.512938,11.2,20.5,0.0,6.6,0.5,26.7,19,Good,37.1,72.2,10.2,3,8,False
2026-08-10 04:50:20.512938,8.4,15.2,8.5,5.3,0.04,14.6,14,Good,40.7,70.8,14.1,4,8,False
2026-08-10 05:50:20.512938,9.3,20.5,12.1,5.8,0.19,17.3,15,Good,39.4,72.7,8.2,5,8,False
2026-08-10 06:50:20.512938,13.9,22.9,10.1,6.3,0.36,19.9,23,Good,40.1,64.8,8.0,6,8,False
2026-08-10 07:50:20.512938,19.2,34.3,15.4,6.7,0.66,10.0,32,Good,38.3,73.1,13.6,7,8,False
2026-08-10 08:50:20.512938,16.1,34.8,13.1,0.0,0.81,6.2,27,Good,36.0,81.2,10.8,8,8,False
2026-08-10 09:50:20.512938,14.1,31.0,13.3,5.0,0.63,11.8,24,Good,36.4,73.1,11.8,9,8,False
2026-08-10 10:50:20.512938,16.4,42.3,17.8,5.5,0.66,10.8,27,Good,36.1,64.7,8.0,10,8,False
2026-08-10 11:50:20.512938,12.6,32.8,23.3,1.0,0.62,11.8,21,Good,37.6,58.5,9.3,11,8,False
2026-08-10 12:50:20.512938,18.0,39.7,0.5,1.3,0.56,18.5,30,Good,33.3,59.1,2.7,12,8,False
2026-08-10 13:50:20.512938,19.9,27.1,14.2,4.3,1.07,32.5,33,Good,37.2,76.5,10.1,13,8,False
2026-08-10 14:50:20.512938,20.3,38.9,11.5,7.2,0.5,26.8,34,Good,32.2,82.2,4.3,14,8,False
2026-08-10 15:50:20.512938,27.2,37.3,8.0,6.7,0.54,29.6,45,Good,29.2,69.3,2.6,15,8,False
2026-08-10 16:50:20.512938,22.2,31.4,17.1,9.3,0.77,32.9,37,Good,29.2,76.0,4.5,16,8,False
2026-08-10 17:50:20.512938,24.5,46.3,21.5,4.1,0.54,42.1,41,Good,31.9,71.6,2.1,17,8,False
2026-08-10 18:50:20.512938,20.3,40.8,16.4,6.0,0.81,53.0,34,Good,29.1,73.2,7.4,18,8,False
2026-08-10 19:50:20.512938,26.4,40.0,20.5,9.5,0.5,53.2,44,Good,26.5,69.9,3.3,19,8,False
2026-08-10 20:50:20.512938,27.2,47.4,8.7,7.6,0.54,50.4,45,Good,26.6,62.8,0.0,20,8,False
2026-08-10 21:50:20.512938,15.1,25.1,21.6,1.5,0.23,38.6,25,Good,30.6,73.8,9.2,21,8,False
2026-08-10 22:50:20.512938,17.1,27.0,17.8,5.7,0.58,41.6,28,Good,30.4,80.8,7.3,22,8,False
2026-08-10 23:50:20.512938,10.4,20.3,14.2,7.4,0.53,43.0,17,Good,30.4,64.8,8.6,23,8,False
2026-08-11 00:50:20.512938,14.9,22.4,7.9,3.4,0.51,50.0,25,Good,31.1,77.3,7.8,0,8,False
2026-08-11 01:50:20.512938,10.6,18.1,0.9,4.1,0.51,37.5,18,Good,36.5,68.6,11.0,1,8,False
2026-08-11 02:50:20.512938,13.2,25.2,7.7,4.0,0.0,34.3,22,Good,35.8,73.0,7.8,2,8,False
2026-08-11 03:50:20.512938,9.6,14.0,17.3,5.9,0.09,29.8,16,Good,37.3,55.5,14.1,3,8,False
2026-08-11 04:50:20.512938,8.1,13.2,12.9,5.0,0.39,23.0,13,Good,38.0,71.3,19.2,4,8,False
2026-08-11 05:50:20.512938,11.1,19.8,9.4,4.4,0.25,13.8,18,Good,36.6,78.5,8.5,5,8,False
2026-08-11 06:50:20.512938,13.5,27.9,5.4,6.1,0.14,18.1,23,Good,36.4,70.5,9.1,6,8,False
2026-08-11 07:50:20.512938,20.1,35.4,15.6,6.5,0.77,5.0,34,Good,39.4,58.6,10.7,7,8,False
2026-08-11 08:50:20.512938,13.0,29.0,13.0,6.1,0.46,6.8,22,Good,32.5,52.1,18.9,8,8,False
2026-08-11 09:50:20.512938,16.8,29.8,24.3,0.8,0.6,17.8,28,Good,37.0,72.2,13.8,9,8,False
2026-08-11 10:50:20.512938,26.6,30.7,10.9,3.1,0.67,5.9,44,Good,37.1,69.1,8.5,10,8,False
2026-08-11 11:50:20.512938,19.4,32.4,17.3,3.0,0.61,14.2,32,Good,37.3,80.9,5.6,11,8,False
2026-08-11 12:50:20.512938,16.9,24.8,17.3,5.7,0.37,24.5,28,Good,33.5,70.0,11.0,12,8,False
2026-08-11 13:50:20.512938,21.7,45.0,9.5,6.8,0.84,16.8,36,Good,35.9,68.0,2.1,13,8,False
2026-08-11 14:50:20.512938,16.6,27.8,21.4,2.4,0.45,31.3,28,Good,32.1,74.1,4.8,14,8,False
2026-08-11 15:50:20.512938,21.0,35.6,13.2,2.7,0.37,41.6,35,Good,30.4,80.6,7.1,15,8,False
2026-08-11 16:50:20.512938,21.2,46.6,16.2,5.6,0.75,34.5,35,Good,25.3,74.7,0.3,16,8,False
2026-08-11 17:50:20.512938,20.2,28.3,12.4,9.0,0.76,47.9,34,Good,31.5,69.0,10.6,17,8,False
2026-08-11 18:50:20.512938,24.2,42.5,14.5,2.9,0.38,54.1,40,Good,28.5,73.6,3.3,18,8,False
2026-08-11 19:50:20.512938,28.8,47.5,26.7,3.8,0.52,59.9,48,Good,27.2,49.2,1.7,19,8,False
2026-08-11 20:50:20.512938,50.2,85.6,16.7,4.7,0.61,47.2,83,Satisfactory,28.5,76.1,3.8,20,8,True
2026-08-11 21:50:20.512938,18.8,44.1,16.2,2.2,0.19,46.2,31,Good,26.6,92.8,1.3,21,8,False
2026-08-11 22:50:20.512938,16.5,34.0,10.0,0.0,0.48,42.4,28,Good,33.3,79.5,4.5,22,8,False
2026-08-11 23:50:20.512938,20.4,32.1,1.4,5.7,0.29,50.4,34,Good,35.6,71.1,2.0,23,8,False
2026-08-12 00:50:20.512938,9.0,16.3,4.1,4.2,0.45,38.7,15,Good,33.9,55.5,14.0,0,8,False
2026-08-12 01:50:20.512938,11.8,20.6,7.8,1.7,0.27,33.2,20,Good,35.9,68.7,7.6,1,8,False
2026-08-12 02:50:20.512938,6.3,16.8,5.8,5.7,0.26,29.1,11,Good,36.0,79.1,16.2,2,8,False
2026-08-12 03:50:20.512938,11.1,14.3,4.8,10.1,0.53,31.7,19,Good,35.6,67.9,7.9,3,8,False
2026-08-12 04:50:20.512938,9.5,19.6,0.3,1.9,0.15,13.3,16,Good,38.2,74.3,11.5,4,8,False
2026-08-12 05:50:20.512938,10.6,14.6,9.5,3.1,0.51,17.1,18,Good,36.7,68.8,11.4,5,8,False
2026-08-12 06:50:20.512938,11.3,19.7,0.0,3.9,0.58,11.5,19,Good,42.2,77.9,15.4,6,8,False
2026-08-12 07:50:20.512938,16.0,34.0,10.1,1.1,0.72,13.2,27,Good,43.1,71.4,13.5,7,8,False
2026-08-12 08:50:20.512938,20.7,29.0,17.0,5.2,0.82,13.9,34,Good,37.3,65.8,12.7,8,8,False
2026-08-12 09:50:20.512938,10.8,23.7,8.9,3.7,0.52,14.4,18,Good,37.6,76.4,16.2,9,8,False
2026-08-12 10:50:20.512938,19.6,37.4,19.3,3.3,0.74,18.0,33,Good,37.3,68.9,7.0,10,8,False
2026-08-12 11:50:20.512938,20.6,31.6,15.9,3.3,0.34,9.1,34,Good,37.3,66.2,9.7,11,8,False
2026-08-12 12:50:20.512938,14.3,27.0,15.8,2.4,0.79,15.2,24,Good,31.9,78.2,10.4,12,8,False
2026-08-12 13:50:20.512938,15.4,30.2,12.5,7.1,0.31,24.1,26,Good,34.5,67.6,9.5,13,8,False
2026-08-12 14:50:20.512938,21.5,31.5,18.6,1.0,0.3,29.5,36,Good,31.5,75.9,7.2,14,8,False
2026-08-12 15:50:20.512938,17.9,37.5,5.8,4.5,0.47,20.6,30,Good,31.2,70.6,2.1,15,8,False
2026-08-12 16:50:20.512938,23.1,53.3,14.7,5.2,0.54,39.7,39,Good,29.7,68.9,0.3,16,8,False
2026-08-12 17:50:20.512938,28.5,46.6,13.6,7.7,0.56,39.4,48,Good,31.3,66.4,4.3,17,8,False
2026-08-12 18:50:20.512938,29.9,39.7,18.9,3.4,0.67,41.6,50,Good,28.3,64.0,4.1,18,8,False
2026-08-12 19:50:20.512938,27.6,46.3,10.4,5.8,0.8,51.9,46,Good,30.4,67.8,6.5,19,8,False
2026-08-12 20:50:20.512938,21.8,52.5,15.7,4.5,0.36,52.7,36,Good,28.0,73.0,5.7,20,8,False
2026-08-12 21:50:20.512938,18.2,26.2,3.1,2.7,0.47,58.9,30,Good,25.5,67.3,2.5,21,8,False
2026-08-12 22:50:20.512938,12.5,18.6,7.2,9.2,0.37,42.3,21,Good,31.0,77.5,12.7,22,8,False
2026-08-12 23:50:20.512938,17.6,30.9,3.6,0.0,0.5,47.2,29,Good,35.9,53.0,5.3,23,8,False
2026-08-13 00:50:20.512938,12.7,17.9,2.8,5.8,0.51,38.4,21,Good,32.5,68.6,7.9,0,8,False
2026-08-13 01:50:20.512938,9.7,19.0,11.3,4.9,0.19,32.8,16,Good,35.2,78.9,9.9,1,8,False
2026-08-13 02:50:20.512938,11.2,20.3,11.7,4.5,0.49,32.4,19,Good,35.8,85.3,9.3,2,8,False
2026-08-13 03:50:20.512938,7.5,21.1,7.9,5.6,0.21,18.4,12,Good,36.2,74.0,11.2,3,8,False
2026-08-13 04:50:20.512938,9.1,19.6,3.5,7.4,0.75,20.5,15,Good,39.0,61.4,12.7,4,8,False
2026-08-13 05:50:20.512938,6.2,14.9,3.4,4.4,0.44,9.4,10,Good,38.0,58.8,14.9,5,8,False
2026-08-13 06:50:20.512938,11.1,16.3,10.1,5.3,0.42,9.2,18,Good,37.9,67.0,16.2,6,8,False
2026-08-13 07:50:20.512938,18.9,25.9,14.0,1.9,0.47,9.5,32,Good,38.1,65.4,13.3,7,8,False
2026-08-13 08:50:20.512938,12.3,28.9,21.1,7.2,0.25,11.2,21,Good,38.4,67.8,14.6,8,8,False
2026-08-13 09:50:20.512938,16.6,26.5,17.7,4.7,0.75,11.5,28,Good,36.6,53.5,13.7,9,8,False
2026-08-13 10:50:20.512938,25.4,41.3,7.8,3.6,0.49,17.2,42,Good,37.5,72.8,6.0,10,8,False
2026-08-13 11:50:20.512938,24.5,32.1,13.6,9.0,0.53,19.5,41,Good,36.8,65.9,5.6,11,8,False
2026-08-13 12:50:20.512938,55.8,122.2,14.6,2.0,0.65,15.9,93,Satisfactory,36.0,61.3,6.1,12,8,True
2026-08-13 13:50:20.512938,10.7,20.3,21.2,7.2,0.6,31.1,18,Good,30.0,64.6,15.4,13,8,False
2026-08-13 14:50:20.512938,16.6,32.0,20.2,1.3,0.53,30.4,28,Good,33.1,71.9,10.8,14,8,False
2026-08-13 15:50:20.512938,24.9,38.0,19.2,4.3,0.46,32.7,41,Good,30.5,60.7,4.6,15,8,False
2026-08-13 16:50:20.512938,24.2,36.5,11.6,5.2,0.73,54.5,40,Good,27.8,66.6,5.0,16,8,False
2026-08-13 17:50:20.512938,21.3,41.1,10.1,5.8,0.78,53.1,36,Good,30.1,69.1,6.9,17,8,False
2026-08-13 18:50:20.512938,20.8,48.0,8.0,2.8,0.61,50.0,35,Good,27.4,73.7,6.2,18,8,False
2026-08-13 19:50:20.512938,26.1,59.8,13.4,5.0,0.38,57.7,44,Good,29.5,66.3,0.9,19,8,False
2026-08-13 20:50:20.512938,27.8,44.7,14.6,5.7,0.54,46.6,46,Good,27.0,61.8,3.3,20,8,False
2026-08-13 21:50:20.512938,19.7,27.9,4.8,6.5,0.26,47.9,33,Good,31.1,76.9,4.5,21,8,False
2026-08-13 22:50:20.512938,14.5,27.8,16.4,3.7,0.44,45.7,24,Good,30.4,69.3,6.5,22,8,False
2026-08-13 23:50:20.512938,14.8,33.0,15.8,6.5,0.47,41.4,25,Good,33.6,69.0,6.6,23,8,False
2026-08-14 00:50:20.512938,11.0,18.8,8.6,1.5,0.52,39.8,18,Good,31.7,66.9,12.4,0,8,False
2026-08-14 01:50:20.512938,13.4,18.8,8.4,3.7,0.0,26.1,22,Good,35.6,72.5,7.9,1,8,False
2026-08-14 02:50:20.512938,11.4,16.6,10.7,5.1,0.34,28.6,19,Good,33.7,57.7,10.1,2,8,False
2026-08-14 03:50:20.512938,8.5,19.3,16.1,2.3,0.33,17.1,14,Good,38.6,62.9,10.6,3,8,False
2026-08-14 04:50:20.512938,9.4,14.5,18.1,6.6,0.33,20.4,16,Good,37.3,61.8,12.4,4,8,False
2026-08-14 05:50:20.512938,2.1,5.0,3.3,5.6,0.37,13.7,3,Good,37.7,67.4,13.3,5,8,True
2026-08-14 06:50:20.512938,13.8,29.4,9.1,6.4,0.63,12.2,23,Good,40.5,49.8,9.8,6,8,False
2026-08-14 07:50:20.512938,23.0,30.9,21.0,5.2,0.39,12.4,38,Good,38.2,67.8,8.9,7,8,False
2026-08-14 08:50:20.512938,13.6,26.8,10.7,7.2,0.65,2.3,23,Good,42.6,67.8,15.8,8,8,False
2026-08-14 09:50:20.512938,16.8,43.3,15.1,4.5,0.61,11.0,28,Good,37.9,88.3,9.8,9,8,False
2026-08-14 10:50:20.512938,17.4,20.5,8.0,5.4,0.45,18.3,29,Good,34.4,73.0,14.6,10,8,False
2026-08-14 11:50:20.512938,16.5,40.6,9.3,5.8,0.04,6.8,28,Good,32.0,70.1,7.9,11,8,False
2026-08-14 12:50:20.512938,2.1,8.7,14.0,3.8,0.33,33.4,3,Good,35.5,76.3,11.1,12,8,True
2026-08-14 13:50:20.512938,19.9,30.9,9.5,4.8,0.08,23.0,33,Good,31.0,70.0,8.5,13,8,False
2026-08-14 14:50:20.512938,13.2,35.1,17.9,0.2,0.08,16.2,22,Good,33.1,78.8,9.8,14,8,False
2026-08-14 15:50:20.512938,21.7,43.7,15.0,5.6,0.51,35.9,36,Good,32.1,56.9,2.0,15,8,False
2026-08-14 16:50:20.512938,24.1,41.1,12.8,4.9,0.54,43.7,40,Good,27.3,65.1,0.0,16,8,False
2026-08-14 17:50:20.512938,16.4,36.8,9.3,5.3,0.67,42.7,27,Good,30.1,66.4,6.5,17,8,False
2026-08-14 18:50:20.512938,24.1,35.6,11.2,8.6,0.83,47.9,40,Good,28.7,62.8,5.6,18,8,False
2026-08-14 19:50:20.512938,15.1,34.3,18.9,5.7,1.01,55.6,25,Good,29.4,70.2,9.4,19,8,False
2026-08-14 20:50:20.512938,22.4,36.8,12.6,6.1,0.34,42.7,37,Good,29.6,72.6,4.9,20,8,False
2026-08-14 21:50:20.512938,19.4,36.5,6.7,10.2,0.61,50.8,32,Good,30.0,59.5,0.9,21,8,False
2026-08-14 22:50:20.512938,18.6,27.5,1.6,3.2,0.5,43.0,31,Good,30.2,58.6,5.4,22,8,False
2026-08-14 23:50:20.512938,19.5,35.9,5.1,5.1,0.21,37.8,33,Good,31.7,63.5,2.5,23,8,False
2026-08-15 00:50:20.512938,8.9,15.3,7.9,6.0,0.36,49.3,15,Good,33.4,68.1,10.5,0,8,False
2026-08-15 01:50:20.512938,7.1,23.0,6.8,6.5,0.34,28.3,12,Good,31.9,56.0,7.8,1,8,False
2026-08-15 02:50:20.512938,6.5,19.8,13.1,5.5,0.34,27.4,11,Good,34.2,61.7,12.5,2,8,False
2026-08-15 03:50:20.512938,8.6,13.3,1.4,4.8,0.19,20.2,14,Good,37.0,85.1,14.2,3,8,False
2026-08-15 04:50:20.512938,11.7,20.4,7.5,8.4,0.01,22.7,20,Good,35.4,66.6,7.8,4,8,False
2026-08-15 05:50:20.512938,6.1,18.4,6.6,5.0,0.42,7.7,10,Good,38.3,65.0,11.8,5,8,False
2026-08-15 06:50:20.512938,14.0,20.9,1.3,3.0,0.62,20.1,23,Good,36.2,73.8,11.2,6,8,False
2026-08-15 07:50:20.512938,15.2,25.2,16.7,5.1,0.23,3.8,25,Good,40.1,74.1,15.6,7,8,False
2026-08-15 08:50:20.512938,23.0,39.6,19.4,5.2,0.66,18.6,38,Good,34.5,76.6,12.2,8,8,False
2026-08-15 09:50:20.512938,21.7,39.2,18.4,5.9,0.74,10.3,36,Good,35.7,70.8,10.5,9,8,False
2026-08-15 10:50:20.512938,15.5,28.6,15.8,5.2,0.58,15.7,26,Good,33.1,68.1,13.7,10,8,False
2026-08-15 11:50:20.512938,17.3,35.0,11.2,3.9,0.85,19.0,29,Good,35.1,85.6,7.5,11,8,False
2026-08-15 12:50:20.512938,22.6,39.1,17.6,4.9,1.1,24.3,38,Good,34.5,79.9,1.6,12,8,False
2026-08-15 13:50:20.512938,19.4,35.3,16.6,6.4,0.54,34.3,32,Good,31.1,73.8,6.3,13,8,False
2026-08-15 14:50:20.512938,23.1,49.4,14.5,6.0,0.44,29.1,38,Good,30.9,60.4,0.6,14,8,False
2026-08-15 15:50:20.512938,22.2,40.6,7.7,1.0,0.49,30.2,37,Good,29.4,68.8,4.9,15,8,False
2026-08-15 16:50:20.512938,16.3,38.5,10.3,4.6,0.68,40.9,27,Good,28.6,79.9,5.5,16,8,False
2026-08-15 17:50:20.512938,25.2,37.8,23.0,4.8,0.24,46.6,42,Good,29.1,77.4,5.9,17,8,False
2026-08-15 18:50:20.512938,29.5,42.3,15.4,8.0,0.45,50.0,49,Good,28.9,79.4,1.3,18,8,False
2026-08-15 19:50:20.512938,24.2,33.6,17.0,4.3,1.08,59.9,40,Good,26.8,57.8,5.4,19,8,False
2026-08-15 20:50:20.512938,23.2,43.9,22.8,3.3,0.83,51.8,39,Good,31.3,77.9,2.4,20,8,False
2026-08-15 21:50:20.512938,18.8,34.0,18.2,0.7,0.44,47.6,31,Good,28.7,74.6,3.1,21,8,False
2026-08-15 22:50:20.512938,17.9,26.3,8.0,2.1,0.8,53.4,30,Good,31.3,61.9,5.1,22,8,False
2026-08-15 23:50:20.512938,11.4,27.1,0.0,3.4,0.38,46.5,19,Good,32.9,73.4,8.7,23,8,False
2026-08-16 00:50:20.512938,12.0,16.5,0.0,4.4,0.48,42.1,20,Good,34.6,66.1,4.8,0,8,False
2026-08-16 01:50:20.512938,9.9,21.1,10.9,4.5,0.22,40.1,17,Good,33.7,71.6,13.4,1,8,False
2026-08-16 02:50:20.512938,12.4,17.7,14.7,5.6,0.54,32.8,21,Good,34.8,62.3,7.5,2,8,False
2026-08-16 03:50:20.512938,7.0,19.8,9.1,5.9,0.33,21.3,12,Good,37.8,70.3,14.1,3,8,False
2026-08-16 04:50:20.512938,8.8,14.7,9.3,4.6,0.53,11.5,15,Good,36.1,70.5,12.6,4,8,False
2026-08-16 05:50:20.512938,9.1,14.7,17.3,5.4,0.09,9.0,15,Good,36.8,62.6,15.6,5,8,False
2026-08-16 06:50:20.512938,11.2,21.3,14.2,4.0,0.48,17.5,19,Good,40.5,66.8,10.9,6,8,False
2026-08-16 07:50:20.512938,10.1,27.9,10.8,6.7,0.37,10.0,17,Good,39.5,78.3,16.4,7,8,False
2026-08-16 08:50:20.512938,12.9,24.9,19.0,1.6,0.53,13.8,21,Good,37.4,72.2,17.4,8,8,False
2026-08-16 09:50:20.512938,16.2,24.8,21.1,5.1,0.62,9.9,27,Good,38.7,71.2,13.5,9,8,False
2026-08-16 10:50:20.512938,16.9,31.4,12.8,4.3,0.68,14.4,28,Good,37.4,64.1,15.2,10,8,False
2026-08-16 11:50:20.512938,14.8,26.1,16.6,7.9,0.7,14.2,25,Good,38.3,55.6,10.6,11,8,False
2026-08-16 12:50:20.512938,9.3,24.7,21.1,5.7,1.19,15.1,15,Good,35.0,67.9,12.9,12,8,False
2026-08-16 13:50:20.512938,20.4,31.3,17.0,2.9,0.59,22.4,34,Good,31.0,67.5,9.7,13,8,False
2026-08-16 14:50:20.512938,19.3,34.5,8.7,4.3,0.45,31.4,32,Good,29.0,63.9,6.3,14,8,False
2026-08-16 15:50:20.512938,17.5,36.6,3.6,4.3,0.45,30.2,29,Good,28.4,67.9,7.6,15,8,False
2026-08-16 16:50:20.512938,21.8,43.1,13.3,7.7,0.32,46.4,36,Good,28.3,57.2,0.0,16,8,False
2026-08-16 17:50:20.512938,28.7,49.2,22.5,5.4,0.79,48.6,48,Good,28.4,61.1,0.6,17,8,False
2026-08-16 18:50:20.512938,26.5,57.0,15.0,2.4,0.54,44.4,44,Good,30.3,67.0,2.8,18,8,False
2026-08-16 19:50:20.512938,24.0,53.1,17.3,4.5,0.73,50.9,40,Good,27.3,70.0,2.9,19,8,False
2026-08-16 20:50:20.512938,26.5,52.0,12.3,4.4,0.61,47.8,44,Good,32.1,61.8,3.2,20,8,False
2026-08-16 21:50:20.512938,14.9,25.6,1.4,6.6,0.52,45.7,25,Good,29.9,56.7,6.0,21,8,False
2026-08-16 22:50:20.512938,18.8,29.5,5.5,6.8,0.29,54.3,31,Good,29.1,69.6,2.7,22,8,False
2026-08-16 23:50:20.512938,14.8,24.6,18.8,3.0,0.54,45.6,25,Good,33.3,79.6,10.5,23,8,False
2026-08-17 00:50:20.512938,12.4,20.6,5.0,9.8,0.24,39.0,21,Good,31.6,79.6,9.8,0,8,False
2026-08-17 01:50:20.512938,10.4,23.5,3.2,4.5,0.53,37.5,17,Good,37.2,67.1,7.5,1,8,False
2026-08-17 02:50:20.512938,7.7,11.3,4.2,1.8,0.3,36.2,13,Good,35.5,57.8,15.3,2,8,False
2026-08-17 03:50:20.512938,7.0,19.0,9.9,4.0,0.2,26.1,12,Good,35.7,63.1,13.6,3,8,False
2026-08-17 04:50:20.512938,9.6,17.1,0.3,4.1,0.2,19.9,16,Good,36.9,62.7,13.4,4,8,False
2026-08-17 05:50:20.512938,7.7,13.4,13.0,3.6,0.25,14.3,13,Good,37.3,65.0,19.9,5,8,False
2026-08-17 06:50:20.512938,8.9,16.6,7.4,5.6,0.5,5.0,15,Good,38.9,64.3,21.2,6,8,False
2026-08-17 07:50:20.512938,17.2,27.0,14.4,2.9,0.52,11.4,29,Good,39.7,72.2,19.3,7,8,False
2026-08-17 08:50:20.512938,22.9,29.5,8.8,5.6,0.58,10.5,38,Good,44.6,74.5,9.7,8,8,False
2026-08-17 09:50:20.512938,14.2,25.6,20.1,4.6,0.55,10.8,24,Good,41.5,66.1,14.1,9,8,False
2026-08-17 10:50:20.512938,17.8,33.7,16.6,7.6,1.03,3.7,30,Good,35.3,72.1,11.4,10,8,False
2026-08-17 11:50:20.512938,21.1,30.2,17.9,2.1,0.75,15.5,35,Good,33.2,63.6,8.4,11,8,False
2026-08-17 12:50:20.512938,16.4,33.6,2.5,2.4,0.94,27.4,27,Good,36.3,59.3,9.7,12,8,False
2026-08-17 13:50:20.512938,17.7,32.8,12.5,7.4,0.36,28.1,29,Good,32.3,53.6,8.1,13,8,False
2026-08-17 14:50:20.512938,17.6,37.8,5.1,1.7,0.47,31.2,29,Good,32.5,61.9,2.0,14,8,False
2026-08-17 15:50:20.512938,13.7,38.5,12.5,5.7,0.57,31.2,23,Good,28.8,68.3,6.2,15,8,False
2026-08-17 16:50:20.512938,24.3,42.8,15.7,5.6,0.68,45.3,40,Good,30.0,65.7,0.0,16,8,False
2026-08-17 17:50:20.512938,19.0,45.8,12.7,5.5,0.7,44.6,32,Good,27.5,62.3,5.1,17,8,False
2026-08-17 18:50:20.512938,25.4,42.8,10.9,6.9,0.74,48.4,42,Good,30.9,73.3,4.7,18,8,False
2026-08-17 19:50:20.512938,23.0,45.2,17.9,3.3,0.46,45.8,38,Good,29.9,72.2,3.7,19,8,False
2026-08-17 20:50:20.512938,25.5,43.8,11.0,7.7,0.67,52.4,43,Good,31.7,57.3,4.8,20,8,False
2026-08-17 21:50:20.512938,15.2,32.5,8.5,6.4,0.58,55.5,25,Good,31.0,69.8,4.5,21,8,False
2026-08-17 22:50:20.512938,14.8,30.6,16.6,4.2,0.34,37.1,25,Good,30.6,75.2,6.7,22,8,False
2026-08-17 23:50:20.512938,16.5,28.0,7.5,4.0,0.38,45.4,28,Good,30.7,67.1,3.9,23,8,False
2026-08-18 00:50:20.512938,9.7,17.1,18.1,5.7,0.31,43.7,16,Good,36.7,58.4,12.6,0,8,False
2026-08-18 01:50:20.512938,11.5,21.8,1.5,5.4,0.62,33.0,19,Good,33.2,63.1,10.2,1,8,False
2026-08-18 02:50:20.512938,10.9,15.6,8.7,1.9,0.28,31.7,18,Good,35.2,64.1,11.6,2,8,False
2026-08-18 03:50:20.512938,8.7,14.8,11.1,3.1,0.27,19.3,15,Good,38.8,74.2,12.5,3,8,False
2026-08-18 04:50:20.512938,5.2,15.3,2.6,5.3,0.17,20.8,9,Good,43.8,61.8,14.7,4,8,False
2026-08-18 05:50:20.512938,7.9,18.2,6.0,7.3,0.46,14.9,13,Good,36.7,84.7,12.8,5,8,False
2026-08-18 06:50:20.512938,11.8,24.1,6.2,2.6,0.58,12.2,20,Good,39.4,70.3,12.3,6,8,False
2026-08-18 07:50:20.512938,12.5,28.7,19.7,4.2,0.65,15.2,21,Good,39.2,68.8,15.7,7,8,False
2026-08-18 08:50:20.512938,19.0,28.4,3.1,1.6,1.0,10.7,32,Good,36.6,76.8,12.3,8,8,False
2026-08-18 09:50:20.512938,23.3,33.7,22.9,5.0,0.61,8.0,39,Good,36.6,62.8,9.7,9,8,False
2026-08-18 10:50:20.512938,25.4,38.9,7.8,2.0,0.47,10.3,42,Good,37.7,81.3,4.4,10,8,False
2026-08-18 11:50:20.512938,18.2,31.5,10.6,6.0,0.39,16.5,30,Good,36.3,60.9,9.1,11,8,False
2026-08-18 12:50:20.512938,15.8,18.8,11.8,6.4,0.55,25.7,26,Good,37.3,50.8,9.6,12,8,False
2026-08-18 13:50:20.512938,13.8,25.0,17.5,3.9,0.25,28.6,23,Good,34.4,59.0,11.0,13,8,False
2026-08-18 14:50:20.512938,20.4,35.4,13.8,5.3,0.76,32.7,34,Good,33.4,63.2,6.6,14,8,False
2026-08-18 15:50:20.512938,19.7,39.5,19.4,1.6,0.64,36.7,33,Good,25.9,62.0,4.6,15,8,False
2026-08-18 16:50:20.512938,22.8,48.8,11.9,0.0,0.43,39.7,38,Good,28.7,76.7,1.0,16,8,False
2026-08-18 17:50:20.512938,14.5,36.3,8.5,8.6,0.57,51.4,24,Good,28.3,56.6,3.4,17,8,False
2026-08-18 18:50:20.512938,24.6,36.8,15.3,5.2,0.31,45.3,41,Good,28.3,87.0,3.5,18,8,False
2026-08-18 19:50:20.512938,20.9,51.6,12.0,3.5,0.51,46.9,35,Good,26.1,78.2,0.0,19,8,False
2026-08-18 20:50:20.512938,23.2,54.8,17.8,5.2,0.37,48.4,39,Good,26.7,69.4,0.0,20,8,False
2026-08-18 21:50:20.512938,15.9,31.3,14.4,4.1,0.5,46.3,27,Good,33.4,70.9,4.4,21,8,False
2026-08-18 22:50:20.512938,14.5,27.0,15.5,3.8,0.38,37.3,24,Good,32.7,83.3,4.1,22,8,False
2026-08-18 23:50:20.512938,14.6,28.3,17.1,0.0,0.59,44.2,24,Good,34.4,67.4,8.5,23,8,False
2026-08-19 00:50:20.512938,9.7,20.2,6.3,5.3,0.31,37.3,16,Good,32.9,66.5,8.7,0,8,False
2026-08-19 01:50:20.512938,9.9,18.9,9.3,2.8,0.47,33.4,17,Good,37.0,76.2,10.9,1,8,False
2026-08-19 02:50:20.512938,9.0,21.6,4.4,2.6,0.26,33.5,15,Good,38.0,62.6,11.4,2,8,False
2026-08-19 03:50:20.512938,8.4,11.1,8.6,4.6,0.52,23.7,14,Good,37.0,52.0,16.0,3,8,False
2026-08-19 04:50:20.512938,8.4,17.8,2.8,7.3,0.33,13.9,14,Good,36.1,68.1,13.0,4,8,False
2026-08-19 05:50:20.512938,6.4,20.4,10.7,5.2,0.62,7.1,11,Good,38.5,75.2,10.9,5,8,False
2026-08-19 06:50:20.512938,11.6,21.5,11.1,5.6,0.38,21.7,19,Good,34.4,85.8,15.3,6,8,False
2026-08-19 07:50:20.512938,19.8,27.0,17.7,2.3,0.65,5.1,33,Good,36.5,78.3,11.1,7,8,False
2026-08-19 08:50:20.512938,21.5,36.7,16.3,7.1,0.62,12.8,36,Good,40.5,74.9,11.5,8,8,False
2026-08-19 09:50:20.512938,25.5,34.2,15.7,3.8,0.85,11.3,43,Good,36.5,69.5,4.9,9,8,False
2026-08-19 10:50:20.512938,22.9,39.9,19.3,3.5,0.47,24.7,38,Good,35.3,68.7,8.3,10,8,False
2026-08-19 11:50:20.512938,12.2,30.3,3.8,4.2,0.59,24.7,20,Good,39.3,72.4,10.2,11,8,False
2026-08-19 12:50:20.512938,16.7,39.6,6.8,5.9,0.89,15.7,28,Good,34.0,72.2,8.1,12,8,False
2026-08-19 13:50:20.512938,18.0,34.7,8.4,5.4,0.55,26.6,30,Good,34.1,55.0,6.0,13,8,False
2026-08-19 14:50:20.512938,19.4,28.1,6.2,2.7,0.42,31.5,32,Good,32.3,83.2,6.3,14,8,False
2026-08-19 15:50:20.512938,20.3,45.3,6.5,7.2,0.55,30.4,34,Good,34.6,71.2,3.5,15,8,False
2026-08-19 16:50:20.512938,16.0,31.6,9.2,2.2,0.45,40.9,27,Good,30.2,53.2,9.3,16,8,False
2026-08-19 17:50:20.512938,30.7,48.8,11.3,5.4,0.71,43.3,0,Good,25.2,74.0,0.0,17,8,False
2026-08-19 18:50:20.512938,20.4,40.3,16.3,10.4,0.77,45.6,34,Good,32.3,72.4,4.5,18,8,False
2026-08-19 19:50:20.512938,16.9,34.1,10.4,3.2,0.9,48.3,28,Good,31.6,58.7,7.3,19,8,False
2026-08-19 20:50:20.512938,24.5,50.0,11.2,5.7,0.58,41.1,41,Good,30.0,85.2,3.4,20,8,False
2026-08-19 21:50:20.512938,19.7,33.5,11.6,2.4,0.23,41.3,33,Good,28.1,74.0,3.2,21,8,False
2026-08-19 22:50:20.512938,22.0,32.3,6.3,3.6,0.42,52.5,37,Good,29.6,74.9,4.8,22,8,False
2026-08-19 23:50:20.512938,15.9,37.5,12.2,4.4,0.74,45.5,26,Good,32.1,68.9,2.5,23,8,False
2026-08-20 00:50:20.512938,9.7,19.3,9.8,5.1,0.19,35.9,16,Good,31.5,60.1,10.0,0,8,False
2026-08-20 01:50:20.512938,10.6,19.5,8.8,4.5,0.5,27.7,18,Good,38.7,72.0,11.6,1,8,False
2026-08-20 02:50:20.512938,12.4,22.5,13.2,5.3,0.18,20.2,21,Good,38.9,51.0,7.5,2,8,False
2026-08-20 03:50:20.512938,10.6,15.7,0.0,5.0,0.47,21.9,18,Good,38.9,71.1,10.8,3,8,False
2026-08-20 04:50:20.512938,10.2,20.8,7.4,7.6,0.72,18.9,17,Good,34.9,62.8,8.3,4,8,False
2026-08-20 05:50:20.512938,4.3,15.3,9.2,4.7,0.23,21.9,7,Good,38.1,76.1,18.7,5,8,False
2026-08-20 06:50:20.512938,10.4,19.2,1.7,4.8,0.28,12.0,17,Good,38.2,60.0,13.9,6,8,False
2026-08-20 07:50:20.512938,18.1,28.2,15.7,4.7,0.58,16.0,30,Good,38.0,56.9,13.1,7,8,False
2026-08-20 08:50:20.512938,18.3,31.1,7.6,4.5,0.76,16.2,31,Good,39.0,57.8,13.3,8,8,False
2026-08-20 09:50:20.512938,16.3,37.6,20.3,4.0,0.25,14.1,27,Good,37.6,81.2,7.8,9,8,False
2026-08-20 10:50:20.512938,22.4,34.7,23.5,5.8,0.95,15.9,37,Good,36.6,79.0,8.6,10,8,False
2026-08-20 11:50:20.512938,19.7,35.9,20.8,6.9,0.58,21.3,33,Good,33.4,72.7,7.9,11,8,False
2026-08-20 12:50:20.512938,14.7,37.6,19.0,5.1,0.64,24.5,25,Good,30.3,66.1,4.2,12,8,False
2026-08-20 13:50:20.512938,15.5,32.5,15.0,6.7,0.45,24.7,26,Good,35.0,58.7,11.1,13,8,False
2026-08-20 14:50:20.512938,16.2,37.1,10.9,1.4,0.83,27.7,27,Good,34.7,68.9,4.7,14,8,False
2026-08-20 15:50:20.512938,15.4,32.1,9.3,4.8,0.38,33.6,26,Good,36.3,74.8,3.9,15,8,False
2026-08-20 16:50:20.512938,18.2,36.6,14.3,5.4,0.38,43.7,30,Good,27.7,80.4,4.7,16,8,False
2026-08-20 17:50:20.512938,19.5,51.7,22.8,5.9,0.51,43.6,33,Good,28.8,77.4,1.7,17,8,False
2026-08-20 18:50:20.512938,26.2,43.1,12.7,4.1,0.69,37.3,44,Good,27.7,60.7,4.1,18,8,False
2026-08-20 19:50:20.512938,32.1,51.5,18.3,5.1,0.74,42.0,53,Satisfactory,26.8,85.6,0.0,19,8,False
2026-08-20 20:50:20.512938,22.9,40.2,16.7,6.1,0.3,52.8,38,Good,29.4,65.7,8.7,20,8,False
2026-08-20 21:50:20.512938,18.3,34.3,7.1,7.1,0.45,55.5,31,Good,31.4,60.5,4.4,21,8,False
2026-08-20 22:50:20.512938,17.1,33.7,14.3,3.6,0.31,49.4,29,Good,32.5,70.7,2.9,22,8,False
2026-08-20 23:50:20.512938,16.7,35.2,19.2,7.0,0.28,39.7,28,Good,31.9,73.4,3.5,23,8,False
2026-08-21 00:50:20.512938,9.2,18.8,12.8,2.6,0.41,37.9,15,Good,33.4,83.6,9.2,0,8,False
2026-08-21 01:50:20.512938,10.4,15.3,16.7,1.6,0.46,36.2,17,Good,36.2,74.9,12.3,1,8,False
2026-08-21 02:50:20.512938,10.4,22.0,3.3,7.8,0.0,32.9,17,Good,39.5,67.7,6.9,2,8,False
2026-08-21 03:50:20.512938,11.1,20.7,10.2,6.9,0.32,30.4,19,Good,38.1,73.2,9.9,3,8,False
2026-08-21 04:50:20.512938,10.0,24.0,10.9,6.0,0.38,14.6,17,Good,41.8,74.6,6.9,4,8,False
2026-08-21 05:50:20.512938,7.9,16.6,17.3,6.7,0.22,13.1,13,Good,40.3,72.0,13.4,5,8,False
2026-08-21 06:50:20.512938,10.5,16.4,14.5,5.8,0.69,11.7,17,Good,39.3,73.0,13.7,6,8,False
2026-08-21 07:50:20.512938,14.8,26.0,11.5,5.1,0.72,2.8,25,Good,40.3,63.4,15.8,7,8,False
2026-08-21 08:50:20.512938,22.1,37.6,9.4,2.7,0.7,11.0,37,Good,37.6,68.6,8.9,8,8,False
2026-08-21 09:50:20.512938,21.2,45.9,14.7,6.3,0.52,6.7,35,Good,36.2,66.5,8.0,9,8,False
2026-08-21 10:50:20.512938,13.0,30.5,17.8,4.7,0.7,18.1,22,Good,36.3,72.8,12.8,10,8,False
2026-08-21 11:50:20.512938,14.0,32.0,15.5,2.8,0.51,15.2,23,Good,34.1,76.3,10.6,11,8,False
2026-08-21 12:50:20.512938,18.2,41.8,18.9,1.9,0.93,21.7,30,Good,35.0,77.4,5.3,12,8,False
2026-08-21 13:50:20.512938,20.0,35.7,13.4,6.1,0.68,27.6,33,Good,29.3,71.5,7.4,13,8,False
2026-08-21 14:50:20.512938,17.3,34.7,13.8,3.9,0.55,24.2,29,Good,31.2,68.8,3.7,14,8,False
2026-08-21 15:50:20.512938,21.8,35.4,9.7,5.8,0.32,30.0,36,Good,29.7,79.9,6.3,15,8,False
2026-08-21 16:50:20.512938,23.5,38.5,13.7,4.8,0.6,34.1,39,Good,32.1,71.9,4.4,16,8,False
2026-08-21 17:50:20.512938,27.6,51.0,11.5,4.1,0.32,43.5,46,Good,29.0,52.7,0.2,17,8,False
2026-08-21 18:50:20.512938,25.9,43.0,12.5,2.8,0.89,48.7,43,Good,28.9,64.4,1.0,18,8,False
2026-08-21 19:50:20.512938,26.2,46.5,12.5,7.3,0.75,57.4,44,Good,29.9,59.3,5.2,19,8,False
2026-08-21 20:50:20.512938,21.6,36.4,12.7,7.4,0.73,55.5,36,Good,29.8,74.2,5.2,20,8,False
2026-08-21 21:50:20.512938,17.4,32.8,17.0,7.7,0.34,43.2,29,Good,30.6,69.8,0.2,21,8,False
2026-08-21 22:50:20.512938,17.1,29.6,14.4,5.0,0.15,44.0,29,Good,29.5,68.6,5.7,22,8,False
2026-08-21 23:50:20.512938,16.5,23.9,8.9,4.0,0.57,50.5,28,Good,31.3,78.9,10.1,23,8,False
2026-08-22 00:50:20.512938,8.6,17.8,9.4,4.3,0.5,44.3,14,Good,36.8,84.1,9.4,0,8,False
2026-08-22 01:50:20.512938,9.4,18.6,2.1,6.6,0.71,35.4,16,Good,38.2,70.2,9.1,1,8,False
2026-08-22 02:50:20.512938,7.0,15.4,9.0,4.9,0.42,25.4,12,Good,38.1,61.2,14.5,2,8,False
2026-08-22 03:50:20.512938,10.2,20.0,12.1,3.8,0.1,30.5,17,Good,38.0,63.4,11.9,3,8,False
2026-08-22 04:50:20.512938,9.0,17.9,2.6,3.0,0.28,14.4,15,Good,39.3,67.9,10.2,4,8,False
2026-08-22 05:50:20.512938,6.9,13.3,8.6,7.3,0.5,11.4,11,Good,39.9,61.4,17.0,5,8,False
2026-08-22 06:50:20.512938,12.6,20.0,8.4,4.7,0.7,12.2,21,Good,37.4,93.5,11.8,6,8,False
2026-08-22 07:50:20.512938,17.0,27.2,20.7,5.9,0.43,9.6,28,Good,42.7,87.1,14.2,7,8,False
2026-08-22 08:50:20.512938,14.9,31.4,15.2,9.5,0.74,0.0,25,Good,36.8,76.3,13.6,8,8,False
2026-08-22 09:50:20.512938,24.0,42.3,12.3,10.7,0.69,4.2,40,Good,38.0,61.1,8.5,9,8,False
2026-08-22 10:50:20.512938,14.6,34.0,5.7,2.8,1.03,12.5,24,Good,34.6,67.6,12.7,10,8,False
2026-08-22 11:50:20.512938,15.1,29.7,12.8,1.9,0.69,12.9,25,Good,35.1,59.1,6.1,11,8,False
2026-08-22 12:50:20.512938,23.5,32.1,20.2,6.6,0.55,20.5,39,Good,33.6,74.6,4.1,12,8,False
2026-08-22 13:50:20.512938,19.3,31.5,18.8,6.5,0.58,35.9,32,Good,38.0,76.6,9.1,13,8,False
2026-08-22 14:50:20.512938,19.2,35.1,19.2,3.8,0.44,31.5,32,Good,31.5,80.2,3.9,14,8,False
2026-08-22 15:50:20.512938,19.3,33.5,15.5,5.8,0.88,32.8,32,Good,29.6,58.3,9.2,15,8,False
2026-08-22 16:50:20.512938,17.7,38.7,9.8,3.8,0.31,39.9,30,Good,27.4,69.5,4.1,16,8,False
2026-08-22 17:50:20.512938,30.2,51.4,15.6,6.3,0.7,48.6,0,Good,28.9,69.6,0.0,17,8,False
2026-08-22 18:50:20.512938,23.2,40.3,24.8,4.5,0.95,53.8,39,Good,31.5,72.8,0.0,18,8,False
2026-08-22 19:50:20.512938,24.5,46.7,22.5,4.5,0.54,51.0,41,Good,29.9,69.5,0.0,19,8,False
2026-08-22 20:50:20.512938,25.9,42.3,16.4,1.9,0.81,47.0,43,Good,27.1,60.8,5.2,20,8,False
2026-08-22 21:50:20.512938,13.1,22.9,2.8,7.5,0.29,52.7,22,Good,31.5,63.8,9.9,21,8,False
2026-08-22 22:50:20.512938,13.1,24.1,18.3,7.0,0.45,40.8,22,Good,29.8,70.2,9.4,22,8,False
2026-08-22 23:50:20.512938,16.0,24.0,4.1,6.3,0.29,47.7,27,Good,34.3,75.0,10.2,23,8,False
2026-08-23 00:50:20.512938,13.4,20.7,14.4,4.6,0.0,35.8,22,Good,33.2,63.3,5.3,0,8,False
2026-08-23 01:50:20.512938,10.9,16.3,9.1,5.0,0.37,40.5,18,Good,32.5,50.0,12.0,1,8,False
2026-08-23 02:50:20.512938,10.9,23.1,0.6,5.7,0.17,25.8,18,Good,34.1,69.4,5.4,2,8,False
2026-08-23 03:50:20.512938,9.7,23.0,4.3,7.6,0.57,29.1,16,Good,38.5,71.0,8.2,3,8,False
2026-08-23 04:50:20.512938,9.1,18.4,5.7,6.7,0.31,18.3,15,Good,39.1,72.1,6.3,4,8,False
2026-08-23 05:50:20.512938,10.4,19.5,8.8,4.1,0.23,21.3,17,Good,37.1,67.6,11.7,5,8,False
2026-08-23 06:50:20.512938,10.3,16.8,10.4,4.9,0.6,16.2,17,Good,38.1,77.8,14.6,6,8,False
2026-08-23 07:50:20.512938,21.2,36.3,17.9,2.5,0.84,14.2,35,Good,37.0,67.1,7.4,7,8,False
2026-08-23 08:50:20.512938,19.6,31.2,18.1,6.0,0.84,7.0,33,Good,42.0,61.4,10.0,8,8,False
2026-08-23 09:50:20.512938,15.6,32.8,15.6,6.0,0.49,7.2,26,Good,38.1,72.8,14.0,9,8,False
2026-08-23 10:50:20.512938,26.0,42.4,15.8,4.5,0.74,7.3,43,Good,35.3,82.9,7.9,10,8,False
2026-08-23 11:50:20.512938,13.8,35.4,13.3,2.9,0.89,16.6,23,Good,31.1,76.3,8.2,11,8,False
2026-08-23 12:50:20.512938,24.7,43.0,11.7,5.2,0.68,16.1,41,Good,34.6,80.7,3.5,12,8,False
2026-08-23 13:50:20.512938,20.5,37.1,19.2,5.0,0.85,30.0,34,Good,32.6,73.8,5.2,13,8,False
2026-08-23 14:50:20.512938,18.5,32.1,14.1,2.8,0.34,29.4,31,Good,31.5,69.0,7.6,14,8,False
2026-08-23 15:50:20.512938,18.5,36.6,13.5,6.4,0.74,44.6,31,Good,30.2,63.1,6.8,15,8,False
2026-08-23 16:50:20.512938,28.3,44.6,4.7,3.5,0.69,37.2,47,Good,26.3,62.3,0.0,16,8,False
2026-08-23 17:50:20.512938,29.8,34.5,14.7,2.8,0.83,43.4,50,Good,32.4,64.0,1.8,17,8,False
2026-08-23 18:50:20.512938,27.4,45.5,12.1,4.8,0.28,45.7,46,Good,30.7,62.0,1.9,18,8,False
2026-08-23 19:50:20.512938,32.2,49.7,19.9,5.9,0.45,52.6,53,Satisfactory,33.4,78.8,0.0,19,8,False
2026-08-23 20:50:20.512938,26.7,44.2,24.1,4.4,0.77,50.0,44,Good,28.5,77.7,3.0,20,8,False
2026-08-23 21:50:20.512938,13.5,24.0,1.9,2.7,0.43,53.1,22,Good,31.6,79.6,8.9,21,8,False
2026-08-23 22:50:20.512938,14.8,27.6,4.7,4.0,0.35,57.2,25,Good,31.7,79.7,9.1,22,8,False
2026-08-23 23:50:20.512938,42.7,49.0,9.3,5.6,0.49,53.1,71,Satisfactory,30.7,76.7,4.7,23,8,True
2026-08-24 00:50:20.512938,7.7,22.1,19.5,8.1,0.4,45.0,13,Good,35.3,57.8,9.1,0,8,False
2026-08-24 01:50:20.512938,10.4,20.9,7.1,7.1,0.67,35.6,17,Good,34.2,84.0,11.3,1,8,False
2026-08-24 02:50:20.512938,13.6,22.5,2.0,3.8,0.16,31.7,23,Good,37.2,65.3,5.6,2,8,False
2026-08-24 03:50:20.512938,10.4,25.6,5.7,5.3,0.39,28.7,17,Good,39.3,71.7,6.7,3,8,False
2026-08-24 04:50:20.512938,8.8,16.9,10.3,3.8,0.29,19.2,15,Good,40.8,70.4,12.4,4,8,False
2026-08-24 05:50:20.512938,6.8,15.0,8.1,5.7,0.22,14.3,11,Good,35.4,70.9,15.1,5,8,False
2026-08-24 06:50:20.512938,11.0,19.4,13.5,5.6,0.44,2.6,18,Good,35.3,68.1,14.1,6,8,False
2026-08-24 07:50:20.512938,14.5,29.4,20.7,3.4,0.73,6.9,24,Good,38.5,71.5,18.0,7,8,False
2026-08-24 08:50:20.512938,13.7,26.8,12.8,5.0,0.73,0.0,23,Good,34.5,58.6,13.3,8,8,False
2026-08-24 09:50:20.512938,15.9,31.4,13.7,6.5,0.55,11.5,26,Good,35.5,61.9,10.7,9,8,False
2026-08-24 10:50:20.512938,15.5,33.1,12.8,6.3,0.58,0.0,26,Good,35.6,70.0,10.6,10,8,False
2026-08-24 11:50:20.512938,25.9,40.6,16.9,4.9,0.09,21.8,43,Good,36.0,65.7,4.8,11,8,False
2026-08-24 12:50:20.512938,16.8,33.8,12.1,3.1,0.62,23.0,28,Good,37.9,84.3,7.7,12,8,False
2026-08-24 13:50:20.512938,16.1,24.7,24.2,3.6,0.61,17.9,27,Good,30.4,60.3,8.0,13,8,False
2026-08-24 14:50:20.512938,24.4,40.7,20.9,4.7,0.54,28.8,41,Good,30.5,80.4,1.5,14,8,False
2026-08-24 15:50:20.512938,20.6,33.6,11.7,5.7,0.8,40.1,34,Good,30.9,78.1,6.2,15,8,False
2026-08-24 16:50:20.512938,21.0,36.9,19.3,6.4,0.23,46.8,35,Good,29.9,62.5,0.7,16,8,False
2026-08-24 17:50:20.512938,29.3,43.8,13.2,5.9,0.72,48.6,49,Good,26.3,66.0,3.3,17,8,False
2026-08-24 18:50:20.512938,26.1,47.7,15.0,3.8,0.6,53.9,43,Good,29.6,76.9,0.5,18,8,False
2026-08-24 19:50:20.512938,34.7,58.3,23.6,5.1,0.53,40.7,57,Satisfactory,28.9,66.4,1.0,19,8,False
2026-08-24 20:50:20.512938,26.7,43.1,7.9,1.5,0.72,49.1,44,Good,31.1,75.7,1.2,20,8,False
2026-08-24 21:50:20.512938,13.0,25.7,9.8,3.6,0.44,48.6,22,Good,31.2,72.8,8.0,21,8,False
2026-08-24 22:50:20.512938,14.3,25.9,10.1,8.8,0.48,45.0,24,Good,32.5,62.9,6.1,22,8,False
2026-08-24 23:50:20.512938,15.1,26.7,10.3,2.7,0.45,36.4,25,Good,33.1,61.3,8.3,23,8,False
2026-08-25 00:50:20.512938,11.5,24.9,10.4,5.3,0.54,42.5,19,Good,34.1,61.3,5.6,0,8,False
2026-08-25 01:50:20.512938,9.2,23.7,9.5,1.2,0.47,34.3,15,Good,34.5,77.5,6.9,1,8,False
2026-08-25 02:50:20.512938,14.1,27.9,8.1,8.9,0.27,32.4,23,Good,36.2,63.4,6.4,2,8,False
2026-08-25 03:50:20.512938,11.0,18.2,14.9,3.6,0.0,20.1,18,Good,36.9,74.5,11.8,3,8,False
2026-08-25 04:50:20.512938,10.3,15.3,10.4,2.4,0.26,31.1,17,Good,37.4,77.6,12.3,4,8,False
2026-08-25 05:50:20.512938,12.9,27.3,11.6,3.3,0.39,15.8,21,Good,37.1,57.4,3.0,5,8,False
2026-08-25 06:50:20.512938,12.3,24.9,8.2,10.0,0.49,28.5,21,Good,39.8,77.0,10.2,6,8,False
2026-08-25 07:50:20.512938,15.1,48.4,20.7,5.2,0.38,15.3,25,Good,38.8,78.9,8.1,7,8,False
2026-08-25 08:50:20.512938,18.5,41.4,12.8,6.5,0.65,8.8,31,Good,38.5,66.8,8.8,8,8,False
2026-08-25 09:50:20.512938,11.2,31.3,11.1,5.3,0.77,13.8,19,Good,36.1,64.7,14.4,9,8,False
2026-08-25 10:50:20.512938,14.6,30.2,14.5,8.4,0.96,17.5,24,Good,40.7,77.5,13.2,10,8,False
2026-08-25 11:50:20.512938,10.5,25.8,14.1,8.3,0.61,13.5,18,Good,33.3,71.5,11.3,11,8,False
2026-08-25 12:50:20.512938,17.1,31.5,15.5,4.8,0.24,20.2,29,Good,33.0,63.1,9.7,12,8,False
2026-08-25 13:50:20.512938,21.7,33.1,15.1,7.8,0.65,24.2,36,Good,34.8,66.7,6.4,13,8,False
2026-08-25 14:50:20.512938,20.8,32.6,13.0,3.0,0.25,31.7,35,Good,31.9,52.2,5.1,14,8,False
2026-08-25 15:50:20.512938,15.3,41.2,12.8,3.9,0.49,37.6,26,Good,30.2,78.8,8.7,15,8,False
2026-08-25 16:50:20.512938,14.9,27.9,16.2,5.0,0.64,45.0,25,Good,29.7,73.6,6.7,16,8,False
2026-08-25 17:50:20.512938,16.5,38.4,5.8,7.3,0.22,40.3,28,Good,30.3,78.8,8.5,17,8,False
2026-08-25 18:50:20.512938,22.6,35.9,15.8,4.0,0.86,58.2,38,Good,28.1,67.5,5.4,18,8,False
2026-08-25 19:50:20.512938,25.8,42.6,17.3,5.8,0.8,48.0,43,Good,29.0,65.1,3.1,19,8,False
2026-08-25 20:50:20.512938,31.8,41.6,16.0,0.0,0.84,38.0,52,Satisfactory,33.6,65.0,2.6,20,8,False
2026-08-25 21:50:20.512938,17.7,37.2,18.2,1.8,0.49,48.8,29,Good,28.0,76.9,1.3,21,8,False
2026-08-25 22:50:20.512938,13.7,23.8,11.4,4.9,0.27,38.6,23,Good,32.0,65.2,9.1,22,8,False
2026-08-25 23:50:20.512938,18.4,22.8,9.1,4.4,0.33,45.0,31,Good,34.9,71.3,6.5,23,8,False
2026-08-26 00:50:20.512938,15.9,23.4,19.3,4.5,0.44,34.6,26,Good,33.2,66.6,6.4,0,8,False
2026-08-26 01:50:20.512938,9.4,19.5,6.8,3.9,0.22,36.8,16,Good,32.3,79.9,9.7,1,8,False
2026-08-26 02:50:20.512938,12.0,19.3,0.0,6.9,0.29,28.9,20,Good,39.7,74.3,8.0,2,8,False
2026-08-26 03:50:20.512938,9.6,17.1,14.0,1.3,0.34,22.1,16,Good,35.9,77.9,13.6,3,8,False
2026-08-26 04:50:20.512938,7.0,14.2,4.3,5.4,0.59,21.0,12,Good,35.7,83.9,18.0,4,8,False
2026-08-26 05:50:20.512938,9.0,17.5,9.3,4.5,0.02,16.9,15,Good,38.1,74.1,12.8,5,8,False
2026-08-26 06:50:20.512938,11.2,26.6,9.4,5.7,0.46,12.8,19,Good,40.1,76.4,12.4,6,8,False
2026-08-26 07:50:20.512938,10.3,31.4,16.1,5.7,0.41,9.9,17,Good,41.8,77.5,12.6,7,8,False
2026-08-26 08:50:20.512938,15.8,30.6,15.6,5.8,0.77,20.4,26,Good,38.3,74.8,12.4,8,8,False
2026-08-26 09:50:20.512938,13.8,32.3,19.1,6.0,0.78,9.2,23,Good,35.8,76.9,13.5,9,8,False
2026-08-26 10:50:20.512938,20.6,47.2,20.9,5.2,0.57,12.2,34,Good,37.1,77.1,4.8,10,8,False
2026-08-26 11:50:20.512938,16.0,33.8,13.2,4.7,0.81,10.3,27,Good,33.9,74.5,9.2,11,8,False
2026-08-26 12:50:20.512938,17.9,32.6,8.7,4.5,0.2,30.2,30,Good,35.6,74.4,6.5,12,8,False
2026-08-26 13:50:20.512938,15.1,26.4,10.3,4.9,0.53,34.0,25,Good,33.8,82.6,11.4,13,8,False
2026-08-26 14:50:20.512938,18.5,45.0,10.8,4.0,0.73,31.9,31,Good,32.7,64.7,4.4,14,8,False
2026-08-26 15:50:20.512938,17.6,35.5,18.2,6.0,0.86,41.9,29,Good,30.3,59.3,4.3,15,8,False
2026-08-26 16:50:20.512938,20.1,35.7,14.4,3.8,0.52,45.5,34,Good,30.5,56.1,0.0,16,8,False
2026-08-26 17:50:20.512938,27.0,39.3,6.5,4.7,0.58,44.7,45,Good,32.2,64.9,4.4,17,8,False
2026-08-26 18:50:20.512938,30.2,46.5,15.6,6.4,0.69,46.5,0,Good,30.4,76.5,1.5,18,8,False
2026-08-26 19:50:20.512938,29.9,40.3,20.5,3.1,0.53,57.1,50,Good,28.8,71.1,0.0,19,8,False
2026-08-26 20:50:20.512938,27.2,42.8,20.0,2.4,0.68,50.8,45,Good,32.6,67.3,3.7,20,8,False
2026-08-26 21:50:20.512938,16.7,28.0,11.8,3.5,0.33,55.7,28,Good,29.2,64.6,3.1,21,8,False
2026-08-26 22:50:20.512938,16.0,25.9,4.5,4.7,0.51,51.2,27,Good,35.4,52.6,5.3,22,8,False
2026-08-26 23:50:20.512938,16.4,26.5,18.9,7.1,0.84,40.0,27,Good,33.9,74.7,9.5,23,8,False
2026-08-27 00:50:20.512938,13.8,25.3,11.8,5.4,0.7,44.2,23,Good,32.1,64.3,6.5,0,8,False
2026-08-27 01:50:20.512938,11.4,21.1,11.2,3.7,0.32,33.3,19,Good,37.0,64.6,7.7,1,8,False
2026-08-27 02:50:20.512938,14.0,18.2,12.7,7.0,0.32,31.9,23,Good,39.5,66.3,8.2,2,8,False
2026-08-27 03:50:20.512938,6.2,15.2,0.0,5.3,0.25,19.1,10,Good,37.6,67.5,14.4,3,8,False
2026-08-27 04:50:20.512938,9.2,14.1,3.5,3.9,0.74,18.8,15,Good,37.5,60.5,10.3,4,8,False
2026-08-27 05:50:20.512938,8.0,16.6,5.1,7.1,0.29,14.0,13,Good,40.6,55.0,14.2,5,8,False
2026-08-27 06:50:20.512938,12.8,21.5,15.3,3.6,0.33,11.2,21,Good,39.3,74.9,14.2,6,8,False
2026-08-27 07:50:20.512938,15.9,23.8,21.8,5.1,0.95,13.8,26,Good,34.5,57.1,15.8,7,8,False
2026-08-27 08:50:20.512938,18.2,30.7,20.4,8.8,0.41,8.7,30,Good,40.0,55.1,12.1,8,8,False
2026-08-27 09:50:20.512938,22.2,43.8,12.7,3.1,0.47,7.5,37,Good,38.4,57.6,6.1,9,8,False
2026-08-27 10:50:20.512938,23.9,31.7,24.4,4.5,0.66,12.6,40,Good,35.6,68.5,9.3,10,8,False
2026-08-27 11:50:20.512938,16.1,30.2,3.9,4.9,0.55,14.4,27,Good,39.9,67.9,9.3,11,8,False
2026-08-27 12:50:20.512938,18.6,30.2,16.2,6.8,0.49,21.8,31,Good,31.9,68.8,12.9,12,8,False
2026-08-27 13:50:20.512938,14.8,25.0,12.0,1.9,0.46,33.4,25,Good,33.5,60.6,6.1,13,8,False
2026-08-27 14:50:20.512938,17.6,34.7,25.9,7.5,0.43,35.0,29,Good,30.6,69.2,3.6,14,8,False
2026-08-27 15:50:20.512938,17.9,41.8,17.3,6.4,0.52,32.6,30,Good,25.3,56.2,3.7,15,8,False
2026-08-27 16:50:20.512938,21.4,40.2,10.6,6.7,0.7,34.8,36,Good,28.4,68.1,3.6,16,8,False
2026-08-27 17:50:20.512938,29.6,52.0,19.1,7.2,0.63,41.6,49,Good,28.8,67.3,0.0,17,8,False
2026-08-27 18:50:20.512938,25.3,41.8,7.5,2.0,0.75,45.1,42,Good,25.0,78.5,8.2,18,8,False
2026-08-27 19:50:20.512938,21.1,52.4,5.9,5.8,0.88,54.8,35,Good,30.0,66.4,4.9,19,8,False
2026-08-27 20:50:20.512938,25.3,46.5,10.9,3.1,0.75,45.7,42,Good,29.8,77.6,6.2,20,8,False
2026-08-27 21:50:20.512938,14.1,31.3,6.4,3.9,0.38,53.6,24,Good,32.0,70.9,5.1,21,8,False
2026-08-27 22:50:20.512938,15.1,32.2,12.3,7.2,0.53,39.1,25,Good,30.3,72.1,6.8,22,8,False
2026-08-27 23:50:20.512938,16.6,28.0,8.0,4.8,0.72,45.3,28,Good,32.2,68.3,6.3,23,8,False
2026-08-28 00:50:20.512938,13.4,15.7,8.0,5.1,0.22,43.9,22,Good,33.9,80.2,10.2,0,8,False
2026-08-28 01:50:20.512938,8.3,24.1,4.9,6.8,0.18,41.7,14,Good,31.3,76.7,5.6,1,8,False
2026-08-28 02:50:20.512938,9.6,20.5,7.6,6.0,0.51,29.0,16,Good,34.5,72.2,9.3,2,8,False
2026-08-28 03:50:20.512938,8.6,15.7,6.8,4.7,0.3,17.6,14,Good,35.7,49.4,14.7,3,8,False
2026-08-28 04:50:20.512938,7.3,18.7,12.9,3.2,0.58,24.8,12,Good,39.7,70.3,8.7,4,8,False
2026-08-28 05:50:20.512938,6.1,13.0,12.1,4.2,0.37,18.1,10,Good,40.0,66.7,16.8,5,8,False
2026-08-28 06:50:20.512938,15.1,24.8,4.9,3.9,0.19,17.3,25,Good,38.1,71.9,12.3,6,8,False
2026-08-28 07:50:20.512938,13.0,40.6,11.0,7.5,0.51,9.7,22,Good,40.0,76.2,8.2,7,8,False
2026-08-28 08:50:20.512938,16.2,45.1,15.8,4.4,0.5,2.9,27,Good,38.0,78.3,9.4,8,8,False
2026-08-28 09:50:20.512938,14.8,28.7,17.3,4.0,0.41,7.7,25,Good,36.9,70.7,8.9,9,8,False
2026-08-28 10:50:20.512938,16.9,32.2,20.1,4.3,0.56,4.4,28,Good,40.7,65.8,6.1,10,8,False
2026-08-28 11:50:20.512938,21.7,33.1,13.9,4.5,0.47,10.0,36,Good,31.4,77.5,4.8,11,8,False
2026-08-28 12:50:20.512938,15.6,24.2,11.2,2.9,0.58,14.5,26,Good,32.1,75.1,12.2,12,8,False
2026-08-28 13:50:20.512938,17.7,33.3,16.5,4.1,0.55,18.1,30,Good,32.1,56.2,6.9,13,8,False
2026-08-28 14:50:20.512938,19.4,37.2,12.7,3.7,0.5,31.5,32,Good,32.1,61.1,4.1,14,8,False
2026-08-28 15:50:20.512938,18.0,37.3,4.7,7.5,0.63,41.8,30,Good,29.4,71.1,4.3,15,8,False
2026-08-28 16:50:20.512938,16.6,35.8,0.0,6.4,0.84,44.4,28,Good,30.8,65.5,5.0,16,8,False
2026-08-28 17:50:20.512938,21.9,45.4,18.8,3.6,0.77,45.0,36,Good,28.4,63.3,1.0,17,8,False
2026-08-28 18:50:20.512938,26.1,41.7,9.8,6.6,0.72,54.1,43,Good,29.2,62.6,7.3,18,8,False
2026-08-28 19:50:20.512938,26.9,44.7,12.0,6.8,0.59,50.4,45,Good,29.0,79.2,3.8,19,8,False
2026-08-28 20:50:20.512938,16.3,35.1,5.8,3.3,0.43,52.4,27,Good,31.2,71.3,10.6,20,8,False
2026-08-28 21:50:20.512938,12.9,30.7,13.4,4.3,0.18,38.9,21,Good,29.3,76.5,3.1,21,8,False
2026-08-28 22:50:20.512938,12.6,22.2,5.0,4.4,0.79,45.2,21,Good,31.0,85.4,8.0,22,8,False
2026-08-28 23:50:20.512938,21.2,30.6,9.7,4.5,0.39,49.3,35,Good,34.6,75.5,1.5,23,8,False
2026-08-29 00:50:20.512938,10.2,19.7,23.1,7.2,0.13,39.7,17,Good,32.0,72.7,10.8,0,8,False
2026-08-29 01:50:20.512938,11.8,23.6,17.5,6.7,0.22,31.2,20,Good,36.6,86.0,3.6,1,8,False
2026-08-29 02:50:20.512938,32.3,36.9,13.8,5.8,0.39,29.2,53,Satisfactory,38.6,70.2,10.8,2,8,True
2026-08-29 03:50:20.512938,10.0,22.7,5.3,5.0,0.69,28.4,17,Good,36.1,72.1,6.9,3,8,False
2026-08-29 04:50:20.512938,14.0,23.5,5.3,3.0,0.51,12.1,23,Good,42.6,73.6,8.7,4,8,False
2026-08-29 05:50:20.512938,9.1,18.2,10.5,4.4,0.17,22.2,15,Good,38.6,68.3,12.3,5,8,False
2026-08-29 06:50:20.512938,9.0,17.7,9.8,2.7,0.62,14.0,15,Good,37.6,74.5,17.4,6,8,False
2026-08-29 07:50:20.512938,16.2,27.6,9.1,3.7,0.43,1.9,27,Good,40.2,70.2,13.7,7,8,False
2026-08-29 08:50:20.512938,14.4,32.5,12.3,3.7,0.65,13.9,24,Good,39.5,58.3,10.8,8,8,False
2026-08-29 09:50:20.512938,22.3,40.5,7.1,5.8,0.12,5.5,37,Good,33.0,76.9,5.2,9,8,False
2026-08-29 10:50:20.512938,20.7,49.7,20.5,3.8,0.7,14.1,35,Good,36.7,73.8,5.8,10,8,False
2026-08-29 11:50:20.512938,19.8,27.3,6.6,5.4,0.23,20.6,33,Good,33.2,63.0,12.8,11,8,False
2026-08-29 12:50:20.512938,20.1,42.7,15.3,2.8,0.25,19.3,34,Good,34.0,73.0,4.5,12,8,False
2026-08-29 13:50:20.512938,18.8,29.9,7.6,3.5,0.56,24.8,31,Good,34.1,68.0,4.8,13,8,False
2026-08-29 14:50:20.512938,23.5,43.5,16.0,3.2,0.55,34.8,39,Good,29.9,65.8,4.9,14,8,False
2026-08-29 15:50:20.512938,21.2,43.1,8.6,6.9,0.62,43.5,35,Good,30.0,68.1,2.4,15,8,False
2026-08-29 16:50:20.512938,23.7,36.3,7.3,4.1,0.09,40.8,39,Good,30.9,55.2,0.7,16,8,False
2026-08-29 17:50:20.512938,25.1,47.2,18.1,8.6,0.13,45.9,42,Good,26.8,62.4,5.1,17,8,False
2026-08-29 18:50:20.512938,32.4,53.1,19.9,4.4,0.64,48.4,53,Satisfactory,26.7,63.6,1.1,18,8,False
2026-08-29 19:50:20.512938,21.3,38.5,25.4,3.9,0.6,49.5,36,Good,32.7,79.6,9.0,19,8,False
2026-08-29 20:50:20.512938,25.6,44.0,6.2,5.8,0.28,49.4,43,Good,26.1,59.8,1.3,20,8,False
2026-08-29 21:50:20.512938,17.2,26.0,12.5,9.1,0.2,35.6,29,Good,32.7,74.7,3.3,21,8,False
2026-08-29 22:50:20.512938,14.4,24.5,8.7,0.9,0.74,53.7,24,Good,31.1,69.7,6.6,22,8,False
2026-08-29 23:50:20.512938,12.8,31.7,14.3,5.0,0.71,50.5,21,Good,27.3,59.8,7.5,23,8,False
2026-08-30 00:50:20.512938,10.9,20.5,15.5,3.7,0.27,38.2,18,Good,35.0,89.0,8.3,0,8,False
2026-08-30 01:50:20.512938,9.4,21.0,3.6,5.4,0.26,41.7,16,Good,32.4,74.5,8.3,1,8,False
2026-08-30 02:50:20.512938,10.0,18.9,3.1,2.5,0.45,28.0,17,Good,38.4,70.3,10.7,2,8,False
2026-08-30 03:50:20.512938,8.4,21.3,11.6,5.2,0.25,20.7,14,Good,37.2,74.4,12.3,3,8,False
2026-08-30 04:50:20.512938,7.9,12.2,9.9,6.6,0.77,23.8,13,Good,36.1,75.0,16.4,4,8,False
2026-08-30 05:50:20.512938,6.1,13.6,3.0,1.1,0.43,16.7,10,Good,38.8,79.7,15.6,5,8,False
2026-08-30 06:50:20.512938,12.2,27.5,15.0,4.0,0.78,17.8,20,Good,38.2,82.5,7.9,6,8,False
2026-08-30 07:50:20.512938,16.7,36.0,13.8,2.5,0.77,4.7,28,Good,39.1,76.9,12.1,7,8,False
2026-08-30 08:50:20.512938,17.7,26.2,20.1,3.0,0.51,3.4,29,Good,35.4,78.1,14.7,8,8,False
2026-08-30 09:50:20.512938,18.9,30.3,19.5,2.4,0.71,3.1,32,Good,36.8,75.4,10.8,9,8,False
2026-08-30 10:50:20.512938,22.5,27.7,24.0,6.6,0.58,6.7,38,Good,36.4,76.1,8.3,10,8,False
2026-08-30 11:50:20.512938,16.3,27.5,10.7,5.0,0.51,11.3,27,Good,36.1,86.7,10.7,11,8,False
2026-08-30 12:50:20.512938,20.8,35.4,8.5,4.5,0.44,12.3,35,Good,32.9,74.8,4.1,12,8,False
2026-08-30 13:50:20.512938,12.5,21.3,15.7,3.5,0.45,22.2,21,Good,34.5,55.8,17.1,13,8,False
2026-08-30 14:50:20.512938,19.0,34.8,7.7,5.8,0.57,29.1,32,Good,28.7,77.8,1.2,14,8,False
2026-08-30 15:50:20.512938,16.4,28.0,13.6,0.5,0.45,38.3,27,Good,29.9,72.2,3.6,15,8,False
2026-08-30 16:50:20.512938,22.3,33.6,8.1,3.8,0.65,36.9,37,Good,32.7,72.3,7.0,16,8,False
2026-08-30 17:50:20.512938,20.9,46.8,12.8,4.2,0.89,49.5,35,Good,27.7,73.0,0.0,17,8,False
2026-08-30 18:50:20.512938,27.6,56.6,18.1,2.7,0.31,53.2,46,Good,31.1,71.4,0.9,18,8,False
2026-08-30 19:50:20.512938,22.4,50.3,10.3,7.1,0.96,49.9,37,Good,26.1,71.3,4.8,19,8,False
2026-08-30 20:50:20.512938,24.0,43.5,12.0,4.9,0.28,54.4,40,Good,33.2,67.2,6.7,20,8,False
2026-08-30 21:50:20.512938,13.4,32.4,21.1,5.6,0.39,42.3,22,Good,28.7,80.3,6.9,21,8,False
2026-08-30 22:50:20.512938,10.4,22.3,9.2,6.4,0.28,53.7,17,Good,31.7,77.7,5.3,22,8,False
2026-08-30 23:50:20.512938,12.8,18.2,15.1,4.9,0.64,44.8,21,Good,31.3,84.3,11.7,23,8,False
2026-08-31 00:50:20.512938,7.4,14.2,17.7,2.6,0.13,35.9,12,Good,31.2,78.7,14.4,0,8,False
2026-08-31 01:50:20.512938,10.5,18.4,1.3,7.8,0.3,29.6,17,Good,34.9,72.0,7.9,1,8,False
2026-08-31 02:50:20.512938,12.8,20.5,10.9,6.4,0.17,33.2,21,Good,34.6,67.1,8.3,2,8,False
2026-08-31 03:50:20.512938,9.1,20.3,13.1,2.8,0.37,25.4,15,Good,35.5,71.6,8.0,3,8,False
2026-08-31 04:50:20.512938,11.0,16.1,6.2,7.0,0.81,15.8,18,Good,40.4,59.8,10.9,4,8,False
2026-08-31 05:50:20.512938,8.9,18.3,5.2,3.3,0.68,31.2,15,Good,39.0,83.8,12.8,5,8,False
2026-08-31 06:50:20.512938,14.1,33.0,9.0,1.9,0.88,8.1,23,Good,39.8,67.0,5.9,6,8,False
2026-08-31 07:50:20.512938,20.1,22.0,16.2,4.0,0.79,7.9,33,Good,37.6,67.7,14.8,7,8,False
2026-08-31 08:50:20.512938,17.9,36.1,7.7,6.6,0.5,6.4,30,Good,37.7,55.0,12.3,8,8,False
2026-08-31 09:50:20.512938,16.0,36.3,16.2,6.2,0.56,7.3,27,Good,38.7,84.3,9.1,9,8,False
2026-08-31 10:50:20.512938,15.6,30.7,15.2,6.0,0.66,8.7,26,Good,33.9,68.6,12.7,10,8,False
2026-08-31 11:50:20.512938,17.7,36.8,11.6,5.4,0.6,19.9,29,Good,33.7,71.5,5.2,11,8,False
2026-08-31 12:50:20.512938,12.0,29.4,18.9,7.0,0.46,27.2,20,Good,33.5,71.3,9.8,12,8,False
2026-08-31 13:50:20.512938,22.5,37.2,13.2,1.8,0.62,27.8,37,Good,34.1,73.4,3.9,13,8,False
2026-08-31 14:50:20.512938,21.5,31.9,23.0,2.9,0.37,28.1,36,Good,31.6,62.6,9.2,14,8,False
2026-08-31 15:50:20.512938,20.6,42.6,16.4,1.3,0.51,31.6,34,Good,32.8,67.7,2.4,15,8,False
2026-08-31 16:50:20.512938,19.2,38.5,11.2,6.2,0.61,40.1,32,Good,26.8,64.5,6.7,16,8,False
2026-08-31 17:50:20.512938,22.4,42.3,11.1,6.2,0.43,36.5,37,Good,29.7,75.6,9.2,17,8,False
2026-08-31 18:50:20.512938,24.1,42.4,23.1,2.9,0.63,42.1,40,Good,27.5,65.6,3.7,18,8,False
2026-08-31 19:50:20.512938,19.7,50.7,21.1,6.2,0.77,53.9,33,Good,31.5,64.5,7.2,19,8,False
2026-08-31 20:50:20.512938,24.0,49.3,10.3,3.4,0.66,41.0,40,Good,32.9,58.1,3.7,20,8,False
2026-08-31 21:50:20.512938,22.6,38.5,12.4,5.8,0.53,40.4,38,Good,28.8,62.8,0.2,21,8,False
2026-08-31 22:50:20.512938,18.3,25.6,7.7,4.3,0.38,38.0,30,Good,29.9,75.3,2.7,22,8,False
2026-08-31 23:50:20.512938,12.6,27.7,8.3,7.5,0.55,41.7,21,Good,29.4,65.2,7.9,23,8,False
2026-09-01 00:50:20.512938,11.5,17.9,1.7,5.5,0.42,35.1,19,Good,26.9,63.9,11.8,0,9,False
2026-09-01 01:50:20.512938,13.2,20.3,12.0,3.5,0.25,36.4,22,Good,34.3,68.1,8.7,1,9,False
2026-09-01 02:50:20.512938,13.4,19.5,10.0,7.7,0.67,30.8,22,Good,31.5,90.1,11.6,2,9,False
2026-09-01 03:50:20.512938,10.9,18.1,10.1,3.3,0.49,27.9,18,Good,35.0,67.2,9.2,3,9,False
2026-09-01 04:50:20.512938,9.3,13.4,9.1,3.0,0.35,19.0,16,Good,34.1,83.4,14.3,4,9,False
2026-09-01 05:50:20.512938,11.9,18.3,0.0,3.9,0.33,25.3,20,Good,36.0,69.8,9.4,5,9,False
2026-09-01 06:50:20.512938,10.3,20.3,10.7,7.9,0.67,11.3,17,Good,35.2,88.6,12.1,6,9,False
2026-09-01 07:50:20.512938,17.8,30.7,12.9,3.4,0.68,7.6,30,Good,34.9,68.4,13.4,7,9,False
2026-09-01 08:50:20.512938,15.8,41.9,9.5,5.2,0.65,11.6,26,Good,34.1,65.6,9.0,8,9,False
2026-09-01 09:50:20.512938,21.2,38.1,25.0,6.4,0.56,6.5,35,Good,33.5,91.1,9.9,9,9,False
2026-09-01 10:50:20.512938,14.2,27.7,12.0,3.0,0.65,13.4,24,Good,32.8,79.2,19.3,10,9,False
2026-09-01 11:50:20.512938,14.9,23.9,12.4,6.2,0.61,21.9,25,Good,32.0,72.3,8.1,11,9,False
2026-09-01 12:50:20.512938,22.5,45.8,11.9,5.3,0.38,20.8,37,Good,31.0,79.1,7.4,12,9,False
2026-09-01 13:50:20.512938,19.9,36.3,12.1,4.9,0.72,16.1,33,Good,30.6,71.6,5.8,13,9,False
2026-09-01 14:50:20.512938,13.1,30.3,7.3,2.9,0.15,36.5,22,Good,28.2,71.6,11.5,14,9,False
2026-09-01 15:50:20.512938,18.3,31.4,5.1,2.2,0.31,44.6,30,Good,24.7,74.8,7.3,15,9,False
2026-09-01 16:50:20.512938,25.4,32.4,9.9,5.2,0.57,31.9,42,Good,24.3,78.9,3.0,16,9,False
2026-09-01 17:50:20.512938,23.9,49.8,14.9,7.4,0.36,44.4,40,Good,23.3,82.1,2.1,17,9,False
2026-09-01 18:50:20.512938,30.7,44.4,6.0,2.3,0.61,56.2,0,Good,25.9,69.7,3.1,18,9,False
2026-09-01 19:50:20.512938,22.2,41.0,20.7,5.8,0.73,46.7,37,Good,24.8,82.0,7.4,19,9,False
2026-09-01 20:50:20.512938,22.4,44.1,14.1,2.8,1.0,43.4,37,Good,29.4,76.5,4.8,20,9,False
2026-09-01 21:50:20.512938,11.3,23.1,17.8,7.3,0.65,41.7,19,Good,27.7,74.4,9.8,21,9,False
2026-09-01 22:50:20.512938,13.8,21.9,8.9,6.8,0.56,47.6,23,Good,27.2,55.4,11.0,22,9,False
2026-09-01 23:50:20.512938,13.6,27.3,8.3,5.5,0.21,44.1,23,Good,28.5,72.4,7.4,23,9,False
2026-09-02 00:50:20.512938,11.0,18.1,7.2,6.6,0.42,48.3,18,Good,29.5,84.6,9.0,0,9,False
2026-09-02 01:50:20.512938,10.1,15.9,16.4,4.7,0.3,39.8,17,Good,33.5,83.3,11.6,1,9,False
2026-09-02 02:50:20.512938,9.1,17.1,20.7,2.4,0.4,24.5,15,Good,34.5,82.3,11.1,2,9,False
2026-09-02 03:50:20.512938,7.9,19.0,7.3,7.5,0.46,24.3,13,Good,31.9,85.6,10.9,3,9,False
2026-09-02 04:50:20.512938,7.1,17.4,9.4,3.1,0.27,20.3,12,Good,33.0,74.9,12.7,4,9,False
2026-09-02 05:50:20.512938,9.4,15.0,13.5,5.3,0.17,25.6,16,Good,35.8,86.0,13.9,5,9,False
2026-09-02 06:50:20.512938,8.6,20.1,18.7,3.1,0.4,7.8,14,Good,35.6,76.1,12.3,6,9,False
2026-09-02 07:50:20.512938,16.6,31.2,18.5,4.9,0.53,4.8,28,Good,38.3,70.2,14.6,7,9,False
2026-09-02 08:50:20.512938,26.2,57.2,22.2,3.7,0.56,20.7,44,Good,34.2,79.6,4.3,8,9,False
2026-09-02 09:50:20.512938,15.5,22.4,14.6,3.9,0.65,13.7,26,Good,31.5,74.3,18.7,9,9,False
2026-09-02 10:50:20.512938,20.6,29.8,11.1,5.2,0.3,17.2,34,Good,34.1,82.0,10.6,10,9,False
2026-09-02 11:50:20.512938,18.9,29.6,16.4,7.1,0.49,18.3,31,Good,32.8,78.2,8.7,11,9,False
2026-09-02 12:50:20.512938,19.3,31.7,18.7,4.8,0.91,19.2,32,Good,28.8,71.9,7.4,12,9,False
2026-09-02 13:50:20.512938,22.3,29.5,18.8,2.9,0.58,21.9,37,Good,28.4,80.8,3.6,13,9,False
2026-09-02 14:50:20.512938,25.3,41.7,9.1,3.6,0.36,35.8,42,Good,26.4,76.2,0.0,14,9,False
2026-09-02 15:50:20.512938,18.9,38.3,18.3,2.6,0.46,35.3,31,Good,26.4,68.8,5.7,15,9,False
2026-09-02 16:50:20.512938,16.6,45.9,14.6,2.7,0.47,32.8,28,Good,20.6,78.6,1.0,16,9,False
2026-09-02 17:50:20.512938,21.2,35.5,15.8,5.8,0.36,49.0,35,Good,23.4,75.1,9.8,17,9,False
2026-09-02 18:50:20.512938,34.2,41.9,21.4,5.2,0.61,51.0,56,Satisfactory,24.1,72.7,1.7,18,9,False
2026-09-02 19:50:20.512938,25.5,51.8,11.2,3.1,0.6,46.2,42,Good,23.0,78.2,0.5,19,9,False
2026-09-02 20:50:20.512938,25.3,39.4,20.3,4.5,0.69,59.8,42,Good,27.0,77.4,4.9,20,9,False
2026-09-02 21:50:20.512938,20.8,33.7,16.5,4.2,0.71,55.0,35,Good,24.8,77.8,4.5,21,9,False
2026-09-02 22:50:20.512938,18.6,25.8,6.9,6.5,0.65,44.6,31,Good,30.4,79.5,7.8,22,9,False
2026-09-02 23:50:20.512938,13.5,30.7,13.0,5.6,0.26,44.9,23,Good,30.3,66.7,6.9,23,9,False
2026-09-03 00:50:20.512938,8.9,19.1,3.9,0.5,0.6,41.4,15,Good,29.8,64.1,8.4,0,9,False
2026-09-03 01:50:20.512938,8.5,20.4,14.6,0.5,0.4,36.6,14,Good,31.1,68.8,12.6,1,9,False
2026-09-03 02:50:20.512938,10.5,19.5,10.0,2.7,0.69,27.1,17,Good,35.3,93.3,8.9,2,9,False
2026-09-03 03:50:20.512938,10.6,19.5,11.0,7.7,0.24,19.9,18,Good,32.1,84.2,13.7,3,9,False
2026-09-03 04:50:20.512938,11.4,20.9,6.5,2.5,0.43,23.6,19,Good,31.7,78.3,11.0,4,9,False
2026-09-03 05:50:20.512938,5.9,14.9,2.5,4.6,0.15,12.7,10,Good,33.5,73.9,14.7,5,9,False
2026-09-03 06:50:20.512938,11.8,24.0,15.8,6.4,0.47,11.0,20,Good,37.4,66.5,14.3,6,9,False
2026-09-03 07:50:20.512938,17.1,27.1,1.1,5.0,0.56,10.2,29,Good,31.4,99.3,14.4,7,9,False
2026-09-03 08:50:20.512938,16.3,37.0,15.4,5.5,0.43,4.3,27,Good,33.9,78.7,11.1,8,9,False
2026-09-03 09:50:20.512938,22.5,35.1,15.8,6.3,0.32,15.5,38,Good,37.4,65.2,11.1,9,9,False
2026-09-03 10:50:20.512938,25.5,44.1,24.4,5.2,0.33,14.7,43,Good,34.8,78.9,5.4,10,9,False
2026-09-03 11:50:20.512938,13.2,34.2,9.2,2.4,0.16,10.9,22,Good,27.8,71.1,9.5,11,9,False
2026-09-03 12:50:20.512938,19.2,36.2,11.8,2.8,0.3,9.8,32,Good,29.0,72.9,6.4,12,9,False
2026-09-03 13:50:20.512938,12.2,41.4,9.8,0.0,0.84,28.8,20,Good,29.6,68.8,5.6,13,9,False
2026-09-03 14:50:20.512938,22.8,32.2,15.6,6.9,0.81,24.7,38,Good,25.5,86.0,7.1,14,9,False
2026-09-03 15:50:20.512938,12.3,30.2,14.2,4.0,0.96,32.8,21,Good,28.6,68.5,6.1,15,9,False
2026-09-03 16:50:20.512938,11.7,44.4,4.8,2.0,0.75,45.1,20,Good,27.2,85.1,1.7,16,9,False
2026-09-03 17:50:20.512938,28.7,49.4,16.6,4.1,0.58,42.5,48,Good,22.9,82.7,1.2,17,9,False
2026-09-03 18:50:20.512938,28.3,47.9,17.1,7.6,0.7,50.3,47,Good,23.0,85.1,1.4,18,9,False
2026-09-03 19:50:20.512938,22.5,43.2,13.3,6.8,0.51,46.2,37,Good,24.4,74.0,0.3,19,9,False
2026-09-03 20:50:20.512938,22.5,40.4,17.3,4.3,0.8,54.0,37,Good,24.0,74.5,4.8,20,9,False
2026-09-03 21:50:20.512938,14.8,22.1,3.8,5.2,0.56,51.2,25,Good,27.6,77.7,7.8,21,9,False
2026-09-03 22:50:20.512938,15.5,25.2,9.7,3.4,0.32,43.7,26,Good,27.9,79.1,9.3,22,9,False
2026-09-03 23:50:20.512938,13.0,25.6,9.9,2.8,0.14,40.8,22,Good,26.2,79.1,9.2,23,9,False
2026-09-04 00:50:20.512938,13.1,20.1,10.0,3.6,0.3,35.8,22,Good,25.6,62.0,3.4,0,9,False
2026-09-04 01:50:20.512938,9.1,17.0,3.1,5.7,0.14,33.6,15,Good,31.7,69.7,10.8,1,9,False
2026-09-04 02:50:20.512938,10.8,14.3,7.8,2.6,0.49,30.8,18,Good,31.7,68.7,12.2,2,9,False
2026-09-04 03:50:20.512938,10.9,21.9,8.7,6.1,0.0,16.5,18,Good,37.0,86.9,8.6,3,9,False
2026-09-04 04:50:20.512938,9.0,12.1,6.6,3.7,0.3,15.7,15,Good,35.2,88.5,14.6,4,9,False
2026-09-04 05:50:20.512938,8.9,19.3,1.0,4.8,0.42,14.4,15,Good,36.2,88.9,12.8,5,9,False
2026-09-04 06:50:20.512938,12.0,18.7,4.4,4.0,0.51,10.3,20,Good,32.6,83.2,13.7,6,9,False
2026-09-04 07:50:20.512938,14.2,23.5,18.3,6.5,0.68,11.6,24,Good,36.1,85.1,17.9,7,9,False
2026-09-04 08:50:20.512938,13.7,27.7,19.7,4.3,0.75,0.0,23,Good,33.2,84.2,14.2,8,9,False
2026-09-04 09:50:20.512938,18.8,29.3,18.9,5.4,0.72,12.5,31,Good,34.2,86.3,13.4,9,9,False
2026-09-04 10:50:20.512938,21.2,31.1,12.0,0.3,0.77,8.4,35,Good,34.5,76.8,11.7,10,9,False
2026-09-04 11:50:20.512938,12.2,24.5,6.0,4.2,0.65,13.4,20,Good,30.8,93.1,14.8,11,9,False
2026-09-04 12:50:20.512938,20.1,29.0,21.5,2.6,0.35,22.4,34,Good,31.5,77.4,11.0,12,9,False
2026-09-04 13:50:20.512938,21.0,31.9,19.8,6.4,0.18,25.4,35,Good,25.9,79.9,5.7,13,9,False
2026-09-04 14:50:20.512938,42.2,141.8,22.0,4.4,0.54,26.8,70,Satisfactory,31.0,86.9,1.8,14,9,True
2026-09-04 15:50:20.512938,17.7,34.1,9.4,3.9,0.51,28.8,29,Good,24.1,85.5,8.5,15,9,False
2026-09-04 16:50:20.512938,22.5,38.3,13.2,3.0,0.3,40.4,38,Good,27.7,68.1,4.4,16,9,False
2026-09-04 17:50:20.512938,29.9,44.6,19.3,4.5,0.96,36.7,50,Good,24.3,64.2,1.1,17,9,False
2026-09-04 18:50:20.512938,30.6,41.3,17.8,3.3,0.89,55.0,0,Good,24.7,83.2,0.0,18,9,False
2026-09-04 19:50:20.512938,25.3,61.7,16.5,5.5,0.58,47.1,42,Good,22.0,77.7,0.7,19,9,False
2026-09-04 20:50:20.512938,20.7,42.9,19.3,2.5,0.37,45.7,34,Good,26.3,78.5,3.9,20,9,False
2026-09-04 21:50:20.512938,16.7,27.9,9.2,0.9,0.34,48.5,28,Good,28.1,82.3,3.7,21,9,False
2026-09-04 22:50:20.512938,19.2,26.5,5.7,4.9,0.0,44.1,32,Good,26.9,78.8,1.7,22,9,False
2026-09-04 23:50:20.512938,18.2,32.3,10.3,8.7,0.21,40.2,30,Good,30.8,78.0,3.4,23,9,False
2026-09-05 00:50:20.512938,12.9,21.5,2.1,5.9,0.22,43.3,22,Good,30.0,79.1,6.9,0,9,False
2026-09-05 01:50:20.512938,2.6,5.6,6.0,4.9,0.47,31.5,4,Good,31.7,87.3,6.9,1,9,True
2026-09-05 02:50:20.512938,6.3,14.3,6.6,5.8,0.0,21.6,10,Good,33.4,73.2,14.2,2,9,False
2026-09-05 03:50:20.512938,7.3,21.0,17.4,5.6,0.48,31.2,12,Good,37.4,75.6,13.2,3,9,False
2026-09-05 04:50:20.512938,9.8,20.1,1.7,9.0,0.02,15.7,16,Good,35.5,87.4,10.7,4,9,False
2026-09-05 05:50:20.512938,8.2,15.9,11.3,10.4,0.09,14.2,14,Good,35.9,73.9,11.3,5,9,False
2026-09-05 06:50:20.512938,11.2,21.0,4.1,7.3,0.35,4.7,19,Good,35.0,68.9,10.6,6,9,False
2026-09-05 07:50:20.512938,14.5,28.5,7.5,4.5,0.46,15.0,24,Good,31.4,84.5,17.1,7,9,False
2026-09-05 08:50:20.512938,17.1,40.0,15.7,6.0,0.67,15.0,28,Good,34.8,86.4,8.8,8,9,False
2026-09-05 09:50:20.512938,19.6,36.7,21.6,7.2,0.82,11.1,33,Good,33.6,71.3,11.1,9,9,False
2026-09-05 10:50:20.512938,22.9,33.2,14.0,8.0,0.6,14.4,38,Good,33.3,73.8,9.9,10,9,False
2026-09-05 11:50:20.512938,10.0,26.2,15.3,4.9,0.21,15.5,17,Good,30.2,74.2,13.7,11,9,False
2026-09-05 12:50:20.512938,17.4,31.2,13.9,7.4,0.35,12.0,29,Good,31.2,80.4,9.3,12,9,False
2026-09-05 13:50:20.512938,11.0,37.1,16.4,4.5,0.41,14.5,18,Good,27.5,58.5,9.6,13,9,False
2026-09-05 14:50:20.512938,17.5,35.6,19.1,6.8,0.62,34.1,29,Good,26.8,70.2,6.3,14,9,False
2026-09-05 15:50:20.512938,3.6,9.2,15.8,2.3,0.69,38.8,6,Good,24.9,72.7,4.6,15,9,True
2026-09-05 16:50:20.512938,18.2,44.9,18.6,7.3,0.4,40.8,30,Good,26.2,67.6,4.7,16,9,False
2026-09-05 17:50:20.512938,28.7,47.4,5.9,7.0,0.66,36.9,48,Good,24.5,73.2,2.4,17,9,False
2026-09-05 18:50:20.512938,21.0,44.1,10.1,5.5,0.74,54.0,35,Good,24.7,72.0,5.7,18,9,False
2026-09-05 19:50:20.512938,27.9,58.7,8.5,5.8,0.67,55.2,47,Good,27.1,92.7,3.8,19,9,False
2026-09-05 20:50:20.512938,28.9,48.8,17.0,4.7,0.43,54.3,48,Good,24.0,71.3,3.8,20,9,False
2026-09-05 21:50:20.512938,14.8,33.9,11.7,7.8,0.26,51.0,25,Good,25.2,74.3,3.1,21,9,False
2026-09-05 22:50:20.512938,17.0,33.2,19.0,4.6,0.15,45.3,28,Good,28.9,91.1,3.6,22,9,False
2026-09-05 23:50:20.512938,47.1,74.4,2.0,8.6,0.43,46.8,78,Satisfactory,28.0,63.7,9.1,23,9,True
2026-09-06 00:50:20.512938,9.3,23.6,0.9,3.1,0.49,39.0,15,Good,28.9,74.2,10.3,0,9,False
2026-09-06 01:50:20.512938,16.0,20.7,9.6,3.8,0.49,32.3,27,Good,34.0,73.0,5.2,1,9,False
2026-09-06 02:50:20.512938,8.4,15.6,10.2,5.3,0.1,32.5,14,Good,33.1,74.5,14.9,2,9,False
2026-09-06 03:50:20.512938,10.8,22.3,18.8,3.5,0.43,26.9,18,Good,33.6,72.6,7.7,3,9,False
2026-09-06 04:50:20.512938,11.9,16.5,7.5,5.6,0.4,17.6,20,Good,36.0,76.8,9.9,4,9,False
2026-09-06 05:50:20.512938,10.1,23.3,10.2,4.3,0.24,10.1,17,Good,37.5,65.9,6.3,5,9,False
2026-09-06 06:50:20.512938,9.5,26.0,4.0,9.4,0.47,13.5,16,Good,36.9,77.1,12.8,6,9,False
2026-09-06 07:50:20.512938,19.6,40.9,14.1,3.3,0.41,15.8,33,Good,36.9,69.3,9.0,7,9,False
2026-09-06 08:50:20.512938,16.0,38.8,9.2,1.6,0.99,12.9,27,Good,28.3,74.4,9.2,8,9,False
2026-09-06 09:50:20.512938,18.4,20.1,21.0,4.0,0.75,24.4,31,Good,35.4,68.8,12.8,9,9,False
2026-09-06 10:50:20.512938,19.2,28.2,14.1,2.7,0.93,9.4,32,Good,30.4,71.6,10.4,10,9,False
2026-09-06 11:50:20.512938,13.5,20.4,8.1,4.7,0.59,13.1,23,Good,29.3,72.4,11.6,11,9,False
2026-09-06 12:50:20.512938,20.5,31.4,16.3,6.4,0.82,17.0,34,Good,30.4,76.3,8.2,12,9,False
2026-09-06 13:50:20.512938,15.5,33.8,16.5,2.0,0.6,23.5,26,Good,24.4,89.3,10.3,13,9,False
2026-09-06 14:50:20.512938,14.9,27.4,7.7,4.1,0.46,29.6,25,Good,27.9,71.1,6.5,14,9,False
2026-09-06 15:50:20.512938,20.7,33.9,19.2,5.0,0.25,38.9,34,Good,27.4,83.4,4.6,15,9,False
2026-09-06 16:50:20.512938,25.1,42.4,16.1,6.8,0.27,34.2,42,Good,25.9,61.8,0.0,16,9,False
2026-09-06 17:50:20.512938,29.2,39.3,16.0,2.5,0.69,56.2,49,Good,25.4,79.0,2.8,17,9,False
2026-09-06 18:50:20.512938,25.8,50.2,13.8,0.0,0.61,50.3,43,Good,27.7,85.9,0.0,18,9,False
2026-09-06 19:50:20.512938,17.6,42.4,17.6,8.9,0.8,56.4,29,Good,26.8,97.2,2.7,19,9,False
2026-09-06 20:50:20.512938,22.1,40.6,14.3,3.0,0.58,60.6,37,Good,26.8,81.8,7.2,20,9,False
2026-09-06 21:50:20.512938,20.5,35.6,3.7,3.2,0.39,44.8,34,Good,30.3,75.2,1.9,21,9,False
2026-09-06 22:50:20.512938,13.3,25.2,18.0,5.3,0.53,53.5,22,Good,29.9,84.7,10.3,22,9,False
2026-09-06 23:50:20.512938,15.9,26.2,14.4,2.7,0.25,38.1,26,Good,26.5,78.9,7.6,23,9,False
2026-09-07 00:50:20.512938,9.0,19.6,10.4,9.2,0.3,43.7,15,Good,28.2,74.9,10.0,0,9,False
2026-09-07 01:50:20.512938,8.4,20.0,4.3,4.6,0.11,36.6,14,Good,33.4,77.4,10.1,1,9,False
2026-09-07 02:50:20.512938,8.9,14.5,10.7,4.7,0.35,27.8,15,Good,31.9,85.3,15.2,2,9,False
2026-09-07 03:50:20.512938,12.9,16.0,3.0,3.2,0.26,21.4,22,Good,36.0,68.3,7.1,3,9,False
2026-09-07 04:50:20.512938,10.8,19.4,0.0,4.5,0.52,19.2,18,Good,35.6,71.7,11.3,4,9,False
2026-09-07 05:50:20.512938,10.1,21.2,0.0,3.0,0.53,9.5,17,Good,36.0,62.4,10.9,5,9,False
2026-09-07 06:50:20.512938,13.8,27.7,18.2,8.1,0.48,15.0,23,Good,39.8,88.9,11.1,6,9,False
2026-09-07 07:50:20.512938,14.0,35.2,14.8,4.2,0.7,6.7,23,Good,37.2,80.2,9.6,7,9,False
2026-09-07 08:50:20.512938,18.7,27.9,12.2,6.4,0.49,0.0,31,Good,34.9,79.6,11.2,8,9,False
2026-09-07 09:50:20.512938,17.9,36.6,15.3,2.9,0.26,3.7,30,Good,36.7,73.3,7.3,9,9,False
2026-09-07 10:50:20.512938,17.1,29.2,12.5,9.6,0.14,17.4,28,Good,30.3,74.5,15.7,10,9,False
2026-09-07 11:50:20.512938,14.6,28.4,5.6,0.0,0.61,19.4,24,Good,30.9,82.0,10.5,11,9,False
2026-09-07 12:50:20.512938,15.7,26.7,11.4,7.8,0.38,20.9,26,Good,31.6,72.1,10.0,12,9,False
2026-09-07 13:50:20.512938,15.7,27.9,15.9,7.9,0.71,28.1,26,Good,27.1,72.8,9.2,13,9,False
2026-09-07 14:50:20.512938,12.8,40.4,16.3,1.1,0.8,24.2,21,Good,26.2,69.4,5.6,14,9,False
2026-09-07 15:50:20.512938,14.6,31.5,13.5,5.9,0.28,37.0,24,Good,24.4,88.8,8.1,15,9,False
2026-09-07 16:50:20.512938,16.3,35.3,2.0,8.4,0.7,42.8,27,Good,29.3,66.3,8.9,16,9,False
2026-09-07 17:50:20.512938,26.1,45.4,12.7,3.0,0.75,55.3,43,Good,26.5,64.7,0.9,17,9,False
2026-09-07 18:50:20.512938,23.8,50.3,11.4,6.3,0.57,39.6,40,Good,23.6,79.1,2.8,18,9,False
2026-09-07 19:50:20.512938,32.2,49.2,14.9,7.8,1.04,45.1,53,Satisfactory,27.7,77.2,2.7,19,9,False
2026-09-07 20:50:20.512938,19.4,29.6,17.8,7.2,0.38,52.4,32,Good,26.7,70.4,9.7,20,9,False
2026-09-07 21:50:20.512938,11.4,24.8,7.2,3.6,0.41,40.7,19,Good,29.2,78.1,8.4,21,9,False
2026-09-07 22:50:20.512938,13.7,31.1,4.9,8.7,0.35,61.0,23,Good,28.5,63.6,5.7,22,9,False
2026-09-07 23:50:20.512938,17.5,29.6,8.7,6.0,0.53,46.9,29,Good,29.8,69.9,6.4,23,9,False
2026-09-08 00:50:20.512938,9.9,24.8,13.3,9.1,0.32,32.8,17,Good,30.0,70.8,0.0,0,9,False
2026-09-08 01:50:20.512938,8.6,14.4,6.5,5.7,0.37,35.4,14,Good,30.0,77.9,14.1,1,9,False
2026-09-08 02:50:20.512938,8.2,18.2,0.0,6.5,0.13,27.7,14,Good,34.2,73.3,11.5,2,9,False
2026-09-08 03:50:20.512938,10.6,21.3,7.9,1.4,0.44,25.9,18,Good,38.9,83.5,11.0,3,9,False
2026-09-08 04:50:20.512938,7.1,14.9,10.6,1.0,0.46,23.4,12,Good,32.8,76.9,17.5,4,9,False
2026-09-08 05:50:20.512938,11.9,19.2,7.2,3.2,0.27,19.5,20,Good,36.9,75.3,4.8,5,9,False
2026-09-08 06:50:20.512938,8.0,14.1,11.4,3.3,0.79,13.5,13,Good,32.2,81.9,17.6,6,9,False
2026-09-08 07:50:20.512938,23.5,36.2,20.8,1.8,1.03,5.6,39,Good,36.4,86.3,8.9,7,9,False
2026-09-08 08:50:20.512938,13.5,28.3,14.2,3.9,0.49,14.9,23,Good,39.1,80.8,15.4,8,9,False
2026-09-08 09:50:20.512938,20.8,34.1,7.1,2.9,0.71,0.0,35,Good,31.7,70.3,11.3,9,9,False
2026-09-08 10:50:20.512938,19.2,32.7,22.5,7.3,0.57,9.5,32,Good,28.9,75.8,10.4,10,9,False
2026-09-08 11:50:20.512938,17.2,29.4,12.4,3.3,0.65,16.8,29,Good,31.0,81.8,6.7,11,9,False
2026-09-08 12:50:20.512938,13.6,29.0,14.7,6.5,0.67,22.9,23,Good,30.0,90.4,9.5,12,9,False
2026-09-08 13:50:20.512938,14.5,15.6,16.1,5.5,0.37,21.4,24,Good,27.9,81.9,14.5,13,9,False
2026-09-08 14:50:20.512938,80.4,114.5,12.3,2.4,0.8,33.7,167,Moderate,24.5,81.3,2.2,14,9,True
2026-09-08 15:50:20.512938,20.4,35.9,22.9,6.6,0.77,29.5,34,Good,27.6,81.3,3.2,15,9,False
2026-09-08 16:50:20.512938,20.6,33.6,20.0,5.1,0.21,41.5,34,Good,25.0,75.0,3.8,16,9,False
2026-09-08 17:50:20.512938,24.9,42.2,16.6,7.7,0.56,38.2,42,Good,26.1,77.3,4.4,17,9,False
2026-09-08 18:50:20.512938,25.5,33.9,15.3,6.0,0.64,50.0,43,Good,31.8,82.9,7.1,18,9,False
2026-09-08 19:50:20.512938,29.6,42.2,19.7,5.7,0.18,48.4,49,Good,26.9,61.6,2.2,19,9,False
2026-09-08 20:50:20.512938,26.1,57.4,10.7,3.0,0.72,47.2,44,Good,23.8,73.3,0.3,20,9,False
2026-09-08 21:50:20.512938,19.2,29.6,15.0,7.3,0.41,50.5,32,Good,27.2,77.9,5.7,21,9,False
2026-09-08 22:50:20.512938,19.1,37.4,10.4,4.9,0.49,53.5,32,Good,27.4,82.1,3.8,22,9,False
2026-09-08 23:50:20.512938,13.7,28.5,4.8,0.0,0.43,46.1,23,Good,27.9,78.0,4.9,23,9,False
2026-09-09 00:50:20.512938,10.0,18.1,8.6,5.9,0.66,40.2,17,Good,32.8,64.3,10.9,0,9,False
2026-09-09 01:50:20.512938,12.3,20.5,13.6,5.5,0.72,31.8,20,Good,31.3,71.0,6.0,1,9,False
2026-09-09 02:50:20.512938,12.7,21.8,9.8,5.2,0.33,32.0,21,Good,31.1,72.6,7.2,2,9,False
2026-09-09 03:50:20.512938,12.4,26.2,11.9,5.8,0.42,29.4,21,Good,35.9,80.1,4.3,3,9,False
2026-09-09 04:50:20.512938,9.4,14.7,5.9,5.2,0.21,13.3,16,Good,39.9,99.5,13.9,4,9,False
2026-09-09 05:50:20.512938,9.4,15.4,10.4,7.4,0.23,22.0,16,Good,34.1,75.8,11.1,5,9,False
2026-09-09 06:50:20.512938,16.3,22.2,5.0,4.8,0.33,17.2,27,Good,37.0,88.7,11.3,6,9,False
2026-09-09 07:50:20.512938,15.4,26.5,17.1,4.3,0.58,15.8,26,Good,33.3,76.6,15.5,7,9,False
2026-09-09 08:50:20.512938,18.1,41.6,13.8,3.8,0.64,22.5,30,Good,34.5,68.4,6.9,8,9,False
2026-09-09 09:50:20.512938,14.6,27.4,8.3,3.6,0.69,9.0,24,Good,35.1,75.2,12.8,9,9,False
2026-09-09 10:50:20.512938,19.7,28.4,7.4,3.6,0.59,11.8,33,Good,32.6,86.4,11.6,10,9,False
2026-09-09 11:50:20.512938,17.2,29.4,17.8,5.7,0.35,17.5,29,Good,34.5,74.2,11.0,11,9,False
2026-09-09 12:50:20.512938,17.7,34.3,15.4,1.3,0.46,27.1,30,Good,25.6,79.2,9.7,12,9,False
2026-09-09 13:50:20.512938,19.0,41.8,7.4,4.6,0.37,19.1,32,Good,31.5,79.6,2.4,13,9,False
2026-09-09 14:50:20.512938,21.0,36.8,9.4,5.3,0.62,34.2,35,Good,23.3,82.0,3.1,14,9,False
2026-09-09 15:50:20.512938,24.5,40.2,11.3,3.3,0.54,38.3,41,Good,26.6,93.2,0.0,15,9,False
2026-09-09 16:50:20.512938,13.5,37.5,16.1,4.0,0.71,36.8,22,Good,22.8,88.4,2.5,16,9,False
2026-09-09 17:50:20.512938,22.6,45.0,16.7,4.0,0.85,46.7,38,Good,26.4,69.4,5.5,17,9,False
2026-09-09 18:50:20.512938,25.0,49.1,9.7,3.7,0.66,44.2,42,Good,22.6,70.8,0.0,18,9,False
2026-09-09 19:50:20.512938,28.3,51.1,26.4,4.8,0.79,53.3,47,Good,26.1,58.9,0.0,19,9,False
2026-09-09 20:50:20.512938,29.5,52.1,16.7,3.1,0.57,58.8,49,Good,26.1,68.6,0.0,20,9,False
2026-09-09 21:50:20.512938,11.4,24.7,5.4,8.5,0.37,46.4,19,Good,27.0,70.4,9.7,21,9,False
2026-09-09 22:50:20.512938,14.1,26.8,17.8,2.5,0.52,43.4,24,Good,27.5,94.8,9.2,22,9,False
2026-09-09 23:50:20.512938,13.7,20.6,13.0,3.4,0.62,36.2,23,Good,27.8,81.6,9.1,23,9,False
2026-09-10 00:50:20.512938,9.1,17.6,6.6,5.5,0.13,39.3,15,Good,30.4,78.5,10.0,0,9,False
2026-09-10 01:50:20.512938,8.9,22.8,6.7,3.3,0.02,27.2,15,Good,27.7,83.8,8.0,1,9,False
2026-09-10 02:50:20.512938,8.4,15.8,9.1,1.5,0.3,27.3,14,Good,33.5,77.7,15.8,2,9,False
2026-09-10 03:50:20.512938,8.9,15.3,6.3,6.8,0.17,22.8,15,Good,36.1,69.4,15.1,3,9,False
2026-09-10 04:50:20.512938,8.9,16.5,10.1,6.7,0.0,16.9,15,Good,33.4,86.3,14.6,4,9,False
2026-09-10 05:50:20.512938,28.8,36.1,14.7,6.9,0.66,23.9,48,Good,34.0,83.3,12.5,5,9,True
2026-09-10 06:50:20.512938,10.8,25.1,15.7,4.5,0.61,8.4,18,Good,33.7,78.3,12.5,6,9,False
2026-09-10 07:50:20.512938,14.9,30.3,13.1,5.2,0.92,9.9,25,Good,36.4,84.3,9.3,7,9,False
2026-09-10 08:50:20.512938,20.5,31.8,18.0,7.9,0.69,6.4,34,Good,31.9,60.5,10.1,8,9,False
2026-09-10 09:50:20.512938,24.3,36.5,15.0,0.0,0.4,18.7,40,Good,33.6,82.7,6.3,9,9,False
2026-09-10 10:50:20.512938,13.0,32.2,12.0,5.9,0.49,8.3,22,Good,31.8,74.7,11.5,10,9,False
2026-09-10 11:50:20.512938,16.9,44.8,11.1,5.7,0.6,13.7,28,Good,35.3,63.4,4.9,11,9,False
2026-09-10 12:50:20.512938,22.1,41.5,5.8,9.0,0.49,26.3,37,Good,33.8,67.9,5.2,12,9,False
2026-09-10 13:50:20.512938,15.3,34.6,7.6,5.9,0.45,24.8,25,Good,30.8,82.1,8.3,13,9,False
2026-09-10 14:50:20.512938,15.8,33.6,22.1,3.9,0.76,26.2,26,Good,28.6,76.3,9.2,14,9,False
2026-09-10 15:50:20.512938,17.9,33.2,13.2,1.6,0.52,38.5,30,Good,26.5,74.9,3.2,15,9,False
2026-09-10 16:50:20.512938,23.2,33.2,12.9,9.9,0.63,40.7,39,Good,27.0,83.0,5.3,16,9,False
2026-09-10 17:50:20.512938,5.3,13.3,12.1,6.2,0.71,42.8,9,Good,27.5,82.0,0.9,17,9,True
2026-09-10 18:50:20.512938,32.4,47.0,18.1,8.0,0.81,43.8,53,Satisfactory,26.7,91.5,1.4,18,9,False
2026-09-10 19:50:20.512938,30.3,55.8,7.8,2.4,0.78,49.5,0,Good,25.2,82.3,0.6,19,9,False
2026-09-10 20:50:20.512938,16.8,49.0,14.0,5.8,0.31,47.4,28,Good,30.6,72.9,4.7,20,9,False
2026-09-10 21:50:20.512938,11.8,25.1,11.3,6.0,0.28,55.8,20,Good,25.7,78.0,7.5,21,9,False
2026-09-10 22:50:20.512938,16.9,27.1,7.6,7.9,0.57,44.2,28,Good,29.5,79.6,7.0,22,9,False
2026-09-10 23:50:20.512938,17.4,28.9,12.2,2.2,0.35,47.6,29,Good,25.6,67.7,5.7,23,9,False
2026-09-11 00:50:20.512938,2.7,6.0,1.9,3.1,0.16,37.0,4,Good,32.6,83.1,6.5,0,9,True
2026-09-11 01:50:20.512938,7.1,19.5,6.0,7.4,0.08,31.0,12,Good,28.9,70.4,12.1,1,9,False
2026-09-11 02:50:20.512938,6.9,22.1,9.7,2.5,0.67,31.0,12,Good,33.0,75.4,8.3,2,9,False
2026-09-11 03:50:20.512938,9.3,14.6,0.8,5.2,0.28,32.1,16,Good,31.3,79.2,14.0,3,9,False
2026-09-11 04:50:20.512938,7.5,19.6,9.7,6.9,0.56,24.0,12,Good,33.8,93.4,12.6,4,9,False
2026-09-11 05:50:20.512938,10.5,15.9,11.8,2.1,0.38,18.7,18,Good,34.5,76.0,10.5,5,9,False
2026-09-11 06:50:20.512938,9.1,24.0,12.2,5.0,0.14,12.6,15,Good,36.4,72.8,14.0,6,9,False
2026-09-11 07:50:20.512938,15.3,26.8,17.4,7.5,0.73,3.0,26,Good,34.1,81.1,12.6,7,9,False
2026-09-11 08:50:20.512938,17.5,18.0,12.0,5.0,0.61,11.0,29,Good,34.9,68.0,15.3,8,9,False
2026-09-11 09:50:20.512938,18.8,38.8,18.4,1.2,0.76,10.4,31,Good,37.2,88.0,10.8,9,9,False
2026-09-11 10:50:20.512938,13.7,26.7,22.1,2.2,0.54,20.3,23,Good,36.1,72.3,16.3,10,9,False
2026-09-11 11:50:20.512938,16.8,27.7,19.7,4.9,0.74,13.2,28,Good,32.4,82.3,8.1,11,9,False
2026-09-11 12:50:20.512938,14.9,31.9,14.2,5.2,0.44,10.4,25,Good,31.8,65.0,9.3,12,9,False
2026-09-11 13:50:20.512938,24.2,38.9,14.0,2.0,0.39,19.5,40,Good,28.5,76.4,4.3,13,9,False
2026-09-11 14:50:20.512938,15.3,37.4,23.3,0.2,0.58,35.8,25,Good,30.6,79.5,5.6,14,9,False
2026-09-11 15:50:20.512938,17.4,36.7,9.3,6.0,0.65,35.5,29,Good,26.9,78.4,4.4,15,9,False
2026-09-11 16:50:20.512938,23.7,39.3,13.1,6.4,0.56,34.1,40,Good,25.9,81.9,2.7,16,9,False
2026-09-11 17:50:20.512938,16.1,47.9,16.6,3.6,0.32,39.9,27,Good,27.6,78.9,3.7,17,9,False
2026-09-11 18:50:20.512938,28.0,46.1,21.9,4.4,0.9,52.9,47,Good,25.5,67.8,0.4,18,9,False
2026-09-11 19:50:20.512938,26.9,46.1,16.2,10.5,0.42,54.4,45,Good,24.6,75.4,1.8,19,9,False
2026-09-11 20:50:20.512938,22.1,44.0,19.6,4.5,1.0,44.9,37,Good,22.1,88.8,3.2,20,9,False
2026-09-11 21:50:20.512938,13.4,27.8,14.0,4.1,0.1,51.2,22,Good,25.9,83.1,4.5,21,9,False
2026-09-11 22:50:20.512938,13.5,27.3,24.0,7.6,0.3,48.4,22,Good,29.8,77.1,8.2,22,9,False
2026-09-11 23:50:20.512938,28.2,35.9,5.5,1.1,0.6,34.5,47,Good,28.3,79.3,1.8,23,9,False
2026-09-12 00:50:20.512938,10.9,19.4,16.5,7.7,0.06,39.7,18,Good,27.4,77.9,8.0,0,9,False
2026-09-12 01:50:20.512938,9.5,18.2,1.3,3.2,0.16,32.3,16,Good,31.4,76.6,9.5,1,9,False
2026-09-12 02:50:20.512938,8.9,16.4,6.4,5.2,0.23,25.0,15,Good,35.9,78.6,11.2,2,9,False
2026-09-12 03:50:20.512938,9.6,19.0,4.8,3.6,0.56,26.4,16,Good,35.3,79.8,11.5,3,9,False
2026-09-12 04:50:20.512938,8.9,17.2,6.8,4.5,0.45,16.9,15,Good,36.4,71.1,15.0,4,9,False
2026-09-12 05:50:20.512938,6.6,14.7,5.5,5.6,0.38,15.4,11,Good,32.6,76.6,16.2,5,9,False
2026-09-12 06:50:20.512938,10.4,18.1,13.4,7.9,0.67,21.6,17,Good,35.5,79.3,17.4,6,9,False
2026-09-12 07:50:20.512938,17.6,38.1,22.2,7.5,0.6,7.5,29,Good,33.3,92.6,7.5,7,9,False
2026-09-12 08:50:20.512938,15.8,27.2,25.7,4.9,0.31,14.7,26,Good,34.5,81.6,15.9,8,9,False
2026-09-12 09:50:20.512938,15.4,23.5,18.8,8.8,0.8,15.4,26,Good,36.1,80.5,14.0,9,9,False
2026-09-12 10:50:20.512938,25.5,42.1,13.6,8.5,0.8,16.6,43,Good,35.2,87.9,7.1,10,9,False
2026-09-12 11:50:20.512938,13.8,27.6,16.5,3.2,0.56,12.8,23,Good,30.3,78.5,11.2,11,9,False
2026-09-12 12:50:20.512938,14.1,36.8,28.0,2.1,0.77,10.2,23,Good,31.1,65.9,11.0,12,9,False
2026-09-12 13:50:20.512938,16.9,28.9,14.0,1.0,0.49,16.9,28,Good,26.9,72.8,7.5,13,9,False
2026-09-12 14:50:20.512938,12.9,42.8,0.2,4.8,0.38,33.6,21,Good,26.6,64.3,6.9,14,9,False
2026-09-12 15:50:20.512938,18.3,31.6,11.9,4.5,0.51,26.6,30,Good,26.2,69.9,4.8,15,9,False
2026-09-12 16:50:20.512938,25.8,41.0,7.7,3.4,0.67,37.9,43,Good,25.2,86.8,0.7,16,9,False
2026-09-12 17:50:20.512938,21.9,52.4,8.5,4.0,0.58,44.9,37,Good,21.6,63.0,3.9,17,9,False
2026-09-12 18:50:20.512938,23.1,37.8,15.8,3.1,0.74,46.1,39,Good,24.4,74.6,1.8,18,9,False
2026-09-12 19:50:20.512938,30.7,47.7,15.1,5.3,0.95,46.7,0,Good,24.8,61.1,3.4,19,9,False
2026-09-12 20:50:20.512938,27.0,52.8,13.6,5.7,0.56,51.9,45,Good,24.0,72.6,0.3,20,9,False
2026-09-12 21:50:20.512938,15.6,35.0,20.7,5.7,0.79,49.8,26,Good,28.0,75.1,5.5,21,9,False
2026-09-12 22:50:20.512938,18.8,31.1,12.4,3.1,0.3,53.1,31,Good,26.5,77.8,4.8,22,9,False
2026-09-12 23:50:20.512938,20.6,27.9,16.9,4.3,0.7,39.8,34,Good,26.9,82.8,4.4,23,9,False
2026-09-13 00:50:20.512938,8.5,19.0,23.0,4.7,0.28,36.4,14,Good,29.4,87.4,12.1,0,9,False
2026-09-13 01:50:20.512938,6.6,22.0,7.0,7.9,0.21,30.7,11,Good,36.4,100.0,9.1,1,9,False
2026-09-13 02:50:20.512938,7.0,15.4,16.5,2.0,0.14,25.9,12,Good,35.0,70.4,16.3,2,9,False
2026-09-13 03:50:20.512938,9.3,22.8,5.6,2.6,0.11,20.3,16,Good,33.7,56.9,9.8,3,9,False
2026-09-13 04:50:20.512938,9.5,19.4,6.7,3.9,0.4,21.2,16,Good,36.2,83.0,11.6,4,9,False
2026-09-13 05:50:20.512938,11.4,17.8,4.1,4.0,0.38,15.3,19,Good,36.6,86.7,12.4,5,9,False
2026-09-13 06:50:20.512938,15.8,28.8,6.5,6.2,0.29,18.4,26,Good,38.7,66.8,6.8,6,9,False
2026-09-13 07:50:20.512938,13.6,26.0,13.4,2.9,0.5,12.9,23,Good,31.7,73.9,16.4,7,9,False
2026-09-13 08:50:20.512938,17.0,36.0,18.6,1.6,0.57,12.1,28,Good,32.8,80.8,10.1,8,9,False
2026-09-13 09:50:20.512938,18.3,31.4,19.1,3.2,0.25,15.0,30,Good,36.5,73.0,11.0,9,9,False
2026-09-13 10:50:20.512938,15.5,32.0,22.1,5.9,0.34,18.3,26,Good,35.1,80.2,12.9,10,9,False
2026-09-13 11:50:20.512938,14.0,27.9,13.1,6.5,0.4,9.6,23,Good,32.6,75.8,12.1,11,9,False
2026-09-13 12:50:20.512938,20.0,49.3,9.4,6.5,0.32,12.3,33,Good,30.0,73.2,2.9,12,9,False
2026-09-13 13:50:20.512938,14.7,30.3,12.0,2.5,0.78,21.9,24,Good,31.0,69.6,6.3,13,9,False
2026-09-13 14:50:20.512938,20.9,36.3,17.4,11.2,0.7,38.0,35,Good,30.9,82.1,6.2,14,9,False
2026-09-13 15:50:20.512938,17.8,30.1,19.8,5.2,0.49,36.2,30,Good,29.0,55.4,9.2,15,9,False
2026-09-13 16:50:20.512938,17.9,40.5,22.4,5.8,0.64,42.2,30,Good,27.3,74.5,5.2,16,9,False
2026-09-13 17:50:20.512938,24.7,39.9,17.1,4.6,0.82,47.3,41,Good,22.8,76.8,2.0,17,9,False
2026-09-13 18:50:20.512938,24.3,59.4,12.9,7.9,0.84,46.5,40,Good,21.9,73.6,0.0,18,9,False
2026-09-13 19:50:20.512938,24.1,47.1,12.9,4.3,0.64,44.5,40,Good,26.9,69.5,0.0,19,9,False
2026-09-13 20:50:20.512938,31.3,47.0,15.3,2.3,0.86,51.7,51,Satisfactory,23.4,60.4,0.6,20,9,False
2026-09-13 21:50:20.512938,14.9,29.9,5.4,8.4,0.37,55.1,25,Good,29.7,90.3,4.4,21,9,False
2026-09-13 22:50:20.512938,13.9,35.7,8.9,4.1,0.97,41.5,23,Good,27.7,64.8,5.2,22,9,False
2026-09-13 23:50:20.512938,11.9,28.2,11.3,3.4,0.46,48.4,20,Good,28.3,78.8,6.1,23,9,False
2026-09-14 00:50:20.512938,9.2,19.6,8.0,2.9,0.1,38.4,15,Good,29.6,73.9,9.7,0,9,False
2026-09-14 01:50:20.512938,13.2,18.0,12.0,3.1,0.2,34.8,22,Good,34.6,84.2,9.6,1,9,False
2026-09-14 02:50:20.512938,12.6,21.4,7.2,7.3,0.0,35.1,21,Good,30.2,81.6,9.4,2,9,False
2026-09-14 03:50:20.512938,10.6,14.0,16.7,5.8,0.14,23.9,18,Good,33.4,77.7,13.9,3,9,False
2026-09-14 04:50:20.512938,7.5,16.4,2.8,3.7,0.3,15.3,12,Good,33.5,82.7,12.1,4,9,False
2026-09-14 05:50:20.512938,11.2,20.2,10.8,6.1,0.33,15.2,19,Good,37.6,85.7,10.2,5,9,False
2026-09-14 06:50:20.512938,9.9,18.5,13.4,6.5,0.4,14.4,16,Good,34.3,88.4,17.3,6,9,False
2026-09-14 07:50:20.512938,18.9,32.9,14.5,5.3,0.7,10.2,32,Good,37.0,81.0,14.1,7,9,False
2026-09-14 08:50:20.512938,21.2,37.7,10.8,4.2,0.5,14.3,35,Good,29.6,90.8,10.5,8,9,False
2026-09-14 09:50:20.512938,14.0,23.8,11.3,1.6,0.55,11.9,23,Good,30.6,79.8,13.0,9,9,False
2026-09-14 10:50:20.512938,17.3,34.7,18.1,6.4,0.65,10.9,29,Good,34.9,78.9,10.0,10,9,False
2026-09-14 11:50:20.512938,14.2,27.4,14.6,7.6,0.42,16.2,24,Good,32.0,71.8,9.6,11,9,False
2026-09-14 12:50:20.512938,14.0,36.8,13.2,7.5,0.24,26.2,23,Good,32.7,68.2,5.8,12,9,False
2026-09-14 13:50:20.512938,19.9,36.2,16.4,4.2,0.37,27.2,33,Good,28.4,72.2,6.2,13,9,False
2026-09-14 14:50:20.512938,19.0,34.8,5.0,4.3,0.41,28.8,32,Good,27.8,72.8,5.4,14,9,False
2026-09-14 15:50:20.512938,24.9,40.9,22.5,2.7,0.44,32.9,42,Good,29.9,64.8,0.5,15,9,False
2026-09-14 16:50:20.512938,18.6,41.2,17.0,6.0,0.28,37.4,31,Good,24.5,67.8,3.7,16,9,False
2026-09-14 17:50:20.512938,28.7,39.6,14.1,6.2,0.63,43.9,48,Good,25.9,74.0,5.9,17,9,False
2026-09-14 18:50:20.512938,21.8,37.2,9.7,2.8,0.1,43.8,36,Good,29.2,78.8,5.6,18,9,False
2026-09-14 19:50:20.512938,21.8,37.6,17.6,5.6,0.78,55.6,36,Good,26.0,65.2,4.0,19,9,False
2026-09-14 20:50:20.512938,15.6,36.7,13.6,3.5,0.38,54.3,26,Good,24.5,68.5,8.5,20,9,False
2026-09-14 21:50:20.512938,11.6,30.1,11.5,6.5,0.41,48.4,19,Good,25.6,71.1,9.8,21,9,False
2026-09-14 22:50:20.512938,20.5,19.9,4.5,6.6,0.68,43.3,34,Good,28.5,84.9,2.6,22,9,False
2026-09-14 23:50:20.512938,14.2,30.1,12.1,6.6,0.18,39.7,24,Good,28.1,68.8,4.6,23,9,False
2026-09-15 00:50:20.512938,13.0,18.3,27.2,3.9,0.21,28.9,22,Good,27.3,67.8,9.6,0,9,False
2026-09-15 01:50:20.512938,8.9,22.2,11.4,3.5,0.7,27.9,15,Good,30.9,71.9,9.0,1,9,False
2026-09-15 02:50:20.512938,9.8,17.2,8.4,4.0,0.45,41.9,16,Good,35.9,70.9,11.8,2,9,False
2026-09-15 03:50:20.512938,7.0,14.4,10.9,5.7,0.37,22.6,12,Good,33.3,66.0,15.6,3,9,False
2026-09-15 04:50:20.512938,11.8,18.9,8.0,6.4,0.0,31.2,20,Good,34.3,81.2,12.2,4,9,False
2026-09-15 05:50:20.512938,7.8,13.9,0.1,7.9,0.5,12.2,13,Good,32.4,81.5,14.3,5,9,False
2026-09-15 06:50:20.512938,11.4,26.3,8.1,3.0,0.2,18.8,19,Good,34.2,73.5,10.8,6,9,False
2026-09-15 07:50:20.512938,21.8,39.6,14.8,5.0,0.8,8.5,36,Good,33.8,78.2,12.1,7,9,False
2026-09-15 08:50:20.512938,21.6,34.3,11.4,6.1,0.81,17.0,36,Good,35.9,73.9,10.9,8,9,False
2026-09-15 09:50:20.512938,17.2,32.9,25.2,3.2,0.71,15.8,29,Good,34.8,70.1,13.5,9,9,False
2026-09-15 10:50:20.512938,22.7,31.5,19.8,3.6,0.73,6.3,38,Good,29.7,71.3,12.6,10,9,False
2026-09-15 11:50:20.512938,17.0,30.8,16.0,5.5,0.68,17.4,28,Good,31.2,84.4,8.6,11,9,False
2026-09-15 12:50:20.512938,18.3,22.1,4.0,2.6,0.42,22.6,31,Good,31.0,74.5,9.7,12,9,False
2026-09-15 13:50:20.512938,17.8,26.4,16.3,3.3,0.38,25.9,30,Good,25.8,80.8,10.2,13,9,False
2026-09-15 14:50:20.512938,19.1,36.1,22.0,4.5,0.58,29.0,32,Good,28.3,75.7,5.9,14,9,False
2026-09-15 15:50:20.512938,21.4,51.1,15.9,3.7,0.56,39.2,36,Good,25.4,92.4,0.4,15,9,False
2026-09-15 16:50:20.512938,18.2,28.6,17.3,2.6,0.89,40.0,30,Good,24.8,75.4,11.6,16,9,False
2026-09-15 17:50:20.512938,21.9,42.1,9.8,5.2,0.86,51.1,37,Good,28.0,67.7,5.4,17,9,False
2026-09-15 18:50:20.512938,22.9,45.2,21.0,2.6,0.54,43.6,38,Good,27.9,72.1,2.7,18,9,False
2026-09-15 19:50:20.512938,31.2,52.4,15.7,7.5,0.48,56.7,51,Satisfactory,26.7,80.2,0.1,19,9,False
2026-09-15 20:50:20.512938,28.3,50.5,19.8,2.3,0.74,59.3,47,Good,25.2,66.8,3.1,20,9,False
2026-09-15 21:50:20.512938,16.6,30.9,18.0,1.2,0.31,52.3,28,Good,28.3,92.9,1.7,21,9,False
2026-09-15 22:50:20.512938,8.3,24.4,15.1,3.8,0.32,44.4,14,Good,27.0,72.8,12.0,22,9,False
2026-09-15 23:50:20.512938,13.9,23.1,4.4,4.2,0.37,46.7,23,Good,27.6,81.8,9.0,23,9,False
2026-09-16 00:50:20.512938,14.0,19.1,11.5,5.6,0.09,43.5,23,Good,28.3,87.5,5.3,0,9,False
2026-09-16 01:50:20.512938,11.8,15.5,6.9,3.6,0.29,36.5,20,Good,29.1,72.8,10.2,1,9,False
2026-09-16 02:50:20.512938,13.0,17.6,9.0,1.2,0.33,27.1,22,Good,30.4,82.9,8.6,2,9,False
2026-09-16 03:50:20.512938,10.3,19.2,0.5,2.2,0.21,31.4,17,Good,30.8,76.5,9.1,3,9,False
2026-09-16 04:50:20.512938,10.8,24.8,11.7,6.3,0.22,16.7,18,Good,38.0,75.6,5.9,4,9,False
2026-09-16 05:50:20.512938,9.3,18.4,13.8,4.6,0.16,29.5,16,Good,33.5,95.2,11.3,5,9,False
2026-09-16 06:50:20.512938,8.0,23.5,6.6,3.1,0.66,10.0,13,Good,35.7,77.4,15.1,6,9,False
2026-09-16 07:50:20.512938,25.7,40.2,20.6,6.4,0.92,17.5,43,Good,35.0,71.9,6.2,7,9,False
2026-09-16 08:50:20.512938,22.4,38.1,18.7,2.0,0.93,19.3,37,Good,34.2,73.3,13.1,8,9,False
2026-09-16 09:50:20.512938,21.0,38.0,22.8,1.8,0.66,4.9,35,Good,33.3,68.0,8.0,9,9,False
2026-09-16 10:50:20.512938,10.6,32.2,18.2,5.1,0.85,10.2,18,Good,34.5,67.0,14.3,10,9,False
2026-09-16 11:50:20.512938,13.0,21.9,12.6,4.4,0.79,20.6,22,Good,31.4,69.6,13.8,11,9,False
2026-09-16 12:50:20.512938,20.3,42.1,12.4,2.1,0.48,19.4,34,Good,30.6,88.2,6.7,12,9,False
2026-09-16 13:50:20.512938,20.6,39.9,1.2,6.2,0.39,29.7,34,Good,31.4,77.0,5.1,13,9,False
2026-09-16 14:50:20.512938,17.0,37.1,10.5,5.3,0.74,24.6,28,Good,29.0,68.2,9.8,14,9,False
2026-09-16 15:50:20.512938,20.7,37.0,12.9,3.8,0.53,32.7,35,Good,29.1,67.0,4.9,15,9,False
2026-09-16 16:50:20.512938,21.5,42.4,5.3,7.2,0.62,44.7,36,Good,22.6,91.0,1.2,16,9,False
2026-09-16 17:50:20.512938,19.0,37.4,11.1,4.5,0.59,44.6,32,Good,25.9,67.9,8.4,17,9,False
2026-09-16 18:50:20.512938,25.6,39.1,16.1,7.6,0.5,50.0,43,Good,24.6,96.5,3.4,18,9,False
2026-09-16 19:50:20.512938,23.5,63.1,11.6,8.8,1.26,47.6,39,Good,27.5,73.1,0.0,19,9,False
2026-09-16 20:50:20.512938,22.4,43.8,19.0,7.7,1.0,61.0,37,Good,24.8,73.9,5.0,20,9,False
2026-09-16 21:50:20.512938,15.1,32.9,11.9,8.1,0.55,57.4,25,Good,26.2,74.8,3.2,21,9,False
2026-09-16 22:50:20.512938,15.1,38.3,6.4,4.2,0.22,39.7,25,Good,29.6,62.0,0.0,22,9,False
2026-09-16 23:50:20.512938,13.8,25.6,13.0,3.3,0.53,50.1,23,Good,30.7,84.8,9.1,23,9,False
2026-09-17 00:50:20.512938,10.0,21.1,4.9,3.5,0.23,38.9,17,Good,28.8,92.0,8.1,0,9,False
2026-09-17 01:50:20.512938,7.7,13.5,5.0,9.5,0.45,32.5,13,Good,28.4,75.5,15.7,1,9,False
2026-09-17 02:50:20.512938,11.5,20.1,2.0,6.7,0.52,26.0,19,Good,30.5,78.4,8.0,2,9,False
2026-09-17 03:50:20.512938,10.8,24.5,0.0,5.0,0.32,20.1,18,Good,33.6,66.2,4.4,3,9,False
2026-09-17 04:50:20.512938,12.1,13.8,8.1,3.8,0.27,25.8,20,Good,33.7,73.9,11.1,4,9,False
2026-09-17 05:50:20.512938,9.0,15.4,6.6,1.8,0.3,19.4,15,Good,37.1,73.9,13.9,5,9,False
2026-09-17 06:50:20.512938,13.2,19.4,12.5,1.1,0.26,14.7,22,Good,33.0,78.2,13.4,6,9,False
2026-09-17 07:50:20.512938,19.9,41.8,14.6,5.0,0.57,12.1,33,Good,33.3,70.3,8.5,7,9,False
2026-09-17 08:50:20.512938,13.5,32.6,14.1,3.9,0.31,9.3,23,Good,34.5,63.0,14.8,8,9,False
2026-09-17 09:50:20.512938,16.6,26.5,14.6,5.0,0.76,11.3,28,Good,34.9,67.5,14.5,9,9,False
2026-09-17 10:50:20.512938,24.7,36.3,16.1,4.2,0.43,17.2,41,Good,34.7,67.9,8.3,10,9,False
2026-09-17 11:50:20.512938,15.5,31.6,9.5,7.3,0.66,16.5,26,Good,32.3,83.4,7.8,11,9,False
2026-09-17 12:50:20.512938,12.6,23.4,9.4,5.6,0.7,24.9,21,Good,32.2,76.4,13.9,12,9,False
2026-09-17 13:50:20.512938,16.0,37.8,16.6,3.5,0.23,21.5,27,Good,31.9,78.8,8.0,13,9,False
2026-09-17 14:50:20.512938,19.8,34.5,3.3,8.4,0.62,29.7,33,Good,28.2,69.2,8.2,14,9,False
2026-09-17 15:50:20.512938,18.5,37.5,12.0,2.7,0.57,44.4,31,Good,27.4,73.6,7.7,15,9,False
2026-09-17 16:50:20.512938,18.2,37.5,12.3,7.0,0.61,45.7,30,Good,25.0,88.6,5.9,16,9,False
2026-09-17 17:50:20.512938,23.2,56.0,17.6,5.0,0.85,52.1,39,Good,22.4,74.9,1.2,17,9,False
2026-09-17 18:50:20.512938,23.3,40.6,20.4,7.8,0.32,54.1,39,Good,25.0,89.6,5.6,18,9,False
2026-09-17 19:50:20.512938,32.1,48.4,11.8,3.1,0.64,58.8,53,Satisfactory,23.0,76.3,2.2,19,9,False
2026-09-17 20:50:20.512938,19.8,42.1,19.6,4.4,0.83,56.3,33,Good,26.0,89.7,5.7,20,9,False
2026-09-17 21:50:20.512938,12.9,28.3,15.1,5.1,0.26,51.6,22,Good,27.5,82.4,5.4,21,9,False
2026-09-17 22:50:20.512938,14.9,27.1,9.0,6.0,0.4,48.9,25,Good,29.5,76.1,7.2,22,9,False
2026-09-17 23:50:20.512938,11.2,29.4,9.5,3.5,0.48,40.4,19,Good,27.4,84.4,3.1,23,9,False
2026-09-18 00:50:20.512938,11.6,21.3,10.3,4.6,0.32,37.2,19,Good,30.5,76.0,8.4,0,9,False
2026-09-18 01:50:20.512938,8.5,17.8,4.3,3.7,0.0,40.2,14,Good,32.2,85.0,6.9,1,9,False
2026-09-18 02:50:20.512938,10.3,17.0,12.8,5.5,0.37,25.7,17,Good,32.2,87.1,13.1,2,9,False
2026-09-18 03:50:20.512938,9.8,16.5,0.0,3.4,0.33,29.3,16,Good,37.1,61.1,12.4,3,9,False
2026-09-18 04:50:20.512938,9.4,12.7,9.1,7.5,0.0,19.3,16,Good,35.5,89.8,16.4,4,9,False
2026-09-18 05:50:20.512938,12.6,21.5,8.2,5.4,0.35,12.7,21,Good,31.4,77.8,9.2,5,9,False
2026-09-18 06:50:20.512938,12.9,17.2,11.6,5.0,0.5,12.7,22,Good,35.7,82.2,12.4,6,9,False
2026-09-18 07:50:20.512938,19.4,31.5,20.4,3.1,0.74,12.2,32,Good,34.0,73.8,10.0,7,9,False
2026-09-18 08:50:20.512938,24.3,38.9,21.7,6.7,0.96,12.7,40,Good,37.0,74.7,8.2,8,9,False
2026-09-18 09:50:20.512938,23.2,36.3,7.4,4.3,0.41,18.0,39,Good,34.6,80.1,8.0,9,9,False
2026-09-18 10:50:20.512938,18.8,30.7,18.8,4.5,0.3,16.7,31,Good,28.6,73.5,12.5,10,9,False
2026-09-18 11:50:20.512938,13.1,31.7,11.5,1.9,0.48,17.7,22,Good,31.1,75.7,11.8,11,9,False
2026-09-18 12:50:20.512938,18.0,33.4,14.1,4.9,0.24,17.1,30,Good,30.2,76.4,8.5,12,9,False
2026-09-18 13:50:20.512938,20.2,31.2,15.5,8.6,0.8,22.6,34,Good,26.5,70.9,10.3,13,9,False
2026-09-18 14:50:20.512938,23.6,44.5,12.4,7.0,0.52,18.8,39,Good,21.4,73.7,2.1,14,9,False
2026-09-18 15:50:20.512938,18.7,22.1,11.9,2.2,0.37,33.6,31,Good,25.8,82.1,9.4,15,9,False
2026-09-18 16:50:20.512938,20.7,33.6,4.7,4.0,0.09,47.6,35,Good,24.0,88.4,4.5,16,9,False
2026-09-18 17:50:20.512938,25.7,52.5,10.1,3.4,0.68,54.1,43,Good,26.4,75.2,2.9,17,9,False
2026-09-18 18:50:20.512938,14.2,30.7,17.2,5.4,0.71,48.0,24,Good,26.0,76.8,10.1,18,9,False
2026-09-18 19:50:20.512938,27.1,44.3,28.3,8.1,0.53,52.8,45,Good,26.4,82.9,3.9,19,9,False
2026-09-18 20:50:20.512938,23.8,32.1,10.4,6.4,0.59,49.8,40,Good,25.4,80.3,7.3,20,9,False
2026-09-18 21:50:20.512938,19.5,27.6,5.8,4.5,0.59,53.4,33,Good,24.9,66.6,3.6,21,9,False
2026-09-18 22:50:20.512938,16.4,27.4,5.1,8.0,0.38,36.8,27,Good,30.1,89.1,9.7,22,9,False
2026-09-18 23:50:20.512938,15.6,25.4,4.3,8.1,0.25,48.2,26,Good,29.4,89.3,7.2,23,9,False
2026-09-19 00:50:20.512938,10.7,22.3,6.0,6.3,0.07,33.8,18,Good,28.8,71.8,8.0,0,9,False
2026-09-19 01:50:20.512938,8.9,18.7,3.0,4.7,0.0,35.6,15,Good,31.7,84.1,10.5,1,9,False
2026-09-19 02:50:20.512938,7.4,15.6,13.3,4.8,0.39,30.6,12,Good,32.2,81.1,14.6,2,9,False
2026-09-19 03:50:20.512938,11.4,23.0,11.6,3.0,0.63,31.2,19,Good,33.5,83.5,6.8,3,9,False
2026-09-19 04:50:20.512938,9.5,18.3,12.7,4.3,0.38,31.4,16,Good,36.3,73.1,10.1,4,9,False
2026-09-19 05:50:20.512938,9.0,18.5,9.2,6.4,0.11,17.1,15,Good,35.5,66.5,13.9,5,9,False
2026-09-19 06:50:20.512938,13.6,27.2,8.0,4.1,0.42,13.9,23,Good,33.1,64.5,9.5,6,9,False
2026-09-19 07:50:20.512938,17.4,29.6,17.2,3.9,0.83,6.3,29,Good,35.8,83.5,12.1,7,9,False
2026-09-19 08:50:20.512938,16.7,30.3,6.6,8.6,0.91,0.0,28,Good,33.0,83.2,11.8,8,9,False
2026-09-19 09:50:20.512938,14.7,34.8,7.0,4.1,0.69,7.4,25,Good,32.0,87.5,9.9,9,9,False
2026-09-19 10:50:20.512938,20.6,28.8,11.4,4.7,0.94,14.4,34,Good,28.4,86.9,13.1,10,9,False
2026-09-19 11:50:20.512938,17.5,29.5,16.6,4.5,0.42,10.0,29,Good,32.1,84.5,11.6,11,9,False
2026-09-19 12:50:20.512938,21.5,39.3,9.1,4.1,0.89,25.3,36,Good,32.6,81.5,5.6,12,9,False
2026-09-19 13:50:20.512938,15.6,39.0,8.8,6.0,0.83,30.0,26,Good,30.0,81.6,6.0,13,9,False
2026-09-19 14:50:20.512938,22.8,31.1,13.5,8.7,0.62,28.8,38,Good,29.6,83.2,5.7,14,9,False
2026-09-19 15:50:20.512938,9.9,31.4,8.8,3.3,0.48,40.4,16,Good,25.2,67.3,8.4,15,9,False
2026-09-19 16:50:20.512938,25.1,41.6,16.3,5.5,1.08,48.3,42,Good,25.4,87.2,1.6,16,9,False
2026-09-19 17:50:20.512938,23.4,47.8,11.5,6.0,0.42,45.3,39,Good,24.9,57.7,6.2,17,9,False
2026-09-19 18:50:20.512938,12.8,61.8,13.7,7.1,0.69,50.8,21,Good,26.0,81.9,1.2,18,9,False
2026-09-19 19:50:20.512938,24.8,30.9,8.3,4.6,0.56,53.6,41,Good,19.8,70.7,8.2,19,9,False
2026-09-19 20:50:20.512938,30.5,42.8,15.9,3.3,0.78,52.9,0,Good,22.7,83.6,1.5,20,9,False
2026-09-19 21:50:20.512938,14.4,36.0,12.3,3.4,0.48,46.5,24,Good,28.6,77.8,1.4,21,9,False
2026-09-19 22:50:20.512938,21.5,31.6,12.1,5.0,0.6,44.9,36,Good,24.2,69.0,3.1,22,9,False
2026-09-19 23:50:20.512938,17.1,30.7,11.7,4.3,0.31,52.0,29,Good,28.8,74.1,2.2,23,9,False
2026-09-20 00:50:20.512938,26.9,60.5,6.8,0.3,0.2,39.1,45,Good,29.7,78.0,12.2,0,9,True
2026-09-20 01:50:20.512938,9.6,20.0,1.6,8.9,0.52,40.6,16,Good,29.3,79.3,10.5,1,9,False
2026-09-20 02:50:20.512938,10.2,19.5,9.2,4.4,0.27,24.0,17,Good,31.2,66.4,9.3,2,9,False
2026-09-20 03:50:20.512938,9.4,16.8,9.9,7.3,0.58,26.7,16,Good,31.4,78.7,12.1,3,9,False
2026-09-20 04:50:20.512938,8.6,14.6,9.7,5.1,0.33,15.9,14,Good,33.2,80.7,13.8,4,9,False
2026-09-20 05:50:20.512938,10.8,18.8,11.0,3.0,0.3,13.0,18,Good,34.5,67.4,6.3,5,9,False
2026-09-20 06:50:20.512938,9.9,16.7,0.0,3.6,0.32,8.6,16,Good,36.9,69.3,19.6,6,9,False
2026-09-20 07:50:20.512938,16.1,23.6,13.6,4.5,0.66,6.2,27,Good,35.8,78.8,15.0,7,9,False
2026-09-20 08:50:20.512938,16.3,29.4,16.0,8.9,0.82,14.2,27,Good,37.0,88.6,13.8,8,9,False
2026-09-20 09:50:20.512938,19.3,37.0,16.5,8.1,0.57,5.1,32,Good,33.4,75.0,10.0,9,9,False
2026-09-20 10:50:20.512938,18.1,33.9,9.2,3.9,0.57,15.1,30,Good,36.2,79.9,9.6,10,9,False
2026-09-20 11:50:20.512938,14.5,24.1,11.4,7.0,0.68,0.7,24,Good,31.2,71.1,13.4,11,9,False
2026-09-20 12:50:20.512938,24.4,37.6,9.4,6.0,0.48,17.5,41,Good,28.7,71.0,4.6,12,9,False
2026-09-20 13:50:20.512938,21.5,28.6,12.4,5.3,0.37,26.5,36,Good,30.1,68.4,5.7,13,9,False
2026-09-20 14:50:20.512938,18.3,26.4,10.5,6.0,0.62,31.3,31,Good,28.1,87.4,8.2,14,9,False
2026-09-20 15:50:20.512938,19.1,28.6,18.0,4.7,0.8,37.7,32,Good,27.2,69.3,11.9,15,9,False
2026-09-20 16:50:20.512938,13.2,28.1,4.6,5.8,0.44,45.4,22,Good,25.9,83.7,7.0,16,9,False
2026-09-20 17:50:20.512938,23.3,43.6,21.9,7.0,0.67,35.4,39,Good,23.7,60.3,6.0,17,9,False
2026-09-20 18:50:20.512938,18.3,37.1,11.8,3.4,0.92,47.2,30,Good,28.7,77.9,10.8,18,9,False
2026-09-20 19:50:20.512938,23.6,46.3,14.2,5.5,0.72,47.2,39,Good,25.3,71.8,2.0,19,9,False
2026-09-20 20:50:20.512938,23.9,44.7,7.1,5.1,0.56,51.1,40,Good,24.9,69.4,4.3,20,9,False
2026-09-20 21:50:20.512938,12.8,24.0,16.2,8.1,0.6,48.9,21,Good,25.5,90.4,8.0,21,9,False
2026-09-20 22:50:20.512938,17.0,32.8,5.2,2.3,0.39,43.6,28,Good,28.7,75.5,1.0,22,9,False
2026-09-20 23:50:20.512938,17.9,25.7,9.7,7.2,0.51,41.2,30,Good,33.3,67.3,3.9,23,9,False
2026-09-21 00:50:20.512938,9.6,20.0,12.1,6.2,0.49,43.6,16,Good,28.9,82.6,9.3,0,9,False
2026-09-21 01:50:20.512938,11.3,18.0,2.4,4.9,0.35,43.6,19,Good,31.4,64.9,7.6,1,9,False
2026-09-21 02:50:20.512938,7.4,16.1,8.1,9.5,0.07,30.0,12,Good,30.2,72.8,11.8,2,9,False
2026-09-21 03:50:20.512938,11.2,16.3,2.5,7.5,0.86,28.7,19,Good,33.4,79.3,9.6,3,9,False
2026-09-21 04:50:20.512938,10.3,14.8,5.7,5.5,0.34,14.6,17,Good,34.5,80.3,12.0,4,9,False
2026-09-21 05:50:20.512938,11.0,22.8,17.6,2.6,0.03,19.4,18,Good,33.0,79.9,7.5,5,9,False
2026-09-21 06:50:20.512938,10.2,18.9,3.8,5.0,0.22,11.0,17,Good,35.2,74.2,14.6,6,9,False
2026-09-21 07:50:20.512938,18.5,38.4,20.4,8.1,0.81,10.3,31,Good,33.8,81.4,10.1,7,9,False
2026-09-21 08:50:20.512938,16.3,26.8,14.5,5.2,0.54,6.4,27,Good,34.3,80.1,18.1,8,9,False
2026-09-21 09:50:20.512938,19.5,46.1,8.9,6.3,0.55,8.3,32,Good,30.2,80.5,8.0,9,9,False
2026-09-21 10:50:20.512938,19.4,36.2,19.0,9.0,0.73,21.2,32,Good,32.1,70.4,10.5,10,9,False
2026-09-21 11:50:20.512938,16.7,32.1,12.6,4.6,0.78,17.9,28,Good,30.5,79.5,8.6,11,9,False
2026-09-21 12:50:20.512938,2.9,8.3,16.4,5.1,0.64,18.2,5,Good,27.8,81.9,14.2,12,9,True
2026-09-21 13:50:20.512938,21.8,41.2,11.9,2.7,0.2,26.0,36,Good,26.3,62.5,1.7,13,9,False
2026-09-21 14:50:20.512938,17.2,40.5,12.6,3.8,0.42,30.3,29,Good,25.2,72.3,5.0,14,9,False
2026-09-21 15:50:20.512938,21.0,19.5,15.6,0.1,0.21,30.6,35,Good,25.6,75.3,8.0,15,9,False
2026-09-21 16:50:20.512938,20.8,39.2,10.8,4.7,0.59,39.5,35,Good,26.1,86.3,3.9,16,9,False
2026-09-21 17:50:20.512938,30.2,38.2,8.6,4.8,0.72,43.2,0,Good,23.5,82.7,2.2,17,9,False
2026-09-21 18:50:20.512938,20.9,49.9,13.1,3.3,0.67,49.3,35,Good,22.7,74.5,3.3,18,9,False
2026-09-21 19:50:20.512938,21.7,40.5,14.7,4.9,1.21,46.9,36,Good,25.1,74.9,6.3,19,9,False
2026-09-21 20:50:20.512938,20.2,52.1,13.0,3.0,0.72,50.3,34,Good,28.7,70.7,2.3,20,9,False
2026-09-21 21:50:20.512938,13.5,35.9,17.4,3.0,0.62,40.6,23,Good,27.0,70.5,2.8,21,9,False
2026-09-21 22:50:20.512938,14.3,34.2,3.0,6.9,0.0,41.5,24,Good,26.0,57.5,4.0,22,9,False
2026-09-21 23:50:20.512938,13.7,31.5,8.2,5.2,0.33,46.5,23,Good,27.3,77.7,5.3,23,9,False
2026-09-22 00:50:20.512938,10.8,23.0,12.7,3.8,0.38,41.8,18,Good,30.9,84.2,3.6,0,9,False
2026-09-22 01:50:20.512938,9.7,18.8,3.3,5.3,0.55,34.3,16,Good,33.2,72.1,8.6,1,9,False
2026-09-22 02:50:20.512938,10.7,25.0,5.8,8.6,0.13,31.4,18,Good,30.3,78.2,5.7,2,9,False
2026-09-22 03:50:20.512938,10.9,15.0,1.7,5.0,0.54,11.2,18,Good,32.1,75.3,10.5,3,9,False
2026-09-22 04:50:20.512938,5.3,14.0,0.0,9.9,0.46,13.8,9,Good,33.6,71.0,14.7,4,9,False
2026-09-22 05:50:20.512938,9.8,14.8,1.8,6.6,0.48,9.8,16,Good,33.5,84.1,14.2,5,9,False
2026-09-22 06:50:20.512938,9.6,22.4,13.0,2.6,0.41,12.6,16,Good,34.7,92.5,14.9,6,9,False
2026-09-22 07:50:20.512938,7.9,27.5,10.7,4.3,0.81,12.0,13,Good,30.9,62.8,13.7,7,9,False
2026-09-22 08:50:20.512938,17.3,31.8,30.0,6.4,0.48,5.8,29,Good,36.9,76.7,11.1,8,9,False
2026-09-22 09:50:20.512938,20.9,41.1,12.1,5.2,0.72,10.7,35,Good,28.9,71.4,9.6,9,9,False
2026-09-22 10:50:20.512938,23.3,34.2,16.1,7.2,0.43,8.8,39,Good,38.1,69.3,9.3,10,9,False
2026-09-22 11:50:20.512938,21.1,30.7,13.6,7.8,0.46,15.1,35,Good,30.4,69.4,6.6,11,9,False
2026-09-22 12:50:20.512938,19.0,34.0,11.2,5.5,0.75,17.3,32,Good,31.2,91.6,3.1,12,9,False
2026-09-22 13:50:20.512938,24.3,34.4,13.1,6.2,0.55,23.1,40,Good,29.4,74.8,4.6,13,9,False
2026-09-22 14:50:20.512938,19.5,35.3,19.7,3.2,0.41,31.8,33,Good,27.0,90.4,2.3,14,9,False
2026-09-22 15:50:20.512938,21.2,42.0,19.0,2.4,0.34,37.3,35,Good,26.1,68.9,4.0,15,9,False
2026-09-22 16:50:20.512938,14.8,45.0,14.7,5.6,0.65,27.6,25,Good,28.5,90.2,1.5,16,9,False
2026-09-22 17:50:20.512938,22.5,44.1,17.4,3.2,0.81,45.9,37,Good,25.5,66.6,1.6,17,9,False
2026-09-22 18:50:20.512938,25.9,56.0,13.1,3.8,1.16,41.0,43,Good,21.7,82.4,1.4,18,9,False
2026-09-22 19:50:20.512938,23.4,44.0,6.9,6.0,0.32,47.8,39,Good,26.9,90.4,2.9,19,9,False
2026-09-22 20:50:20.512938,23.2,50.9,17.4,6.1,0.75,40.8,39,Good,23.1,83.9,3.3,20,9,False
2026-09-22 21:50:20.512938,16.0,30.8,12.7,5.0,0.73,50.7,27,Good,26.0,82.5,1.2,21,9,False
2026-09-22 22:50:20.512938,18.9,31.6,16.4,6.0,0.33,46.7,32,Good,27.4,89.7,2.9,22,9,False
2026-09-22 23:50:20.512938,21.0,38.3,6.0,5.4,0.0,45.9,35,Good,30.5,72.3,4.2,23,9,False
2026-09-23 00:50:20.512938,12.2,20.1,6.0,7.0,0.51,46.5,20,Good,32.0,68.7,10.0,0,9,False
2026-09-23 01:50:20.512938,8.6,16.1,4.7,7.5,0.28,37.9,14,Good,32.2,70.7,14.2,1,9,False
2026-09-23 02:50:20.512938,11.3,16.9,11.4,1.3,0.09,34.3,19,Good,30.4,87.0,12.3,2,9,False
2026-09-23 03:50:20.512938,10.2,20.6,14.0,4.2,0.26,24.6,17,Good,32.1,84.1,7.6,3,9,False
2026-09-23 04:50:20.512938,12.7,21.2,11.0,5.5,0.39,32.5,21,Good,32.0,83.7,9.9,4,9,False
2026-09-23 05:50:20.512938,8.9,21.8,3.0,0.2,0.5,8.6,15,Good,35.2,77.1,11.3,5,9,False
2026-09-23 06:50:20.512938,12.4,19.0,13.7,4.0,0.32,11.7,21,Good,38.9,85.2,11.4,6,9,False
2026-09-23 07:50:20.512938,18.8,31.8,6.9,5.7,0.37,5.3,31,Good,35.7,73.2,13.3,7,9,False
2026-09-23 08:50:20.512938,21.8,37.6,11.4,7.3,0.64,7.0,36,Good,33.4,83.7,8.8,8,9,False
2026-09-23 09:50:20.512938,19.8,32.2,20.4,3.8,0.76,11.1,33,Good,35.3,82.0,9.9,9,9,False
2026-09-23 10:50:20.512938,21.5,34.1,24.2,5.1,0.44,21.8,36,Good,31.6,72.3,7.7,10,9,False
2026-09-23 11:50:20.512938,15.9,37.2,12.5,0.0,0.64,9.0,26,Good,29.1,79.2,6.4,11,9,False
2026-09-23 12:50:20.512938,20.9,40.6,1.0,5.7,0.73,21.2,35,Good,32.0,87.4,7.5,12,9,False
2026-09-23 13:50:20.512938,28.7,33.8,13.1,8.3,0.77,30.1,48,Good,28.6,77.0,6.1,13,9,False
2026-09-23 14:50:20.512938,17.4,33.9,12.8,5.3,0.29,33.8,29,Good,25.0,77.5,8.8,14,9,False
2026-09-23 15:50:20.512938,20.3,34.7,14.7,5.0,0.38,37.3,34,Good,21.8,91.5,4.7,15,9,False
2026-09-23 16:50:20.512938,21.2,42.6,15.1,6.7,0.52,33.7,35,Good,25.0,58.4,2.4,16,9,False
2026-09-23 17:50:20.512938,31.1,39.6,18.7,1.6,0.53,50.4,51,Satisfactory,23.2,79.9,2.0,17,9,False
2026-09-23 18:50:20.512938,26.5,54.8,21.1,2.4,0.59,55.5,44,Good,27.2,85.4,1.0,18,9,False
2026-09-23 19:50:20.512938,28.1,55.3,19.4,0.0,0.6,47.7,47,Good,25.8,84.5,0.0,19,9,False
2026-09-23 20:50:20.512938,31.2,58.3,10.4,4.0,0.87,48.8,51,Satisfactory,28.0,77.1,0.0,20,9,False
2026-09-23 21:50:20.512938,13.3,25.7,3.7,3.8,0.42,51.5,22,Good,25.7,69.5,8.0,21,9,False
2026-09-23 22:50:20.512938,17.9,28.1,6.2,4.1,0.39,45.6,30,Good,28.7,73.5,7.9,22,9,False
2026-09-23 23:50:20.512938,13.2,28.6,7.0,0.3,0.7,46.9,22,Good,24.0,79.4,6.3,23,9,False
2026-09-24 00:50:20.512938,11.3,19.0,3.8,4.3,0.43,48.9,19,Good,32.1,66.8,9.2,0,9,False
2026-09-24 01:50:20.512938,9.0,18.9,0.0,4.7,0.2,36.0,15,Good,30.7,61.6,12.8,1,9,False
2026-09-24 02:50:20.512938,10.4,24.4,8.0,5.7,0.21,30.1,17,Good,35.0,81.2,9.9,2,9,False
2026-09-24 03:50:20.512938,9.9,19.8,7.4,4.8,0.58,33.4,16,Good,35.2,76.3,9.0,3,9,False
2026-09-24 04:50:20.512938,10.6,22.4,2.9,6.0,0.36,18.3,18,Good,34.3,87.1,10.2,4,9,False
2026-09-24 05:50:20.512938,9.5,19.9,10.1,4.4,0.23,16.2,16,Good,32.9,71.7,11.1,5,9,False
2026-09-24 06:50:20.512938,13.9,25.1,14.9,5.4,0.53,17.6,23,Good,35.2,72.0,9.6,6,9,False
2026-09-24 07:50:20.512938,12.6,29.6,15.7,3.2,0.43,13.8,21,Good,36.7,70.6,15.5,7,9,False
2026-09-24 08:50:20.512938,16.0,23.6,21.3,4.2,0.53,7.2,27,Good,34.2,69.6,14.4,8,9,False
2026-09-24 09:50:20.512938,14.1,28.9,28.2,5.4,0.69,7.1,24,Good,33.9,87.4,15.6,9,9,False
2026-09-24 10:50:20.512938,22.1,44.0,13.4,7.6,0.6,14.2,37,Good,27.9,78.4,9.7,10,9,False
2026-09-24 11:50:20.512938,16.7,33.4,7.7,5.7,0.75,15.0,28,Good,32.0,72.2,10.0,11,9,False
2026-09-24 12:50:20.512938,22.5,29.5,10.4,4.9,0.27,15.9,38,Good,31.2,69.7,4.2,12,9,False
2026-09-24 13:50:20.512938,17.3,34.5,11.4,1.2,0.77,19.9,29,Good,30.1,76.5,5.9,13,9,False
2026-09-24 14:50:20.512938,16.7,32.3,16.1,6.5,0.63,27.0,28,Good,25.6,67.6,5.4,14,9,False
2026-09-24 15:50:20.512938,17.2,38.5,7.2,3.4,0.49,32.0,29,Good,28.0,83.3,5.1,15,9,False
2026-09-24 16:50:20.512938,16.5,41.5,5.9,5.8,0.79,34.5,27,Good,26.8,69.2,2.6,16,9,False
2026-09-24 17:50:20.512938,16.8,51.5,11.2,4.1,0.78,47.4,28,Good,27.3,74.1,2.6,17,9,False
2026-09-24 18:50:20.512938,22.8,43.8,20.0,3.2,0.54,44.8,38,Good,22.9,81.7,6.9,18,9,False
2026-09-24 19:50:20.512938,18.0,36.9,12.2,3.0,0.54,51.9,30,Good,27.3,77.1,7.3,19,9,False
2026-09-24 20:50:20.512938,23.1,45.5,14.7,7.4,0.49,47.0,38,Good,26.5,85.0,2.6,20,9,False
2026-09-24 21:50:20.512938,12.8,25.3,11.8,1.8,0.9,50.9,21,Good,26.3,93.2,4.5,21,9,False
2026-09-24 22:50:20.512938,12.2,29.5,17.8,5.0,0.49,48.5,20,Good,28.0,77.4,5.1,22,9,False
2026-09-24 23:50:20.512938,16.4,34.1,4.4,6.1,0.4,45.0,27,Good,26.1,71.4,5.1,23,9,False
2026-09-25 00:50:20.512938,8.7,14.5,4.4,6.1,0.49,41.9,15,Good,28.2,78.6,13.7,0,9,False
2026-09-25 01:50:20.512938,11.2,22.5,7.7,2.8,0.14,39.4,19,Good,32.6,67.4,8.0,1,9,False
2026-09-25 02:50:20.512938,9.3,19.0,6.8,5.2,0.0,27.4,15,Good,30.8,81.9,13.6,2,9,False
2026-09-25 03:50:20.512938,9.9,17.7,13.7,7.7,0.05,23.7,16,Good,33.0,79.2,12.6,3,9,False
2026-09-25 04:50:20.512938,10.2,17.9,10.4,7.8,0.34,17.7,17,Good,35.5,78.0,14.2,4,9,False
2026-09-25 05:50:20.512938,6.3,18.6,12.2,3.7,0.45,15.5,11,Good,35.3,78.1,10.8,5,9,False
2026-09-25 06:50:20.512938,11.5,17.8,10.8,1.9,0.53,10.7,19,Good,36.0,81.3,14.8,6,9,False
2026-09-25 07:50:20.512938,16.0,36.2,22.6,3.5,0.83,8.6,27,Good,36.7,83.0,10.1,7,9,False
2026-09-25 08:50:20.512938,20.4,37.4,10.8,10.0,0.86,17.7,34,Good,35.7,75.8,10.7,8,9,False
2026-09-25 09:50:20.512938,19.5,30.1,9.8,3.0,1.18,11.1,33,Good,34.8,64.3,13.0,9,9,False
2026-09-25 10:50:20.512938,13.2,28.5,19.1,6.2,0.79,7.2,22,Good,35.5,69.5,14.3,10,9,False
2026-09-25 11:50:20.512938,17.0,31.7,13.7,7.7,0.85,4.5,28,Good,32.4,80.2,10.9,11,9,False
2026-09-25 12:50:20.512938,20.1,43.5,11.0,5.0,0.44,23.8,34,Good,28.9,80.9,5.5,12,9,False
2026-09-25 13:50:20.512938,20.6,38.0,15.3,3.3,0.28,21.6,34,Good,26.4,84.4,5.7,13,9,False
2026-09-25 14:50:20.512938,21.8,38.1,9.0,3.6,0.54,29.7,36,Good,28.4,86.2,3.4,14,9,False
2026-09-25 15:50:20.512938,18.6,50.3,8.3,4.2,0.23,36.8,31,Good,26.6,84.9,1.2,15,9,False
2026-09-25 16:50:20.512938,17.9,34.9,15.0,4.2,0.63,41.8,30,Good,27.2,90.1,5.4,16,9,False
2026-09-25 17:50:20.512938,31.4,51.0,17.7,5.9,0.56,47.4,52,Satisfactory,26.4,72.4,0.0,17,9,False
2026-09-25 18:50:20.512938,19.8,36.6,9.6,6.6,0.77,43.0,33,Good,26.5,78.6,9.2,18,9,False
2026-09-25 19:50:20.512938,27.1,49.1,14.1,3.5,0.35,41.4,45,Good,26.1,70.0,0.0,19,9,False
2026-09-25 20:50:20.512938,23.5,33.1,16.4,4.6,0.71,43.0,39,Good,25.0,66.5,8.5,20,9,False
2026-09-25 21:50:20.512938,20.0,41.8,3.0,0.0,0.47,40.8,33,Good,28.2,73.9,1.3,21,9,False
2026-09-25 22:50:20.512938,16.0,32.5,12.9,5.1,0.57,51.5,27,Good,25.8,85.6,1.9,22,9,False
2026-09-25 23:50:20.512938,16.4,26.1,15.0,5.6,0.38,35.3,27,Good,30.9,91.2,6.5,23,9,False
2026-09-26 00:50:20.512938,10.1,21.2,10.0,0.9,0.34,36.3,17,Good,27.9,73.9,8.2,0,9,False
2026-09-26 01:50:20.512938,12.8,21.8,0.8,6.1,0.54,31.8,21,Good,30.3,90.2,8.7,1,9,False
2026-09-26 02:50:20.512938,14.3,20.4,9.2,5.3,0.33,25.1,24,Good,33.3,67.5,5.0,2,9,False
2026-09-26 03:50:20.512938,11.3,17.0,6.5,3.5,0.24,28.9,19,Good,34.5,86.2,13.0,3,9,False
2026-09-26 04:50:20.512938,11.8,18.5,4.8,4.3,0.62,21.3,20,Good,33.2,83.7,9.8,4,9,False
2026-09-26 05:50:20.512938,9.6,19.6,7.2,2.9,0.66,14.4,16,Good,34.6,67.9,10.7,5,9,False
2026-09-26 06:50:20.512938,8.7,15.9,10.2,3.9,0.59,9.6,14,Good,33.6,84.2,15.4,6,9,False
2026-09-26 07:50:20.512938,15.7,29.3,22.2,0.6,0.65,15.7,26,Good,34.8,88.1,14.4,7,9,False
2026-09-26 08:50:20.512938,16.7,27.5,17.8,5.7,0.61,7.1,28,Good,32.7,86.2,13.5,8,9,False
2026-09-26 09:50:20.512938,18.4,33.4,27.4,7.3,0.52,6.8,31,Good,35.3,70.1,8.5,9,9,False
2026-09-26 10:50:20.512938,21.7,41.0,20.3,6.0,0.69,17.0,36,Good,31.9,79.3,8.9,10,9,False
2026-09-26 11:50:20.512938,16.8,32.0,17.3,4.5,0.23,29.4,28,Good,31.0,74.9,8.2,11,9,False
2026-09-26 12:50:20.512938,20.2,38.6,15.9,5.2,0.54,12.7,34,Good,31.7,73.9,8.0,12,9,False
2026-09-26 13:50:20.512938,22.6,34.2,9.1,2.4,0.52,26.1,38,Good,28.0,74.1,6.4,13,9,False
2026-09-26 14:50:20.512938,25.0,37.6,20.4,3.8,0.2,32.8,42,Good,23.5,76.3,3.4,14,9,False
2026-09-26 15:50:20.512938,17.8,47.2,12.8,1.1,0.81,34.6,30,Good,26.0,76.1,3.2,15,9,False
2026-09-26 16:50:20.512938,15.8,34.5,12.5,1.9,0.44,45.0,26,Good,27.3,78.6,7.5,16,9,False
2026-09-26 17:50:20.512938,33.3,42.9,19.4,5.9,1.01,42.1,55,Satisfactory,24.4,77.9,4.3,17,9,False
2026-09-26 18:50:20.512938,27.9,40.2,15.3,7.6,0.55,44.6,46,Good,23.0,81.0,4.0,18,9,False
2026-09-26 19:50:20.512938,22.0,42.1,14.1,4.4,0.64,49.4,37,Good,23.4,87.5,2.2,19,9,False
2026-09-26 20:50:20.512938,21.6,48.6,23.1,2.7,0.35,47.6,36,Good,25.4,84.7,1.5,20,9,False
2026-09-26 21:50:20.512938,16.3,30.7,16.9,4.4,0.41,52.2,27,Good,28.2,60.9,6.3,21,9,False
2026-09-26 22:50:20.512938,13.5,21.2,14.7,6.3,0.27,50.6,22,Good,28.7,85.1,11.0,22,9,False
2026-09-26 23:50:20.512938,13.9,27.3,16.9,8.4,0.27,48.3,23,Good,28.2,82.6,7.1,23,9,False
2026-09-27 00:50:20.512938,11.4,21.4,11.5,6.3,0.48,36.6,19,Good,30.7,80.4,9.1,0,9,False
2026-09-27 01:50:20.512938,12.8,25.2,1.4,3.1,0.47,39.1,21,Good,33.7,72.4,4.7,1,9,False
2026-09-27 02:50:20.512938,9.2,20.2,6.5,1.6,0.0,29.7,15,Good,30.4,74.9,10.6,2,9,False
2026-09-27 03:50:20.512938,12.4,15.3,16.2,2.6,0.34,24.5,21,Good,29.5,79.8,10.1,3,9,False
2026-09-27 04:50:20.512938,8.3,16.8,6.8,4.9,0.74,20.4,14,Good,35.0,77.6,8.3,4,9,False
2026-09-27 05:50:20.512938,9.1,13.5,7.1,7.4,0.33,11.7,15,Good,37.2,84.8,12.5,5,9,False
2026-09-27 06:50:20.512938,9.5,20.9,9.0,3.6,0.66,20.7,16,Good,33.6,85.4,14.8,6,9,False
2026-09-27 07:50:20.512938,17.4,28.2,10.4,7.6,0.58,8.9,29,Good,36.3,84.6,11.6,7,9,False
2026-09-27 08:50:20.512938,19.0,30.2,15.7,4.5,0.74,4.3,32,Good,35.7,78.7,12.0,8,9,False
2026-09-27 09:50:20.512938,12.7,30.2,12.6,4.7,0.85,13.0,21,Good,28.7,78.0,15.0,9,9,False
2026-09-27 10:50:20.512938,23.6,34.0,24.7,6.0,0.59,23.1,39,Good,30.3,85.8,8.2,10,9,False
2026-09-27 11:50:20.512938,18.2,32.0,14.8,4.2,0.53,7.1,30,Good,31.3,85.6,4.9,11,9,False
2026-09-27 12:50:20.512938,20.8,31.0,9.1,4.1,0.26,20.3,35,Good,28.5,72.1,4.1,12,9,False
2026-09-27 13:50:20.512938,25.4,45.5,13.8,3.4,0.14,21.7,42,Good,28.0,68.6,4.8,13,9,False
2026-09-27 14:50:20.512938,13.3,23.2,17.6,7.7,0.36,33.4,22,Good,30.4,89.8,7.8,14,9,False
2026-09-27 15:50:20.512938,22.3,34.7,16.1,3.4,0.87,34.1,37,Good,23.5,78.6,6.1,15,9,False
2026-09-27 16:50:20.512938,19.8,40.1,7.9,5.7,0.46,39.5,33,Good,25.2,82.7,3.4,16,9,False
2026-09-27 17:50:20.512938,32.1,39.9,16.4,6.1,1.12,51.7,53,Satisfactory,24.8,85.4,0.0,17,9,False
2026-09-27 18:50:20.512938,22.8,40.9,18.8,6.4,0.54,48.2,38,Good,23.3,76.1,3.3,18,9,False
2026-09-27 19:50:20.512938,17.7,40.5,16.7,5.2,0.26,44.3,30,Good,25.3,78.9,4.1,19,9,False
2026-09-27 20:50:20.512938,24.7,40.3,17.3,4.3,0.7,54.2,41,Good,26.1,74.8,1.9,20,9,False
2026-09-27 21:50:20.512938,4.3,9.7,16.2,4.6,0.49,41.4,7,Good,30.8,86.7,4.5,21,9,True
2026-09-27 22:50:20.512938,14.7,25.8,8.6,5.4,0.29,45.5,25,Good,24.3,73.2,6.1,22,9,False
2026-09-27 23:50:20.512938,12.8,24.4,19.7,4.3,0.12,49.3,21,Good,26.0,88.4,8.2,23,9,False
2026-09-28 00:50:20.512938,11.4,24.9,4.8,4.8,0.37,46.8,19,Good,28.8,76.9,8.0,0,9,False
2026-09-28 01:50:20.512938,9.0,15.2,15.1,2.8,0.48,33.8,15,Good,28.6,78.6,15.7,1,9,False
2026-09-28 02:50:20.512938,9.6,23.2,7.7,7.3,0.45,27.6,16,Good,38.0,73.7,9.3,2,9,False
2026-09-28 03:50:20.512938,11.9,23.7,13.4,5.8,0.37,17.3,20,Good,30.7,79.3,5.1,3,9,False
2026-09-28 04:50:20.512938,9.2,17.1,12.4,5.8,0.57,9.7,15,Good,34.5,67.6,14.7,4,9,False
2026-09-28 05:50:20.512938,12.0,12.9,10.3,4.0,0.24,12.0,20,Good,33.7,81.5,12.3,5,9,False
2026-09-28 06:50:20.512938,7.4,22.1,12.7,7.3,0.48,13.9,12,Good,38.4,67.8,14.3,6,9,False
2026-09-28 07:50:20.512938,22.8,27.3,13.4,2.2,0.59,7.3,38,Good,36.3,70.8,10.4,7,9,False
2026-09-28 08:50:20.512938,15.5,30.7,22.2,1.9,0.42,9.8,26,Good,35.0,77.1,16.7,8,9,False
2026-09-28 09:50:20.512938,20.8,34.5,18.9,6.2,0.64,7.6,35,Good,34.9,76.1,10.9,9,9,False
2026-09-28 10:50:20.512938,19.0,37.5,22.6,2.4,0.88,14.2,32,Good,34.5,84.9,8.2,10,9,False
2026-09-28 11:50:20.512938,12.1,29.5,10.0,5.6,0.77,16.5,20,Good,29.8,87.8,11.5,11,9,False
2026-09-28 12:50:20.512938,11.6,45.1,15.6,0.5,0.69,16.5,19,Good,28.0,78.2,6.6,12,9,False
2026-09-28 13:50:20.512938,20.1,41.5,1.4,2.6,0.55,20.3,33,Good,27.9,82.5,5.2,13,9,False
2026-09-28 14:50:20.512938,18.1,36.0,12.2,4.2,0.79,38.2,30,Good,30.3,78.6,7.2,14,9,False
2026-09-28 15:50:20.512938,46.5,78.7,19.8,3.2,0.82,35.3,77,Satisfactory,29.7,69.5,5.2,15,9,True
2026-09-28 16:50:20.512938,20.2,41.1,18.8,2.9,0.63,35.3,34,Good,29.2,69.4,2.1,16,9,False
2026-09-28 17:50:20.512938,23.2,50.6,9.7,1.8,0.56,41.3,39,Good,23.2,94.2,2.9,17,9,False
2026-09-28 18:50:20.512938,21.6,52.1,20.9,1.9,0.29,50.1,36,Good,23.1,72.9,0.9,18,9,False
2026-09-28 19:50:20.512938,26.2,40.0,7.5,5.4,0.78,51.8,44,Good,25.4,69.2,4.9,19,9,False
2026-09-28 20:50:20.512938,25.2,49.8,9.5,6.3,0.85,54.5,42,Good,25.3,76.3,3.4,20,9,False
2026-09-28 21:50:20.512938,16.9,26.6,5.8,4.6,0.41,47.7,28,Good,27.1,83.8,6.6,21,9,False
2026-09-28 22:50:20.512938,13.6,21.8,0.3,9.1,0.48,49.8,23,Good,27.2,77.2,8.8,22,9,False
2026-09-28 23:50:20.512938,14.7,29.5,6.9,4.5,0.21,40.8,25,Good,30.5,88.9,5.8,23,9,False
2026-09-29 00:50:20.512938,13.0,19.4,6.1,3.6,0.66,39.7,22,Good,31.9,82.6,8.1,0,9,False
2026-09-29 01:50:20.512938,13.0,20.6,6.1,6.6,0.11,29.1,22,Good,32.6,70.5,8.0,1,9,False
2026-09-29 02:50:20.512938,12.2,19.1,21.7,4.5,0.0,32.7,20,Good,31.0,83.1,11.3,2,9,False
2026-09-29 03:50:20.512938,9.7,18.0,9.0,6.3,0.22,30.6,16,Good,33.9,84.6,11.4,3,9,False
2026-09-29 04:50:20.512938,6.8,14.6,14.8,4.3,0.37,17.3,11,Good,31.6,98.9,16.1,4,9,False
2026-09-29 05:50:20.512938,9.7,18.2,15.1,4.7,0.57,18.2,16,Good,34.3,76.8,10.1,5,9,False
2026-09-29 06:50:20.512938,12.9,20.5,14.2,6.0,0.34,6.2,21,Good,38.2,73.9,14.2,6,9,False
2026-09-29 07:50:20.512938,15.2,26.6,20.9,4.6,0.6,5.6,25,Good,36.2,90.2,14.9,7,9,False
2026-09-29 08:50:20.512938,10.5,29.0,5.6,4.4,0.55,7.6,17,Good,36.4,71.9,16.8,8,9,False
2026-09-29 09:50:20.512938,14.2,44.1,18.6,4.4,0.83,6.2,24,Good,33.3,77.4,6.9,9,9,False
2026-09-29 10:50:20.512938,14.7,28.4,19.2,2.9,0.84,5.7,24,Good,32.5,82.5,15.2,10,9,False
2026-09-29 11:50:20.512938,18.5,30.1,14.5,10.1,0.26,14.3,31,Good,34.8,84.6,9.5,11,9,False
2026-09-29 12:50:20.512938,23.1,41.4,11.9,3.6,0.6,21.8,39,Good,28.9,80.4,5.8,12,9,False
2026-09-29 13:50:20.512938,15.8,34.4,4.5,6.0,0.2,22.5,26,Good,29.6,76.0,9.5,13,9,False
2026-09-29 14:50:20.512938,17.3,27.5,8.9,5.1,0.52,17.5,29,Good,26.9,85.0,9.8,14,9,False
2026-09-29 15:50:20.512938,70.0,79.9,22.3,6.4,0.58,30.8,132,Moderate,27.8,88.3,3.5,15,9,True
2026-09-29 16:50:20.512938,24.6,39.8,6.0,1.9,0.24,41.6,41,Good,25.5,67.3,0.6,16,9,False
2026-09-29 17:50:20.512938,24.2,38.5,16.5,6.3,0.58,46.9,40,Good,24.7,74.7,4.1,17,9,False
2026-09-29 18:50:20.512938,23.5,44.5,25.3,3.0,0.42,40.8,39,Good,29.6,88.1,6.5,18,9,False
2026-09-29 19:50:20.512938,21.9,31.5,5.3,3.1,0.44,56.4,36,Good,26.3,96.0,4.7,19,9,False
2026-09-29 20:50:20.512938,24.1,45.9,20.1,6.9,0.7,51.0,40,Good,25.1,87.4,3.5,20,9,False
2026-09-29 21:50:20.512938,20.9,34.9,10.7,2.6,0.71,50.5,35,Good,24.7,64.7,4.8,21,9,False
2026-09-29 22:50:20.512938,21.0,40.1,11.9,3.0,0.32,49.7,35,Good,28.1,68.2,0.6,22,9,False
2026-09-29 23:50:20.512938,19.1,27.5,9.3,7.7,0.05,43.0,32,Good,31.5,87.3,4.6,23,9,False
2026-09-30 00:50:20.512938,12.8,20.6,10.7,5.1,0.34,46.0,21,Good,28.2,66.2,6.4,0,9,False
2026-09-30 01:50:20.512938,11.3,26.7,9.1,0.9,0.42,34.5,19,Good,30.1,74.3,5.6,1,9,False
2026-09-30 02:50:20.512938,8.4,19.8,11.3,7.3,0.04,26.0,14,Good,32.1,77.6,12.2,2,9,False
2026-09-30 03:50:20.512938,8.5,19.3,0.8,4.6,0.03,25.9,14,Good,34.5,67.8,12.5,3,9,False
2026-09-30 04:50:20.512938,8.4,18.7,4.3,1.7,0.07,17.8,14,Good,32.3,87.7,12.5,4,9,False
2026-09-30 05:50:20.512938,7.3,15.1,0.3,5.6,0.27,16.5,12,Good,32.3,70.4,15.5,5,9,False
2026-09-30 06:50:20.512938,9.9,18.3,15.1,6.8,0.51,11.6,16,Good,37.7,66.2,15.1,6,9,False
2026-09-30 07:50:20.512938,21.0,30.7,20.2,7.4,0.77,13.0,35,Good,35.9,65.2,13.1,7,9,False
2026-09-30 08:50:20.512938,15.9,29.5,14.2,3.2,0.78,6.7,27,Good,34.7,63.1,17.4,8,9,False
2026-09-30 09:50:20.512938,19.1,39.3,16.2,3.3,0.85,9.2,32,Good,31.8,66.6,9.7,9,9,False
2026-09-30 10:50:20.512938,14.8,31.4,21.3,6.4,0.86,10.3,25,Good,32.5,69.7,13.3,10,9,False
2026-09-30 11:50:20.512938,14.8,32.2,12.1,3.9,0.21,19.3,25,Good,32.8,85.5,9.4,11,9,False
2026-09-30 12:50:20.512938,16.5,27.6,5.4,6.8,0.63,15.5,27,Good,27.6,85.8,12.2,12,9,False
2026-09-30 13:50:20.512938,17.8,24.4,19.8,2.0,0.83,14.2,30,Good,31.9,82.2,10.0,13,9,False
2026-09-30 14:50:20.512938,24.4,41.5,14.1,5.5,0.52,27.7,41,Good,31.5,76.3,1.3,14,9,False
2026-09-30 15:50:20.512938,29.3,47.1,15.6,2.9,0.73,34.5,49,Good,24.9,74.8,0.0,15,9,False
2026-09-30 16:50:20.512938,55.4,139.2,13.0,5.9,0.23,41.1,92,Satisfactory,24.4,74.1,0.0,16,9,True
2026-09-30 17:50:20.512938,22.1,32.6,9.5,3.8,0.71,44.5,37,Good,24.4,81.0,4.1,17,9,False
2026-09-30 18:50:20.512938,26.2,50.1,29.3,3.6,0.71,47.2,44,Good,22.7,84.6,2.3,18,9,False
2026-09-30 19:50:20.512938,19.6,52.9,16.2,5.9,0.59,48.5,33,Good,24.7,89.0,3.7,19,9,False
2026-09-30 20:50:20.512938,22.3,36.8,12.9,4.6,0.68,54.8,37,Good,23.4,86.3,7.9,20,9,False
2026-09-30 21:50:20.512938,17.1,29.2,8.1,5.3,0.51,53.1,29,Good,23.6,79.3,5.1,21,9,False
2026-09-30 22:50:20.512938,12.5,32.6,1.2,7.6,0.79,46.6,21,Good,26.7,80.5,7.3,22,9,False
2026-09-30 23:50:20.512938,15.1,25.1,20.2,3.9,0.42,43.7,25,Good,25.0,89.7,10.8,23,9,False
2026-10-01 00:50:20.512938,15.9,38.4,8.2,3.6,0.53,39.6,26,Good,25.9,79.5,4.5,0,10,False
2026-10-01 01:50:20.512938,10.4,18.7,7.8,8.9,0.48,34.9,17,Good,23.7,78.5,16.8,1,10,False
2026-10-01 02:50:20.512938,15.4,31.8,9.0,6.5,0.17,38.0,26,Good,26.8,84.8,9.5,2,10,False
2026-10-01 03:50:20.512938,14.6,25.9,13.3,7.0,0.52,30.1,24,Good,25.5,91.3,9.1,3,10,False
2026-10-01 04:50:20.512938,22.3,35.4,9.2,5.4,0.68,18.7,37,Good,28.8,82.8,7.3,4,10,False
2026-10-01 05:50:20.512938,9.8,24.2,4.6,3.9,0.72,7.0,16,Good,27.4,71.2,15.8,5,10,False
2026-10-01 06:50:20.512938,16.2,33.5,14.4,9.5,0.42,19.4,27,Good,29.5,76.1,8.0,6,10,False
2026-10-01 07:50:20.512938,24.5,48.3,21.2,6.1,0.82,8.6,41,Good,28.5,86.9,13.1,7,10,False
2026-10-01 08:50:20.512938,32.1,62.5,21.9,7.2,0.77,21.2,53,Satisfactory,29.7,83.1,6.7,8,10,False
2026-10-01 09:50:20.512938,24.2,40.9,23.0,6.4,0.49,16.4,40,Good,29.2,72.5,12.9,9,10,False
2026-10-01 10:50:20.512938,31.9,57.4,23.7,7.2,0.79,18.8,52,Satisfactory,30.0,73.6,8.3,10,10,False
2026-10-01 11:50:20.512938,24.5,43.1,21.8,9.4,0.55,18.8,41,Good,30.0,81.0,10.0,11,10,False
2026-10-01 12:50:20.512938,31.6,46.0,16.5,9.6,0.79,16.1,52,Satisfactory,27.4,74.0,4.3,12,10,False
2026-10-01 13:50:20.512938,36.2,77.3,25.9,8.4,1.25,30.7,60,Satisfactory,28.1,72.0,0.9,13,10,False
2026-10-01 14:50:20.512938,24.0,48.1,21.2,5.0,1.06,23.4,40,Good,23.0,74.1,8.1,14,10,False
2026-10-01 15:50:20.512938,30.0,52.1,14.9,7.0,0.86,29.8,0,Good,20.0,78.9,0.9,15,10,False
2026-10-01 16:50:20.512938,34.1,43.7,11.0,6.4,0.91,44.6,56,Satisfactory,24.7,84.8,5.2,16,10,False
2026-10-01 17:50:20.512938,39.6,71.4,24.2,5.8,1.01,47.8,66,Satisfactory,22.4,73.2,0.7,17,10,False
2026-10-01 18:50:20.512938,27.4,78.2,25.9,6.1,0.68,47.3,46,Good,19.2,80.9,4.9,18,10,False
2026-10-01 19:50:20.512938,35.5,74.9,32.0,7.7,1.08,51.5,59,Satisfactory,22.3,100.0,2.5,19,10,False
2026-10-01 20:50:20.512938,36.7,62.4,23.3,7.5,1.1,56.0,61,Satisfactory,23.7,87.7,3.6,20,10,False
2026-10-01 21:50:20.512938,21.3,35.3,21.3,7.9,0.7,40.3,35,Good,20.0,84.4,10.9,21,10,False
2026-10-01 22:50:20.512938,22.3,32.7,22.3,8.7,0.62,48.9,37,Good,19.4,78.8,8.7,22,10,False
2026-10-01 23:50:20.512938,14.1,39.6,26.3,7.5,0.7,33.9,23,Good,24.2,76.5,9.0,23,10,False
2026-10-02 00:50:20.512938,14.8,25.9,12.2,8.7,0.86,34.4,25,Good,26.0,77.0,10.5,0,10,False
2026-10-02 01:50:20.512938,16.6,30.7,17.5,6.4,0.42,31.3,28,Good,25.4,65.9,6.2,1,10,False
2026-10-02 02:50:20.512938,13.6,23.0,14.8,7.4,0.38,25.9,23,Good,31.0,72.6,13.5,2,10,False
2026-10-02 03:50:20.512938,18.3,29.4,8.0,5.8,0.46,27.1,30,Good,24.5,93.5,7.8,3,10,False
2026-10-02 04:50:20.512938,13.0,28.0,20.0,3.8,0.7,18.7,22,Good,28.5,79.8,10.6,4,10,False
2026-10-02 05:50:20.512938,11.2,27.7,8.9,4.3,0.41,14.0,19,Good,26.3,88.1,15.3,5,10,False
2026-10-02 06:50:20.512938,17.8,26.3,14.6,4.6,0.46,7.6,30,Good,29.0,82.9,15.3,6,10,False
2026-10-02 07:50:20.512938,26.2,49.8,24.2,7.7,0.88,3.9,44,Good,31.3,74.1,11.4,7,10,False
2026-10-02 08:50:20.512938,24.5,40.2,20.0,10.2,0.74,14.8,41,Good,30.2,73.5,12.7,8,10,False
2026-10-02 09:50:20.512938,28.7,50.4,22.4,5.9,0.91,7.1,48,Good,31.8,84.4,10.4,9,10,False
2026-10-02 10:50:20.512938,29.5,45.4,27.7,6.8,1.04,21.4,49,Good,29.7,81.1,9.3,10,10,False
2026-10-02 11:50:20.512938,32.8,55.9,15.7,10.4,0.6,13.1,54,Satisfactory,21.8,65.9,8.4,11,10,False
2026-10-02 12:50:20.512938,25.7,41.3,25.9,7.1,0.88,19.7,43,Good,25.6,79.3,11.2,12,10,False
2026-10-02 13:50:20.512938,24.0,38.9,19.4,7.2,0.83,18.8,40,Good,26.4,73.2,12.3,13,10,False
2026-10-02 14:50:20.512938,24.0,39.8,14.4,8.8,0.68,30.5,40,Good,20.5,79.2,12.4,14,10,False
2026-10-02 15:50:20.512938,29.3,39.1,26.0,9.6,0.98,30.0,49,Good,20.3,72.9,5.7,15,10,False
2026-10-02 16:50:20.512938,34.9,56.5,17.4,6.4,0.83,39.5,58,Satisfactory,19.2,86.5,3.3,16,10,False
2026-10-02 17:50:20.512938,26.9,61.0,22.8,12.3,1.22,43.4,45,Good,20.5,80.3,6.0,17,10,False
2026-10-02 18:50:20.512938,30.6,54.4,27.4,7.5,0.51,52.0,0,Good,20.0,88.3,4.0,18,10,False
2026-10-02 19:50:20.512938,45.2,73.7,14.3,8.6,0.78,53.5,75,Satisfactory,23.4,85.6,3.1,19,10,False
2026-10-02 20:50:20.512938,35.7,63.9,25.8,7.9,0.62,52.6,59,Satisfactory,19.0,92.2,5.3,20,10,False
2026-10-02 21:50:20.512938,19.5,40.1,19.3,8.5,0.49,45.7,32,Good,18.5,75.6,6.8,21,10,False
2026-10-02 22:50:20.512938,27.1,50.3,6.4,6.3,0.81,46.4,45,Good,20.4,81.6,1.0,22,10,False
2026-10-02 23:50:20.512938,23.6,39.7,6.4,7.0,0.74,43.2,39,Good,24.0,88.5,5.5,23,10,False
2026-10-03 00:50:20.512938,15.1,26.3,12.4,4.5,0.53,46.3,25,Good,23.2,79.1,11.3,0,10,False
2026-10-03 01:50:20.512938,17.2,22.8,11.6,9.7,0.59,27.2,29,Good,25.6,84.4,11.1,1,10,False
2026-10-03 02:50:20.512938,16.4,29.3,18.7,5.9,0.99,24.9,27,Good,29.4,76.9,11.8,2,10,False
2026-10-03 03:50:20.512938,14.1,33.4,5.7,4.5,0.52,24.2,23,Good,28.1,74.2,11.3,3,10,False
2026-10-03 04:50:20.512938,12.4,18.0,15.4,6.1,0.79,27.1,21,Good,29.2,76.3,18.4,4,10,False
2026-10-03 05:50:20.512938,12.8,28.0,18.8,4.4,0.21,10.5,21,Good,33.7,86.5,12.5,5,10,False
2026-10-03 06:50:20.512938,18.7,29.5,13.7,6.3,0.47,18.1,31,Good,29.4,82.0,13.7,6,10,False
2026-10-03 07:50:20.512938,19.2,34.9,23.7,7.4,0.71,17.9,32,Good,31.3,85.4,13.5,7,10,False
2026-10-03 08:50:20.512938,23.2,36.9,19.0,8.1,1.1,7.3,39,Good,30.5,76.9,18.3,8,10,False
2026-10-03 09:50:20.512938,24.6,50.4,24.3,6.0,1.04,12.3,41,Good,31.0,75.0,11.9,9,10,False
2026-10-03 10:50:20.512938,30.6,51.3,22.6,10.6,0.93,10.7,0,Good,27.0,74.1,8.0,10,10,False
2026-10-03 11:50:20.512938,35.0,43.5,20.4,8.1,0.97,15.6,58,Satisfactory,26.9,76.6,1.0,11,10,False
2026-10-03 12:50:20.512938,23.9,52.8,17.0,8.2,0.69,9.6,40,Good,25.1,82.1,7.0,12,10,False
2026-10-03 13:50:20.512938,25.6,43.0,17.5,5.5,0.93,25.3,43,Good,26.8,82.9,7.0,13,10,False
2026-10-03 14:50:20.512938,36.4,70.5,11.9,9.3,0.89,18.5,60,Satisfactory,22.0,83.4,5.2,14,10,False
2026-10-03 15:50:20.512938,34.3,51.6,14.7,7.7,0.8,40.8,57,Satisfactory,19.9,69.9,3.7,15,10,False
2026-10-03 16:50:20.512938,32.9,43.4,19.4,8.4,0.89,41.8,54,Satisfactory,22.2,75.4,2.2,16,10,False
2026-10-03 17:50:20.512938,36.2,60.2,27.3,6.6,1.0,46.1,60,Satisfactory,22.4,79.8,4.5,17,10,False
2026-10-03 18:50:20.512938,38.7,67.5,22.4,7.2,0.79,50.2,64,Satisfactory,18.7,80.2,0.0,18,10,False
2026-10-03 19:50:20.512938,30.5,55.3,19.0,7.2,0.79,55.9,0,Good,20.3,81.2,5.8,19,10,False
2026-10-03 20:50:20.512938,35.8,76.8,31.0,4.8,1.02,55.9,59,Satisfactory,17.1,87.0,1.0,20,10,False
2026-10-03 21:50:20.512938,24.3,35.1,16.9,8.2,0.77,46.4,40,Good,16.8,74.9,8.9,21,10,False
2026-10-03 22:50:20.512938,24.2,51.5,20.7,6.3,0.93,57.1,40,Good,23.3,81.9,0.9,22,10,False
2026-10-03 23:50:20.512938,18.7,40.6,13.4,8.3,0.91,41.3,31,Good,22.1,64.2,10.1,23,10,False
2026-10-04 00:50:20.512938,16.5,33.0,11.7,7.2,0.37,36.6,27,Good,19.6,81.5,7.4,0,10,False
