date,asset_id,asset_category,asset_type,building_id,building_name,install_age_years,vibration_mm_s,operating_temp_c,runtime_hours,daily_runtime_hours,power_draw_kw,efficiency,health_score,status,failure_probability,needs_maintenance
2026-07-06 01:50:22.400462,hvac_000,hvac,Split AC,main_office,Main Office,9.51,5.27,61.6,34726.0,9.8,51.76,0.905,68.4,operational,0.003,False
2026-07-07 01:50:22.400462,hvac_000,hvac,Split AC,main_office,Main Office,9.52,4.81,66.6,34738.0,12.1,7.23,0.9,69.6,operational,0.005,False
2026-07-08 01:50:22.400462,hvac_000,hvac,Split AC,main_office,Main Office,9.52,4.66,66.5,34741.0,7.2,48.53,0.895,66.5,operational,0.01,False
2026-07-09 01:50:22.400462,hvac_000,hvac,Split AC,main_office,Main Office,9.52,4.79,62.6,34754.0,9.1,51.69,0.891,67.4,operational,0.014,False
2026-07-10 01:50:22.400462,hvac_000,hvac,Split AC,main_office,Main Office,9.53,4.84,59.5,34753.0,6.7,18.75,0.886,70.5,operational,0.019,False
2026-07-11 01:50:22.400462,hvac_000,hvac,Split AC,main_office,Main Office,9.53,4.84,63.9,34767.0,8.0,12.93,0.881,66.1,operational,0.024,False
2026-07-12 01:50:22.400462,hvac_000,hvac,Split AC,main_office,Main Office,9.53,4.14,63.0,34823.0,16.0,2.66,0.876,66.1,operational,0.029,False
2026-07-13 01:50:22.400462,hvac_000,hvac,Split AC,main_office,Main Office,9.53,3.51,65.6,34770.0,6.2,29.33,0.871,69.4,operational,0.033,False
2026-07-14 01:50:22.400462,hvac_000,hvac,Split AC,main_office,Main Office,9.54,5.45,63.1,34843.0,14.6,30.18,0.867,61.9,operational,0.043,False
2026-07-15 01:50:22.400462,hvac_000,hvac,Split AC,main_office,Main Office,9.54,4.15,70.6,34843.0,12.9,19.06,0.862,67.9,operational,0.043,False
2026-07-16 01:50:22.400462,hvac_000,hvac,Split AC,main_office,Main Office,9.54,5.38,58.3,34884.0,15.7,29.63,0.857,70.9,operational,0.051,False
2026-07-17 01:50:22.400462,hvac_000,hvac,Split AC,main_office,Main Office,9.54,4.43,62.9,34912.0,16.8,14.86,0.852,64.6,operational,0.052,False
2026-07-18 01:50:22.400462,hvac_000,hvac,Split AC,main_office,Main Office,9.55,4.65,64.5,34812.0,7.1,42.34,0.847,71.0,operational,0.057,False
2026-07-19 01:50:22.400462,hvac_000,hvac,Split AC,main_office,Main Office,9.55,4.22,67.3,34817.0,6.9,42.84,0.843,62.1,operational,0.062,False
2026-07-20 01:50:22.400462,hvac_000,hvac,Split AC,main_office,Main Office,9.55,4.79,58.1,34812.0,6.1,27.95,0.838,63.7,operational,0.067,False
2026-07-21 01:50:22.400462,hvac_000,hvac,Split AC,main_office,Main Office,9.56,4.5,62.1,34831.0,7.0,2.99,0.833,67.9,operational,0.071,False
2026-07-22 01:50:22.400462,hvac_000,hvac,Split AC,main_office,Main Office,9.56,4.93,66.0,34890.0,10.2,47.23,0.828,64.7,operational,0.076,False
2026-07-23 01:50:22.400462,hvac_000,hvac,Split AC,main_office,Main Office,9.56,4.96,61.3,35032.0,18.0,2.48,0.824,61.6,operational,0.081,False
2026-07-24 01:50:22.400462,hvac_000,hvac,Split AC,main_office,Main Office,9.56,5.02,58.2,34900.0,9.6,42.98,0.819,61.3,operational,0.086,False
2026-07-25 01:50:22.400462,hvac_000,hvac,Split AC,main_office,Main Office,9.57,4.77,62.9,34867.0,7.4,51.23,0.814,61.2,operational,0.09,False
2026-07-26 01:50:22.400462,hvac_000,hvac,Split AC,main_office,Main Office,9.57,5.91,63.4,34922.0,9.8,33.62,0.809,54.8,maintenance_needed,0.104,True
2026-07-27 01:50:22.400462,hvac_000,hvac,Split AC,main_office,Main Office,9.57,5.86,64.7,35037.0,14.8,44.75,0.804,51.1,maintenance_needed,0.109,True
2026-07-28 01:50:22.400462,hvac_000,hvac,Split AC,main_office,Main Office,9.57,5.07,65.5,34956.0,10.4,51.29,0.8,60.6,operational,0.105,False
2026-07-29 01:50:22.400462,hvac_000,hvac,Split AC,main_office,Main Office,9.58,5.21,66.4,34987.0,11.4,20.9,0.795,58.1,maintenance_needed,0.111,True
2026-07-30 01:50:22.400462,hvac_000,hvac,Split AC,main_office,Main Office,9.58,5.54,65.9,34931.0,8.5,12.52,0.79,61.5,operational,0.12,False
2026-07-31 01:50:22.400462,hvac_000,hvac,Split AC,main_office,Main Office,9.58,4.9,61.6,35139.0,16.5,3.08,0.785,53.5,maintenance_needed,0.119,True
2026-08-01 01:50:22.400462,hvac_000,hvac,Split AC,main_office,Main Office,9.59,4.49,67.4,35122.0,15.2,19.38,0.78,64.4,operational,0.124,False
2026-08-02 01:50:22.400462,hvac_000,hvac,Split AC,main_office,Main Office,9.59,5.17,68.4,34987.0,9.6,45.67,0.776,56.7,maintenance_needed,0.13,True
2026-08-03 01:50:22.400462,hvac_000,hvac,Split AC,main_office,Main Office,9.59,4.6,59.4,35080.0,12.6,11.16,0.771,62.5,operational,0.133,False
2026-08-04 01:50:22.400462,hvac_000,hvac,Split AC,main_office,Main Office,9.59,5.08,62.7,34910.0,6.3,58.05,0.766,56.4,maintenance_needed,0.139,True
2026-08-05 01:50:22.400462,hvac_000,hvac,Split AC,main_office,Main Office,9.6,4.37,69.1,35168.0,14.7,12.11,0.761,56.8,maintenance_needed,0.143,True
2026-08-06 01:50:22.400462,hvac_000,hvac,Split AC,main_office,Main Office,9.6,5.22,61.2,34947.0,7.1,59.27,0.757,59.0,maintenance_needed,0.15,True
2026-08-07 01:50:22.400462,hvac_000,hvac,Split AC,main_office,Main Office,9.6,6.13,67.2,35223.0,15.5,6.67,0.752,49.5,maintenance_needed,0.15,True
2026-08-08 01:50:22.400462,hvac_000,hvac,Split AC,main_office,Main Office,9.6,4.7,69.8,35160.0,13.2,47.32,0.747,54.8,maintenance_needed,0.15,True
2026-08-09 01:50:22.400462,hvac_000,hvac,Split AC,main_office,Main Office,9.61,4.98,63.1,35088.0,10.6,63.23,0.742,54.4,maintenance_needed,0.15,True
2026-08-10 01:50:22.400462,hvac_000,hvac,Split AC,main_office,Main Office,9.61,4.78,65.1,35076.0,10.0,36.4,0.737,49.2,maintenance_needed,0.15,True
2026-08-11 01:50:22.400462,hvac_000,hvac,Split AC,main_office,Main Office,9.61,4.57,64.0,35139.0,11.5,10.07,0.733,57.4,maintenance_needed,0.15,True
2026-08-12 01:50:22.400462,hvac_000,hvac,Split AC,main_office,Main Office,9.62,4.11,64.8,35097.0,10.0,38.04,0.728,54.1,maintenance_needed,0.15,True
2026-08-13 01:50:22.400462,hvac_000,hvac,Split AC,main_office,Main Office,9.62,4.5,64.5,35374.0,17.0,48.53,0.723,48.8,maintenance_needed,0.15,True
2026-08-14 01:50:22.400462,hvac_000,hvac,Split AC,main_office,Main Office,9.62,5.05,63.4,35339.0,15.7,30.84,0.718,55.5,maintenance_needed,0.15,True
2026-08-15 01:50:22.400462,hvac_000,hvac,Split AC,main_office,Main Office,9.62,4.64,64.4,35253.0,13.2,20.49,0.713,47.5,maintenance_needed,0.15,True
2026-08-16 01:50:22.400462,hvac_000,hvac,Split AC,main_office,Main Office,9.63,4.57,62.2,35285.0,13.6,10.31,0.709,52.4,maintenance_needed,0.15,True
2026-08-17 01:50:22.400462,hvac_000,hvac,Split AC,main_office,Main Office,9.63,5.13,68.1,35392.0,15.9,17.27,0.704,48.4,maintenance_needed,0.15,True
2026-08-18 01:50:22.400462,hvac_000,hvac,Split AC,main_office,Main Office,9.63,5.19,63.8,35049.0,7.5,15.1,0.699,51.7,maintenance_needed,0.15,True
2026-08-19 01:50:22.400462,hvac_000,hvac,Split AC,main_office,Main Office,9.63,4.88,68.2,35294.0,12.9,18.43,0.694,51.6,maintenance_needed,0.15,True
2026-08-20 01:50:22.400462,hvac_000,hvac,Split AC,main_office,Main Office,9.64,5.49,61.8,35024.0,6.6,22.64,0.69,43.0,maintenance_needed,0.15,True
2026-08-21 01:50:22.400462,hvac_000,hvac,Split AC,main_office,Main Office,9.64,4.21,63.6,35378.0,14.2,21.87,0.685,48.1,maintenance_needed,0.15,True
2026-08-22 01:50:22.400462,hvac_000,hvac,Split AC,main_office,Main Office,9.64,4.67,67.7,35045.0,6.8,70.76,0.68,48.1,maintenance_needed,0.15,True
2026-08-23 01:50:22.400462,hvac_000,hvac,Split AC,main_office,Main Office,9.65,5.62,69.0,35116.0,8.1,21.89,0.675,38.8,maintenance_needed,0.15,True
2026-08-24 01:50:22.400462,hvac_000,hvac,Split AC,main_office,Main Office,9.65,4.96,68.5,35410.0,14.0,47.2,0.67,45.2,maintenance_needed,0.15,True
2026-08-25 01:50:22.400462,hvac_000,hvac,Split AC,main_office,Main Office,9.65,4.91,64.0,35305.0,11.6,52.9,0.666,47.9,maintenance_needed,0.15,True
2026-08-26 01:50:22.400462,hvac_000,hvac,Split AC,main_office,Main Office,9.65,4.98,62.8,35565.0,16.4,38.8,0.661,46.8,maintenance_needed,0.15,True
2026-08-27 01:50:22.400462,hvac_000,hvac,Split AC,main_office,Main Office,9.66,5.03,64.1,35242.0,9.9,26.9,0.656,42.3,maintenance_needed,0.15,True
2026-08-28 01:50:22.400462,hvac_000,hvac,Split AC,main_office,Main Office,9.66,5.24,57.6,35135.0,7.7,17.97,0.651,44.7,maintenance_needed,0.15,True
2026-08-29 01:50:22.400462,hvac_000,hvac,Split AC,main_office,Main Office,9.66,4.3,63.4,35374.0,12.0,41.74,0.646,46.3,maintenance_needed,0.15,True
2026-08-30 01:50:22.400462,hvac_000,hvac,Split AC,main_office,Main Office,9.66,4.84,62.4,35552.0,15.0,74.77,0.642,41.7,maintenance_needed,0.15,True
2026-08-31 01:50:22.400462,hvac_000,hvac,Split AC,main_office,Main Office,9.67,4.29,63.1,35093.0,6.6,47.47,0.637,45.3,maintenance_needed,0.15,True
2026-09-01 01:50:22.400462,hvac_000,hvac,Split AC,main_office,Main Office,9.67,4.78,66.4,35484.0,13.3,48.62,0.632,45.1,maintenance_needed,0.15,True
2026-09-02 01:50:22.400462,hvac_000,hvac,Split AC,main_office,Main Office,9.67,6.05,64.4,35158.0,7.4,18.19,0.627,38.2,maintenance_needed,0.15,True
2026-09-03 01:50:22.400462,hvac_000,hvac,Split AC,main_office,Main Office,9.68,5.37,63.7,35246.0,8.8,11.54,0.623,39.7,maintenance_needed,0.15,True
2026-09-04 01:50:22.400462,hvac_000,hvac,Split AC,main_office,Main Office,9.68,5.28,66.8,35143.0,6.9,71.43,0.618,40.3,maintenance_needed,0.15,True
2026-09-05 01:50:22.400462,hvac_000,hvac,Split AC,main_office,Main Office,9.68,4.27,67.3,35566.0,13.8,67.08,0.613,50.3,maintenance_needed,0.15,True
2026-09-06 01:50:22.400462,hvac_000,hvac,Split AC,main_office,Main Office,9.68,5.12,68.1,35340.0,9.9,67.3,0.608,39.9,maintenance_needed,0.15,True
2026-09-07 01:50:22.400462,hvac_000,hvac,Split AC,main_office,Main Office,9.69,4.82,60.0,35705.0,15.5,14.82,0.603,40.5,maintenance_needed,0.15,True
2026-09-08 01:50:22.400462,hvac_000,hvac,Split AC,main_office,Main Office,9.69,5.19,62.0,35527.0,12.5,4.15,0.599,35.2,maintenance_needed,0.15,True
2026-09-09 01:50:22.400462,hvac_000,hvac,Split AC,main_office,Main Office,9.69,5.37,64.7,35723.0,15.3,7.49,0.594,36.5,maintenance_needed,0.15,True
2026-09-10 01:50:22.400462,hvac_000,hvac,Split AC,main_office,Main Office,9.69,4.3,63.1,35788.0,16.1,61.06,0.589,34.3,maintenance_needed,0.15,True
2026-09-11 01:50:22.400462,hvac_000,hvac,Split AC,main_office,Main Office,9.7,4.44,64.9,35808.0,16.1,7.89,0.584,40.4,maintenance_needed,0.15,True
2026-09-12 01:50:22.400462,hvac_000,hvac,Split AC,main_office,Main Office,9.7,4.7,70.3,35401.0,9.9,67.45,0.58,39.4,maintenance_needed,0.15,True
2026-09-13 01:50:22.400462,hvac_000,hvac,Split AC,main_office,Main Office,9.7,5.6,58.6,35397.0,9.7,5.87,0.575,31.9,maintenance_needed,0.15,True
2026-09-14 01:50:22.400462,hvac_000,hvac,Split AC,main_office,Main Office,9.71,4.94,65.6,35517.0,11.3,53.49,0.57,36.0,maintenance_needed,0.15,True
2026-09-15 01:50:22.400462,hvac_000,hvac,Split AC,main_office,Main Office,9.71,3.58,65.2,35280.0,7.8,41.5,0.565,35.6,maintenance_needed,0.15,True
2026-09-16 01:50:22.400462,hvac_000,hvac,Split AC,main_office,Main Office,9.71,5.12,61.6,35807.0,15.0,32.21,0.56,33.0,maintenance_needed,0.15,True
2026-09-17 01:50:22.400462,hvac_000,hvac,Split AC,main_office,Main Office,9.71,4.23,66.9,35738.0,13.9,36.25,0.556,33.8,maintenance_needed,0.15,True
2026-09-18 01:50:22.400462,hvac_000,hvac,Split AC,main_office,Main Office,9.72,5.03,70.8,35411.0,9.3,37.81,0.551,37.5,maintenance_needed,0.15,True
2026-09-19 01:50:22.400462,hvac_000,hvac,Split AC,main_office,Main Office,9.72,4.08,71.6,35983.0,16.8,43.74,0.546,35.8,maintenance_needed,0.15,True
2026-09-20 01:50:22.400462,hvac_000,hvac,Split AC,main_office,Main Office,9.72,4.72,69.1,35251.0,6.9,16.58,0.541,32.9,maintenance_needed,0.15,True
2026-09-21 01:50:22.400462,hvac_000,hvac,Split AC,main_office,Main Office,9.73,6.31,67.4,35526.0,10.4,4.31,0.536,26.8,critical,0.15,True
2026-09-22 01:50:22.400462,hvac_000,hvac,Split AC,main_office,Main Office,9.73,4.99,65.0,35557.0,10.6,87.58,0.532,33.4,maintenance_needed,0.15,True
2026-09-23 01:50:22.400462,hvac_000,hvac,Split AC,main_office,Main Office,9.73,5.14,61.9,35209.0,6.1,39.72,0.527,29.7,critical,0.15,True
2026-09-24 01:50:22.400462,hvac_000,hvac,Split AC,main_office,Main Office,9.73,4.74,65.7,36062.0,16.7,57.3,0.522,31.3,maintenance_needed,0.15,True
2026-09-25 01:50:22.400462,hvac_000,hvac,Split AC,main_office,Main Office,9.74,5.28,61.8,35667.0,11.6,77.44,0.517,28.8,critical,0.15,True
2026-09-26 01:50:22.400462,hvac_000,hvac,Split AC,main_office,Main Office,9.74,5.97,63.1,35952.0,14.9,17.49,0.513,29.3,critical,0.15,True
2026-09-27 01:50:22.400462,hvac_000,hvac,Split AC,main_office,Main Office,9.74,5.44,64.7,35756.0,12.4,69.78,0.508,31.3,maintenance_needed,0.15,True
2026-09-28 01:50:22.400462,hvac_000,hvac,Split AC,main_office,Main Office,9.74,4.91,67.3,35976.0,14.9,55.07,0.503,36.6,maintenance_needed,0.15,True
2026-09-29 01:50:22.400462,hvac_000,hvac,Split AC,main_office,Main Office,9.75,5.29,65.5,35862.0,13.4,37.05,0.5,25.4,critical,0.15,True
2026-09-30 01:50:22.400462,hvac_000,hvac,Split AC,main_office,Main Office,9.75,3.95,60.5,35471.0,8.7,50.67,0.5,27.1,critical,0.15,True
2026-10-01 01:50:22.400462,hvac_000,hvac,Split AC,main_office,Main Office,9.75,4.76,57.5,35352.0,7.2,22.57,0.5,25.8,critical,0.15,True
2026-10-02 01:50:22.400462,hvac_000,hvac,Split AC,main_office,Main Office,9.76,3.71,63.8,35401.0,7.7,16.13,0.5,26.8,critical,0.15,True
2026-10-03 01:50:22.400462,hvac_000,hvac,Split AC,main_office,Main Office,9.76,5.0,67.8,36294.0,17.6,48.36,0.5,33.6,maintenance_needed,0.15,True
2026-07-06 01:50:22.400462,hvac_001,hvac,Central AC,public_hall,Public Hall,0.77,1.91,47.6,2827.0,6.0,10.62,0.992,97.1,operational,0.0,False
2026-07-07 01:50:22.400462,hvac_001,hvac,Central AC,public_hall,Public Hall,0.78,2.92,48.9,2844.0,16.6,38.46,0.992,98.3,operational,0.0,False
2026-07-08 01:50:22.400462,hvac_001,hvac,Central AC,public_hall,Public Hall,0.78,2.26,46.0,2851.0,11.6,24.36,0.991,100.0,operational,0.001,False
2026-07-09 01:50:22.400462,hvac_001,hvac,Central AC,public_hall,Public Hall,0.78,1.76,40.1,2863.0,11.7,27.59,0.991,99.1,operational,0.001,False
2026-07-10 01:50:22.400462,hvac_001,hvac,Central AC,public_hall,Public Hall,0.79,2.71,48.3,2877.0,12.4,47.7,0.991,96.9,operational,0.002,False
2026-07-11 01:50:22.400462,hvac_001,hvac,Central AC,public_hall,Public Hall,0.79,1.55,48.9,2864.0,7.3,31.8,0.99,97.4,operational,0.002,False
2026-07-12 01:50:22.400462,hvac_001,hvac,Central AC,public_hall,Public Hall,0.79,1.22,46.0,2891.0,10.7,49.63,0.99,97.9,operational,0.002,False
2026-07-13 01:50:22.400462,hvac_001,hvac,Central AC,public_hall,Public Hall,0.79,2.1,45.9,2944.0,16.6,18.49,0.989,96.9,operational,0.003,False
2026-07-14 01:50:22.400462,hvac_001,hvac,Central AC,public_hall,Public Hall,0.8,2.4,49.1,2961.0,16.7,44.39,0.989,99.5,operational,0.003,False
2026-07-15 01:50:22.400462,hvac_001,hvac,Central AC,public_hall,Public Hall,0.8,2.11,43.4,2904.0,8.5,18.44,0.989,96.1,operational,0.003,False
2026-07-16 01:50:22.400462,hvac_001,hvac,Central AC,public_hall,Public Hall,0.8,2.34,48.8,2984.0,15.7,12.82,0.988,95.4,operational,0.004,False
2026-07-17 01:50:22.400462,hvac_001,hvac,Central AC,public_hall,Public Hall,0.8,1.31,49.3,2953.0,11.4,24.42,0.988,95.6,operational,0.004,False
2026-07-18 01:50:22.400462,hvac_001,hvac,Central AC,public_hall,Public Hall,0.81,2.63,41.4,2931.0,8.6,3.23,0.987,92.1,operational,0.005,False
2026-07-19 01:50:22.400462,hvac_001,hvac,Central AC,public_hall,Public Hall,0.81,3.22,50.8,2990.0,12.5,25.85,0.987,93.6,operational,0.005,False
2026-07-20 01:50:22.400462,hvac_001,hvac,Central AC,public_hall,Public Hall,0.81,1.71,48.2,2955.0,9.1,50.04,0.986,98.7,operational,0.005,False
2026-07-21 01:50:22.400462,hvac_001,hvac,Central AC,public_hall,Public Hall,0.82,1.43,45.4,3053.0,15.1,29.09,0.986,97.9,operational,0.006,False
2026-07-22 01:50:22.400462,hvac_001,hvac,Central AC,public_hall,Public Hall,0.82,1.96,51.7,3045.0,13.6,31.67,0.986,97.8,operational,0.006,False
2026-07-23 01:50:22.400462,hvac_001,hvac,Central AC,public_hall,Public Hall,0.82,1.27,46.1,3065.0,14.0,20.72,0.985,98.9,operational,0.007,False
2026-07-24 01:50:22.400462,hvac_001,hvac,Central AC,public_hall,Public Hall,0.82,2.15,48.4,3135.0,17.1,40.0,0.985,92.9,operational,0.007,False
2026-07-25 01:50:22.400462,hvac_001,hvac,Central AC,public_hall,Public Hall,0.83,2.68,47.1,2971.0,7.5,20.29,0.984,94.4,operational,0.007,False
2026-07-26 01:50:22.400462,hvac_001,hvac,Central AC,public_hall,Public Hall,0.83,2.15,49.0,3065.0,11.9,4.45,0.984,93.8,operational,0.008,False
2026-07-27 01:50:22.400462,hvac_001,hvac,Central AC,public_hall,Public Hall,0.83,1.47,45.5,2989.0,7.7,41.62,0.984,98.3,operational,0.008,False
2026-07-28 01:50:22.400462,hvac_001,hvac,Central AC,public_hall,Public Hall,0.83,2.12,45.2,3022.0,8.8,42.28,0.983,98.4,operational,0.009,False
2026-07-29 01:50:22.400462,hvac_001,hvac,Central AC,public_hall,Public Hall,0.84,1.55,47.6,3029.0,8.8,30.58,0.983,98.6,operational,0.009,False
2026-07-30 01:50:22.400462,hvac_001,hvac,Central AC,public_hall,Public Hall,0.84,2.79,46.7,3017.0,7.9,15.78,0.982,92.1,operational,0.009,False
2026-07-31 01:50:22.400462,hvac_001,hvac,Central AC,public_hall,Public Hall,0.84,1.98,45.5,3259.0,17.3,40.92,0.982,94.3,operational,0.01,False
2026-08-01 01:50:22.400462,hvac_001,hvac,Central AC,public_hall,Public Hall,0.85,1.95,46.6,3142.0,12.1,14.71,0.981,94.5,operational,0.01,False
2026-08-02 01:50:22.400462,hvac_001,hvac,Central AC,public_hall,Public Hall,0.85,1.66,42.3,3133.0,11.3,37.46,0.981,98.1,operational,0.01,False
2026-08-03 01:50:22.400462,hvac_001,hvac,Central AC,public_hall,Public Hall,0.85,0.86,46.2,3281.0,16.2,40.77,0.981,95.8,operational,0.011,False
2026-08-04 01:50:22.400462,hvac_001,hvac,Central AC,public_hall,Public Hall,0.85,2.67,48.3,3296.0,16.2,51.02,0.98,94.4,operational,0.011,False
2026-08-05 01:50:22.400462,hvac_001,hvac,Central AC,public_hall,Public Hall,0.86,2.96,47.9,3364.0,17.9,14.92,0.98,98.2,operational,0.012,False
2026-08-06 01:50:22.400462,hvac_001,hvac,Central AC,public_hall,Public Hall,0.86,2.49,51.7,3310.0,15.6,16.94,0.979,96.1,operational,0.012,False
2026-08-07 01:50:22.400462,hvac_001,hvac,Central AC,public_hall,Public Hall,0.86,1.61,52.0,3222.0,12.3,23.38,0.979,96.7,operational,0.012,False
2026-08-08 01:50:22.400462,hvac_001,hvac,Central AC,public_hall,Public Hall,0.87,1.66,39.6,3330.0,15.2,46.56,0.979,92.2,operational,0.013,False
2026-08-09 01:50:22.400462,hvac_001,hvac,Central AC,public_hall,Public Hall,0.87,2.99,45.8,3091.0,7.8,38.99,0.978,96.9,operational,0.013,False
2026-08-10 01:50:22.400462,hvac_001,hvac,Central AC,public_hall,Public Hall,0.87,2.54,45.8,3389.0,16.1,43.13,0.978,97.1,operational,0.014,False
2026-08-11 01:50:22.400462,hvac_001,hvac,Central AC,public_hall,Public Hall,0.87,2.56,50.7,3371.0,15.1,26.45,0.977,99.6,operational,0.014,False
2026-08-12 01:50:22.400462,hvac_001,hvac,Central AC,public_hall,Public Hall,0.88,2.26,48.9,3357.0,14.3,19.71,0.977,99.1,operational,0.014,False
2026-08-13 01:50:22.400462,hvac_001,hvac,Central AC,public_hall,Public Hall,0.88,2.45,44.5,3226.0,10.5,36.21,0.976,97.1,operational,0.015,False
2026-08-14 01:50:22.400462,hvac_001,hvac,Central AC,public_hall,Public Hall,0.88,2.15,44.3,3264.0,11.2,36.65,0.976,97.7,operational,0.015,False
2026-08-15 01:50:22.400462,hvac_001,hvac,Central AC,public_hall,Public Hall,0.88,2.67,48.5,3369.0,13.5,34.77,0.976,98.0,operational,0.015,False
2026-08-16 01:50:22.400462,hvac_001,hvac,Central AC,public_hall,Public Hall,0.89,2.56,42.8,3515.0,16.8,23.85,0.975,94.9,operational,0.016,False
2026-08-17 01:50:22.400462,hvac_001,hvac,Central AC,public_hall,Public Hall,0.89,2.74,46.6,3179.0,8.4,6.26,0.975,98.5,operational,0.016,False
2026-08-18 01:50:22.400462,hvac_001,hvac,Central AC,public_hall,Public Hall,0.89,2.31,42.0,3270.0,10.3,32.46,0.974,98.6,operational,0.017,False
2026-08-19 01:50:22.400462,hvac_001,hvac,Central AC,public_hall,Public Hall,0.9,2.16,51.9,3365.0,12.2,34.98,0.974,94.5,operational,0.017,False
2026-08-20 01:50:22.400462,hvac_001,hvac,Central AC,public_hall,Public Hall,0.9,1.6,51.4,3612.0,17.4,12.01,0.974,100.0,operational,0.017,False
2026-08-21 01:50:22.400462,hvac_001,hvac,Central AC,public_hall,Public Hall,0.9,2.48,47.4,3226.0,8.7,13.71,0.973,88.8,operational,0.018,False
2026-08-22 01:50:22.400462,hvac_001,hvac,Central AC,public_hall,Public Hall,0.9,2.83,41.9,3369.0,11.5,4.3,0.973,95.2,operational,0.018,False
2026-08-23 01:50:22.400462,hvac_001,hvac,Central AC,public_hall,Public Hall,0.91,1.76,47.5,3480.0,13.6,2.99,0.972,93.0,operational,0.019,False
2026-08-24 01:50:22.400462,hvac_001,hvac,Central AC,public_hall,Public Hall,0.91,2.38,49.9,3496.0,13.7,45.2,0.972,96.5,operational,0.019,False
2026-08-25 01:50:22.400462,hvac_001,hvac,Central AC,public_hall,Public Hall,0.91,1.95,52.7,3356.0,10.6,43.02,0.972,92.0,operational,0.019,False
2026-08-26 01:50:22.400462,hvac_001,hvac,Central AC,public_hall,Public Hall,0.91,2.29,43.8,3679.0,16.7,27.78,0.971,96.9,operational,0.02,False
2026-08-27 01:50:22.400462,hvac_001,hvac,Central AC,public_hall,Public Hall,0.92,1.88,47.0,3615.0,15.1,22.81,0.971,89.5,operational,0.02,False
2026-08-28 01:50:22.400462,hvac_001,hvac,Central AC,public_hall,Public Hall,0.92,2.73,43.3,3431.0,11.4,37.69,0.97,91.6,operational,0.021,False
2026-08-29 01:50:22.400462,hvac_001,hvac,Central AC,public_hall,Public Hall,0.92,2.53,38.8,3290.0,8.6,11.16,0.97,88.8,operational,0.021,False
2026-08-30 01:50:22.400462,hvac_001,hvac,Central AC,public_hall,Public Hall,0.93,1.73,48.3,3791.0,17.5,24.12,0.969,95.6,operational,0.021,False
2026-08-31 01:50:22.400462,hvac_001,hvac,Central AC,public_hall,Public Hall,0.93,2.21,46.6,3670.0,15.0,6.61,0.969,89.4,operational,0.022,False
2026-09-01 01:50:22.400462,hvac_001,hvac,Central AC,public_hall,Public Hall,0.93,2.26,49.5,3708.0,15.4,12.53,0.969,97.8,operational,0.022,False
2026-09-02 01:50:22.400462,hvac_001,hvac,Central AC,public_hall,Public Hall,0.93,2.36,45.6,3740.0,15.7,29.19,0.968,95.5,operational,0.022,False
2026-09-03 01:50:22.400462,hvac_001,hvac,Central AC,public_hall,Public Hall,0.94,3.09,52.7,3261.0,7.4,8.87,0.968,98.9,operational,0.023,False
2026-09-04 01:50:22.400462,hvac_001,hvac,Central AC,public_hall,Public Hall,0.94,2.06,49.9,3603.0,12.9,45.85,0.967,96.1,operational,0.023,False
2026-09-05 01:50:22.400462,hvac_001,hvac,Central AC,public_hall,Public Hall,0.94,1.95,44.3,3406.0,9.5,10.4,0.967,92.2,operational,0.024,False
2026-09-06 01:50:22.400462,hvac_001,hvac,Central AC,public_hall,Public Hall,0.94,1.89,43.2,3701.0,14.1,15.7,0.967,93.6,operational,0.024,False
2026-09-07 01:50:22.400462,hvac_001,hvac,Central AC,public_hall,Public Hall,0.95,2.01,49.0,3573.0,11.8,12.35,0.966,97.4,operational,0.024,False
2026-09-08 01:50:22.400462,hvac_001,hvac,Central AC,public_hall,Public Hall,0.95,1.6,48.2,3637.0,12.7,22.33,0.966,96.5,operational,0.025,False
2026-09-09 01:50:22.400462,hvac_001,hvac,Central AC,public_hall,Public Hall,0.95,0.99,45.1,3579.0,11.6,26.73,0.965,91.5,operational,0.025,False
2026-09-10 01:50:22.400462,hvac_001,hvac,Central AC,public_hall,Public Hall,0.96,2.81,47.8,3611.0,11.9,31.38,0.965,95.1,operational,0.026,False
2026-09-11 01:50:22.400462,hvac_001,hvac,Central AC,public_hall,Public Hall,0.96,2.76,43.6,3762.0,13.9,7.99,0.964,100.0,operational,0.026,False
2026-09-12 01:50:22.400462,hvac_001,hvac,Central AC,public_hall,Public Hall,0.96,2.6,50.2,3847.0,15.0,3.74,0.964,96.6,operational,0.026,False
2026-09-13 01:50:22.400462,hvac_001,hvac,Central AC,public_hall,Public Hall,0.96,2.44,43.7,4030.0,17.4,17.99,0.964,95.2,operational,0.027,False
2026-09-14 01:50:22.400462,hvac_001,hvac,Central AC,public_hall,Public Hall,0.97,2.66,46.3,3531.0,10.0,33.65,0.963,95.5,operational,0.027,False
2026-09-15 01:50:22.400462,hvac_001,hvac,Central AC,public_hall,Public Hall,0.97,2.21,42.7,3470.0,9.0,16.39,0.963,92.2,operational,0.027,False
2026-09-16 01:50:22.400462,hvac_001,hvac,Central AC,public_hall,Public Hall,0.97,2.18,47.5,3558.0,10.2,24.43,0.962,96.8,operational,0.028,False
2026-09-17 01:50:22.400462,hvac_001,hvac,Central AC,public_hall,Public Hall,0.97,2.16,43.8,3571.0,10.2,41.44,0.962,96.8,operational,0.028,False
2026-09-18 01:50:22.400462,hvac_001,hvac,Central AC,public_hall,Public Hall,0.98,2.57,43.1,3488.0,8.9,30.48,0.962,97.6,operational,0.029,False
2026-09-19 01:50:22.400462,hvac_001,hvac,Central AC,public_hall,Public Hall,0.98,1.52,48.7,3906.0,14.4,25.73,0.961,94.3,operational,0.029,False
2026-09-20 01:50:22.400462,hvac_001,hvac,Central AC,public_hall,Public Hall,0.98,1.33,49.4,3368.0,7.1,27.29,0.961,92.5,operational,0.029,False
2026-09-21 01:50:22.400462,hvac_001,hvac,Central AC,public_hall,Public Hall,0.99,1.96,49.8,4087.0,16.4,14.56,0.96,97.2,operational,0.03,False
2026-09-22 01:50:22.400462,hvac_001,hvac,Central AC,public_hall,Public Hall,0.99,1.59,51.0,4115.0,16.5,50.25,0.96,95.3,operational,0.03,False
2026-09-23 01:50:22.400462,hvac_001,hvac,Central AC,public_hall,Public Hall,0.99,3.2,50.5,3593.0,9.7,17.47,0.959,94.8,operational,0.031,False
2026-09-24 01:50:22.400462,hvac_001,hvac,Central AC,public_hall,Public Hall,0.99,2.07,48.3,3337.0,6.4,14.4,0.959,95.5,operational,0.031,False
2026-09-25 01:50:22.400462,hvac_001,hvac,Central AC,public_hall,Public Hall,1.0,2.77,41.1,3861.0,12.8,5.06,0.959,95.2,operational,0.031,False
2026-09-26 01:50:22.400462,hvac_001,hvac,Central AC,public_hall,Public Hall,1.0,2.02,48.3,3940.0,13.6,15.81,0.958,94.9,operational,0.032,False
2026-09-27 01:50:22.400462,hvac_001,hvac,Central AC,public_hall,Public Hall,1.0,1.9,46.8,4035.0,14.5,27.67,0.958,92.7,operational,0.032,False
2026-09-28 01:50:22.400462,hvac_001,hvac,Central AC,public_hall,Public Hall,1.0,2.01,43.2,3782.0,11.4,41.32,0.957,88.4,operational,0.033,False
2026-09-29 01:50:22.400462,hvac_001,hvac,Central AC,public_hall,Public Hall,1.01,2.22,48.6,4173.0,15.8,45.48,0.957,96.9,operational,0.033,False
2026-09-30 01:50:22.400462,hvac_001,hvac,Central AC,public_hall,Public Hall,1.01,1.86,46.8,3966.0,13.2,33.91,0.957,90.3,operational,0.033,False
2026-10-01 01:50:22.400462,hvac_001,hvac,Central AC,public_hall,Public Hall,1.01,2.34,43.9,3416.0,6.8,12.72,0.956,100.0,operational,0.034,False
2026-10-02 01:50:22.400462,hvac_001,hvac,Central AC,public_hall,Public Hall,1.02,2.83,48.4,4202.0,15.6,12.28,0.956,95.8,operational,0.034,False
2026-10-03 01:50:22.400462,hvac_001,hvac,Central AC,public_hall,Public Hall,1.02,2.1,48.8,3587.0,8.5,20.28,0.955,95.8,operational,0.034,False
2026-07-06 01:50:22.400462,hvac_002,hvac,Desert Cooler,records_room,Records & Archives,5.9,2.84,55.3,21532.0,15.3,43.41,0.941,81.2,operational,0.0,False
2026-07-07 01:50:22.400462,hvac_002,hvac,Desert Cooler,records_room,Records & Archives,5.9,4.04,59.1,21540.0,8.8,40.43,0.938,84.1,operational,0.003,False
2026-07-08 01:50:22.400462,hvac_002,hvac,Desert Cooler,records_room,Records & Archives,5.9,3.63,60.8,21564.0,16.1,28.73,0.935,85.1,operational,0.006,False
2026-07-09 01:50:22.400462,hvac_002,hvac,Desert Cooler,records_room,Records & Archives,5.91,3.4,59.6,21574.0,14.3,15.63,0.932,82.1,operational,0.009,False
2026-07-10 01:50:22.400462,hvac_002,hvac,Desert Cooler,records_room,Records & Archives,5.91,3.61,62.1,21570.0,9.7,9.73,0.929,84.1,operational,0.012,False
2026-07-11 01:50:22.400462,hvac_002,hvac,Desert Cooler,records_room,Records & Archives,5.91,3.29,63.0,21574.0,8.4,24.71,0.926,84.2,operational,0.015,False
2026-07-12 01:50:22.400462,hvac_002,hvac,Desert Cooler,records_room,Records & Archives,5.92,3.64,54.3,21638.0,17.7,27.04,0.923,74.1,operational,0.018,False
2026-07-13 01:50:22.400462,hvac_002,hvac,Desert Cooler,records_room,Records & Archives,5.92,3.35,50.1,21603.0,10.2,45.47,0.92,74.6,operational,0.021,False
2026-07-14 01:50:22.400462,hvac_002,hvac,Desert Cooler,records_room,Records & Archives,5.92,3.76,52.0,21673.0,17.7,46.88,0.917,81.3,operational,0.024,False
2026-07-15 01:50:22.400462,hvac_002,hvac,Desert Cooler,records_room,Records & Archives,5.92,4.31,57.8,21683.0,16.8,42.76,0.914,85.8,operational,0.027,False
2026-07-16 01:50:22.400462,hvac_002,hvac,Desert Cooler,records_room,Records & Archives,5.93,3.67,58.3,21702.0,17.1,33.83,0.911,76.7,operational,0.029,False
2026-07-17 01:50:22.400462,hvac_002,hvac,Desert Cooler,records_room,Records & Archives,5.93,4.67,57.8,21602.0,6.4,25.85,0.908,79.4,operational,0.032,False
2026-07-18 01:50:22.400462,hvac_002,hvac,Desert Cooler,records_room,Records & Archives,5.93,3.82,58.7,21648.0,9.7,16.46,0.905,80.9,operational,0.035,False
2026-07-19 01:50:22.400462,hvac_002,hvac,Desert Cooler,records_room,Records & Archives,5.93,3.29,57.3,21743.0,16.2,6.67,0.902,78.2,operational,0.038,False
2026-07-20 01:50:22.400462,hvac_002,hvac,Desert Cooler,records_room,Records & Archives,5.94,2.75,61.0,21661.0,9.3,9.1,0.899,76.9,operational,0.041,False
2026-07-21 01:50:22.400462,hvac_002,hvac,Desert Cooler,records_room,Records & Archives,5.94,3.48,52.5,21699.0,11.1,51.69,0.896,80.2,operational,0.044,False
2026-07-22 01:50:22.400462,hvac_002,hvac,Desert Cooler,records_room,Records & Archives,5.94,3.31,52.8,21699.0,10.5,31.86,0.893,81.0,operational,0.047,False
2026-07-23 01:50:22.400462,hvac_002,hvac,Desert Cooler,records_room,Records & Archives,5.95,3.3,51.0,21692.0,9.4,53.43,0.89,77.3,operational,0.05,False
2026-07-24 01:50:22.400462,hvac_002,hvac,Desert Cooler,records_room,Records & Archives,5.95,3.3,63.0,21855.0,18.0,29.35,0.887,75.8,operational,0.053,False
2026-07-25 01:50:22.400462,hvac_002,hvac,Desert Cooler,records_room,Records & Archives,5.95,4.34,52.8,21844.0,16.4,25.86,0.884,78.6,operational,0.056,False
2026-07-26 01:50:22.400462,hvac_002,hvac,Desert Cooler,records_room,Records & Archives,5.95,4.08,57.6,21765.0,11.7,16.86,0.881,79.1,operational,0.059,False
2026-07-27 01:50:22.400462,hvac_002,hvac,Desert Cooler,records_room,Records & Archives,5.96,3.51,57.5,21862.0,15.7,50.29,0.878,74.5,operational,0.062,False
2026-07-28 01:50:22.400462,hvac_002,hvac,Desert Cooler,records_room,Records & Archives,5.96,3.89,46.9,21909.0,17.2,48.37,0.876,74.3,operational,0.065,False
2026-07-29 01:50:22.400462,hvac_002,hvac,Desert Cooler,records_room,Records & Archives,5.96,4.77,55.0,21776.0,10.6,49.15,0.873,77.1,operational,0.068,False
2026-07-30 01:50:22.400462,hvac_002,hvac,Desert Cooler,records_room,Records & Archives,5.96,4.93,53.5,21734.0,8.4,25.77,0.87,77.8,operational,0.071,False
2026-07-31 01:50:22.400462,hvac_002,hvac,Desert Cooler,records_room,Records & Archives,5.97,3.9,54.3,21690.0,6.3,17.22,0.867,76.1,operational,0.074,False
2026-08-01 01:50:22.400462,hvac_002,hvac,Desert Cooler,records_room,Records & Archives,5.97,4.12,56.0,21986.0,17.5,38.94,0.864,73.0,operational,0.077,False
2026-08-02 01:50:22.400462,hvac_002,hvac,Desert Cooler,records_room,Records & Archives,5.97,3.98,56.6,21864.0,12.3,29.04,0.861,74.7,operational,0.08,False
2026-08-03 01:50:22.400462,hvac_002,hvac,Desert Cooler,records_room,Records & Archives,5.98,3.5,51.6,21707.0,6.3,11.03,0.858,72.7,operational,0.083,False
2026-08-04 01:50:22.400462,hvac_002,hvac,Desert Cooler,records_room,Records & Archives,5.98,4.07,50.7,21727.0,6.7,22.48,0.855,72.6,operational,0.086,False
2026-08-05 01:50:22.400462,hvac_002,hvac,Desert Cooler,records_room,Records & Archives,5.98,4.29,57.6,21998.0,15.6,56.24,0.852,74.7,operational,0.088,False
2026-08-06 01:50:22.400462,hvac_002,hvac,Desert Cooler,records_room,Records & Archives,5.98,3.99,56.8,21822.0,9.4,9.19,0.849,72.7,operational,0.091,False
2026-08-07 01:50:22.400462,hvac_002,hvac,Desert Cooler,records_room,Records & Archives,5.99,4.52,55.8,22081.0,17.2,45.21,0.846,74.2,operational,0.094,False
2026-08-08 01:50:22.400462,hvac_002,hvac,Desert Cooler,records_room,Records & Archives,5.99,4.05,54.7,22109.0,17.5,33.56,0.843,70.9,operational,0.097,False
2026-08-09 01:50:22.400462,hvac_002,hvac,Desert Cooler,records_room,Records & Archives,5.99,3.75,60.2,22072.0,15.9,60.27,0.84,76.9,operational,0.1,False
2026-08-10 01:50:22.400462,hvac_002,hvac,Desert Cooler,records_room,Records & Archives,5.99,3.69,55.2,22037.0,14.4,38.56,0.837,71.4,operational,0.103,False
2026-08-11 01:50:22.400462,hvac_002,hvac,Desert Cooler,records_room,Records & Archives,6.0,4.63,61.6,22097.0,15.7,18.23,0.834,69.0,operational,0.106,False
2026-08-12 01:50:22.400462,hvac_002,hvac,Desert Cooler,records_room,Records & Archives,6.0,3.98,60.2,22120.0,15.9,26.88,0.831,72.4,operational,0.109,False
2026-08-13 01:50:22.400462,hvac_002,hvac,Desert Cooler,records_room,Records & Archives,6.0,3.6,54.8,22007.0,12.5,21.5,0.828,69.2,operational,0.112,False
2026-08-14 01:50:22.400462,hvac_002,hvac,Desert Cooler,records_room,Records & Archives,6.01,3.84,56.1,22072.0,13.9,57.03,0.825,66.1,operational,0.115,False
2026-08-15 01:50:22.400462,hvac_002,hvac,Desert Cooler,records_room,Records & Archives,6.01,3.56,59.4,22004.0,11.8,38.85,0.822,70.1,operational,0.118,False
2026-08-16 01:50:22.400462,hvac_002,hvac,Desert Cooler,records_room,Records & Archives,6.01,3.94,55.6,22236.0,17.2,20.31,0.819,69.8,operational,0.121,False
2026-08-17 01:50:22.400462,hvac_002,hvac,Desert Cooler,records_room,Records & Archives,6.01,4.68,53.1,22045.0,12.2,41.03,0.816,74.9,operational,0.124,False
2026-08-18 01:50:22.400462,hvac_002,hvac,Desert Cooler,records_room,Records & Archives,6.02,4.43,55.8,22227.0,16.2,8.06,0.813,71.7,operational,0.127,False
2026-08-19 01:50:22.400462,hvac_002,hvac,Desert Cooler,records_room,Records & Archives,6.02,4.01,51.3,21896.0,8.3,62.07,0.81,67.6,operational,0.13,False
2026-08-20 01:50:22.400462,hvac_002,hvac,Desert Cooler,records_room,Records & Archives,6.02,3.54,59.9,21950.0,9.3,47.15,0.807,70.4,operational,0.133,False
2026-08-21 01:50:22.400462,hvac_002,hvac,Desert Cooler,records_room,Records & Archives,6.03,2.73,58.2,21819.0,6.2,39.27,0.804,69.6,operational,0.136,False
2026-08-22 01:50:22.400462,hvac_002,hvac,Desert Cooler,records_room,Records & Archives,6.03,3.87,55.6,22214.0,14.5,45.46,0.801,70.0,operational,0.139,False
2026-08-23 01:50:22.400462,hvac_002,hvac,Desert Cooler,records_room,Records & Archives,6.03,3.84,54.3,21872.0,7.1,47.93,0.798,68.1,operational,0.142,False
2026-08-24 01:50:22.400462,hvac_002,hvac,Desert Cooler,records_room,Records & Archives,6.03,3.79,52.4,22159.0,12.8,44.13,0.795,66.1,operational,0.145,False
2026-08-25 01:50:22.400462,hvac_002,hvac,Desert Cooler,records_room,Records & Archives,6.04,4.33,56.9,22071.0,10.8,33.37,0.792,67.0,operational,0.147,False
2026-08-26 01:50:22.400462,hvac_002,hvac,Desert Cooler,records_room,Records & Archives,6.04,3.64,59.9,22130.0,11.7,48.65,0.789,63.5,operational,0.15,False
2026-08-27 01:50:22.400462,hvac_002,hvac,Desert Cooler,records_room,Records & Archives,6.04,3.92,55.3,22396.0,16.6,12.32,0.786,72.0,operational,0.15,False
2026-08-28 01:50:22.400462,hvac_002,hvac,Desert Cooler,records_room,Records & Archives,6.04,2.27,55.7,22063.0,10.0,9.12,0.783,66.7,operational,0.15,False
2026-08-29 01:50:22.400462,hvac_002,hvac,Desert Cooler,records_room,Records & Archives,6.05,4.37,57.8,22485.0,17.6,50.87,0.78,71.4,operational,0.15,False
2026-08-30 01:50:22.400462,hvac_002,hvac,Desert Cooler,records_room,Records & Archives,6.05,3.68,54.8,22023.0,8.9,20.26,0.777,68.1,operational,0.15,False
2026-08-31 01:50:22.400462,hvac_002,hvac,Desert Cooler,records_room,Records & Archives,6.05,4.22,59.3,22366.0,14.9,58.36,0.774,59.4,maintenance_needed,0.15,True
2026-09-01 01:50:22.400462,hvac_002,hvac,Desert Cooler,records_room,Records & Archives,6.06,3.02,56.9,22301.0,13.5,12.19,0.771,65.5,operational,0.15,False
2026-09-02 01:50:22.400462,hvac_002,hvac,Desert Cooler,records_room,Records & Archives,6.06,3.39,57.6,22221.0,11.9,27.46,0.768,66.4,operational,0.15,False
2026-09-03 01:50:22.400462,hvac_002,hvac,Desert Cooler,records_room,Records & Archives,6.06,3.49,56.7,21991.0,7.8,46.05,0.765,58.2,maintenance_needed,0.15,True
2026-09-04 01:50:22.400462,hvac_002,hvac,Desert Cooler,records_room,Records & Archives,6.06,3.24,57.8,22496.0,16.1,33.85,0.762,60.7,operational,0.15,False
2026-09-05 01:50:22.400462,hvac_002,hvac,Desert Cooler,records_room,Records & Archives,6.07,3.81,63.9,22430.0,14.7,23.45,0.759,66.8,operational,0.15,False
2026-09-06 01:50:22.400462,hvac_002,hvac,Desert Cooler,records_room,Records & Archives,6.07,3.84,57.2,22109.0,9.3,31.88,0.756,65.3,operational,0.15,False
2026-09-07 01:50:22.400462,hvac_002,hvac,Desert Cooler,records_room,Records & Archives,6.07,4.01,57.0,22583.0,16.7,21.51,0.753,70.5,operational,0.15,False
2026-09-08 01:50:22.400462,hvac_002,hvac,Desert Cooler,records_room,Records & Archives,6.07,3.23,59.2,22464.0,14.6,47.86,0.75,60.7,operational,0.15,False
2026-09-09 01:50:22.400462,hvac_002,hvac,Desert Cooler,records_room,Records & Archives,6.08,3.76,56.6,22349.0,12.6,59.23,0.748,63.1,operational,0.15,False
2026-09-10 01:50:22.400462,hvac_002,hvac,Desert Cooler,records_room,Records & Archives,6.08,4.5,58.8,22669.0,17.2,33.81,0.745,63.7,operational,0.15,False
2026-09-11 01:50:22.400462,hvac_002,hvac,Desert Cooler,records_room,Records & Archives,6.08,4.06,57.8,22038.0,7.6,35.25,0.742,63.8,operational,0.15,False
2026-09-12 01:50:22.400462,hvac_002,hvac,Desert Cooler,records_room,Records & Archives,6.09,4.23,57.1,21991.0,6.8,47.13,0.739,64.0,operational,0.15,False
2026-09-13 01:50:22.400462,hvac_002,hvac,Desert Cooler,records_room,Records & Archives,6.09,3.88,53.5,22442.0,13.2,28.97,0.736,62.2,operational,0.15,False
2026-09-14 01:50:22.400462,hvac_002,hvac,Desert Cooler,records_room,Records & Archives,6.09,3.83,51.8,22141.0,8.7,6.77,0.733,63.8,operational,0.15,False
2026-09-15 01:50:22.400462,hvac_002,hvac,Desert Cooler,records_room,Records & Archives,6.09,3.33,54.9,22177.0,9.1,63.85,0.73,60.2,operational,0.15,False
2026-09-16 01:50:22.400462,hvac_002,hvac,Desert Cooler,records_room,Records & Archives,6.1,4.4,53.1,22216.0,9.5,5.35,0.727,62.8,operational,0.15,False
2026-09-17 01:50:22.400462,hvac_002,hvac,Desert Cooler,records_room,Records & Archives,6.1,4.67,55.1,22053.0,7.1,62.14,0.724,61.2,operational,0.15,False
2026-09-18 01:50:22.400462,hvac_002,hvac,Desert Cooler,records_room,Records & Archives,6.1,2.97,63.3,22770.0,16.7,51.06,0.721,60.8,operational,0.15,False
2026-09-19 01:50:22.400462,hvac_002,hvac,Desert Cooler,records_room,Records & Archives,6.1,4.01,59.3,22076.0,7.3,58.76,0.718,63.8,operational,0.15,False
2026-09-20 01:50:22.400462,hvac_002,hvac,Desert Cooler,records_room,Records & Archives,6.11,4.13,58.8,22695.0,15.3,27.42,0.715,57.6,maintenance_needed,0.15,True
2026-09-21 01:50:22.400462,hvac_002,hvac,Desert Cooler,records_room,Records & Archives,6.11,4.31,53.7,22149.0,8.0,35.68,0.712,55.5,maintenance_needed,0.15,True
2026-09-22 01:50:22.400462,hvac_002,hvac,Desert Cooler,records_room,Records & Archives,6.11,3.7,52.6,22163.0,8.1,43.44,0.709,59.5,maintenance_needed,0.15,True
2026-09-23 01:50:22.400462,hvac_002,hvac,Desert Cooler,records_room,Records & Archives,6.12,3.87,52.3,22475.0,11.9,65.66,0.706,54.8,maintenance_needed,0.15,True
2026-09-24 01:50:22.400462,hvac_002,hvac,Desert Cooler,records_room,Records & Archives,6.12,4.0,51.5,22096.0,7.1,57.44,0.703,57.0,maintenance_needed,0.15,True
2026-09-25 01:50:22.400462,hvac_002,hvac,Desert Cooler,records_room,Records & Archives,6.12,3.13,57.6,22749.0,15.0,36.82,0.7,61.3,operational,0.15,False
2026-09-26 01:50:22.400462,hvac_002,hvac,Desert Cooler,records_room,Records & Archives,6.12,4.24,56.1,22416.0,10.8,58.29,0.697,55.1,maintenance_needed,0.15,True
2026-09-27 01:50:22.400462,hvac_002,hvac,Desert Cooler,records_room,Records & Archives,6.13,4.58,53.2,22978.0,17.4,64.34,0.694,56.4,maintenance_needed,0.15,True
2026-09-28 01:50:22.400462,hvac_002,hvac,Desert Cooler,records_room,Records & Archives,6.13,3.2,58.2,22625.0,13.0,46.11,0.691,57.4,maintenance_needed,0.15,True
2026-09-29 01:50:22.400462,hvac_002,hvac,Desert Cooler,records_room,Records & Archives,6.13,4.66,60.2,22124.0,7.0,15.61,0.688,52.9,maintenance_needed,0.15,True
2026-09-30 01:50:22.400462,hvac_002,hvac,Desert Cooler,records_room,Records & Archives,6.13,3.96,55.4,22843.0,15.2,3.14,0.685,61.3,operational,0.15,False
2026-10-01 01:50:22.400462,hvac_002,hvac,Desert Cooler,records_room,Records & Archives,6.14,3.65,50.4,22102.0,6.6,45.89,0.682,57.5,maintenance_needed,0.15,True
2026-10-02 01:50:22.400462,hvac_002,hvac,Desert Cooler,records_room,Records & Archives,6.14,4.4,55.2,22558.0,11.7,56.44,0.679,50.7,maintenance_needed,0.15,True
2026-10-03 01:50:22.400462,hvac_002,hvac,Desert Cooler,records_room,Records & Archives,6.14,4.05,54.8,22799.0,14.2,30.7,0.676,55.0,maintenance_needed,0.15,True
2026-07-06 01:50:22.400462,hvac_003,hvac,Split AC,water_supply,Water Supply Office,0.96,2.54,50.1,3488.0,8.5,15.11,0.99,97.1,operational,0.0,False
2026-07-07 01:50:22.400462,hvac_003,hvac,Split AC,water_supply,Water Supply Office,0.96,2.39,41.5,3503.0,15.3,19.82,0.99,98.0,operational,0.0,False
2026-07-08 01:50:22.400462,hvac_003,hvac,Split AC,water_supply,Water Supply Office,0.96,2.47,49.1,3508.0,10.0,33.29,0.989,96.4,operational,0.017,False
2026-07-09 01:50:22.400462,hvac_003,hvac,Split AC,water_supply,Water Supply Office,0.96,3.29,47.7,3533.0,15.1,11.81,0.989,99.0,operational,0.033,False
2026-07-10 01:50:22.400462,hvac_003,hvac,Split AC,water_supply,Water Supply Office,0.97,1.96,44.2,3517.0,7.3,34.56,0.988,94.7,operational,0.05,False
2026-07-11 01:50:22.400462,hvac_003,hvac,Split AC,water_supply,Water Supply Office,0.97,2.29,43.8,3577.0,17.7,17.83,0.988,95.9,operational,0.067,False
2026-07-12 01:50:22.400462,hvac_003,hvac,Split AC,water_supply,Water Supply Office,0.97,2.62,41.3,3560.0,12.1,31.29,0.987,98.4,operational,0.083,False
2026-07-13 01:50:22.400462,hvac_003,hvac,Split AC,water_supply,Water Supply Office,0.97,2.68,46.2,3599.0,15.8,2.22,0.987,96.6,operational,0.1,False
2026-07-14 01:50:22.400462,hvac_003,hvac,Split AC,water_supply,Water Supply Office,0.98,3.05,46.4,3550.0,7.7,49.05,0.986,94.8,operational,0.117,False
2026-07-15 01:50:22.400462,hvac_003,hvac,Split AC,water_supply,Water Supply Office,0.98,2.24,50.3,3626.0,15.3,6.7,0.986,97.1,operational,0.133,False
2026-07-16 01:50:22.400462,hvac_003,hvac,Split AC,water_supply,Water Supply Office,0.98,1.4,47.0,3637.0,14.8,41.69,0.985,99.2,operational,0.15,False
2026-07-17 01:50:22.400462,hvac_003,hvac,Split AC,water_supply,Water Supply Office,0.99,2.26,51.2,3570.0,7.4,46.7,0.985,98.4,operational,0.167,False
2026-07-18 01:50:22.400462,hvac_003,hvac,Split AC,water_supply,Water Supply Office,0.99,2.3,42.2,3634.0,12.1,37.23,0.984,89.9,operational,0.183,False
2026-07-19 01:50:22.400462,hvac_003,hvac,Split AC,water_supply,Water Supply Office,0.99,1.84,49.8,3703.0,16.6,42.3,0.984,99.7,operational,0.2,False
2026-07-20 01:50:22.400462,hvac_003,hvac,Split AC,water_supply,Water Supply Office,0.99,2.13,45.3,3644.0,11.1,28.15,0.983,94.0,operational,0.217,False
2026-07-21 01:50:22.400462,hvac_003,hvac,Split AC,water_supply,Water Supply Office,1.0,1.68,42.9,3583.0,6.3,8.04,0.983,87.4,operational,0.233,False
2026-07-22 01:50:22.400462,hvac_003,hvac,Split AC,water_supply,Water Supply Office,1.0,1.95,49.4,3743.0,15.9,9.53,0.982,95.9,operational,0.25,False
2026-07-23 01:50:22.400462,hvac_003,hvac,Split AC,water_supply,Water Supply Office,1.0,1.83,46.6,3686.0,11.6,26.96,0.982,91.2,operational,0.267,False
2026-07-24 01:50:22.400462,hvac_003,hvac,Split AC,water_supply,Water Supply Office,1.0,2.83,51.5,3630.0,7.9,43.97,0.981,95.1,operational,0.283,False
2026-07-25 01:50:22.400462,hvac_003,hvac,Split AC,water_supply,Water Supply Office,1.01,1.91,50.4,3809.0,16.9,41.15,0.981,95.4,operational,0.3,False
2026-07-26 01:50:22.400462,hvac_003,hvac,Split AC,water_supply,Water Supply Office,1.01,2.17,53.2,3771.0,14.2,33.65,0.98,95.4,operational,0.317,False
2026-07-27 01:50:22.400462,hvac_003,hvac,Split AC,water_supply,Water Supply Office,1.01,2.43,45.6,3859.0,17.7,44.92,0.98,94.6,operational,0.333,False
2026-07-28 01:50:22.400462,hvac_003,hvac,Split AC,water_supply,Water Supply Office,1.02,1.08,50.9,3831.0,15.6,31.68,0.979,90.1,operational,0.35,False
2026-07-29 01:50:22.400462,hvac_003,hvac,Split AC,water_supply,Water Supply Office,1.02,1.8,49.4,3737.0,10.8,30.64,0.979,95.7,operational,0.367,False
2026-07-30 01:50:22.400462,hvac_003,hvac,Split AC,water_supply,Water Supply Office,1.02,2.34,44.7,3909.0,17.5,42.11,0.978,94.0,operational,0.383,False
2026-07-31 01:50:22.400462,hvac_003,hvac,Split AC,water_supply,Water Supply Office,1.02,2.24,47.9,3774.0,11.4,31.28,0.978,96.9,operational,0.4,False
2026-08-01 01:50:22.400462,hvac_003,hvac,Split AC,water_supply,Water Supply Office,1.03,2.13,46.2,3730.0,9.3,28.12,0.977,91.0,operational,0.417,False
2026-08-02 01:50:22.400462,hvac_003,hvac,Split AC,water_supply,Water Supply Office,1.03,1.38,42.2,3744.0,9.5,10.65,0.977,100.0,operational,0.433,False
2026-08-03 01:50:22.400462,hvac_003,hvac,Split AC,water_supply,Water Supply Office,1.03,3.1,50.4,3840.0,12.6,22.33,0.976,92.7,operational,0.45,False
2026-08-04 01:50:22.400462,hvac_003,hvac,Split AC,water_supply,Water Supply Office,1.04,2.76,49.1,3764.0,9.5,25.97,0.976,97.0,operational,0.467,False
2026-08-05 01:50:22.400462,hvac_003,hvac,Split AC,water_supply,Water Supply Office,1.04,2.05,47.9,3729.0,8.0,42.97,0.975,91.4,operational,0.483,False
2026-08-06 01:50:22.400462,hvac_003,hvac,Split AC,water_supply,Water Supply Office,1.04,2.42,45.1,3831.0,11.1,19.79,0.975,92.4,operational,0.5,False
2026-08-07 01:50:22.400462,hvac_003,hvac,Split AC,water_supply,Water Supply Office,1.04,2.24,50.4,3755.0,8.3,3.12,0.974,92.3,operational,0.517,False
2026-08-08 01:50:22.400462,hvac_003,hvac,Split AC,water_supply,Water Supply Office,1.05,2.59,44.4,3990.0,15.2,14.85,0.974,96.2,operational,0.533,False
2026-08-09 01:50:22.400462,hvac_003,hvac,Split AC,water_supply,Water Supply Office,1.05,3.1,46.5,3964.0,14.0,45.54,0.973,90.3,operational,0.55,False
2026-08-10 01:50:22.400462,hvac_003,hvac,Split AC,water_supply,Water Supply Office,1.05,2.02,47.0,3932.0,12.7,42.6,0.973,93.2,operational,0.567,False
2026-08-11 01:50:22.400462,hvac_003,hvac,Split AC,water_supply,Water Supply Office,1.05,2.98,48.2,3801.0,8.7,42.8,0.972,98.5,operational,0.583,False
2026-08-12 01:50:22.400462,hvac_003,hvac,Split AC,water_supply,Water Supply Office,1.06,3.76,48.4,3736.0,6.7,21.13,0.972,99.4,operational,0.6,False
2026-08-13 01:50:22.400462,hvac_003,hvac,Split AC,water_supply,Water Supply Office,1.06,3.01,44.6,4117.0,16.5,14.7,0.971,94.1,operational,0.617,False
2026-08-14 01:50:22.400462,hvac_003,hvac,Split AC,water_supply,Water Supply Office,1.06,2.55,47.6,4022.0,13.7,27.69,0.971,96.9,operational,0.633,False
2026-08-15 01:50:22.400462,hvac_003,hvac,Split AC,water_supply,Water Supply Office,1.07,2.9,54.2,3793.0,7.6,25.58,0.97,91.3,operational,0.65,False
2026-08-16 01:50:22.400462,hvac_003,hvac,Split AC,water_supply,Water Supply Office,1.07,2.7,49.7,3900.0,10.1,27.87,0.97,95.8,operational,0.667,False
2026-08-17 01:50:22.400462,hvac_003,hvac,Split AC,water_supply,Water Supply Office,1.07,2.75,43.4,4156.0,15.9,49.43,0.969,97.0,operational,0.683,False
2026-08-18 01:50:22.400462,hvac_003,hvac,Split AC,water_supply,Water Supply Office,1.07,3.74,45.0,4146.0,15.3,43.89,0.969,95.7,operational,0.7,False
2026-08-19 01:50:22.400462,hvac_003,hvac,Split AC,water_supply,Water Supply Office,1.08,2.69,52.3,4030.0,12.3,3.69,0.968,91.8,operational,0.717,False
2026-08-20 01:50:22.400462,hvac_003,hvac,Split AC,water_supply,Water Supply Office,1.08,2.62,51.4,4224.0,16.3,33.09,0.968,93.5,operational,0.733,False
2026-08-21 01:50:22.400462,hvac_003,hvac,Split AC,water_supply,Water Supply Office,1.08,2.19,42.7,4215.0,15.8,22.1,0.967,95.8,operational,0.75,False
2026-08-22 01:50:22.400462,hvac_003,hvac,Split AC,water_supply,Water Supply Office,1.08,3.6,43.7,4270.0,16.6,29.38,0.967,93.8,operational,0.767,False
2026-08-23 01:50:22.400462,hvac_003,hvac,Split AC,water_supply,Water Supply Office,1.09,2.04,45.2,4103.0,12.8,39.25,0.966,91.0,operational,0.783,False
2026-08-24 01:50:22.400462,hvac_003,hvac,Split AC,water_supply,Water Supply Office,1.09,2.88,52.2,4204.0,14.6,14.32,0.966,95.7,operational,0.8,False
2026-08-25 01:50:22.400462,hvac_003,hvac,Split AC,water_supply,Water Supply Office,1.09,2.51,50.8,4136.0,13.0,47.79,0.965,94.6,operational,0.817,False
2026-08-26 01:50:22.400462,hvac_003,hvac,Split AC,water_supply,Water Supply Office,1.1,2.89,52.3,4291.0,15.7,46.64,0.965,96.3,operational,0.833,False
2026-08-27 01:50:22.400462,hvac_003,hvac,Split AC,water_supply,Water Supply Office,1.1,2.47,51.1,4317.0,15.9,17.16,0.964,94.1,operational,0.85,False
2026-08-28 01:50:22.400462,hvac_003,hvac,Split AC,water_supply,Water Supply Office,1.1,3.62,57.2,3896.0,7.7,34.54,0.964,98.6,operational,0.867,False
2026-08-29 01:50:22.400462,hvac_003,hvac,Split AC,water_supply,Water Supply Office,1.1,2.7,62.7,4208.0,13.3,22.04,0.963,96.3,operational,0.883,False
2026-08-30 01:50:22.400462,hvac_003,hvac,Split AC,water_supply,Water Supply Office,1.11,3.17,57.2,4192.0,12.8,9.8,0.963,90.9,operational,0.9,False
2026-08-31 01:50:22.400462,hvac_003,hvac,Split AC,water_supply,Water Supply Office,1.11,3.73,61.2,4386.0,16.0,25.71,0.962,83.6,operational,0.917,False
2026-09-01 01:50:22.400462,hvac_003,hvac,Split AC,water_supply,Water Supply Office,1.11,4.78,57.7,4094.0,10.6,51.88,0.962,86.9,operational,0.933,False
2026-09-02 01:50:22.400462,hvac_003,hvac,Split AC,water_supply,Water Supply Office,1.11,5.16,58.8,4291.0,13.8,21.83,0.961,75.3,operational,0.95,False
2026-09-03 01:50:22.400462,hvac_003,hvac,Split AC,water_supply,Water Supply Office,1.12,6.32,56.8,4003.0,8.7,52.03,0.961,66.5,operational,0.967,False
2026-09-04 01:50:22.400462,hvac_003,hvac,Split AC,water_supply,Water Supply Office,1.12,10.71,60.0,3939.0,7.5,4.08,0.96,35.7,maintenance_needed,0.983,True
2026-09-05 01:50:22.400462,hvac_003,hvac,Split AC,water_supply,Water Supply Office,1.12,10.24,59.2,3908.0,6.9,18.31,0.96,5.4,faulty,1.0,True
2026-09-06 01:50:22.400462,hvac_003,hvac,Split AC,water_supply,Water Supply Office,1.13,9.91,66.3,4286.0,12.9,10.2,0.959,10.3,faulty,1.0,True
2026-09-07 01:50:22.400462,hvac_003,hvac,Split AC,water_supply,Water Supply Office,1.13,9.21,63.1,4567.0,17.1,10.45,0.959,1.8,faulty,1.0,True
2026-09-08 01:50:22.400462,hvac_003,hvac,Split AC,water_supply,Water Supply Office,1.13,10.36,64.2,4312.0,12.9,31.01,0.958,1.6,faulty,1.0,True
2026-09-09 01:50:22.400462,hvac_003,hvac,Split AC,water_supply,Water Supply Office,1.13,9.72,68.2,4281.0,12.2,8.61,0.958,6.7,faulty,1.0,True
2026-09-10 01:50:22.400462,hvac_003,hvac,Split AC,water_supply,Water Supply Office,1.14,10.35,67.5,4433.0,14.3,47.29,0.957,10.2,faulty,1.0,True
2026-09-11 01:50:22.400462,hvac_003,hvac,Split AC,water_supply,Water Supply Office,1.14,9.57,65.0,4424.0,14.0,11.66,0.957,9.4,faulty,1.0,True
2026-09-12 01:50:22.400462,hvac_003,hvac,Split AC,water_supply,Water Supply Office,1.14,9.88,70.6,4381.0,13.1,27.04,0.956,7.6,faulty,1.0,True
2026-09-13 01:50:22.400462,hvac_003,hvac,Split AC,water_supply,Water Supply Office,1.14,9.36,70.7,4049.0,8.1,50.71,0.956,0.9,faulty,1.0,True
2026-09-14 01:50:22.400462,hvac_003,hvac,Split AC,water_supply,Water Supply Office,1.15,10.39,72.9,4421.0,13.3,26.2,0.955,14.7,faulty,1.0,True
2026-09-15 01:50:22.400462,hvac_003,hvac,Split AC,water_supply,Water Supply Office,1.15,10.42,78.2,4209.0,10.1,47.55,0.955,12.0,faulty,1.0,True
2026-09-16 01:50:22.400462,hvac_003,hvac,Split AC,water_supply,Water Supply Office,1.15,10.89,68.2,4362.0,12.1,8.32,0.954,4.7,faulty,1.0,True
2026-09-17 01:50:22.400462,hvac_003,hvac,Split AC,water_supply,Water Supply Office,1.16,10.15,80.6,4505.0,13.9,35.22,0.954,9.3,faulty,1.0,True
2026-09-18 01:50:22.400462,hvac_003,hvac,Split AC,water_supply,Water Supply Office,1.16,10.1,72.6,4810.0,17.9,24.25,0.953,3.7,faulty,1.0,True
2026-09-19 01:50:22.400462,hvac_003,hvac,Split AC,water_supply,Water Supply Office,1.16,10.37,78.2,4699.0,16.1,43.9,0.953,11.7,faulty,1.0,True
2026-09-20 01:50:22.400462,hvac_003,hvac,Split AC,water_supply,Water Supply Office,1.16,10.99,81.0,4518.0,13.5,31.11,0.952,12.4,faulty,1.0,True
2026-09-21 01:50:22.400462,hvac_003,hvac,Split AC,water_supply,Water Supply Office,1.17,9.59,78.0,4212.0,9.4,45.37,0.952,6.8,faulty,1.0,True
2026-09-22 01:50:22.400462,hvac_003,hvac,Split AC,water_supply,Water Supply Office,1.17,10.08,79.1,4483.0,12.8,38.83,0.951,1.3,faulty,1.0,True
2026-09-23 01:50:22.400462,hvac_003,hvac,Split AC,water_supply,Water Supply Office,1.17,9.31,81.1,4497.0,12.8,22.44,0.951,2.6,faulty,1.0,True
2026-09-24 01:50:22.400462,hvac_003,hvac,Split AC,water_supply,Water Supply Office,1.17,10.12,83.2,4474.0,12.3,35.94,0.95,8.1,faulty,1.0,True
2026-09-25 01:50:22.400462,hvac_003,hvac,Split AC,water_supply,Water Supply Office,1.18,9.95,84.9,4405.0,11.3,14.59,0.95,12.0,faulty,1.0,True
2026-09-26 01:50:22.400462,hvac_003,hvac,Split AC,water_supply,Water Supply Office,1.18,9.87,85.5,4414.0,11.3,27.62,0.949,7.3,faulty,1.0,True
2026-09-27 01:50:22.400462,hvac_003,hvac,Split AC,water_supply,Water Supply Office,1.18,10.31,85.7,4208.0,8.7,3.25,0.949,0.9,faulty,1.0,True
2026-09-28 01:50:22.400462,hvac_003,hvac,Split AC,water_supply,Water Supply Office,1.19,10.43,86.2,4359.0,10.4,6.27,0.948,3.2,faulty,1.0,True
2026-09-29 01:50:22.400462,hvac_003,hvac,Split AC,water_supply,Water Supply Office,1.19,10.73,84.0,4639.0,13.5,6.69,0.947,13.4,faulty,1.0,True
2026-09-30 01:50:22.400462,hvac_003,hvac,Split AC,water_supply,Water Supply Office,1.19,9.62,85.1,4034.0,6.3,44.18,0.947,14.1,faulty,1.0,True
2026-10-01 01:50:22.400462,hvac_003,hvac,Split AC,water_supply,Water Supply Office,1.19,10.01,90.0,4078.0,6.8,19.99,0.946,5.6,faulty,1.0,True
2026-10-02 01:50:22.400462,hvac_003,hvac,Split AC,water_supply,Water Supply Office,1.2,9.96,92.6,4961.0,16.7,34.15,0.946,1.8,faulty,1.0,True
2026-10-03 01:50:22.400462,hvac_003,hvac,Split AC,water_supply,Water Supply Office,1.2,10.03,90.3,4608.0,12.6,37.83,0.945,11.2,faulty,1.0,True
2026-07-06 01:50:22.400462,hvac_004,hvac,Central AC,workshop,Maintenance Workshop,0.87,1.63,42.1,3187.0,16.7,15.95,0.991,96.2,operational,0.0,False
2026-07-07 01:50:22.400462,hvac_004,hvac,Central AC,workshop,Maintenance Workshop,0.88,1.82,46.6,3200.0,13.6,17.61,0.991,96.4,operational,0.0,False
2026-07-08 01:50:22.400462,hvac_004,hvac,Central AC,workshop,Maintenance Workshop,0.88,2.19,47.5,3219.0,16.0,19.11,0.99,98.8,operational,0.001,False
2026-07-09 01:50:22.400462,hvac_004,hvac,Central AC,workshop,Maintenance Workshop,0.88,2.01,47.9,3237.0,16.6,26.84,0.99,92.7,operational,0.001,False
2026-07-10 01:50:22.400462,hvac_004,hvac,Central AC,workshop,Maintenance Workshop,0.88,2.03,46.5,3213.0,6.6,8.75,0.989,96.1,operational,0.002,False
2026-07-11 01:50:22.400462,hvac_004,hvac,Central AC,workshop,Maintenance Workshop,0.89,2.31,49.3,3244.0,11.5,2.38,0.989,99.3,operational,0.002,False
2026-07-12 01:50:22.400462,hvac_004,hvac,Central AC,workshop,Maintenance Workshop,0.89,2.5,51.1,3292.0,17.6,21.83,0.988,100.0,operational,0.003,False
2026-07-13 01:50:22.400462,hvac_004,hvac,Central AC,workshop,Maintenance Workshop,0.89,2.72,45.4,3287.0,14.4,6.88,0.988,99.1,operational,0.003,False
2026-07-14 01:50:22.400462,hvac_004,hvac,Central AC,workshop,Maintenance Workshop,0.89,2.2,45.4,3256.0,8.7,37.74,0.988,95.4,operational,0.003,False
2026-07-15 01:50:22.400462,hvac_004,hvac,Central AC,workshop,Maintenance Workshop,0.9,2.1,48.5,3343.0,17.4,40.82,0.987,92.4,operational,0.004,False
2026-07-16 01:50:22.400462,hvac_004,hvac,Central AC,workshop,Maintenance Workshop,0.9,2.88,44.4,3315.0,12.8,35.66,0.987,94.8,operational,0.004,False
2026-07-17 01:50:22.400462,hvac_004,hvac,Central AC,workshop,Maintenance Workshop,0.9,2.24,45.4,3369.0,16.6,30.19,0.986,100.0,operational,0.005,False
2026-07-18 01:50:22.400462,hvac_004,hvac,Central AC,workshop,Maintenance Workshop,0.91,2.48,44.8,3351.0,13.7,48.9,0.986,98.5,operational,0.005,False
2026-07-19 01:50:22.400462,hvac_004,hvac,Central AC,workshop,Maintenance Workshop,0.91,3.57,43.5,3337.0,11.5,23.03,0.985,100.0,operational,0.006,False
2026-07-20 01:50:22.400462,hvac_004,hvac,Central AC,workshop,Maintenance Workshop,0.91,3.01,41.5,3338.0,10.8,18.83,0.985,95.2,operational,0.006,False
2026-07-21 01:50:22.400462,hvac_004,hvac,Central AC,workshop,Maintenance Workshop,0.91,2.87,46.7,3439.0,16.8,43.06,0.984,97.2,operational,0.007,False
2026-07-22 01:50:22.400462,hvac_004,hvac,Central AC,workshop,Maintenance Workshop,0.92,2.37,47.4,3304.0,7.3,9.87,0.984,100.0,operational,0.007,False
2026-07-23 01:50:22.400462,hvac_004,hvac,Central AC,workshop,Maintenance Workshop,0.92,2.5,51.0,3377.0,11.2,28.41,0.983,97.1,operational,0.007,False
2026-07-24 01:50:22.400462,hvac_004,hvac,Central AC,workshop,Maintenance Workshop,0.92,2.67,47.7,3317.0,7.2,26.37,0.983,100.0,operational,0.008,False
2026-07-25 01:50:22.400462,hvac_004,hvac,Central AC,workshop,Maintenance Workshop,0.93,2.48,46.6,3456.0,14.2,16.45,0.982,91.9,operational,0.008,False
2026-07-26 01:50:22.400462,hvac_004,hvac,Central AC,workshop,Maintenance Workshop,0.93,2.66,43.4,3512.0,16.2,22.89,0.982,97.6,operational,0.009,False
2026-07-27 01:50:22.400462,hvac_004,hvac,Central AC,workshop,Maintenance Workshop,0.93,2.45,46.9,3557.0,17.6,20.21,0.982,96.6,operational,0.009,False
2026-07-28 01:50:22.400462,hvac_004,hvac,Central AC,workshop,Maintenance Workshop,0.93,1.77,44.3,3509.0,14.6,41.63,0.981,98.0,operational,0.01,False
2026-07-29 01:50:22.400462,hvac_004,hvac,Central AC,workshop,Maintenance Workshop,0.94,2.05,42.9,3337.0,6.5,43.54,0.981,92.6,operational,0.01,False
2026-07-30 01:50:22.400462,hvac_004,hvac,Central AC,workshop,Maintenance Workshop,0.94,2.04,45.1,3494.0,12.8,29.66,0.98,95.9,operational,0.01,False
2026-07-31 01:50:22.400462,hvac_004,hvac,Central AC,workshop,Maintenance Workshop,0.94,2.1,49.6,3412.0,9.0,38.21,0.98,92.9,operational,0.011,False
2026-08-01 01:50:22.400462,hvac_004,hvac,Central AC,workshop,Maintenance Workshop,0.94,2.15,51.2,3525.0,13.0,16.02,0.979,96.2,operational,0.011,False
2026-08-02 01:50:22.400462,hvac_004,hvac,Central AC,workshop,Maintenance Workshop,0.95,2.33,56.0,3646.0,17.0,38.34,0.979,100.0,operational,0.012,False
2026-08-03 01:50:22.400462,hvac_004,hvac,Central AC,workshop,Maintenance Workshop,0.95,2.44,48.7,3417.0,8.2,9.38,0.978,97.7,operational,0.012,False
2026-08-04 01:50:22.400462,hvac_004,hvac,Central AC,workshop,Maintenance Workshop,0.95,2.2,52.7,3533.0,12.0,30.92,0.978,89.3,operational,0.013,False
2026-08-05 01:50:22.400462,hvac_004,hvac,Central AC,workshop,Maintenance Workshop,0.96,1.82,50.0,3519.0,11.1,10.39,0.977,93.8,operational,0.013,False
2026-08-06 01:50:22.400462,hvac_004,hvac,Central AC,workshop,Maintenance Workshop,0.96,2.72,45.7,3481.0,9.5,50.5,0.977,91.5,operational,0.014,False
2026-08-07 01:50:22.400462,hvac_004,hvac,Central AC,workshop,Maintenance Workshop,0.96,2.28,44.7,3655.0,14.6,36.56,0.976,100.0,operational,0.014,False
2026-08-08 01:50:22.400462,hvac_004,hvac,Central AC,workshop,Maintenance Workshop,0.96,2.01,44.0,3620.0,13.1,24.36,0.976,96.6,operational,0.014,False
2026-08-09 01:50:22.400462,hvac_004,hvac,Central AC,workshop,Maintenance Workshop,0.97,1.47,44.2,3752.0,16.6,15.53,0.975,94.8,operational,0.015,False
2026-08-10 01:50:22.400462,hvac_004,hvac,Central AC,workshop,Maintenance Workshop,0.97,2.92,50.1,3778.0,16.9,37.1,0.975,92.6,operational,0.015,False
2026-08-11 01:50:22.400462,hvac_004,hvac,Central AC,workshop,Maintenance Workshop,0.97,2.96,48.2,3517.0,9.2,11.37,0.975,98.4,operational,0.016,False
2026-08-12 01:50:22.400462,hvac_004,hvac,Central AC,workshop,Maintenance Workshop,0.97,2.78,48.4,3704.0,14.0,24.28,0.974,96.0,operational,0.016,False
2026-08-13 01:50:22.400462,hvac_004,hvac,Central AC,workshop,Maintenance Workshop,0.98,2.14,49.1,3549.0,9.5,3.8,0.974,97.6,operational,0.017,False
2026-08-14 01:50:22.400462,hvac_004,hvac,Central AC,workshop,Maintenance Workshop,0.98,2.43,45.0,3471.0,7.3,12.25,0.973,88.8,operational,0.017,False
2026-08-15 01:50:22.400462,hvac_004,hvac,Central AC,workshop,Maintenance Workshop,0.98,2.34,45.6,3533.0,8.6,9.74,0.973,86.3,operational,0.017,False
2026-08-16 01:50:22.400462,hvac_004,hvac,Central AC,workshop,Maintenance Workshop,0.99,2.26,48.1,3663.0,11.6,26.75,0.972,96.2,operational,0.018,False
2026-08-17 01:50:22.400462,hvac_004,hvac,Central AC,workshop,Maintenance Workshop,0.99,1.81,45.5,3892.0,16.8,30.14,0.972,87.1,operational,0.018,False
2026-08-18 01:50:22.400462,hvac_004,hvac,Central AC,workshop,Maintenance Workshop,0.99,2.38,52.9,3929.0,17.3,3.89,0.971,95.1,operational,0.019,False
2026-08-19 01:50:22.400462,hvac_004,hvac,Central AC,workshop,Maintenance Workshop,0.99,3.0,42.5,3644.0,10.4,41.91,0.971,94.8,operational,0.019,False
2026-08-20 01:50:22.400462,hvac_004,hvac,Central AC,workshop,Maintenance Workshop,1.0,1.61,46.9,3570.0,8.5,13.6,0.97,93.4,operational,0.02,False
2026-08-21 01:50:22.400462,hvac_004,hvac,Central AC,workshop,Maintenance Workshop,1.0,1.83,43.9,3844.0,14.3,18.73,0.97,95.6,operational,0.02,False
2026-08-22 01:50:22.400462,hvac_004,hvac,Central AC,workshop,Maintenance Workshop,1.0,2.51,46.1,3861.0,14.3,19.64,0.969,98.1,operational,0.021,False
2026-08-23 01:50:22.400462,hvac_004,hvac,Central AC,workshop,Maintenance Workshop,1.0,2.03,48.7,3641.0,9.5,38.16,0.969,93.8,operational,0.021,False
2026-08-24 01:50:22.400462,hvac_004,hvac,Central AC,workshop,Maintenance Workshop,1.01,3.35,43.6,3786.0,12.2,16.98,0.969,94.4,operational,0.021,False
2026-08-25 01:50:22.400462,hvac_004,hvac,Central AC,workshop,Maintenance Workshop,1.01,2.41,46.2,3786.0,12.0,43.32,0.968,92.1,operational,0.022,False
2026-08-26 01:50:22.400462,hvac_004,hvac,Central AC,workshop,Maintenance Workshop,1.01,2.48,49.3,3870.0,13.4,5.6,0.968,95.8,operational,0.022,False
2026-08-27 01:50:22.400462,hvac_004,hvac,Central AC,workshop,Maintenance Workshop,1.02,2.22,44.3,4090.0,17.4,10.93,0.967,94.3,operational,0.023,False
2026-08-28 01:50:22.400462,hvac_004,hvac,Central AC,workshop,Maintenance Workshop,1.02,2.04,52.6,3751.0,10.7,8.51,0.967,93.1,operational,0.023,False
2026-08-29 01:50:22.400462,hvac_004,hvac,Central AC,workshop,Maintenance Workshop,1.02,2.45,47.7,3899.0,13.2,41.59,0.966,98.3,operational,0.024,False
2026-08-30 01:50:22.400462,hvac_004,hvac,Central AC,workshop,Maintenance Workshop,1.02,2.82,50.2,4011.0,15.0,4.42,0.966,94.1,operational,0.024,False
2026-08-31 01:50:22.400462,hvac_004,hvac,Central AC,workshop,Maintenance Workshop,1.03,2.36,45.1,3879.0,12.4,41.92,0.965,97.2,operational,0.024,False
2026-09-01 01:50:22.400462,hvac_004,hvac,Central AC,workshop,Maintenance Workshop,1.03,2.59,48.2,4030.0,14.8,27.02,0.965,97.9,operational,0.025,False
2026-09-02 01:50:22.400462,hvac_004,hvac,Central AC,workshop,Maintenance Workshop,1.03,2.46,53.6,3973.0,13.6,13.41,0.964,93.1,operational,0.025,False
2026-09-03 01:50:22.400462,hvac_004,hvac,Central AC,workshop,Maintenance Workshop,1.03,1.84,49.6,4188.0,17.0,17.6,0.964,90.9,operational,0.026,False
2026-09-04 01:50:22.400462,hvac_004,hvac,Central AC,workshop,Maintenance Workshop,1.04,1.86,47.5,3833.0,10.8,48.77,0.963,90.5,operational,0.026,False
2026-09-05 01:50:22.400462,hvac_004,hvac,Central AC,workshop,Maintenance Workshop,1.04,2.48,48.3,3569.0,6.3,14.8,0.963,97.4,operational,0.027,False
2026-09-06 01:50:22.400462,hvac_004,hvac,Central AC,workshop,Maintenance Workshop,1.04,0.86,44.6,3837.0,10.5,4.97,0.963,89.9,operational,0.027,False
2026-09-07 01:50:22.400462,hvac_004,hvac,Central AC,workshop,Maintenance Workshop,1.05,1.56,48.0,4276.0,17.3,9.74,0.962,99.3,operational,0.028,False
2026-09-08 01:50:22.400462,hvac_004,hvac,Central AC,workshop,Maintenance Workshop,1.05,1.8,54.3,3706.0,8.1,35.68,0.962,90.0,operational,0.028,False
2026-09-09 01:50:22.400462,hvac_004,hvac,Central AC,workshop,Maintenance Workshop,1.05,1.89,46.7,4224.0,16.0,18.45,0.961,95.5,operational,0.028,False
2026-09-10 01:50:22.400462,hvac_004,hvac,Central AC,workshop,Maintenance Workshop,1.05,2.68,45.5,4270.0,16.4,48.48,0.961,94.4,operational,0.029,False
2026-09-11 01:50:22.400462,hvac_004,hvac,Central AC,workshop,Maintenance Workshop,1.06,2.59,49.6,4236.0,15.7,5.92,0.96,93.9,operational,0.029,False
2026-09-12 01:50:22.400462,hvac_004,hvac,Central AC,workshop,Maintenance Workshop,1.06,3.01,48.0,3615.0,6.3,32.18,0.96,95.7,operational,0.03,False
2026-09-13 01:50:22.400462,hvac_004,hvac,Central AC,workshop,Maintenance Workshop,1.06,2.89,44.6,4193.0,14.6,16.88,0.959,90.6,operational,0.03,False
2026-09-14 01:50:22.400462,hvac_004,hvac,Central AC,workshop,Maintenance Workshop,1.06,1.23,43.4,3910.0,10.3,28.27,0.959,93.5,operational,0.031,False
2026-09-15 01:50:22.400462,hvac_004,hvac,Central AC,workshop,Maintenance Workshop,1.07,2.87,47.7,4176.0,13.9,26.61,0.958,93.1,operational,0.031,False
2026-09-16 01:50:22.400462,hvac_004,hvac,Central AC,workshop,Maintenance Workshop,1.07,1.37,39.6,4093.0,12.6,35.05,0.958,97.4,operational,0.031,False
2026-09-17 01:50:22.400462,hvac_004,hvac,Central AC,workshop,Maintenance Workshop,1.07,2.09,46.9,4494.0,17.9,45.97,0.957,89.0,operational,0.032,False
2026-09-18 01:50:22.400462,hvac_004,hvac,Central AC,workshop,Maintenance Workshop,1.08,2.32,48.3,4035.0,11.5,42.87,0.957,90.6,operational,0.032,False
2026-09-19 01:50:22.400462,hvac_004,hvac,Central AC,workshop,Maintenance Workshop,1.08,2.41,46.4,4510.0,17.6,5.25,0.956,92.3,operational,0.033,False
2026-09-20 01:50:22.400462,hvac_004,hvac,Central AC,workshop,Maintenance Workshop,1.08,2.79,39.3,4385.0,15.8,37.72,0.956,95.3,operational,0.033,False
2026-09-21 01:50:22.400462,hvac_004,hvac,Central AC,workshop,Maintenance Workshop,1.08,1.75,48.0,3671.0,6.3,38.26,0.956,93.8,operational,0.034,False
2026-09-22 01:50:22.400462,hvac_004,hvac,Central AC,workshop,Maintenance Workshop,1.09,2.38,48.2,4568.0,17.7,5.51,0.955,93.7,operational,0.034,False
2026-09-23 01:50:22.400462,hvac_004,hvac,Central AC,workshop,Maintenance Workshop,1.09,1.46,42.4,3712.0,6.6,28.36,0.955,89.3,operational,0.034,False
2026-09-24 01:50:22.400462,hvac_004,hvac,Central AC,workshop,Maintenance Workshop,1.09,1.97,49.1,3816.0,7.9,23.17,0.954,90.8,operational,0.035,False
2026-09-25 01:50:22.400462,hvac_004,hvac,Central AC,workshop,Maintenance Workshop,1.09,2.25,49.4,3968.0,9.7,28.23,0.954,91.3,operational,0.035,False
2026-09-26 01:50:22.400462,hvac_004,hvac,Central AC,workshop,Maintenance Workshop,1.1,2.25,43.3,4622.0,17.5,36.89,0.953,93.2,operational,0.036,False
2026-09-27 01:50:22.400462,hvac_004,hvac,Central AC,workshop,Maintenance Workshop,1.1,2.6,48.7,3958.0,9.3,43.14,0.953,94.1,operational,0.036,False
2026-09-28 01:50:22.400462,hvac_004,hvac,Central AC,workshop,Maintenance Workshop,1.1,2.54,47.5,3863.0,8.1,48.52,0.952,99.1,operational,0.037,False
2026-09-29 01:50:22.400462,hvac_004,hvac,Central AC,workshop,Maintenance Workshop,1.11,1.85,49.6,3733.0,6.4,30.77,0.952,95.6,operational,0.037,False
2026-09-30 01:50:22.400462,hvac_004,hvac,Central AC,workshop,Maintenance Workshop,1.11,1.94,46.0,3900.0,8.3,54.53,0.951,91.8,operational,0.038,False
2026-10-01 01:50:22.400462,hvac_004,hvac,Central AC,workshop,Maintenance Workshop,1.11,2.02,53.7,4744.0,17.9,15.61,0.951,93.2,operational,0.038,False
2026-10-02 01:50:22.400462,hvac_004,hvac,Central AC,workshop,Maintenance Workshop,1.11,2.82,47.6,4304.0,12.7,12.23,0.95,92.9,operational,0.038,False
2026-10-03 01:50:22.400462,hvac_004,hvac,Central AC,workshop,Maintenance Workshop,1.12,2.53,47.6,4077.0,10.0,7.59,0.95,93.1,operational,0.039,False
2026-07-06 01:50:22.400462,hvac_005,hvac,Desert Cooler,parking_complex,Parking Complex,5.84,4.39,57.5,21306.0,15.7,37.78,0.942,84.4,operational,0.0,False
2026-07-07 01:50:22.400462,hvac_005,hvac,Desert Cooler,parking_complex,Parking Complex,5.84,4.48,55.2,21320.0,14.2,16.93,0.939,82.1,operational,0.0,False
2026-07-08 01:50:22.400462,hvac_005,hvac,Desert Cooler,parking_complex,Parking Complex,5.84,3.77,58.0,21333.0,13.4,10.54,0.936,88.9,operational,0.0,False
2026-07-09 01:50:22.400462,hvac_005,hvac,Desert Cooler,parking_complex,Parking Complex,5.85,3.06,58.3,21327.0,6.9,32.06,0.933,77.2,operational,0.0,False
2026-07-10 01:50:22.400462,hvac_005,hvac,Desert Cooler,parking_complex,Parking Complex,5.85,3.81,54.7,21368.0,15.5,3.13,0.93,89.5,operational,0.0,False
2026-07-11 01:50:22.400462,hvac_005,hvac,Desert Cooler,parking_complex,Parking Complex,5.85,3.56,54.5,21375.0,13.8,8.51,0.927,84.2,operational,0.0,False
2026-07-12 01:50:22.400462,hvac_005,hvac,Desert Cooler,parking_complex,Parking Complex,5.85,3.9,58.5,21398.0,15.4,24.05,0.924,79.2,operational,0.0,False
2026-07-13 01:50:22.400462,hvac_005,hvac,Desert Cooler,parking_complex,Parking Complex,5.86,4.03,64.0,21389.0,11.9,51.16,0.921,79.1,operational,0.0,False
2026-07-14 01:50:22.400462,hvac_005,hvac,Desert Cooler,parking_complex,Parking Complex,5.86,3.72,53.6,21396.0,11.2,7.48,0.918,81.6,operational,0.017,False
2026-07-15 01:50:22.400462,hvac_005,hvac,Desert Cooler,parking_complex,Parking Complex,5.86,3.81,60.6,21454.0,16.5,17.01,0.915,79.0,operational,0.033,False
2026-07-16 01:50:22.400462,hvac_005,hvac,Desert Cooler,parking_complex,Parking Complex,5.86,3.21,54.3,21470.0,16.4,11.56,0.912,81.4,operational,0.05,False
2026-07-17 01:50:22.400462,hvac_005,hvac,Desert Cooler,parking_complex,Parking Complex,5.87,4.15,55.0,21399.0,8.4,36.04,0.909,83.1,operational,0.067,False
2026-07-18 01:50:22.400462,hvac_005,hvac,Desert Cooler,parking_complex,Parking Complex,5.87,3.05,60.1,21507.0,16.8,34.39,0.906,74.8,operational,0.083,False
2026-07-19 01:50:22.400462,hvac_005,hvac,Desert Cooler,parking_complex,Parking Complex,5.87,3.27,59.2,21500.0,14.9,45.26,0.903,74.8,operational,0.1,False
2026-07-20 01:50:22.400462,hvac_005,hvac,Desert Cooler,parking_complex,Parking Complex,5.88,3.64,52.4,21447.0,10.0,4.69,0.9,79.2,operational,0.117,False
2026-07-21 01:50:22.400462,hvac_005,hvac,Desert Cooler,parking_complex,Parking Complex,5.88,4.25,56.2,21402.0,6.4,18.84,0.897,85.1,operational,0.133,False
2026-07-22 01:50:22.400462,hvac_005,hvac,Desert Cooler,parking_complex,Parking Complex,5.88,3.21,55.4,21476.0,10.6,38.07,0.894,73.4,operational,0.15,False
2026-07-23 01:50:22.400462,hvac_005,hvac,Desert Cooler,parking_complex,Parking Complex,5.88,4.57,53.5,21604.0,17.5,15.28,0.892,75.4,operational,0.167,False
2026-07-24 01:50:22.400462,hvac_005,hvac,Desert Cooler,parking_complex,Parking Complex,5.89,4.25,57.4,21536.0,12.8,6.33,0.889,77.7,operational,0.183,False
2026-07-25 01:50:22.400462,hvac_005,hvac,Desert Cooler,parking_complex,Parking Complex,5.89,3.74,57.3,21425.0,6.3,46.39,0.886,80.4,operational,0.2,False
2026-07-26 01:50:22.400462,hvac_005,hvac,Desert Cooler,parking_complex,Parking Complex,5.89,4.43,57.8,21451.0,7.2,27.33,0.883,76.9,operational,0.217,False
2026-07-27 01:50:22.400462,hvac_005,hvac,Desert Cooler,parking_complex,Parking Complex,5.89,3.4,57.1,21548.0,11.5,48.35,0.88,73.0,operational,0.233,False
2026-07-28 01:50:22.400462,hvac_005,hvac,Desert Cooler,parking_complex,Parking Complex,5.9,3.78,60.8,21620.0,14.3,21.01,0.877,79.4,operational,0.25,False
2026-07-29 01:50:22.400462,hvac_005,hvac,Desert Cooler,parking_complex,Parking Complex,5.9,4.1,58.6,21495.0,8.2,5.19,0.874,70.3,operational,0.267,False
2026-07-30 01:50:22.400462,hvac_005,hvac,Desert Cooler,parking_complex,Parking Complex,5.9,3.24,57.1,21678.0,15.5,12.05,0.871,72.9,operational,0.283,False
2026-07-31 01:50:22.400462,hvac_005,hvac,Desert Cooler,parking_complex,Parking Complex,5.91,4.54,60.4,21592.0,11.4,24.71,0.868,79.5,operational,0.3,False
2026-08-01 01:50:22.400462,hvac_005,hvac,Desert Cooler,parking_complex,Parking Complex,5.91,3.45,53.2,21481.0,6.7,8.36,0.865,73.0,operational,0.317,False
2026-08-02 01:50:22.400462,hvac_005,hvac,Desert Cooler,parking_complex,Parking Complex,5.91,4.16,56.7,21603.0,11.0,49.87,0.862,67.2,operational,0.333,False
2026-08-03 01:50:22.400462,hvac_005,hvac,Desert Cooler,parking_complex,Parking Complex,5.91,4.08,61.9,21514.0,7.4,9.05,0.859,75.6,operational,0.35,False
2026-08-04 01:50:22.400462,hvac_005,hvac,Desert Cooler,parking_complex,Parking Complex,5.92,3.05,58.2,21764.0,15.8,33.1,0.856,70.5,operational,0.367,False
2026-08-05 01:50:22.400462,hvac_005,hvac,Desert Cooler,parking_complex,Parking Complex,5.92,3.78,59.9,21835.0,17.6,11.5,0.853,71.6,operational,0.383,False
2026-08-06 01:50:22.400462,hvac_005,hvac,Desert Cooler,parking_complex,Parking Complex,5.92,3.35,56.0,21645.0,10.9,45.66,0.85,69.2,operational,0.4,False
2026-08-07 01:50:22.400462,hvac_005,hvac,Desert Cooler,parking_complex,Parking Complex,5.92,3.31,57.8,21640.0,10.4,22.53,0.847,77.2,operational,0.417,False
2026-08-08 01:50:22.400462,hvac_005,hvac,Desert Cooler,parking_complex,Parking Complex,5.93,3.9,52.9,21508.0,6.1,36.74,0.844,76.5,operational,0.433,False
2026-08-09 01:50:22.400462,hvac_005,hvac,Desert Cooler,parking_complex,Parking Complex,5.93,4.08,64.3,21719.0,12.1,21.13,0.841,70.8,operational,0.45,False
2026-08-10 01:50:22.400462,hvac_005,hvac,Desert Cooler,parking_complex,Parking Complex,5.93,3.5,60.8,21859.0,15.8,11.94,0.839,73.5,operational,0.467,False
2026-08-11 01:50:22.400462,hvac_005,hvac,Desert Cooler,parking_complex,Parking Complex,5.94,2.9,56.7,21793.0,13.5,23.06,0.836,70.8,operational,0.483,False
2026-08-12 01:50:22.400462,hvac_005,hvac,Desert Cooler,parking_complex,Parking Complex,5.94,3.75,54.6,21853.0,14.8,20.6,0.833,68.8,operational,0.5,False
2026-08-13 01:50:22.400462,hvac_005,hvac,Desert Cooler,parking_complex,Parking Complex,5.94,3.56,53.7,21968.0,17.4,33.74,0.83,70.5,operational,0.517,False
2026-08-14 01:50:22.400462,hvac_005,hvac,Desert Cooler,parking_complex,Parking Complex,5.94,4.65,58.6,21597.0,7.5,18.19,0.827,65.3,operational,0.533,False
2026-08-15 01:50:22.400462,hvac_005,hvac,Desert Cooler,parking_complex,Parking Complex,5.95,3.86,52.6,21886.0,14.5,2.65,0.824,71.6,operational,0.55,False
2026-08-16 01:50:22.400462,hvac_005,hvac,Desert Cooler,parking_complex,Parking Complex,5.95,3.84,55.7,21941.0,15.5,34.1,0.821,66.5,operational,0.567,False
2026-08-17 01:50:22.400462,hvac_005,hvac,Desert Cooler,parking_complex,Parking Complex,5.95,3.99,58.8,21892.0,14.0,33.35,0.818,66.7,operational,0.583,False
2026-08-18 01:50:22.400462,hvac_005,hvac,Desert Cooler,parking_complex,Parking Complex,5.96,3.04,57.8,21957.0,15.1,48.73,0.815,70.2,operational,0.6,False
2026-08-19 01:50:22.400462,hvac_005,hvac,Desert Cooler,parking_complex,Parking Complex,5.96,4.49,51.0,21729.0,9.6,33.5,0.812,70.8,operational,0.617,False
2026-08-20 01:50:22.400462,hvac_005,hvac,Desert Cooler,parking_complex,Parking Complex,5.96,4.05,57.8,21694.0,8.6,9.0,0.809,67.0,operational,0.633,False
2026-08-21 01:50:22.400462,hvac_005,hvac,Desert Cooler,parking_complex,Parking Complex,5.96,4.45,53.5,22090.0,17.0,15.77,0.806,66.1,operational,0.65,False
2026-08-22 01:50:22.400462,hvac_005,hvac,Desert Cooler,parking_complex,Parking Complex,5.97,3.94,58.8,21937.0,13.4,48.24,0.803,66.7,operational,0.667,False
2026-08-23 01:50:22.400462,hvac_005,hvac,Desert Cooler,parking_complex,Parking Complex,5.97,3.95,57.7,21776.0,9.8,3.16,0.8,68.5,operational,0.683,False
2026-08-24 01:50:22.400462,hvac_005,hvac,Desert Cooler,parking_complex,Parking Complex,5.97,4.97,56.5,21741.0,8.9,56.95,0.797,66.5,operational,0.7,False
2026-08-25 01:50:22.400462,hvac_005,hvac,Desert Cooler,parking_complex,Parking Complex,5.97,4.75,57.8,21701.0,7.9,2.61,0.794,59.2,maintenance_needed,0.717,True
2026-08-26 01:50:22.400462,hvac_005,hvac,Desert Cooler,parking_complex,Parking Complex,5.98,4.38,58.3,22081.0,15.2,22.65,0.791,62.2,operational,0.733,False
2026-08-27 01:50:22.400462,hvac_005,hvac,Desert Cooler,parking_complex,Parking Complex,5.98,5.06,58.9,21785.0,9.2,23.22,0.788,67.3,operational,0.75,False
2026-08-28 01:50:22.400462,hvac_005,hvac,Desert Cooler,parking_complex,Parking Complex,5.98,4.47,54.4,22252.0,17.8,26.88,0.785,69.4,operational,0.767,False
2026-08-29 01:50:22.400462,hvac_005,hvac,Desert Cooler,parking_complex,Parking Complex,5.99,3.68,53.1,21867.0,10.4,14.33,0.783,67.4,operational,0.783,False
2026-08-30 01:50:22.400462,hvac_005,hvac,Desert Cooler,parking_complex,Parking Complex,5.99,4.66,58.4,21742.0,7.9,24.96,0.78,69.4,operational,0.8,False
2026-08-31 01:50:22.400462,hvac_005,hvac,Desert Cooler,parking_complex,Parking Complex,5.99,5.09,60.7,22114.0,14.4,41.02,0.777,66.3,operational,0.817,False
2026-09-01 01:50:22.400462,hvac_005,hvac,Desert Cooler,parking_complex,Parking Complex,5.99,4.57,60.5,22059.0,13.2,19.74,0.774,61.0,operational,0.833,False
2026-09-02 01:50:22.400462,hvac_005,hvac,Desert Cooler,parking_complex,Parking Complex,6.0,5.08,62.5,22331.0,17.7,6.31,0.771,60.2,operational,0.85,False
2026-09-03 01:50:22.400462,hvac_005,hvac,Desert Cooler,parking_complex,Parking Complex,6.0,5.19,64.4,21947.0,10.9,51.13,0.768,63.9,operational,0.867,False
2026-09-04 01:50:22.400462,hvac_005,hvac,Desert Cooler,parking_complex,Parking Complex,6.0,5.19,65.6,21736.0,7.2,29.54,0.765,65.2,operational,0.883,False
2026-09-05 01:50:22.400462,hvac_005,hvac,Desert Cooler,parking_complex,Parking Complex,6.0,4.91,66.1,21688.0,6.3,25.77,0.762,57.0,maintenance_needed,0.9,True
2026-09-06 01:50:22.400462,hvac_005,hvac,Desert Cooler,parking_complex,Parking Complex,6.01,5.28,62.7,22160.0,13.8,60.15,0.759,54.8,maintenance_needed,0.917,True
2026-09-07 01:50:22.400462,hvac_005,hvac,Desert Cooler,parking_complex,Parking Complex,6.01,5.91,65.2,22399.0,17.3,40.11,0.756,48.5,maintenance_needed,0.933,True
2026-09-08 01:50:22.400462,hvac_005,hvac,Desert Cooler,parking_complex,Parking Complex,6.01,6.44,65.5,22328.0,16.0,3.21,0.753,34.0,maintenance_needed,0.95,True
2026-09-09 01:50:22.400462,hvac_005,hvac,Desert Cooler,parking_complex,Parking Complex,6.02,6.99,66.9,22421.0,17.1,21.98,0.75,25.7,critical,0.967,True
2026-09-10 01:50:22.400462,hvac_005,hvac,Desert Cooler,parking_complex,Parking Complex,6.02,11.31,70.6,21920.0,9.3,20.23,0.747,9.6,critical,0.983,True
2026-09-11 01:50:22.400462,hvac_005,hvac,Desert Cooler,parking_complex,Parking Complex,6.02,11.23,68.3,21900.0,8.9,64.89,0.744,12.7,faulty,1.0,True
2026-09-12 01:50:22.400462,hvac_005,hvac,Desert Cooler,parking_complex,Parking Complex,6.02,11.68,79.0,21987.0,10.0,56.88,0.741,11.9,faulty,1.0,True
2026-09-13 01:50:22.400462,hvac_005,hvac,Desert Cooler,parking_complex,Parking Complex,6.03,12.4,69.9,21975.0,9.7,34.93,0.738,0.3,faulty,1.0,True
2026-09-14 01:50:22.400462,hvac_005,hvac,Desert Cooler,parking_complex,Parking Complex,6.03,12.03,74.2,22210.0,12.9,54.64,0.735,5.3,faulty,1.0,True
2026-09-15 01:50:22.400462,hvac_005,hvac,Desert Cooler,parking_complex,Parking Complex,6.03,12.22,74.5,21921.0,8.7,65.6,0.732,10.3,faulty,1.0,True
2026-09-16 01:50:22.400462,hvac_005,hvac,Desert Cooler,parking_complex,Parking Complex,6.03,12.59,69.4,22112.0,11.2,32.54,0.73,4.2,faulty,1.0,True
2026-09-17 01:50:22.400462,hvac_005,hvac,Desert Cooler,parking_complex,Parking Complex,6.04,11.55,81.1,22073.0,10.5,43.15,0.727,7.4,faulty,1.0,True
2026-09-18 01:50:22.400462,hvac_005,hvac,Desert Cooler,parking_complex,Parking Complex,6.04,12.02,79.0,22463.0,15.6,14.84,0.724,4.5,faulty,1.0,True
2026-09-19 01:50:22.400462,hvac_005,hvac,Desert Cooler,parking_complex,Parking Complex,6.04,11.51,80.9,22372.0,14.2,38.28,0.721,7.8,faulty,1.0,True
2026-09-20 01:50:22.400462,hvac_005,hvac,Desert Cooler,parking_complex,Parking Complex,6.05,11.3,80.1,21778.0,6.2,40.53,0.718,2.4,faulty,1.0,True
2026-09-21 01:50:22.400462,hvac_005,hvac,Desert Cooler,parking_complex,Parking Complex,6.05,12.35,79.4,22549.0,16.1,63.65,0.715,10.8,faulty,1.0,True
2026-09-22 01:50:22.400462,hvac_005,hvac,Desert Cooler,parking_complex,Parking Complex,6.05,11.89,90.1,22510.0,15.4,60.82,0.712,3.6,faulty,1.0,True
2026-09-23 01:50:22.400462,hvac_005,hvac,Desert Cooler,parking_complex,Parking Complex,6.05,12.6,82.2,22145.0,10.6,38.25,0.709,6.9,faulty,1.0,True
2026-09-24 01:50:22.400462,hvac_005,hvac,Desert Cooler,parking_complex,Parking Complex,6.06,11.73,86.3,22681.0,17.2,40.41,0.706,3.0,faulty,1.0,True
2026-09-25 01:50:22.400462,hvac_005,hvac,Desert Cooler,parking_complex,Parking Complex,6.06,11.7,93.0,22098.0,9.8,44.42,0.703,12.7,faulty,1.0,True
2026-09-26 01:50:22.400462,hvac_005,hvac,Desert Cooler,parking_complex,Parking Complex,6.06,12.63,85.3,22669.0,16.6,41.76,0.7,1.4,faulty,1.0,True
2026-09-27 01:50:22.400462,hvac_005,hvac,Desert Cooler,parking_complex,Parking Complex,6.06,11.67,86.8,22611.0,15.7,58.02,0.697,10.7,faulty,1.0,True
2026-09-28 01:50:22.400462,hvac_005,hvac,Desert Cooler,parking_complex,Parking Complex,6.07,11.69,92.5,21939.0,7.5,15.44,0.694,10.7,faulty,1.0,True
2026-09-29 01:50:22.400462,hvac_005,hvac,Desert Cooler,parking_complex,Parking Complex,6.07,12.37,90.0,21858.0,6.5,14.75,0.691,4.8,faulty,1.0,True
2026-09-30 01:50:22.400462,hvac_005,hvac,Desert Cooler,parking_complex,Parking Complex,6.07,11.39,90.1,22141.0,9.7,4.64,0.688,9.6,faulty,1.0,True
2026-10-01 01:50:22.400462,hvac_005,hvac,Desert Cooler,parking_complex,Parking Complex,6.08,11.82,94.3,22648.0,15.4,38.35,0.685,10.2,faulty,1.0,True
2026-10-02 01:50:22.400462,hvac_005,hvac,Desert Cooler,parking_complex,Parking Complex,6.08,11.4,96.1,22160.0,9.7,11.93,0.682,12.9,faulty,1.0,True
2026-10-03 01:50:22.400462,hvac_005,hvac,Desert Cooler,parking_complex,Parking Complex,6.08,12.04,97.7,22277.0,10.9,67.95,0.679,11.0,faulty,1.0,True
2026-07-06 01:50:22.400462,hvac_006,hvac,Split AC,main_office,Main Office,2.82,3.05,47.3,10292.0,17.3,28.94,0.972,92.7,operational,0.0,False
2026-07-07 01:50:22.400462,hvac_006,hvac,Split AC,main_office,Main Office,2.82,3.42,55.2,10304.0,12.8,34.08,0.97,92.7,operational,0.001,False
2026-07-08 01:50:22.400462,hvac_006,hvac,Split AC,main_office,Main Office,2.83,2.31,52.8,10305.0,6.7,33.72,0.969,91.9,operational,0.003,False
2026-07-09 01:50:22.400462,hvac_006,hvac,Split AC,main_office,Main Office,2.83,1.88,53.9,10336.0,15.0,15.83,0.967,89.8,operational,0.004,False
2026-07-10 01:50:22.400462,hvac_006,hvac,Split AC,main_office,Main Office,2.83,3.53,54.3,10352.0,15.2,43.87,0.966,92.5,operational,0.006,False
2026-07-11 01:50:22.400462,hvac_006,hvac,Split AC,main_office,Main Office,2.83,3.28,50.0,10381.0,17.8,14.9,0.965,93.7,operational,0.007,False
2026-07-12 01:50:22.400462,hvac_006,hvac,Split AC,main_office,Main Office,2.84,3.59,54.4,10385.0,15.6,50.17,0.963,91.4,operational,0.008,False
2026-07-13 01:50:22.400462,hvac_006,hvac,Split AC,main_office,Main Office,2.84,3.28,51.7,10394.0,14.6,31.75,0.962,87.3,operational,0.01,False
2026-07-14 01:50:22.400462,hvac_006,hvac,Split AC,main_office,Main Office,2.84,1.98,49.8,10392.0,12.5,3.09,0.96,86.4,operational,0.011,False
2026-07-15 01:50:22.400462,hvac_006,hvac,Split AC,main_office,Main Office,2.84,2.53,51.8,10380.0,9.9,26.99,0.959,89.1,operational,0.013,False
2026-07-16 01:50:22.400462,hvac_006,hvac,Split AC,main_office,Main Office,2.85,2.33,54.7,10362.0,7.0,45.8,0.957,87.7,operational,0.014,False
2026-07-17 01:50:22.400462,hvac_006,hvac,Split AC,main_office,Main Office,2.85,3.1,44.8,10462.0,15.5,4.34,0.956,92.3,operational,0.016,False
2026-07-18 01:50:22.400462,hvac_006,hvac,Split AC,main_office,Main Office,2.85,2.34,52.4,10456.0,13.7,11.79,0.955,90.1,operational,0.017,False
2026-07-19 01:50:22.400462,hvac_006,hvac,Split AC,main_office,Main Office,2.86,3.1,44.6,10386.0,7.2,17.89,0.953,96.6,operational,0.018,False
2026-07-20 01:50:22.400462,hvac_006,hvac,Split AC,main_office,Main Office,2.86,2.66,47.9,10456.0,11.8,19.27,0.952,93.2,operational,0.02,False
2026-07-21 01:50:22.400462,hvac_006,hvac,Split AC,main_office,Main Office,2.86,2.11,46.8,10383.0,6.1,14.25,0.95,91.3,operational,0.021,False
2026-07-22 01:50:22.400462,hvac_006,hvac,Split AC,main_office,Main Office,2.86,3.58,50.9,10503.0,13.2,6.89,0.949,89.8,operational,0.023,False
2026-07-23 01:50:22.400462,hvac_006,hvac,Split AC,main_office,Main Office,2.87,2.49,47.3,10476.0,10.9,48.26,0.947,90.9,operational,0.024,False
2026-07-24 01:50:22.400462,hvac_006,hvac,Split AC,main_office,Main Office,2.87,3.85,49.7,10516.0,12.4,17.66,0.946,89.7,operational,0.025,False
2026-07-25 01:50:22.400462,hvac_006,hvac,Split AC,main_office,Main Office,2.87,2.86,49.7,10620.0,17.3,49.56,0.944,86.0,operational,0.027,False
2026-07-26 01:50:22.400462,hvac_006,hvac,Split AC,main_office,Main Office,2.87,2.94,49.0,10446.0,7.7,11.81,0.943,85.0,operational,0.028,False
2026-07-27 01:50:22.400462,hvac_006,hvac,Split AC,main_office,Main Office,2.88,2.88,47.8,10418.0,6.0,15.04,0.942,84.2,operational,0.03,False
2026-07-28 01:50:22.400462,hvac_006,hvac,Split AC,main_office,Main Office,2.88,2.99,54.1,10503.0,9.6,21.42,0.94,87.6,operational,0.031,False
2026-07-29 01:50:22.400462,hvac_006,hvac,Split AC,main_office,Main Office,2.88,2.89,52.4,10635.0,14.9,23.3,0.939,85.1,operational,0.032,False
2026-07-30 01:50:22.400462,hvac_006,hvac,Split AC,main_office,Main Office,2.89,2.7,46.7,10525.0,9.7,23.37,0.937,88.5,operational,0.034,False
2026-07-31 01:50:22.400462,hvac_006,hvac,Split AC,main_office,Main Office,2.89,2.55,47.8,10617.0,13.0,45.98,0.936,86.9,operational,0.035,False
2026-08-01 01:50:22.400462,hvac_006,hvac,Split AC,main_office,Main Office,2.89,3.82,52.7,10534.0,9.3,8.27,0.934,90.7,operational,0.037,False
2026-08-02 01:50:22.400462,hvac_006,hvac,Split AC,main_office,Main Office,2.89,3.05,51.9,10747.0,16.9,10.78,0.933,89.9,operational,0.038,False
2026-08-03 01:50:22.400462,hvac_006,hvac,Split AC,main_office,Main Office,2.9,3.59,50.6,10735.0,15.8,8.6,0.932,89.9,operational,0.039,False
2026-08-04 01:50:22.400462,hvac_006,hvac,Split AC,main_office,Main Office,2.9,2.78,52.7,10801.0,17.6,42.86,0.93,87.8,operational,0.041,False
2026-08-05 01:50:22.400462,hvac_006,hvac,Split AC,main_office,Main Office,2.9,2.54,45.7,10737.0,14.9,9.36,0.929,86.0,operational,0.042,False
2026-08-06 01:50:22.400462,hvac_006,hvac,Split AC,main_office,Main Office,2.9,2.17,50.4,10542.0,8.1,18.29,0.927,85.8,operational,0.044,False
2026-08-07 01:50:22.400462,hvac_006,hvac,Split AC,main_office,Main Office,2.91,2.37,47.7,10485.0,6.1,32.2,0.926,85.9,operational,0.045,False
2026-08-08 01:50:22.400462,hvac_006,hvac,Split AC,main_office,Main Office,2.91,3.31,50.6,10738.0,13.5,34.3,0.924,88.4,operational,0.047,False
2026-08-09 01:50:22.400462,hvac_006,hvac,Split AC,main_office,Main Office,2.91,2.91,53.8,10781.0,14.4,29.75,0.923,77.7,operational,0.048,False
2026-08-10 01:50:22.400462,hvac_006,hvac,Split AC,main_office,Main Office,2.92,3.18,50.9,10531.0,6.8,17.93,0.922,88.6,operational,0.049,False
2026-08-11 01:50:22.400462,hvac_006,hvac,Split AC,main_office,Main Office,2.92,3.09,58.9,10894.0,16.7,5.63,0.92,83.5,operational,0.051,False
2026-08-12 01:50:22.400462,hvac_006,hvac,Split AC,main_office,Main Office,2.92,3.15,49.4,10813.0,14.1,35.01,0.919,79.7,operational,0.052,False
2026-08-13 01:50:22.400462,hvac_006,hvac,Split AC,main_office,Main Office,2.92,2.96,49.2,10607.0,8.3,20.62,0.917,90.3,operational,0.054,False
2026-08-14 01:50:22.400462,hvac_006,hvac,Split AC,main_office,Main Office,2.93,3.16,51.1,10773.0,12.3,22.61,0.916,87.1,operational,0.055,False
2026-08-15 01:50:22.400462,hvac_006,hvac,Split AC,main_office,Main Office,2.93,3.25,48.3,10683.0,9.8,27.34,0.914,81.9,operational,0.056,False
2026-08-16 01:50:22.400462,hvac_006,hvac,Split AC,main_office,Main Office,2.93,3.07,51.8,10655.0,8.9,2.89,0.913,86.5,operational,0.058,False
2026-08-17 01:50:22.400462,hvac_006,hvac,Split AC,main_office,Main Office,2.93,3.09,51.9,10901.0,14.5,26.46,0.911,87.7,operational,0.059,False
2026-08-18 01:50:22.400462,hvac_006,hvac,Split AC,main_office,Main Office,2.94,3.84,48.7,10896.0,14.1,4.64,0.91,81.4,operational,0.061,False
2026-08-19 01:50:22.400462,hvac_006,hvac,Split AC,main_office,Main Office,2.94,2.69,45.5,10855.0,12.8,33.04,0.909,82.6,operational,0.062,False
2026-08-20 01:50:22.400462,hvac_006,hvac,Split AC,main_office,Main Office,2.94,2.29,52.8,10937.0,14.3,17.37,0.907,81.1,operational,0.063,False
2026-08-21 01:50:22.400462,hvac_006,hvac,Split AC,main_office,Main Office,2.95,2.51,50.5,10742.0,9.8,26.03,0.906,85.4,operational,0.065,False
2026-08-22 01:50:22.400462,hvac_006,hvac,Split AC,main_office,Main Office,2.95,2.32,49.2,10893.0,12.8,9.24,0.904,85.8,operational,0.066,False
2026-08-23 01:50:22.400462,hvac_006,hvac,Split AC,main_office,Main Office,2.95,3.03,51.5,10765.0,9.9,53.15,0.903,86.8,operational,0.068,False
2026-08-24 01:50:22.400462,hvac_006,hvac,Split AC,main_office,Main Office,2.95,3.3,53.3,10930.0,13.0,41.61,0.901,84.8,operational,0.069,False
2026-08-25 01:50:22.400462,hvac_006,hvac,Split AC,main_office,Main Office,2.96,2.78,49.9,10786.0,9.9,38.83,0.9,92.5,operational,0.07,False
2026-08-26 01:50:22.400462,hvac_006,hvac,Split AC,main_office,Main Office,2.96,3.12,47.0,11181.0,17.4,50.8,0.899,82.8,operational,0.072,False
2026-08-27 01:50:22.400462,hvac_006,hvac,Split AC,main_office,Main Office,2.96,2.36,50.7,10981.0,13.3,47.9,0.897,84.6,operational,0.073,False
2026-08-28 01:50:22.400462,hvac_006,hvac,Split AC,main_office,Main Office,2.96,2.4,51.8,10819.0,9.9,9.89,0.896,85.4,operational,0.075,False
2026-08-29 01:50:22.400462,hvac_006,hvac,Split AC,main_office,Main Office,2.97,2.54,52.3,10991.0,13.0,37.08,0.894,77.8,operational,0.076,False
2026-08-30 01:50:22.400462,hvac_006,hvac,Split AC,main_office,Main Office,2.97,2.44,46.0,10627.0,6.1,8.08,0.893,82.2,operational,0.078,False
2026-08-31 01:50:22.400462,hvac_006,hvac,Split AC,main_office,Main Office,2.97,4.63,52.4,11003.0,12.7,4.78,0.891,77.7,operational,0.079,False
2026-09-01 01:50:22.400462,hvac_006,hvac,Split AC,main_office,Main Office,2.98,3.48,51.6,11205.0,16.0,2.3,0.89,80.8,operational,0.08,False
2026-09-02 01:50:22.400462,hvac_006,hvac,Split AC,main_office,Main Office,2.98,3.24,53.7,11194.0,15.6,40.97,0.888,84.0,operational,0.082,False
2026-09-03 01:50:22.400462,hvac_006,hvac,Split AC,main_office,Main Office,2.98,2.58,56.2,10666.0,6.3,5.54,0.887,78.8,operational,0.083,False
2026-09-04 01:50:22.400462,hvac_006,hvac,Split AC,main_office,Main Office,2.98,1.68,55.4,11329.0,17.3,13.01,0.886,88.6,operational,0.085,False
2026-09-05 01:50:22.400462,hvac_006,hvac,Split AC,main_office,Main Office,2.99,2.47,58.8,10684.0,6.4,42.37,0.884,82.1,operational,0.086,False
2026-09-06 01:50:22.400462,hvac_006,hvac,Split AC,main_office,Main Office,2.99,3.73,55.0,10767.0,7.7,35.57,0.883,81.4,operational,0.087,False
2026-09-07 01:50:22.400462,hvac_006,hvac,Split AC,main_office,Main Office,2.99,2.73,47.2,10975.0,10.8,18.69,0.881,80.1,operational,0.089,False
2026-09-08 01:50:22.400462,hvac_006,hvac,Split AC,main_office,Main Office,2.99,3.01,47.8,11287.0,15.6,39.84,0.88,84.9,operational,0.09,False
2026-09-09 01:50:22.400462,hvac_006,hvac,Split AC,main_office,Main Office,3.0,2.08,47.3,10982.0,10.6,27.95,0.878,84.9,operational,0.092,False
2026-09-10 01:50:22.400462,hvac_006,hvac,Split AC,main_office,Main Office,3.0,2.99,52.1,11133.0,12.7,52.16,0.877,86.0,operational,0.093,False
2026-09-11 01:50:22.400462,hvac_006,hvac,Split AC,main_office,Main Office,3.0,2.7,56.8,10760.0,7.0,13.9,0.876,85.4,operational,0.094,False
2026-09-12 01:50:22.400462,hvac_006,hvac,Split AC,main_office,Main Office,3.01,3.53,50.3,11309.0,15.0,28.18,0.874,82.6,operational,0.096,False
2026-09-13 01:50:22.400462,hvac_006,hvac,Split AC,main_office,Main Office,3.01,3.04,47.8,11377.0,15.7,50.38,0.873,78.2,operational,0.097,False
2026-09-14 01:50:22.400462,hvac_006,hvac,Split AC,main_office,Main Office,3.01,3.18,50.5,11483.0,17.0,41.74,0.871,83.1,operational,0.099,False
2026-09-15 01:50:22.400462,hvac_006,hvac,Split AC,main_office,Main Office,3.01,2.59,48.1,11303.0,14.2,45.83,0.87,77.7,operational,0.1,False
2026-09-16 01:50:22.400462,hvac_006,hvac,Split AC,main_office,Main Office,3.02,2.63,50.7,11383.0,15.2,54.4,0.868,77.5,operational,0.102,False
2026-09-17 01:50:22.400462,hvac_006,hvac,Split AC,main_office,Main Office,3.02,2.68,53.0,11337.0,14.3,2.48,0.867,78.0,operational,0.103,False
2026-09-18 01:50:22.400462,hvac_006,hvac,Split AC,main_office,Main Office,3.02,2.83,53.2,11559.0,17.1,37.56,0.865,80.5,operational,0.104,False
2026-09-19 01:50:22.400462,hvac_006,hvac,Split AC,main_office,Main Office,3.03,3.66,51.1,11040.0,10.0,5.21,0.864,78.8,operational,0.106,False
2026-09-20 01:50:22.400462,hvac_006,hvac,Split AC,main_office,Main Office,3.03,2.61,52.3,11442.0,15.1,25.14,0.863,74.9,operational,0.107,False
2026-09-21 01:50:22.400462,hvac_006,hvac,Split AC,main_office,Main Office,3.03,2.67,47.2,11298.0,13.1,43.17,0.861,81.8,operational,0.109,False
2026-09-22 01:50:22.400462,hvac_006,hvac,Split AC,main_office,Main Office,3.03,2.98,52.6,11272.0,12.6,46.59,0.86,84.5,operational,0.11,False
2026-09-23 01:50:22.400462,hvac_006,hvac,Split AC,main_office,Main Office,3.04,3.69,53.0,10908.0,7.8,33.6,0.858,77.0,operational,0.111,False
2026-09-24 01:50:22.400462,hvac_006,hvac,Split AC,main_office,Main Office,3.04,2.41,48.6,11098.0,10.1,50.57,0.857,75.9,operational,0.113,False
2026-09-25 01:50:22.400462,hvac_006,hvac,Split AC,main_office,Main Office,3.04,3.38,52.7,11080.0,9.7,54.96,0.855,82.3,operational,0.114,False
2026-09-26 01:50:22.400462,hvac_006,hvac,Split AC,main_office,Main Office,3.04,2.38,56.4,11546.0,15.3,46.16,0.854,73.5,operational,0.116,False
2026-09-27 01:50:22.400462,hvac_006,hvac,Split AC,main_office,Main Office,3.05,1.67,48.9,11118.0,10.0,38.38,0.853,83.5,operational,0.117,False
2026-09-28 01:50:22.400462,hvac_006,hvac,Split AC,main_office,Main Office,3.05,3.97,51.7,10840.0,6.5,41.53,0.851,83.2,operational,0.118,False
2026-09-29 01:50:22.400462,hvac_006,hvac,Split AC,main_office,Main Office,3.05,3.37,50.9,10863.0,6.7,13.13,0.85,78.0,operational,0.12,False
2026-09-30 01:50:22.400462,hvac_006,hvac,Split AC,main_office,Main Office,3.06,2.91,57.3,11036.0,8.7,41.01,0.848,81.6,operational,0.121,False
2026-10-01 01:50:22.400462,hvac_006,hvac,Split AC,main_office,Main Office,3.06,3.3,45.4,11817.0,17.5,46.81,0.847,78.2,operational,0.123,False
2026-10-02 01:50:22.400462,hvac_006,hvac,Split AC,main_office,Main Office,3.06,3.38,48.9,11210.0,10.4,47.64,0.845,77.7,operational,0.124,False
2026-10-03 01:50:22.400462,hvac_006,hvac,Split AC,main_office,Main Office,3.06,2.33,51.4,10880.0,6.6,6.95,0.844,78.3,operational,0.125,False
2026-07-06 01:50:22.400462,hvac_007,hvac,Central AC,public_hall,Public Hall,4.07,3.66,52.6,14863.0,6.6,42.52,0.959,88.9,operational,0.0,False
2026-07-07 01:50:22.400462,hvac_007,hvac,Central AC,public_hall,Public Hall,4.07,3.56,57.5,14878.0,14.6,16.36,0.957,89.9,operational,0.002,False
2026-07-08 01:50:22.400462,hvac_007,hvac,Central AC,public_hall,Public Hall,4.08,3.66,53.8,14882.0,9.4,11.53,0.955,88.3,operational,0.004,False
2026-07-09 01:50:22.400462,hvac_007,hvac,Central AC,public_hall,Public Hall,4.08,3.37,54.1,14906.0,14.2,54.33,0.953,84.1,operational,0.006,False
2026-07-10 01:50:22.400462,hvac_007,hvac,Central AC,public_hall,Public Hall,4.08,3.02,54.4,14915.0,12.9,36.78,0.951,89.3,operational,0.008,False
2026-07-11 01:50:22.400462,hvac_007,hvac,Central AC,public_hall,Public Hall,4.09,3.34,55.0,14899.0,7.2,49.58,0.949,87.4,operational,0.01,False
2026-07-12 01:50:22.400462,hvac_007,hvac,Central AC,public_hall,Public Hall,4.09,3.59,48.9,14915.0,8.6,47.59,0.947,86.3,operational,0.012,False
2026-07-13 01:50:22.400462,hvac_007,hvac,Central AC,public_hall,Public Hall,4.09,3.03,54.6,14954.0,13.0,15.18,0.945,91.7,operational,0.014,False
2026-07-14 01:50:22.400462,hvac_007,hvac,Central AC,public_hall,Public Hall,4.09,3.38,54.5,14971.0,13.5,13.84,0.943,80.2,operational,0.016,False
2026-07-15 01:50:22.400462,hvac_007,hvac,Central AC,public_hall,Public Hall,4.1,4.41,47.0,14950.0,9.6,25.15,0.941,85.8,operational,0.018,False
2026-07-16 01:50:22.400462,hvac_007,hvac,Central AC,public_hall,Public Hall,4.1,3.19,51.3,15002.0,13.9,42.94,0.939,87.6,operational,0.02,False
2026-07-17 01:50:22.400462,hvac_007,hvac,Central AC,public_hall,Public Hall,4.1,3.7,59.0,15041.0,16.1,31.33,0.937,83.7,operational,0.022,False
2026-07-18 01:50:22.400462,hvac_007,hvac,Central AC,public_hall,Public Hall,4.1,3.55,52.9,15064.0,16.8,18.45,0.935,83.9,operational,0.024,False
2026-07-19 01:50:22.400462,hvac_007,hvac,Central AC,public_hall,Public Hall,4.11,2.51,48.1,15037.0,13.4,37.85,0.932,84.4,operational,0.026,False
2026-07-20 01:50:22.400462,hvac_007,hvac,Central AC,public_hall,Public Hall,4.11,3.35,54.2,15104.0,17.2,8.45,0.93,82.8,operational,0.029,False
2026-07-21 01:50:22.400462,hvac_007,hvac,Central AC,public_hall,Public Hall,4.11,4.52,55.7,15080.0,14.4,44.47,0.928,86.1,operational,0.031,False
2026-07-22 01:50:22.400462,hvac_007,hvac,Central AC,public_hall,Public Hall,4.12,3.36,58.8,15049.0,11.6,35.1,0.926,87.6,operational,0.033,False
2026-07-23 01:50:22.400462,hvac_007,hvac,Central AC,public_hall,Public Hall,4.12,4.05,54.0,15084.0,13.0,19.68,0.924,85.7,operational,0.035,False
2026-07-24 01:50:22.400462,hvac_007,hvac,Central AC,public_hall,Public Hall,4.12,3.17,51.7,15040.0,9.8,20.17,0.922,82.9,operational,0.037,False
2026-07-25 01:50:22.400462,hvac_007,hvac,Central AC,public_hall,Public Hall,4.12,2.7,56.4,15017.0,8.1,17.17,0.92,85.7,operational,0.039,False
2026-07-26 01:50:22.400462,hvac_007,hvac,Central AC,public_hall,Public Hall,4.13,3.28,55.7,15135.0,13.6,41.53,0.918,80.9,operational,0.041,False
2026-07-27 01:50:22.400462,hvac_007,hvac,Central AC,public_hall,Public Hall,4.13,3.37,51.2,15217.0,16.8,52.5,0.916,80.6,operational,0.043,False
2026-07-28 01:50:22.400462,hvac_007,hvac,Central AC,public_hall,Public Hall,4.13,3.57,54.4,15165.0,13.7,42.09,0.914,82.8,operational,0.045,False
2026-07-29 01:50:22.400462,hvac_007,hvac,Central AC,public_hall,Public Hall,4.14,3.51,53.6,15255.0,17.0,6.63,0.912,81.8,operational,0.047,False
2026-07-30 01:50:22.400462,hvac_007,hvac,Central AC,public_hall,Public Hall,4.14,3.42,48.2,15250.0,16.1,13.07,0.91,81.8,operational,0.049,False
2026-07-31 01:50:22.400462,hvac_007,hvac,Central AC,public_hall,Public Hall,4.14,3.56,56.6,15279.0,16.6,33.39,0.908,85.5,operational,0.051,False
2026-08-01 01:50:22.400462,hvac_007,hvac,Central AC,public_hall,Public Hall,4.14,2.66,57.5,15235.0,14.3,2.69,0.906,78.7,operational,0.053,False
2026-08-02 01:50:22.400462,hvac_007,hvac,Central AC,public_hall,Public Hall,4.15,2.51,53.8,15026.0,6.0,46.36,0.904,86.1,operational,0.055,False
2026-08-03 01:50:22.400462,hvac_007,hvac,Central AC,public_hall,Public Hall,4.15,2.61,60.0,15074.0,7.5,24.98,0.902,83.1,operational,0.057,False
2026-08-04 01:50:22.400462,hvac_007,hvac,Central AC,public_hall,Public Hall,4.15,2.74,53.6,15176.0,10.8,40.74,0.899,83.9,operational,0.059,False
2026-08-05 01:50:22.400462,hvac_007,hvac,Central AC,public_hall,Public Hall,4.15,3.54,58.2,15061.0,6.6,29.92,0.897,74.6,operational,0.061,False
2026-08-06 01:50:22.400462,hvac_007,hvac,Central AC,public_hall,Public Hall,4.16,3.1,51.0,15372.0,16.4,18.86,0.895,84.3,operational,0.063,False
2026-08-07 01:50:22.400462,hvac_007,hvac,Central AC,public_hall,Public Hall,4.16,3.77,50.5,15151.0,9.0,51.45,0.893,82.5,operational,0.065,False
2026-08-08 01:50:22.400462,hvac_007,hvac,Central AC,public_hall,Public Hall,4.16,3.71,50.4,15310.0,13.5,3.02,0.891,85.7,operational,0.067,False
2026-08-09 01:50:22.400462,hvac_007,hvac,Central AC,public_hall,Public Hall,4.17,3.4,48.5,15284.0,12.4,34.7,0.889,80.7,operational,0.069,False
2026-08-10 01:50:22.400462,hvac_007,hvac,Central AC,public_hall,Public Hall,4.17,3.39,52.8,15238.0,10.7,27.94,0.887,87.1,operational,0.071,False
2026-08-11 01:50:22.400462,hvac_007,hvac,Central AC,public_hall,Public Hall,4.17,2.99,55.1,15345.0,13.4,51.06,0.885,75.0,operational,0.073,False
2026-08-12 01:50:22.400462,hvac_007,hvac,Central AC,public_hall,Public Hall,4.17,4.19,54.1,15156.0,7.9,46.58,0.883,77.9,operational,0.075,False
2026-08-13 01:50:22.400462,hvac_007,hvac,Central AC,public_hall,Public Hall,4.18,3.37,56.6,15342.0,12.6,10.06,0.881,79.4,operational,0.077,False
2026-08-14 01:50:22.400462,hvac_007,hvac,Central AC,public_hall,Public Hall,4.18,2.37,55.1,15506.0,16.5,23.13,0.879,82.8,operational,0.079,False
2026-08-15 01:50:22.400462,hvac_007,hvac,Central AC,public_hall,Public Hall,4.18,3.73,53.3,15404.0,13.5,56.18,0.877,75.0,operational,0.081,False
2026-08-16 01:50:22.400462,hvac_007,hvac,Central AC,public_hall,Public Hall,4.18,3.81,53.5,15504.0,15.6,20.36,0.875,79.8,operational,0.083,False
2026-08-17 01:50:22.400462,hvac_007,hvac,Central AC,public_hall,Public Hall,4.19,3.04,56.2,15399.0,12.8,7.57,0.873,79.0,operational,0.086,False
2026-08-18 01:50:22.400462,hvac_007,hvac,Central AC,public_hall,Public Hall,4.19,3.44,56.7,15418.0,12.9,16.33,0.871,81.9,operational,0.088,False
2026-08-19 01:50:22.400462,hvac_007,hvac,Central AC,public_hall,Public Hall,4.19,3.39,53.4,15206.0,7.8,35.21,0.868,78.0,operational,0.09,False
2026-08-20 01:50:22.400462,hvac_007,hvac,Central AC,public_hall,Public Hall,4.2,2.74,52.7,15670.0,17.9,31.94,0.866,75.9,operational,0.092,False
2026-08-21 01:50:22.400462,hvac_007,hvac,Central AC,public_hall,Public Hall,4.2,3.14,55.3,15586.0,15.7,11.17,0.864,81.2,operational,0.094,False
2026-08-22 01:50:22.400462,hvac_007,hvac,Central AC,public_hall,Public Hall,4.2,3.99,51.5,15270.0,8.7,40.41,0.862,78.8,operational,0.096,False
2026-08-23 01:50:22.400462,hvac_007,hvac,Central AC,public_hall,Public Hall,4.2,3.01,54.6,15594.0,15.2,32.0,0.86,77.5,operational,0.098,False
2026-08-24 01:50:22.400462,hvac_007,hvac,Central AC,public_hall,Public Hall,4.21,3.96,55.6,15354.0,10.0,41.01,0.858,73.1,operational,0.1,False
2026-08-25 01:50:22.400462,hvac_007,hvac,Central AC,public_hall,Public Hall,4.21,3.55,52.3,15532.0,13.4,41.99,0.856,74.5,operational,0.102,False
2026-08-26 01:50:22.400462,hvac_007,hvac,Central AC,public_hall,Public Hall,4.21,3.44,52.8,15200.0,6.6,43.98,0.854,74.4,operational,0.104,False
2026-08-27 01:50:22.400462,hvac_007,hvac,Central AC,public_hall,Public Hall,4.21,3.51,54.5,15590.0,14.0,25.06,0.852,75.4,operational,0.106,False
2026-08-28 01:50:22.400462,hvac_007,hvac,Central AC,public_hall,Public Hall,4.22,3.67,53.3,15257.0,7.4,7.42,0.85,75.2,operational,0.108,False
2026-08-29 01:50:22.400462,hvac_007,hvac,Central AC,public_hall,Public Hall,4.22,2.49,52.8,15330.0,8.6,46.3,0.848,76.5,operational,0.11,False
2026-08-30 01:50:22.400462,hvac_007,hvac,Central AC,public_hall,Public Hall,4.22,3.96,50.9,15586.0,13.1,10.8,0.846,74.8,operational,0.112,False
2026-08-31 01:50:22.400462,hvac_007,hvac,Central AC,public_hall,Public Hall,4.23,3.6,50.9,15866.0,17.9,50.83,0.844,76.0,operational,0.114,False
2026-09-01 01:50:22.400462,hvac_007,hvac,Central AC,public_hall,Public Hall,4.23,3.33,51.5,15427.0,9.9,36.74,0.842,75.4,operational,0.116,False
2026-09-02 01:50:22.400462,hvac_007,hvac,Central AC,public_hall,Public Hall,4.23,3.57,48.1,15557.0,12.0,47.74,0.84,75.9,operational,0.118,False
2026-09-03 01:50:22.400462,hvac_007,hvac,Central AC,public_hall,Public Hall,4.23,2.98,50.9,15381.0,8.8,38.37,0.838,74.0,operational,0.12,False
2026-09-04 01:50:22.400462,hvac_007,hvac,Central AC,public_hall,Public Hall,4.24,3.64,50.3,15647.0,13.1,17.5,0.835,74.7,operational,0.122,False
2026-09-05 01:50:22.400462,hvac_007,hvac,Central AC,public_hall,Public Hall,4.24,2.61,46.5,15599.0,12.1,38.67,0.833,78.2,operational,0.124,False
2026-09-06 01:50:22.400462,hvac_007,hvac,Central AC,public_hall,Public Hall,4.24,2.62,53.7,15793.0,15.0,18.32,0.831,76.2,operational,0.126,False
2026-09-07 01:50:22.400462,hvac_007,hvac,Central AC,public_hall,Public Hall,4.24,3.04,57.4,15784.0,14.6,32.16,0.829,77.0,operational,0.128,False
2026-09-08 01:50:22.400462,hvac_007,hvac,Central AC,public_hall,Public Hall,4.25,3.18,50.1,15270.0,6.3,19.4,0.827,75.0,operational,0.13,False
2026-09-09 01:50:22.400462,hvac_007,hvac,Central AC,public_hall,Public Hall,4.25,3.59,56.4,15923.0,16.3,49.14,0.825,73.3,operational,0.132,False
2026-09-10 01:50:22.400462,hvac_007,hvac,Central AC,public_hall,Public Hall,4.25,2.43,53.4,16044.0,17.9,58.37,0.823,69.1,operational,0.134,False
2026-09-11 01:50:22.400462,hvac_007,hvac,Central AC,public_hall,Public Hall,4.26,3.02,53.4,15584.0,10.8,18.07,0.821,67.9,operational,0.136,False
2026-09-12 01:50:22.400462,hvac_007,hvac,Central AC,public_hall,Public Hall,4.26,2.79,55.7,16031.0,17.2,44.26,0.819,76.2,operational,0.138,False
2026-09-13 01:50:22.400462,hvac_007,hvac,Central AC,public_hall,Public Hall,4.26,3.63,57.1,15497.0,9.2,38.69,0.817,70.3,operational,0.14,False
2026-09-14 01:50:22.400462,hvac_007,hvac,Central AC,public_hall,Public Hall,4.26,3.68,53.2,15595.0,10.5,50.12,0.815,72.4,operational,0.143,False
2026-09-15 01:50:22.400462,hvac_007,hvac,Central AC,public_hall,Public Hall,4.27,3.11,52.6,15381.0,7.3,2.58,0.813,72.1,operational,0.145,False
2026-09-16 01:50:22.400462,hvac_007,hvac,Central AC,public_hall,Public Hall,4.27,2.12,52.7,15450.0,8.2,7.17,0.811,79.1,operational,0.147,False
2026-09-17 01:50:22.400462,hvac_007,hvac,Central AC,public_hall,Public Hall,4.27,3.68,50.3,15407.0,7.4,16.66,0.809,69.5,operational,0.149,False
2026-09-18 01:50:22.400462,hvac_007,hvac,Central AC,public_hall,Public Hall,4.27,3.43,50.7,15461.0,8.1,36.42,0.807,76.2,operational,0.15,False
2026-09-19 01:50:22.400462,hvac_007,hvac,Central AC,public_hall,Public Hall,4.28,3.56,53.0,16140.0,17.0,55.18,0.805,70.1,operational,0.15,False
2026-09-20 01:50:22.400462,hvac_007,hvac,Central AC,public_hall,Public Hall,4.28,2.86,54.5,16151.0,16.9,30.76,0.802,72.9,operational,0.15,False
2026-09-21 01:50:22.400462,hvac_007,hvac,Central AC,public_hall,Public Hall,4.28,2.75,60.2,15385.0,6.8,3.32,0.8,67.0,operational,0.15,False
2026-09-22 01:50:22.400462,hvac_007,hvac,Central AC,public_hall,Public Hall,4.29,3.65,52.2,15736.0,11.2,38.41,0.798,70.1,operational,0.15,False
2026-09-23 01:50:22.400462,hvac_007,hvac,Central AC,public_hall,Public Hall,4.29,3.69,54.9,16285.0,18.0,8.37,0.796,67.7,operational,0.15,False
2026-09-24 01:50:22.400462,hvac_007,hvac,Central AC,public_hall,Public Hall,4.29,3.14,53.1,15682.0,10.2,27.63,0.794,69.9,operational,0.15,False
2026-09-25 01:50:22.400462,hvac_007,hvac,Central AC,public_hall,Public Hall,4.29,3.14,59.0,15905.0,12.9,14.55,0.792,70.9,operational,0.15,False
2026-09-26 01:50:22.400462,hvac_007,hvac,Central AC,public_hall,Public Hall,4.3,3.17,49.2,15850.0,12.0,27.08,0.79,69.6,operational,0.15,False
2026-09-27 01:50:22.400462,hvac_007,hvac,Central AC,public_hall,Public Hall,4.3,4.02,53.8,16280.0,17.1,23.43,0.788,70.3,operational,0.15,False
2026-09-28 01:50:22.400462,hvac_007,hvac,Central AC,public_hall,Public Hall,4.3,3.09,55.1,15500.0,7.6,49.7,0.786,73.8,operational,0.15,False
2026-09-29 01:50:22.400462,hvac_007,hvac,Central AC,public_hall,Public Hall,4.3,2.91,50.8,16235.0,16.1,31.39,0.784,65.7,operational,0.15,False
2026-09-30 01:50:22.400462,hvac_007,hvac,Central AC,public_hall,Public Hall,4.31,3.73,55.1,15628.0,8.9,56.95,0.782,68.3,operational,0.15,False
2026-10-01 01:50:22.400462,hvac_007,hvac,Central AC,public_hall,Public Hall,4.31,3.76,57.0,16080.0,14.0,8.27,0.78,70.0,operational,0.15,False
2026-10-02 01:50:22.400462,hvac_007,hvac,Central AC,public_hall,Public Hall,4.31,3.39,55.6,16049.0,13.5,31.75,0.778,70.9,operational,0.15,False
2026-10-03 01:50:22.400462,hvac_007,hvac,Central AC,public_hall,Public Hall,4.32,3.85,50.2,15517.0,7.3,54.46,0.776,70.4,operational,0.15,False
2026-07-06 01:50:22.400462,hvac_008,hvac,Desert Cooler,records_room,Records & Archives,3.71,3.86,51.5,13531.0,10.7,13.91,0.963,92.0,operational,0.0,False
2026-07-07 01:50:22.400462,hvac_008,hvac,Desert Cooler,records_room,Records & Archives,3.71,3.12,51.0,13548.0,16.6,42.34,0.961,88.3,operational,0.002,False
2026-07-08 01:50:22.400462,hvac_008,hvac,Desert Cooler,records_room,Records & Archives,3.71,2.21,47.5,13556.0,12.2,37.97,0.959,92.0,operational,0.004,False
2026-07-09 01:50:22.400462,hvac_008,hvac,Desert Cooler,records_room,Records & Archives,3.72,2.28,53.7,13570.0,12.9,11.56,0.957,90.3,operational,0.006,False
2026-07-10 01:50:22.400462,hvac_008,hvac,Desert Cooler,records_room,Records & Archives,3.72,2.79,56.7,13601.0,17.3,9.95,0.955,92.7,operational,0.007,False
2026-07-11 01:50:22.400462,hvac_008,hvac,Desert Cooler,records_room,Records & Archives,3.72,3.15,48.1,13592.0,12.0,48.63,0.954,85.4,operational,0.009,False
2026-07-12 01:50:22.400462,hvac_008,hvac,Desert Cooler,records_room,Records & Archives,3.72,3.81,51.5,13604.0,12.1,37.94,0.952,89.8,operational,0.011,False
2026-07-13 01:50:22.400462,hvac_008,hvac,Desert Cooler,records_room,Records & Archives,3.73,2.67,51.8,13622.0,12.9,36.74,0.95,87.6,operational,0.013,False
2026-07-14 01:50:22.400462,hvac_008,hvac,Desert Cooler,records_room,Records & Archives,3.73,3.44,48.6,13645.0,14.1,4.07,0.948,86.1,operational,0.015,False
2026-07-15 01:50:22.400462,hvac_008,hvac,Desert Cooler,records_room,Records & Archives,3.73,3.26,44.7,13616.0,9.4,30.15,0.946,90.1,operational,0.017,False
2026-07-16 01:50:22.400462,hvac_008,hvac,Desert Cooler,records_room,Records & Archives,3.73,2.91,56.1,13699.0,16.7,10.51,0.944,88.5,operational,0.019,False
2026-07-17 01:50:22.400462,hvac_008,hvac,Desert Cooler,records_room,Records & Archives,3.74,3.96,49.2,13726.0,17.6,21.78,0.942,89.6,operational,0.02,False
2026-07-18 01:50:22.400462,hvac_008,hvac,Desert Cooler,records_room,Records & Archives,3.74,3.52,51.0,13612.0,6.7,39.05,0.94,91.2,operational,0.022,False
2026-07-19 01:50:22.400462,hvac_008,hvac,Desert Cooler,records_room,Records & Archives,3.74,3.63,52.3,13717.0,14.3,15.87,0.938,86.9,operational,0.024,False
2026-07-20 01:50:22.400462,hvac_008,hvac,Desert Cooler,records_room,Records & Archives,3.75,3.43,50.7,13748.0,15.4,32.12,0.937,85.1,operational,0.026,False
2026-07-21 01:50:22.400462,hvac_008,hvac,Desert Cooler,records_room,Records & Archives,3.75,3.46,46.8,13654.0,8.1,10.52,0.935,80.1,operational,0.028,False
2026-07-22 01:50:22.400462,hvac_008,hvac,Desert Cooler,records_room,Records & Archives,3.75,3.43,52.8,13637.0,6.6,34.5,0.933,84.1,operational,0.03,False
2026-07-23 01:50:22.400462,hvac_008,hvac,Desert Cooler,records_room,Records & Archives,3.75,3.86,51.4,13807.0,16.2,28.48,0.931,85.9,operational,0.032,False
2026-07-24 01:50:22.400462,hvac_008,hvac,Desert Cooler,records_room,Records & Archives,3.76,3.74,58.1,13848.0,17.6,22.48,0.929,85.0,operational,0.033,False
2026-07-25 01:50:22.400462,hvac_008,hvac,Desert Cooler,records_room,Records & Archives,3.76,3.52,50.1,13757.0,11.9,40.45,0.927,85.1,operational,0.035,False
2026-07-26 01:50:22.400462,hvac_008,hvac,Desert Cooler,records_room,Records & Archives,3.76,3.3,51.2,13777.0,12.3,40.5,0.925,84.6,operational,0.037,False
2026-07-27 01:50:22.400462,hvac_008,hvac,Desert Cooler,records_room,Records & Archives,3.76,2.88,54.3,13731.0,9.5,52.53,0.923,82.7,operational,0.039,False
2026-07-28 01:50:22.400462,hvac_008,hvac,Desert Cooler,records_room,Records & Archives,3.77,2.92,52.5,13723.0,8.7,7.64,0.922,85.3,operational,0.041,False
2026-07-29 01:50:22.400462,hvac_008,hvac,Desert Cooler,records_room,Records & Archives,3.77,3.12,51.6,13870.0,14.7,37.32,0.92,80.0,operational,0.043,False
2026-07-30 01:50:22.400462,hvac_008,hvac,Desert Cooler,records_room,Records & Archives,3.77,3.27,51.6,13770.0,10.0,3.05,0.918,86.4,operational,0.044,False
2026-07-31 01:50:22.400462,hvac_008,hvac,Desert Cooler,records_room,Records & Archives,3.78,3.05,54.6,13744.0,8.5,46.13,0.916,81.6,operational,0.046,False
2026-08-01 01:50:22.400462,hvac_008,hvac,Desert Cooler,records_room,Records & Archives,3.78,2.86,55.1,13876.0,13.2,15.29,0.914,79.9,operational,0.048,False
2026-08-02 01:50:22.400462,hvac_008,hvac,Desert Cooler,records_room,Records & Archives,3.78,2.72,52.7,13861.0,12.2,42.03,0.912,77.6,operational,0.05,False
2026-08-03 01:50:22.400462,hvac_008,hvac,Desert Cooler,records_room,Records & Archives,3.78,2.67,51.7,13730.0,7.1,15.39,0.91,82.1,operational,0.052,False
2026-08-04 01:50:22.400462,hvac_008,hvac,Desert Cooler,records_room,Records & Archives,3.79,3.01,55.9,13882.0,12.1,12.97,0.908,79.3,operational,0.054,False
2026-08-05 01:50:22.400462,hvac_008,hvac,Desert Cooler,records_room,Records & Archives,3.79,3.33,51.6,14060.0,17.6,12.48,0.906,79.7,operational,0.056,False
2026-08-06 01:50:22.400462,hvac_008,hvac,Desert Cooler,records_room,Records & Archives,3.79,2.67,53.4,13936.0,13.0,41.33,0.905,85.5,operational,0.057,False
2026-08-07 01:50:22.400462,hvac_008,hvac,Desert Cooler,records_room,Records & Archives,3.79,2.46,49.5,13817.0,8.9,41.16,0.903,86.2,operational,0.059,False
2026-08-08 01:50:22.400462,hvac_008,hvac,Desert Cooler,records_room,Records & Archives,3.8,2.55,50.0,13947.0,12.6,24.26,0.901,81.3,operational,0.061,False
2026-08-09 01:50:22.400462,hvac_008,hvac,Desert Cooler,records_room,Records & Archives,3.8,3.27,56.3,13753.0,6.5,59.91,0.899,81.7,operational,0.063,False
2026-08-10 01:50:22.400462,hvac_008,hvac,Desert Cooler,records_room,Records & Archives,3.8,2.72,60.7,14040.0,14.5,29.29,0.897,79.7,operational,0.065,False
2026-08-11 01:50:22.400462,hvac_008,hvac,Desert Cooler,records_room,Records & Archives,3.81,3.99,52.8,13979.0,12.4,40.01,0.895,85.6,operational,0.067,False
2026-08-12 01:50:22.400462,hvac_008,hvac,Desert Cooler,records_room,Records & Archives,3.81,3.86,50.1,13993.0,12.5,45.16,0.893,80.7,operational,0.069,False
2026-08-13 01:50:22.400462,hvac_008,hvac,Desert Cooler,records_room,Records & Archives,3.81,3.29,51.3,14170.0,16.8,11.78,0.891,80.0,operational,0.07,False
2026-08-14 01:50:22.400462,hvac_008,hvac,Desert Cooler,records_room,Records & Archives,3.81,4.47,52.0,13986.0,11.7,28.99,0.89,80.4,operational,0.072,False
2026-08-15 01:50:22.400462,hvac_008,hvac,Desert Cooler,records_room,Records & Archives,3.82,2.49,53.2,13881.0,8.7,49.85,0.888,80.3,operational,0.074,False
2026-08-16 01:50:22.400462,hvac_008,hvac,Desert Cooler,records_room,Records & Archives,3.82,1.96,51.8,14218.0,16.7,11.64,0.886,82.1,operational,0.076,False
2026-08-17 01:50:22.400462,hvac_008,hvac,Desert Cooler,records_room,Records & Archives,3.82,3.09,53.6,13892.0,8.6,46.3,0.884,76.3,operational,0.078,False
2026-08-18 01:50:22.400462,hvac_008,hvac,Desert Cooler,records_room,Records & Archives,3.83,3.09,54.5,13917.0,9.0,46.17,0.882,74.6,operational,0.08,False
2026-08-19 01:50:22.400462,hvac_008,hvac,Desert Cooler,records_room,Records & Archives,3.83,3.08,53.8,14187.0,14.9,42.39,0.88,80.6,operational,0.082,False
2026-08-20 01:50:22.400462,hvac_008,hvac,Desert Cooler,records_room,Records & Archives,3.83,2.87,53.1,14157.0,13.9,53.9,0.878,83.7,operational,0.083,False
2026-08-21 01:50:22.400462,hvac_008,hvac,Desert Cooler,records_room,Records & Archives,3.83,2.88,50.5,14217.0,14.9,16.16,0.876,83.1,operational,0.085,False
2026-08-22 01:50:22.400462,hvac_008,hvac,Desert Cooler,records_room,Records & Archives,3.84,3.59,54.1,13966.0,9.2,9.84,0.875,82.6,operational,0.087,False
2026-08-23 01:50:22.400462,hvac_008,hvac,Desert Cooler,records_room,Records & Archives,3.84,2.61,45.1,14181.0,13.5,53.65,0.873,76.4,operational,0.089,False
2026-08-24 01:50:22.400462,hvac_008,hvac,Desert Cooler,records_room,Records & Archives,3.84,3.43,53.2,14111.0,11.8,21.05,0.871,81.6,operational,0.091,False
2026-08-25 01:50:22.400462,hvac_008,hvac,Desert Cooler,records_room,Records & Archives,3.84,3.75,57.1,14346.0,16.3,11.35,0.869,79.1,operational,0.093,False
2026-08-26 01:50:22.400462,hvac_008,hvac,Desert Cooler,records_room,Records & Archives,3.85,3.48,49.2,14343.0,15.9,19.21,0.867,76.8,operational,0.095,False
2026-08-27 01:50:22.400462,hvac_008,hvac,Desert Cooler,records_room,Records & Archives,3.85,2.97,50.1,14192.0,12.7,59.23,0.865,78.9,operational,0.096,False
2026-08-28 01:50:22.400462,hvac_008,hvac,Desert Cooler,records_room,Records & Archives,3.85,2.49,53.1,13980.0,8.5,57.74,0.863,74.1,operational,0.098,False
2026-08-29 01:50:22.400462,hvac_008,hvac,Desert Cooler,records_room,Records & Archives,3.86,3.0,57.4,13878.0,6.4,38.4,0.861,79.6,operational,0.1,False
2026-08-30 01:50:22.400462,hvac_008,hvac,Desert Cooler,records_room,Records & Archives,3.86,4.45,54.8,14007.0,8.7,38.31,0.859,76.9,operational,0.102,False
2026-08-31 01:50:22.400462,hvac_008,hvac,Desert Cooler,records_room,Records & Archives,3.86,2.91,55.4,14434.0,16.1,20.79,0.858,77.4,operational,0.104,False
2026-09-01 01:50:22.400462,hvac_008,hvac,Desert Cooler,records_room,Records & Archives,3.86,3.51,47.6,14148.0,10.8,32.29,0.856,75.4,operational,0.106,False
2026-09-02 01:50:22.400462,hvac_008,hvac,Desert Cooler,records_room,Records & Archives,3.87,2.45,51.1,14411.0,15.2,33.67,0.854,78.3,operational,0.108,False
2026-09-03 01:50:22.400462,hvac_008,hvac,Desert Cooler,records_room,Records & Archives,3.87,2.4,48.7,14274.0,12.6,32.76,0.852,75.3,operational,0.109,False
2026-09-04 01:50:22.400462,hvac_008,hvac,Desert Cooler,records_room,Records & Archives,3.87,2.83,53.9,14503.0,16.2,7.0,0.85,75.5,operational,0.111,False
2026-09-05 01:50:22.400462,hvac_008,hvac,Desert Cooler,records_room,Records & Archives,3.87,3.4,49.3,14168.0,10.4,29.26,0.848,75.9,operational,0.113,False
2026-09-06 01:50:22.400462,hvac_008,hvac,Desert Cooler,records_room,Records & Archives,3.88,2.41,52.3,14282.0,12.1,47.31,0.846,75.5,operational,0.115,False
2026-09-07 01:50:22.400462,hvac_008,hvac,Desert Cooler,records_room,Records & Archives,3.88,2.89,53.9,14381.0,13.5,25.7,0.844,72.5,operational,0.117,False
2026-09-08 01:50:22.400462,hvac_008,hvac,Desert Cooler,records_room,Records & Archives,3.88,3.96,52.0,13994.0,7.2,2.46,0.843,77.7,operational,0.119,False
2026-09-09 01:50:22.400462,hvac_008,hvac,Desert Cooler,records_room,Records & Archives,3.89,2.72,52.8,14626.0,16.8,53.79,0.841,74.2,operational,0.12,False
2026-09-10 01:50:22.400462,hvac_008,hvac,Desert Cooler,records_room,Records & Archives,3.89,2.17,50.6,13967.0,6.6,35.67,0.839,75.0,operational,0.122,False
2026-09-11 01:50:22.400462,hvac_008,hvac,Desert Cooler,records_room,Records & Archives,3.89,2.67,48.8,14616.0,16.2,6.14,0.837,83.7,operational,0.124,False
2026-09-12 01:50:22.400462,hvac_008,hvac,Desert Cooler,records_room,Records & Archives,3.89,3.22,53.4,14352.0,12.1,8.34,0.835,78.0,operational,0.126,False
2026-09-13 01:50:22.400462,hvac_008,hvac,Desert Cooler,records_room,Records & Archives,3.9,2.63,50.8,14379.0,12.3,31.61,0.833,73.8,operational,0.128,False
2026-09-14 01:50:22.400462,hvac_008,hvac,Desert Cooler,records_room,Records & Archives,3.9,3.06,52.2,14352.0,11.7,42.81,0.831,70.4,operational,0.13,False
2026-09-15 01:50:22.400462,hvac_008,hvac,Desert Cooler,records_room,Records & Archives,3.9,3.21,49.0,14010.0,6.7,49.4,0.829,73.8,operational,0.132,False
2026-09-16 01:50:22.400462,hvac_008,hvac,Desert Cooler,records_room,Records & Archives,3.9,3.09,53.3,14464.0,12.9,12.94,0.827,73.5,operational,0.133,False
2026-09-17 01:50:22.400462,hvac_008,hvac,Desert Cooler,records_room,Records & Archives,3.91,3.37,54.7,14276.0,10.2,35.67,0.826,73.0,operational,0.135,False
2026-09-18 01:50:22.400462,hvac_008,hvac,Desert Cooler,records_room,Records & Archives,3.91,2.95,54.3,14223.0,9.3,32.44,0.824,76.1,operational,0.137,False
2026-09-19 01:50:22.400462,hvac_008,hvac,Desert Cooler,records_room,Records & Archives,3.91,3.38,50.7,14041.0,6.8,24.15,0.822,73.7,operational,0.139,False
2026-09-20 01:50:22.400462,hvac_008,hvac,Desert Cooler,records_room,Records & Archives,3.92,3.59,57.3,14474.0,12.4,45.42,0.82,72.2,operational,0.141,False
2026-09-21 01:50:22.400462,hvac_008,hvac,Desert Cooler,records_room,Records & Archives,3.92,2.38,53.1,14278.0,9.7,57.34,0.818,75.6,operational,0.143,False
2026-09-22 01:50:22.400462,hvac_008,hvac,Desert Cooler,records_room,Records & Archives,3.92,2.41,49.4,14301.0,9.9,4.32,0.816,74.3,operational,0.145,False
2026-09-23 01:50:22.400462,hvac_008,hvac,Desert Cooler,records_room,Records & Archives,3.92,3.18,51.9,14287.0,9.6,2.8,0.814,66.4,operational,0.146,False
2026-09-24 01:50:22.400462,hvac_008,hvac,Desert Cooler,records_room,Records & Archives,3.93,3.54,49.5,14561.0,12.9,9.92,0.812,72.1,operational,0.148,False
2026-09-25 01:50:22.400462,hvac_008,hvac,Desert Cooler,records_room,Records & Archives,3.93,3.18,52.8,14775.0,15.4,7.13,0.811,79.8,operational,0.15,False
2026-09-26 01:50:22.400462,hvac_008,hvac,Desert Cooler,records_room,Records & Archives,3.93,3.23,53.6,14044.0,6.3,45.86,0.809,73.0,operational,0.15,False
2026-09-27 01:50:22.400462,hvac_008,hvac,Desert Cooler,records_room,Records & Archives,3.93,3.86,50.0,14690.0,14.0,60.82,0.807,71.3,operational,0.15,False
2026-09-28 01:50:22.400462,hvac_008,hvac,Desert Cooler,records_room,Records & Archives,3.94,3.24,48.7,14491.0,11.4,36.13,0.805,74.7,operational,0.15,False
2026-09-29 01:50:22.400462,hvac_008,hvac,Desert Cooler,records_room,Records & Archives,3.94,3.14,49.9,14426.0,10.5,9.68,0.803,69.3,operational,0.15,False
2026-09-30 01:50:22.400462,hvac_008,hvac,Desert Cooler,records_room,Records & Archives,3.94,3.49,56.7,14308.0,9.0,31.17,0.801,75.5,operational,0.15,False
2026-10-01 01:50:22.400462,hvac_008,hvac,Desert Cooler,records_room,Records & Archives,3.95,3.39,56.2,14280.0,8.6,13.26,0.799,77.2,operational,0.15,False
2026-10-02 01:50:22.400462,hvac_008,hvac,Desert Cooler,records_room,Records & Archives,3.95,2.58,57.9,15046.0,17.2,52.12,0.797,71.1,operational,0.15,False
2026-10-03 01:50:22.400462,hvac_008,hvac,Desert Cooler,records_room,Records & Archives,3.95,2.78,53.5,14972.0,16.2,32.83,0.796,74.4,operational,0.15,False
2026-07-06 01:50:22.400462,hvac_009,hvac,Split AC,water_supply,Water Supply Office,11.31,5.37,66.4,41293.0,9.6,45.31,0.887,61.5,operational,0.004,False
2026-07-07 01:50:22.400462,hvac_009,hvac,Split AC,water_supply,Water Supply Office,11.32,6.06,67.2,41301.0,7.5,28.68,0.881,61.9,operational,0.016,False
2026-07-08 01:50:22.400462,hvac_009,hvac,Split AC,water_supply,Water Supply Office,11.32,5.79,63.6,41326.0,16.3,35.94,0.875,63.8,operational,0.019,False
2026-07-09 01:50:22.400462,hvac_009,hvac,Split AC,water_supply,Water Supply Office,11.32,6.12,72.2,41322.0,9.7,2.4,0.87,57.4,maintenance_needed,0.028,True
2026-07-10 01:50:22.400462,hvac_009,hvac,Split AC,water_supply,Water Supply Office,11.32,5.3,62.3,41358.0,16.1,30.65,0.864,57.5,maintenance_needed,0.026,True
2026-07-11 01:50:22.400462,hvac_009,hvac,Split AC,water_supply,Water Supply Office,11.33,5.92,70.6,41347.0,10.7,42.95,0.858,54.9,maintenance_needed,0.038,True
2026-07-12 01:50:22.400462,hvac_009,hvac,Split AC,water_supply,Water Supply Office,11.33,5.66,66.2,41371.0,13.0,10.03,0.853,62.4,operational,0.041,False
2026-07-13 01:50:22.400462,hvac_009,hvac,Split AC,water_supply,Water Supply Office,11.33,5.55,61.2,41374.0,11.6,28.57,0.847,52.9,maintenance_needed,0.045,True
2026-07-14 01:50:22.400462,hvac_009,hvac,Split AC,water_supply,Water Supply Office,11.34,4.75,65.7,41362.0,8.6,10.8,0.841,63.0,operational,0.045,False
2026-07-15 01:50:22.400462,hvac_009,hvac,Split AC,water_supply,Water Supply Office,11.34,4.93,66.8,41383.0,10.0,20.03,0.836,62.1,operational,0.051,False
2026-07-16 01:50:22.400462,hvac_009,hvac,Split AC,water_supply,Water Supply Office,11.34,5.62,69.8,41375.0,8.2,14.63,0.83,60.1,operational,0.063,False
2026-07-17 01:50:22.400462,hvac_009,hvac,Split AC,water_supply,Water Supply Office,11.34,5.04,64.8,41446.0,13.9,53.75,0.824,63.6,operational,0.063,False
2026-07-18 01:50:22.400462,hvac_009,hvac,Split AC,water_supply,Water Supply Office,11.35,5.68,72.4,41429.0,11.3,43.86,0.819,58.6,maintenance_needed,0.075,True
2026-07-19 01:50:22.400462,hvac_009,hvac,Split AC,water_supply,Water Supply Office,11.35,5.73,70.2,41372.0,6.1,61.32,0.813,55.3,maintenance_needed,0.081,True
2026-07-20 01:50:22.400462,hvac_009,hvac,Split AC,water_supply,Water Supply Office,11.35,5.97,67.4,41441.0,10.5,55.52,0.807,55.9,maintenance_needed,0.089,True
2026-07-21 01:50:22.400462,hvac_009,hvac,Split AC,water_supply,Water Supply Office,11.35,5.84,64.3,41476.0,12.1,11.1,0.802,56.0,maintenance_needed,0.093,True
2026-07-22 01:50:22.400462,hvac_009,hvac,Split AC,water_supply,Water Supply Office,11.36,5.59,68.3,41406.0,7.1,17.34,0.796,54.7,maintenance_needed,0.096,True
2026-07-23 01:50:22.400462,hvac_009,hvac,Split AC,water_supply,Water Supply Office,11.36,5.45,65.9,41530.0,13.9,27.84,0.79,51.7,maintenance_needed,0.101,True
2026-07-24 01:50:22.400462,hvac_009,hvac,Split AC,water_supply,Water Supply Office,11.36,6.04,68.9,41520.0,12.6,34.02,0.785,55.0,maintenance_needed,0.112,True
2026-07-25 01:50:22.400462,hvac_009,hvac,Split AC,water_supply,Water Supply Office,11.37,6.66,64.7,41578.0,15.0,26.72,0.779,46.4,maintenance_needed,0.124,True
2026-07-26 01:50:22.400462,hvac_009,hvac,Split AC,water_supply,Water Supply Office,11.37,5.17,65.2,41568.0,13.7,40.28,0.773,56.1,maintenance_needed,0.115,True
2026-07-27 01:50:22.400462,hvac_009,hvac,Split AC,water_supply,Water Supply Office,11.37,5.45,61.4,41452.0,7.5,4.12,0.768,51.0,maintenance_needed,0.123,True
2026-07-28 01:50:22.400462,hvac_009,hvac,Split AC,water_supply,Water Supply Office,11.37,5.86,66.1,41620.0,14.9,43.42,0.762,48.1,maintenance_needed,0.133,True
2026-07-29 01:50:22.400462,hvac_009,hvac,Split AC,water_supply,Water Supply Office,11.38,4.54,68.0,41583.0,12.6,44.15,0.756,46.2,maintenance_needed,0.13,True
2026-07-30 01:50:22.400462,hvac_009,hvac,Split AC,water_supply,Water Supply Office,11.38,5.76,64.7,41495.0,8.4,55.78,0.75,49.5,maintenance_needed,0.143,True
2026-07-31 01:50:22.400462,hvac_009,hvac,Split AC,water_supply,Water Supply Office,11.38,4.87,69.8,41550.0,10.3,33.13,0.745,50.9,maintenance_needed,0.141,True
2026-08-01 01:50:22.400462,hvac_009,hvac,Split AC,water_supply,Water Supply Office,11.38,4.34,66.6,41602.0,11.9,27.44,0.739,50.0,maintenance_needed,0.147,True
2026-08-02 01:50:22.400462,hvac_009,hvac,Split AC,water_supply,Water Supply Office,11.39,5.32,73.1,41723.0,15.9,58.34,0.733,48.0,maintenance_needed,0.15,True
2026-08-03 01:50:22.400462,hvac_009,hvac,Split AC,water_supply,Water Supply Office,11.39,5.0,68.3,41697.0,14.4,27.42,0.728,53.1,maintenance_needed,0.15,True
2026-08-04 01:50:22.400462,hvac_009,hvac,Split AC,water_supply,Water Supply Office,11.39,5.16,72.0,41515.0,7.6,31.58,0.722,46.3,maintenance_needed,0.15,True
2026-08-05 01:50:22.400462,hvac_009,hvac,Split AC,water_supply,Water Supply Office,11.4,6.01,67.0,41643.0,11.6,56.63,0.716,43.0,maintenance_needed,0.15,True
2026-08-06 01:50:22.400462,hvac_009,hvac,Split AC,water_supply,Water Supply Office,11.4,5.68,68.8,41783.0,15.8,56.01,0.711,43.3,maintenance_needed,0.15,True
2026-08-07 01:50:22.400462,hvac_009,hvac,Split AC,water_supply,Water Supply Office,11.4,5.81,64.2,41813.0,16.2,18.76,0.705,43.7,maintenance_needed,0.15,True
2026-08-08 01:50:22.400462,hvac_009,hvac,Split AC,water_supply,Water Supply Office,11.4,5.12,70.1,41738.0,13.5,57.59,0.699,44.9,maintenance_needed,0.15,True
2026-08-09 01:50:22.400462,hvac_009,hvac,Split AC,water_supply,Water Supply Office,11.41,5.91,65.5,41904.0,18.0,36.33,0.694,45.8,maintenance_needed,0.15,True
2026-08-10 01:50:22.400462,hvac_009,hvac,Split AC,water_supply,Water Supply Office,11.41,5.19,68.4,41552.0,7.4,7.68,0.688,48.5,maintenance_needed,0.15,True
2026-08-11 01:50:22.400462,hvac_009,hvac,Split AC,water_supply,Water Supply Office,11.41,4.58,66.7,41940.0,18.0,12.59,0.682,45.8,maintenance_needed,0.15,True
2026-08-12 01:50:22.400462,hvac_009,hvac,Split AC,water_supply,Water Supply Office,11.41,4.67,69.8,41762.0,12.7,11.95,0.677,53.5,maintenance_needed,0.15,True
2026-08-13 01:50:22.400462,hvac_009,hvac,Split AC,water_supply,Water Supply Office,11.42,5.24,66.7,41759.0,12.2,37.04,0.671,44.3,maintenance_needed,0.15,True
2026-08-14 01:50:22.400462,hvac_009,hvac,Split AC,water_supply,Water Supply Office,11.42,5.81,67.5,41839.0,14.0,18.69,0.665,39.8,maintenance_needed,0.15,True
2026-08-15 01:50:22.400462,hvac_009,hvac,Split AC,water_supply,Water Supply Office,11.42,5.45,64.6,41958.0,16.6,70.41,0.66,36.5,maintenance_needed,0.15,True
2026-08-16 01:50:22.400462,hvac_009,hvac,Split AC,water_supply,Water Supply Office,11.43,6.33,62.2,41633.0,8.3,11.15,0.654,36.0,maintenance_needed,0.15,True
2026-08-17 01:50:22.400462,hvac_009,hvac,Split AC,water_supply,Water Supply Office,11.43,5.38,63.8,41894.0,14.3,7.81,0.648,37.4,maintenance_needed,0.15,True
2026-08-18 01:50:22.400462,hvac_009,hvac,Split AC,water_supply,Water Supply Office,11.43,5.42,67.7,41634.0,7.9,51.57,0.642,40.2,maintenance_needed,0.15,True
2026-08-19 01:50:22.400462,hvac_009,hvac,Split AC,water_supply,Water Supply Office,11.43,5.57,69.1,41942.0,14.7,43.52,0.637,38.3,maintenance_needed,0.15,True
2026-08-20 01:50:22.400462,hvac_009,hvac,Split AC,water_supply,Water Supply Office,11.44,5.44,68.1,41681.0,8.6,45.76,0.631,40.2,maintenance_needed,0.15,True
2026-08-21 01:50:22.400462,hvac_009,hvac,Split AC,water_supply,Water Supply Office,11.44,5.8,66.1,41770.0,10.4,66.92,0.625,33.5,maintenance_needed,0.15,True
2026-08-22 01:50:22.400462,hvac_009,hvac,Split AC,water_supply,Water Supply Office,11.44,5.29,68.8,41711.0,8.9,74.25,0.62,37.3,maintenance_needed,0.15,True
2026-08-23 01:50:22.400462,hvac_009,hvac,Split AC,water_supply,Water Supply Office,11.44,5.31,68.7,42152.0,17.9,61.97,0.614,35.7,maintenance_needed,0.15,True
2026-08-24 01:50:22.400462,hvac_009,hvac,Split AC,water_supply,Water Supply Office,11.45,5.55,63.6,41935.0,13.1,17.61,0.608,34.0,maintenance_needed,0.15,True
2026-08-25 01:50:22.400462,hvac_009,hvac,Split AC,water_supply,Water Supply Office,11.45,5.82,73.9,42097.0,16.1,47.46,0.603,30.1,maintenance_needed,0.15,True
2026-08-26 01:50:22.400462,hvac_009,hvac,Split AC,water_supply,Water Supply Office,11.45,5.57,71.5,41858.0,11.1,38.55,0.597,35.3,maintenance_needed,0.15,True
2026-08-27 01:50:22.400462,hvac_009,hvac,Split AC,water_supply,Water Supply Office,11.46,4.75,68.7,41738.0,8.6,33.68,0.591,32.4,maintenance_needed,0.15,True
2026-08-28 01:50:22.400462,hvac_009,hvac,Split AC,water_supply,Water Supply Office,11.46,5.69,67.2,41998.0,13.3,28.2,0.586,30.6,maintenance_needed,0.15,True
2026-08-29 01:50:22.400462,hvac_009,hvac,Split AC,water_supply,Water Supply Office,11.46,5.85,68.5,42132.0,15.5,31.35,0.58,25.0,critical,0.15,True
2026-08-30 01:50:22.400462,hvac_009,hvac,Split AC,water_supply,Water Supply Office,11.46,5.61,65.7,41765.0,8.6,25.79,0.574,28.9,critical,0.15,True
2026-08-31 01:50:22.400462,hvac_009,hvac,Split AC,water_supply,Water Supply Office,11.47,4.8,64.9,41742.0,8.0,65.0,0.569,37.7,maintenance_needed,0.15,True
2026-09-01 01:50:22.400462,hvac_009,hvac,Split AC,water_supply,Water Supply Office,11.47,6.34,73.8,42021.0,12.8,47.51,0.563,31.9,maintenance_needed,0.15,True
2026-09-02 01:50:22.400462,hvac_009,hvac,Split AC,water_supply,Water Supply Office,11.47,5.77,71.3,41992.0,12.0,75.4,0.557,26.9,critical,0.15,True
2026-09-03 01:50:22.400462,hvac_009,hvac,Split AC,water_supply,Water Supply Office,11.47,5.59,65.4,41798.0,8.6,12.72,0.552,34.8,maintenance_needed,0.15,True
2026-09-04 01:50:22.400462,hvac_009,hvac,Split AC,water_supply,Water Supply Office,11.48,5.02,70.3,41946.0,10.9,13.04,0.546,33.4,maintenance_needed,0.15,True
2026-09-05 01:50:22.400462,hvac_009,hvac,Split AC,water_supply,Water Supply Office,11.48,6.34,67.1,41883.0,9.7,64.4,0.54,26.2,critical,0.15,True
2026-09-06 01:50:22.400462,hvac_009,hvac,Split AC,water_supply,Water Supply Office,11.48,4.67,67.4,42186.0,14.4,57.57,0.534,29.7,critical,0.15,True
2026-09-07 01:50:22.400462,hvac_009,hvac,Split AC,water_supply,Water Supply Office,11.49,5.1,70.8,41950.0,10.4,86.14,0.529,25.6,critical,0.15,True
2026-09-08 01:50:22.400462,hvac_009,hvac,Split AC,water_supply,Water Supply Office,11.49,5.92,68.4,41698.0,6.3,13.6,0.523,28.9,critical,0.15,True
2026-09-09 01:50:22.400462,hvac_009,hvac,Split AC,water_supply,Water Supply Office,11.49,4.82,66.9,41772.0,7.4,65.11,0.517,29.8,critical,0.15,True
2026-09-10 01:50:22.400462,hvac_009,hvac,Split AC,water_supply,Water Supply Office,11.49,6.16,64.0,41779.0,7.3,52.33,0.512,28.2,critical,0.15,True
2026-09-11 01:50:22.400462,hvac_009,hvac,Split AC,water_supply,Water Supply Office,11.5,5.52,63.4,41883.0,8.8,53.87,0.506,26.5,critical,0.15,True
2026-09-12 01:50:22.400462,hvac_009,hvac,Split AC,water_supply,Water Supply Office,11.5,5.01,68.6,41894.0,8.8,77.01,0.5,26.3,critical,0.15,True
2026-09-13 01:50:22.400462,hvac_009,hvac,Split AC,water_supply,Water Supply Office,11.5,6.04,70.6,42402.0,16.1,47.46,0.5,19.6,critical,0.15,True
2026-09-14 01:50:22.400462,hvac_009,hvac,Split AC,water_supply,Water Supply Office,11.51,5.46,72.0,41848.0,7.9,32.52,0.5,25.9,critical,0.15,True
2026-09-15 01:50:22.400462,hvac_009,hvac,Split AC,water_supply,Water Supply Office,11.51,6.2,72.9,42513.0,17.2,81.09,0.5,21.7,critical,0.15,True
2026-09-16 01:50:22.400462,hvac_009,hvac,Split AC,water_supply,Water Supply Office,11.51,5.25,72.4,41813.0,7.2,49.87,0.5,19.6,critical,0.15,True
2026-09-17 01:50:22.400462,hvac_009,hvac,Split AC,water_supply,Water Supply Office,11.51,5.36,70.3,42068.0,10.6,69.32,0.5,22.4,critical,0.15,True
2026-09-18 01:50:22.400462,hvac_009,hvac,Split AC,water_supply,Water Supply Office,11.52,4.84,66.5,42584.0,17.4,30.6,0.5,27.3,critical,0.15,True
2026-09-19 01:50:22.400462,hvac_009,hvac,Split AC,water_supply,Water Supply Office,11.52,6.51,71.3,42301.0,13.4,97.13,0.5,14.0,critical,0.15,True
2026-09-20 01:50:22.400462,hvac_009,hvac,Split AC,water_supply,Water Supply Office,11.52,5.45,66.7,42484.0,15.7,42.76,0.5,17.2,critical,0.15,True
2026-09-21 01:50:22.400462,hvac_009,hvac,Split AC,water_supply,Water Supply Office,11.52,5.56,72.3,42093.0,10.4,98.53,0.5,19.0,critical,0.15,True
2026-09-22 01:50:22.400462,hvac_009,hvac,Split AC,water_supply,Water Supply Office,11.53,5.39,66.9,42416.0,14.4,99.56,0.5,20.9,critical,0.15,True
2026-09-23 01:50:22.400462,hvac_009,hvac,Split AC,water_supply,Water Supply Office,11.53,4.82,69.5,42211.0,11.6,43.5,0.5,22.1,critical,0.15,True
2026-09-24 01:50:22.400462,hvac_009,hvac,Split AC,water_supply,Water Supply Office,11.53,5.48,62.7,41851.0,7.0,16.66,0.5,16.9,critical,0.15,True
2026-09-25 01:50:22.400462,hvac_009,hvac,Split AC,water_supply,Water Supply Office,11.54,5.97,70.8,42024.0,9.0,33.03,0.5,12.4,critical,0.15,True
2026-09-26 01:50:22.400462,hvac_009,hvac,Split AC,water_supply,Water Supply Office,11.54,6.41,71.3,42449.0,14.1,70.3,0.5,9.9,critical,0.15,True
2026-09-27 01:50:22.400462,hvac_009,hvac,Split AC,water_supply,Water Supply Office,11.54,6.64,65.3,42042.0,9.0,61.65,0.5,7.8,critical,0.15,True
2026-09-28 01:50:22.400462,hvac_009,hvac,Split AC,water_supply,Water Supply Office,11.54,5.95,66.0,42406.0,13.2,86.52,0.5,18.4,critical,0.15,True
2026-09-29 01:50:22.400462,hvac_009,hvac,Split AC,water_supply,Water Supply Office,11.55,6.42,70.0,42239.0,11.1,63.32,0.5,11.7,critical,0.15,True
2026-09-30 01:50:22.400462,hvac_009,hvac,Split AC,water_supply,Water Supply Office,11.55,5.15,65.0,42635.0,15.6,13.65,0.5,19.1,critical,0.15,True
2026-10-01 01:50:22.400462,hvac_009,hvac,Split AC,water_supply,Water Supply Office,11.55,5.71,65.3,42780.0,17.1,78.17,0.5,18.4,critical,0.15,True
2026-10-02 01:50:22.400462,hvac_009,hvac,Split AC,water_supply,Water Supply Office,11.55,6.46,66.9,41992.0,7.9,83.75,0.5,7.6,critical,0.15,True
2026-10-03 01:50:22.400462,hvac_009,hvac,Split AC,water_supply,Water Supply Office,11.56,5.1,67.8,42130.0,9.4,61.92,0.5,17.5,critical,0.15,True
2026-07-06 01:50:22.400462,hvac_010,hvac,Central AC,workshop,Maintenance Workshop,0.93,3.02,47.3,3409.0,8.8,47.82,0.991,94.5,operational,0.0,False
2026-07-07 01:50:22.400462,hvac_010,hvac,Central AC,workshop,Maintenance Workshop,0.94,2.23,50.9,3417.0,8.3,45.87,0.99,93.4,operational,0.0,False
2026-07-08 01:50:22.400462,hvac_010,hvac,Central AC,workshop,Maintenance Workshop,0.94,1.78,56.8,3445.0,17.9,49.52,0.99,92.3,operational,0.001,False
2026-07-09 01:50:22.400462,hvac_010,hvac,Central AC,workshop,Maintenance Workshop,0.94,1.79,45.3,3430.0,7.1,47.23,0.989,98.8,operational,0.001,False
2026-07-10 01:50:22.400462,hvac_010,hvac,Central AC,workshop,Maintenance Workshop,0.94,2.25,46.0,3459.0,12.4,45.67,0.989,99.8,operational,0.002,False
2026-07-11 01:50:22.400462,hvac_010,hvac,Central AC,workshop,Maintenance Workshop,0.95,2.27,54.2,3466.0,11.4,26.62,0.988,98.0,operational,0.002,False
2026-07-12 01:50:22.400462,hvac_010,hvac,Central AC,workshop,Maintenance Workshop,0.95,1.96,48.8,3454.0,7.5,31.25,0.988,100.0,operational,0.003,False
2026-07-13 01:50:22.400462,hvac_010,hvac,Central AC,workshop,Maintenance Workshop,0.95,2.75,42.1,3453.0,6.3,22.83,0.987,97.3,operational,0.003,False
2026-07-14 01:50:22.400462,hvac_010,hvac,Central AC,workshop,Maintenance Workshop,0.96,1.3,45.5,3495.0,10.8,37.51,0.987,95.5,operational,0.004,False
2026-07-15 01:50:22.400462,hvac_010,hvac,Central AC,workshop,Maintenance Workshop,0.96,2.38,51.4,3497.0,9.7,33.37,0.986,95.4,operational,0.004,False
2026-07-16 01:50:22.400462,hvac_010,hvac,Central AC,workshop,Maintenance Workshop,0.96,3.28,45.8,3576.0,16.7,23.1,0.986,100.0,operational,0.005,False
2026-07-17 01:50:22.400462,hvac_010,hvac,Central AC,workshop,Maintenance Workshop,0.96,2.53,48.8,3561.0,13.8,22.28,0.985,96.6,operational,0.005,False
2026-07-18 01:50:22.400462,hvac_010,hvac,Central AC,workshop,Maintenance Workshop,0.97,2.21,47.7,3595.0,15.5,45.45,0.985,93.0,operational,0.006,False
2026-07-19 01:50:22.400462,hvac_010,hvac,Central AC,workshop,Maintenance Workshop,0.97,3.15,49.1,3605.0,15.0,14.27,0.984,96.6,operational,0.006,False
2026-07-20 01:50:22.400462,hvac_010,hvac,Central AC,workshop,Maintenance Workshop,0.97,2.6,44.5,3619.0,15.0,34.38,0.984,97.6,operational,0.007,False
2026-07-21 01:50:22.400462,hvac_010,hvac,Central AC,workshop,Maintenance Workshop,0.98,1.98,48.8,3661.0,16.8,4.1,0.983,95.5,operational,0.007,False
2026-07-22 01:50:22.400462,hvac_010,hvac,Central AC,workshop,Maintenance Workshop,0.98,3.16,49.1,3687.0,17.4,46.05,0.983,98.7,operational,0.007,False
2026-07-23 01:50:22.400462,hvac_010,hvac,Central AC,workshop,Maintenance Workshop,0.98,2.23,54.6,3702.0,17.2,27.4,0.982,100.0,operational,0.008,False
2026-07-24 01:50:22.400462,hvac_010,hvac,Central AC,workshop,Maintenance Workshop,0.98,2.08,46.7,3565.0,8.7,34.73,0.982,95.8,operational,0.008,False
2026-07-25 01:50:22.400462,hvac_010,hvac,Central AC,workshop,Maintenance Workshop,0.99,2.84,46.3,3644.0,12.4,12.57,0.981,96.6,operational,0.009,False
2026-07-26 01:50:22.400462,hvac_010,hvac,Central AC,workshop,Maintenance Workshop,0.99,3.2,54.6,3738.0,16.4,18.07,0.981,91.2,operational,0.009,False
2026-07-27 01:50:22.400462,hvac_010,hvac,Central AC,workshop,Maintenance Workshop,0.99,3.01,41.6,3763.0,16.9,10.17,0.98,94.5,operational,0.01,False
2026-07-28 01:50:22.400462,hvac_010,hvac,Central AC,workshop,Maintenance Workshop,0.99,1.77,50.1,3624.0,9.8,2.31,0.98,98.2,operational,0.01,False
2026-07-29 01:50:22.400462,hvac_010,hvac,Central AC,workshop,Maintenance Workshop,1.0,2.18,51.7,3764.0,15.4,38.84,0.979,100.0,operational,0.011,False
2026-07-30 01:50:22.400462,hvac_010,hvac,Central AC,workshop,Maintenance Workshop,1.0,2.14,46.0,3767.0,14.9,30.54,0.979,98.9,operational,0.011,False
2026-07-31 01:50:22.400462,hvac_010,hvac,Central AC,workshop,Maintenance Workshop,1.0,2.5,52.9,3752.0,13.7,19.0,0.978,96.8,operational,0.012,False
2026-08-01 01:50:22.400462,hvac_010,hvac,Central AC,workshop,Maintenance Workshop,1.01,2.57,47.4,3875.0,17.9,26.63,0.978,90.9,operational,0.012,False
2026-08-02 01:50:22.400462,hvac_010,hvac,Central AC,workshop,Maintenance Workshop,1.01,2.06,48.6,3681.0,10.1,35.68,0.977,95.8,operational,0.013,False
2026-08-03 01:50:22.400462,hvac_010,hvac,Central AC,workshop,Maintenance Workshop,1.01,1.75,44.5,3741.0,11.8,24.02,0.977,90.0,operational,0.013,False
2026-08-04 01:50:22.400462,hvac_010,hvac,Central AC,workshop,Maintenance Workshop,1.01,2.39,48.7,3815.0,14.0,45.4,0.976,92.1,operational,0.014,False
2026-08-05 01:50:22.400462,hvac_010,hvac,Central AC,workshop,Maintenance Workshop,1.02,2.43,50.7,3785.0,12.5,25.89,0.976,96.6,operational,0.014,False
2026-08-06 01:50:22.400462,hvac_010,hvac,Central AC,workshop,Maintenance Workshop,1.02,2.09,43.8,3877.0,15.1,45.66,0.975,95.7,operational,0.014,False
2026-08-07 01:50:22.400462,hvac_010,hvac,Central AC,workshop,Maintenance Workshop,1.02,2.33,46.6,3645.0,7.4,7.77,0.975,96.5,operational,0.015,False
2026-08-08 01:50:22.400462,hvac_010,hvac,Central AC,workshop,Maintenance Workshop,1.02,2.27,48.6,3743.0,10.1,24.44,0.974,97.2,operational,0.015,False
2026-08-09 01:50:22.400462,hvac_010,hvac,Central AC,workshop,Maintenance Workshop,1.03,1.49,47.2,3808.0,11.7,45.96,0.974,96.9,operational,0.016,False
2026-08-10 01:50:22.400462,hvac_010,hvac,Central AC,workshop,Maintenance Workshop,1.03,2.35,46.1,3749.0,9.7,33.96,0.973,98.6,operational,0.016,False
2026-08-11 01:50:22.400462,hvac_010,hvac,Central AC,workshop,Maintenance Workshop,1.03,2.04,44.2,3720.0,8.6,7.56,0.973,94.5,operational,0.017,False
2026-08-12 01:50:22.400462,hvac_010,hvac,Central AC,workshop,Maintenance Workshop,1.04,2.93,47.4,3872.0,12.5,34.22,0.972,96.2,operational,0.017,False
2026-08-13 01:50:22.400462,hvac_010,hvac,Central AC,workshop,Maintenance Workshop,1.04,2.47,45.6,3797.0,10.2,49.15,0.972,91.7,operational,0.018,False
2026-08-14 01:50:22.400462,hvac_010,hvac,Central AC,workshop,Maintenance Workshop,1.04,2.22,52.1,4091.0,17.5,4.73,0.971,93.6,operational,0.018,False
2026-08-15 01:50:22.400462,hvac_010,hvac,Central AC,workshop,Maintenance Workshop,1.04,2.49,42.9,4123.0,17.8,34.3,0.971,100.0,operational,0.019,False
2026-08-16 01:50:22.400462,hvac_010,hvac,Central AC,workshop,Maintenance Workshop,1.05,1.6,46.9,4117.0,17.3,10.7,0.97,93.8,operational,0.019,False
2026-08-17 01:50:22.400462,hvac_010,hvac,Central AC,workshop,Maintenance Workshop,1.05,3.0,44.9,3781.0,8.9,42.28,0.97,94.6,operational,0.02,False
2026-08-18 01:50:22.400462,hvac_010,hvac,Central AC,workshop,Maintenance Workshop,1.05,2.46,44.7,4130.0,16.8,36.25,0.969,93.3,operational,0.02,False
2026-08-19 01:50:22.400462,hvac_010,hvac,Central AC,workshop,Maintenance Workshop,1.05,1.88,45.9,4184.0,17.6,52.98,0.969,97.4,operational,0.021,False
2026-08-20 01:50:22.400462,hvac_010,hvac,Central AC,workshop,Maintenance Workshop,1.06,2.74,46.2,4178.0,17.1,51.49,0.968,95.0,operational,0.021,False
2026-08-21 01:50:22.400462,hvac_010,hvac,Central AC,workshop,Maintenance Workshop,1.06,2.5,44.4,3872.0,10.1,30.69,0.968,92.5,operational,0.021,False
2026-08-22 01:50:22.400462,hvac_010,hvac,Central AC,workshop,Maintenance Workshop,1.06,1.69,41.0,3916.0,10.8,27.27,0.967,95.2,operational,0.022,False
2026-08-23 01:50:22.400462,hvac_010,hvac,Central AC,workshop,Maintenance Workshop,1.07,1.57,44.2,3730.0,6.7,52.06,0.967,97.3,operational,0.022,False
2026-08-24 01:50:22.400462,hvac_010,hvac,Central AC,workshop,Maintenance Workshop,1.07,1.75,46.2,4054.0,13.2,11.61,0.966,98.9,operational,0.023,False
2026-08-25 01:50:22.400462,hvac_010,hvac,Central AC,workshop,Maintenance Workshop,1.07,2.56,46.4,3947.0,10.8,47.49,0.966,97.1,operational,0.023,False
2026-08-26 01:50:22.400462,hvac_010,hvac,Central AC,workshop,Maintenance Workshop,1.07,2.41,44.3,4251.0,16.5,14.89,0.965,95.9,operational,0.024,False
2026-08-27 01:50:22.400462,hvac_010,hvac,Central AC,workshop,Maintenance Workshop,1.08,3.46,42.8,4291.0,17.0,14.66,0.965,100.0,operational,0.024,False
2026-08-28 01:50:22.400462,hvac_010,hvac,Central AC,workshop,Maintenance Workshop,1.08,2.41,46.0,4258.0,16.0,34.69,0.964,92.6,operational,0.025,False
2026-08-29 01:50:22.400462,hvac_010,hvac,Central AC,workshop,Maintenance Workshop,1.08,2.41,52.7,3795.0,7.1,33.23,0.964,91.4,operational,0.025,False
2026-08-30 01:50:22.400462,hvac_010,hvac,Central AC,workshop,Maintenance Workshop,1.08,2.5,46.4,4280.0,15.8,48.53,0.963,94.9,operational,0.026,False
2026-08-31 01:50:22.400462,hvac_010,hvac,Central AC,workshop,Maintenance Workshop,1.09,2.32,46.0,4202.0,14.2,51.67,0.963,96.0,operational,0.026,False
2026-09-01 01:50:22.400462,hvac_010,hvac,Central AC,workshop,Maintenance Workshop,1.09,2.26,51.6,4263.0,15.0,16.79,0.962,96.8,operational,0.027,False
2026-09-02 01:50:22.400462,hvac_010,hvac,Central AC,workshop,Maintenance Workshop,1.09,3.29,50.1,3974.0,9.7,9.54,0.962,97.3,operational,0.027,False
2026-09-03 01:50:22.400462,hvac_010,hvac,Central AC,workshop,Maintenance Workshop,1.1,2.81,52.7,3982.0,9.7,33.38,0.961,89.6,operational,0.028,False
2026-09-04 01:50:22.400462,hvac_010,hvac,Central AC,workshop,Maintenance Workshop,1.1,3.07,46.2,4412.0,16.7,51.26,0.961,92.6,operational,0.028,False
2026-09-05 01:50:22.400462,hvac_010,hvac,Central AC,workshop,Maintenance Workshop,1.1,1.42,48.3,3802.0,6.4,50.0,0.961,89.4,operational,0.028,False
2026-09-06 01:50:22.400462,hvac_010,hvac,Central AC,workshop,Maintenance Workshop,1.1,2.08,46.9,3896.0,7.9,27.97,0.96,93.9,operational,0.029,False
2026-09-07 01:50:22.400462,hvac_010,hvac,Central AC,workshop,Maintenance Workshop,1.11,2.71,50.2,4074.0,10.6,37.25,0.96,85.8,operational,0.029,False
2026-09-08 01:50:22.400462,hvac_010,hvac,Central AC,workshop,Maintenance Workshop,1.11,2.8,43.2,4109.0,10.9,13.5,0.959,96.9,operational,0.03,False
2026-09-09 01:50:22.400462,hvac_010,hvac,Central AC,workshop,Maintenance Workshop,1.11,1.68,46.2,4019.0,9.4,13.48,0.959,91.2,operational,0.03,False
2026-09-10 01:50:22.400462,hvac_010,hvac,Central AC,workshop,Maintenance Workshop,1.11,2.13,44.1,4578.0,17.7,21.44,0.958,90.8,operational,0.031,False
2026-09-11 01:50:22.400462,hvac_010,hvac,Central AC,workshop,Maintenance Workshop,1.12,2.02,44.8,3950.0,8.1,24.56,0.958,89.3,operational,0.031,False
2026-09-12 01:50:22.400462,hvac_010,hvac,Central AC,workshop,Maintenance Workshop,1.12,2.89,50.9,3867.0,6.7,12.38,0.957,91.3,operational,0.032,False
2026-09-13 01:50:22.400462,hvac_010,hvac,Central AC,workshop,Maintenance Workshop,1.12,2.54,47.3,4137.0,10.5,35.36,0.957,95.1,operational,0.032,False
2026-09-14 01:50:22.400462,hvac_010,hvac,Central AC,workshop,Maintenance Workshop,1.13,3.32,45.9,4066.0,9.4,3.59,0.956,94.0,operational,0.033,False
2026-09-15 01:50:22.400462,hvac_010,hvac,Central AC,workshop,Maintenance Workshop,1.13,1.97,46.7,3901.0,6.9,4.03,0.956,95.4,operational,0.033,False
2026-09-16 01:50:22.400462,hvac_010,hvac,Central AC,workshop,Maintenance Workshop,1.13,2.54,49.5,4452.0,14.5,44.73,0.955,96.4,operational,0.034,False
2026-09-17 01:50:22.400462,hvac_010,hvac,Central AC,workshop,Maintenance Workshop,1.13,3.02,46.3,4384.0,13.4,49.0,0.955,100.0,operational,0.034,False
2026-09-18 01:50:22.400462,hvac_010,hvac,Central AC,workshop,Maintenance Workshop,1.14,2.51,46.9,4445.0,14.0,41.77,0.954,93.6,operational,0.035,False
2026-09-19 01:50:22.400462,hvac_010,hvac,Central AC,workshop,Maintenance Workshop,1.14,1.95,40.0,4412.0,13.4,15.94,0.954,93.6,operational,0.035,False
2026-09-20 01:50:22.400462,hvac_010,hvac,Central AC,workshop,Maintenance Workshop,1.14,1.85,44.4,4382.0,12.8,7.23,0.953,98.3,operational,0.035,False
2026-09-21 01:50:22.400462,hvac_010,hvac,Central AC,workshop,Maintenance Workshop,1.14,1.99,46.2,4000.0,7.7,17.15,0.953,87.6,operational,0.036,False
2026-09-22 01:50:22.400462,hvac_010,hvac,Central AC,workshop,Maintenance Workshop,1.15,2.86,48.4,4393.0,12.6,4.58,0.952,90.4,operational,0.036,False
2026-09-23 01:50:22.400462,hvac_010,hvac,Central AC,workshop,Maintenance Workshop,1.15,2.39,52.6,4091.0,8.6,37.18,0.952,98.6,operational,0.037,False
2026-09-24 01:50:22.400462,hvac_010,hvac,Central AC,workshop,Maintenance Workshop,1.15,2.0,46.2,4604.0,14.9,19.5,0.951,95.9,operational,0.037,False
2026-09-25 01:50:22.400462,hvac_010,hvac,Central AC,workshop,Maintenance Workshop,1.16,2.58,47.9,4656.0,15.4,49.74,0.951,89.8,operational,0.038,False
2026-09-26 01:50:22.400462,hvac_010,hvac,Central AC,workshop,Maintenance Workshop,1.16,2.39,48.6,4034.0,7.6,41.06,0.95,91.6,operational,0.038,False
2026-09-27 01:50:22.400462,hvac_010,hvac,Central AC,workshop,Maintenance Workshop,1.16,1.25,45.6,4265.0,10.3,40.29,0.95,92.9,operational,0.039,False
2026-09-28 01:50:22.400462,hvac_010,hvac,Central AC,workshop,Maintenance Workshop,1.16,3.24,49.3,3921.0,6.1,35.55,0.949,91.5,operational,0.039,False
2026-09-29 01:50:22.400462,hvac_010,hvac,Central AC,workshop,Maintenance Workshop,1.17,2.98,48.4,4750.0,15.8,23.15,0.949,87.1,operational,0.04,False
2026-09-30 01:50:22.400462,hvac_010,hvac,Central AC,workshop,Maintenance Workshop,1.17,2.78,49.8,4557.0,13.3,11.06,0.948,87.4,operational,0.04,False
2026-10-01 01:50:22.400462,hvac_010,hvac,Central AC,workshop,Maintenance Workshop,1.17,2.25,48.2,4475.0,12.2,29.62,0.948,99.8,operational,0.041,False
2026-10-02 01:50:22.400462,hvac_010,hvac,Central AC,workshop,Maintenance Workshop,1.18,1.46,47.2,4308.0,10.2,50.37,0.947,92.7,operational,0.041,False
2026-10-03 01:50:22.400462,hvac_010,hvac,Central AC,workshop,Maintenance Workshop,1.18,2.12,43.9,4718.0,14.7,47.86,0.947,89.8,operational,0.042,False
2026-07-06 01:50:22.400462,hvac_011,hvac,Desert Cooler,parking_complex,Parking Complex,2.3,3.16,49.5,8382.0,16.9,41.43,0.977,91.6,operational,0.0,False
2026-07-07 01:50:22.400462,hvac_011,hvac,Desert Cooler,parking_complex,Parking Complex,2.3,2.58,47.8,8390.0,7.7,33.69,0.976,95.3,operational,0.001,False
2026-07-08 01:50:22.400462,hvac_011,hvac,Desert Cooler,parking_complex,Parking Complex,2.3,3.25,55.1,8415.0,16.4,44.66,0.975,96.2,operational,0.002,False
2026-07-09 01:50:22.400462,hvac_011,hvac,Desert Cooler,parking_complex,Parking Complex,2.3,1.36,49.5,8427.0,15.1,42.23,0.974,92.5,operational,0.003,False
2026-07-10 01:50:22.400462,hvac_011,hvac,Desert Cooler,parking_complex,Parking Complex,2.31,2.35,44.0,8444.0,15.6,32.49,0.972,87.9,operational,0.005,False
2026-07-11 01:50:22.400462,hvac_011,hvac,Desert Cooler,parking_complex,Parking Complex,2.31,1.95,50.0,8461.0,15.7,2.38,0.971,89.4,operational,0.006,False
2026-07-12 01:50:22.400462,hvac_011,hvac,Desert Cooler,parking_complex,Parking Complex,2.31,3.34,50.4,8467.0,14.2,20.39,0.97,93.7,operational,0.007,False
2026-07-13 01:50:22.400462,hvac_011,hvac,Desert Cooler,parking_complex,Parking Complex,2.32,2.57,53.8,8504.0,17.4,15.57,0.969,90.4,operational,0.008,False
2026-07-14 01:50:22.400462,hvac_011,hvac,Desert Cooler,parking_complex,Parking Complex,2.32,3.08,43.0,8523.0,17.6,8.75,0.968,92.9,operational,0.009,False
2026-07-15 01:50:22.400462,hvac_011,hvac,Desert Cooler,parking_complex,Parking Complex,2.32,3.69,44.7,8449.0,7.5,24.61,0.966,93.5,operational,0.01,False
2026-07-16 01:50:22.400462,hvac_011,hvac,Desert Cooler,parking_complex,Parking Complex,2.32,2.74,53.0,8504.0,12.1,32.03,0.965,92.5,operational,0.011,False
2026-07-17 01:50:22.400462,hvac_011,hvac,Desert Cooler,parking_complex,Parking Complex,2.33,3.28,49.1,8522.0,12.7,2.44,0.964,95.2,operational,0.013,False
2026-07-18 01:50:22.400462,hvac_011,hvac,Desert Cooler,parking_complex,Parking Complex,2.33,2.67,50.4,8474.0,7.6,39.42,0.963,94.7,operational,0.014,False
2026-07-19 01:50:22.400462,hvac_011,hvac,Desert Cooler,parking_complex,Parking Complex,2.33,3.31,49.6,8516.0,10.3,38.44,0.962,93.1,operational,0.015,False
2026-07-20 01:50:22.400462,hvac_011,hvac,Desert Cooler,parking_complex,Parking Complex,2.33,3.42,47.6,8609.0,16.2,21.8,0.961,91.3,operational,0.016,False
2026-07-21 01:50:22.400462,hvac_011,hvac,Desert Cooler,parking_complex,Parking Complex,2.34,3.07,47.8,8544.0,10.8,38.64,0.959,86.5,operational,0.017,False
2026-07-22 01:50:22.400462,hvac_011,hvac,Desert Cooler,parking_complex,Parking Complex,2.34,2.49,47.3,8565.0,11.4,11.01,0.958,91.6,operational,0.018,False
2026-07-23 01:50:22.400462,hvac_011,hvac,Desert Cooler,parking_complex,Parking Complex,2.34,2.31,49.5,8681.0,17.6,40.74,0.957,86.3,operational,0.02,False
2026-07-24 01:50:22.400462,hvac_011,hvac,Desert Cooler,parking_complex,Parking Complex,2.35,2.19,59.1,8698.0,17.5,43.1,0.956,86.9,operational,0.021,False
2026-07-25 01:50:22.400462,hvac_011,hvac,Desert Cooler,parking_complex,Parking Complex,2.35,3.25,50.7,8677.0,15.5,36.35,0.955,89.9,operational,0.022,False
2026-07-26 01:50:22.400462,hvac_011,hvac,Desert Cooler,parking_complex,Parking Complex,2.35,2.14,50.7,8542.0,8.0,15.36,0.954,90.2,operational,0.023,False
2026-07-27 01:50:22.400462,hvac_011,hvac,Desert Cooler,parking_complex,Parking Complex,2.35,2.55,46.9,8539.0,7.4,45.74,0.952,90.3,operational,0.024,False
2026-07-28 01:50:22.400462,hvac_011,hvac,Desert Cooler,parking_complex,Parking Complex,2.36,1.88,49.5,8593.0,9.6,46.41,0.951,89.6,operational,0.025,False
2026-07-29 01:50:22.400462,hvac_011,hvac,Desert Cooler,parking_complex,Parking Complex,2.36,2.89,45.6,8595.0,9.2,45.85,0.95,84.6,operational,0.026,False
2026-07-30 01:50:22.400462,hvac_011,hvac,Desert Cooler,parking_complex,Parking Complex,2.36,3.37,52.8,8615.0,9.7,50.94,0.949,86.3,operational,0.028,False
2026-07-31 01:50:22.400462,hvac_011,hvac,Desert Cooler,parking_complex,Parking Complex,2.36,3.09,46.6,8635.0,10.1,22.72,0.948,83.3,operational,0.029,False
2026-08-01 01:50:22.400462,hvac_011,hvac,Desert Cooler,parking_complex,Parking Complex,2.37,2.29,48.0,8790.0,15.7,7.55,0.946,85.5,operational,0.03,False
2026-08-02 01:50:22.400462,hvac_011,hvac,Desert Cooler,parking_complex,Parking Complex,2.37,3.48,50.0,8751.0,13.7,11.76,0.945,92.5,operational,0.031,False
2026-08-03 01:50:22.400462,hvac_011,hvac,Desert Cooler,parking_complex,Parking Complex,2.37,3.73,47.9,8752.0,13.2,49.36,0.944,90.4,operational,0.032,False
2026-08-04 01:50:22.400462,hvac_011,hvac,Desert Cooler,parking_complex,Parking Complex,2.38,2.84,52.1,8722.0,11.7,19.61,0.943,85.8,operational,0.033,False
2026-08-05 01:50:22.400462,hvac_011,hvac,Desert Cooler,parking_complex,Parking Complex,2.38,3.03,47.5,8885.0,16.8,39.56,0.942,95.3,operational,0.034,False
2026-08-06 01:50:22.400462,hvac_011,hvac,Desert Cooler,parking_complex,Parking Complex,2.38,3.29,48.1,8845.0,14.9,41.11,0.941,88.3,operational,0.036,False
2026-08-07 01:50:22.400462,hvac_011,hvac,Desert Cooler,parking_complex,Parking Complex,2.38,2.37,50.0,8893.0,16.0,24.83,0.939,91.8,operational,0.037,False
2026-08-08 01:50:22.400462,hvac_011,hvac,Desert Cooler,parking_complex,Parking Complex,2.39,3.11,51.3,8600.0,6.6,41.42,0.938,92.4,operational,0.038,False
2026-08-09 01:50:22.400462,hvac_011,hvac,Desert Cooler,parking_complex,Parking Complex,2.39,2.89,50.8,8841.0,13.5,28.08,0.937,86.8,operational,0.039,False
2026-08-10 01:50:22.400462,hvac_011,hvac,Desert Cooler,parking_complex,Parking Complex,2.39,2.13,53.8,8837.0,13.0,40.93,0.936,90.7,operational,0.04,False
2026-08-11 01:50:22.400462,hvac_011,hvac,Desert Cooler,parking_complex,Parking Complex,2.4,3.82,49.7,8879.0,13.8,40.99,0.935,88.7,operational,0.041,False
2026-08-12 01:50:22.400462,hvac_011,hvac,Desert Cooler,parking_complex,Parking Complex,2.4,2.84,47.2,8804.0,11.4,11.77,0.934,85.9,operational,0.042,False
2026-08-13 01:50:22.400462,hvac_011,hvac,Desert Cooler,parking_complex,Parking Complex,2.4,2.5,47.1,8838.0,12.0,27.15,0.932,87.7,operational,0.044,False
2026-08-14 01:50:22.400462,hvac_011,hvac,Desert Cooler,parking_complex,Parking Complex,2.4,2.65,53.2,8753.0,9.5,8.77,0.931,92.8,operational,0.045,False
2026-08-15 01:50:22.400462,hvac_011,hvac,Desert Cooler,parking_complex,Parking Complex,2.41,2.66,50.0,8895.0,12.8,39.65,0.93,87.5,operational,0.046,False
2026-08-16 01:50:22.400462,hvac_011,hvac,Desert Cooler,parking_complex,Parking Complex,2.41,2.45,51.5,8687.0,7.4,22.3,0.929,84.4,operational,0.047,False
2026-08-17 01:50:22.400462,hvac_011,hvac,Desert Cooler,parking_complex,Parking Complex,2.41,2.33,43.2,8761.0,9.0,4.66,0.928,90.1,operational,0.048,False
2026-08-18 01:50:22.400462,hvac_011,hvac,Desert Cooler,parking_complex,Parking Complex,2.41,2.67,56.0,8914.0,12.4,46.1,0.926,89.7,operational,0.049,False
2026-08-19 01:50:22.400462,hvac_011,hvac,Desert Cooler,parking_complex,Parking Complex,2.42,2.61,50.4,8973.0,13.4,28.9,0.925,88.3,operational,0.051,False
2026-08-20 01:50:22.400462,hvac_011,hvac,Desert Cooler,parking_complex,Parking Complex,2.42,2.14,50.2,8675.0,6.5,13.41,0.924,88.6,operational,0.052,False
2026-08-21 01:50:22.400462,hvac_011,hvac,Desert Cooler,parking_complex,Parking Complex,2.42,2.92,49.9,8794.0,8.9,9.94,0.923,89.1,operational,0.053,False
2026-08-22 01:50:22.400462,hvac_011,hvac,Desert Cooler,parking_complex,Parking Complex,2.43,2.49,48.9,8934.0,11.7,25.85,0.922,87.0,operational,0.054,False
2026-08-23 01:50:22.400462,hvac_011,hvac,Desert Cooler,parking_complex,Parking Complex,2.43,2.84,49.2,9159.0,16.2,6.81,0.921,85.4,operational,0.055,False
2026-08-24 01:50:22.400462,hvac_011,hvac,Desert Cooler,parking_complex,Parking Complex,2.43,2.12,56.3,8739.0,7.3,43.02,0.919,87.0,operational,0.056,False
2026-08-25 01:50:22.400462,hvac_011,hvac,Desert Cooler,parking_complex,Parking Complex,2.43,2.46,48.3,8697.0,6.3,26.44,0.918,80.5,operational,0.057,False
2026-08-26 01:50:22.400462,hvac_011,hvac,Desert Cooler,parking_complex,Parking Complex,2.44,2.55,49.7,8753.0,7.3,23.39,0.917,90.7,operational,0.059,False
2026-08-27 01:50:22.400462,hvac_011,hvac,Desert Cooler,parking_complex,Parking Complex,2.44,2.67,49.2,8724.0,6.6,48.68,0.916,86.8,operational,0.06,False
2026-08-28 01:50:22.400462,hvac_011,hvac,Desert Cooler,parking_complex,Parking Complex,2.44,2.16,48.9,8928.0,10.3,9.98,0.915,86.9,operational,0.061,False
2026-08-29 01:50:22.400462,hvac_011,hvac,Desert Cooler,parking_complex,Parking Complex,2.44,2.54,54.2,8927.0,10.1,28.83,0.914,90.4,operational,0.062,False
2026-08-30 01:50:22.400462,hvac_011,hvac,Desert Cooler,parking_complex,Parking Complex,2.45,3.25,52.8,8762.0,6.9,50.98,0.912,86.2,operational,0.063,False
2026-08-31 01:50:22.400462,hvac_011,hvac,Desert Cooler,parking_complex,Parking Complex,2.45,2.74,50.3,9138.0,13.5,2.67,0.911,87.1,operational,0.064,False
2026-09-01 01:50:22.400462,hvac_011,hvac,Desert Cooler,parking_complex,Parking Complex,2.45,2.51,51.0,9318.0,16.4,24.06,0.91,86.4,operational,0.065,False
2026-09-02 01:50:22.400462,hvac_011,hvac,Desert Cooler,parking_complex,Parking Complex,2.46,2.37,46.7,8945.0,9.7,10.33,0.909,86.0,operational,0.067,False
2026-09-03 01:50:22.400462,hvac_011,hvac,Desert Cooler,parking_complex,Parking Complex,2.46,2.52,51.1,8950.0,9.6,7.34,0.908,85.0,operational,0.068,False
2026-09-04 01:50:22.400462,hvac_011,hvac,Desert Cooler,parking_complex,Parking Complex,2.46,2.5,51.2,9194.0,13.5,48.55,0.906,86.6,operational,0.069,False
2026-09-05 01:50:22.400462,hvac_011,hvac,Desert Cooler,parking_complex,Parking Complex,2.46,2.05,49.7,8955.0,9.4,49.81,0.905,81.0,operational,0.07,False
2026-09-06 01:50:22.400462,hvac_011,hvac,Desert Cooler,parking_complex,Parking Complex,2.47,2.85,54.8,8811.0,6.9,27.04,0.904,85.1,operational,0.071,False
2026-09-07 01:50:22.400462,hvac_011,hvac,Desert Cooler,parking_complex,Parking Complex,2.47,2.74,45.4,9416.0,16.4,4.19,0.903,84.2,operational,0.072,False
2026-09-08 01:50:22.400462,hvac_011,hvac,Desert Cooler,parking_complex,Parking Complex,2.47,3.34,45.4,8934.0,8.6,45.1,0.902,87.6,operational,0.073,False
2026-09-09 01:50:22.400462,hvac_011,hvac,Desert Cooler,parking_complex,Parking Complex,2.47,2.3,54.6,9548.0,17.9,28.58,0.901,87.7,operational,0.075,False
2026-09-10 01:50:22.400462,hvac_011,hvac,Desert Cooler,parking_complex,Parking Complex,2.48,2.89,55.4,9558.0,17.8,27.12,0.899,82.4,operational,0.076,False
2026-09-11 01:50:22.400462,hvac_011,hvac,Desert Cooler,parking_complex,Parking Complex,2.48,3.12,51.7,8827.0,6.6,48.74,0.898,82.4,operational,0.077,False
2026-09-12 01:50:22.400462,hvac_011,hvac,Desert Cooler,parking_complex,Parking Complex,2.48,2.13,46.6,9567.0,17.4,22.74,0.897,82.0,operational,0.078,False
2026-09-13 01:50:22.400462,hvac_011,hvac,Desert Cooler,parking_complex,Parking Complex,2.49,3.14,49.9,8834.0,6.6,33.7,0.896,85.4,operational,0.079,False
2026-09-14 01:50:22.400462,hvac_011,hvac,Desert Cooler,parking_complex,Parking Complex,2.49,2.93,50.4,9164.0,11.2,53.38,0.895,88.9,operational,0.08,False
2026-09-15 01:50:22.400462,hvac_011,hvac,Desert Cooler,parking_complex,Parking Complex,2.49,2.14,49.8,8866.0,6.8,58.76,0.894,83.5,operational,0.082,False
2026-09-16 01:50:22.400462,hvac_011,hvac,Desert Cooler,parking_complex,Parking Complex,2.49,2.34,45.9,9555.0,16.3,22.15,0.892,80.2,operational,0.083,False
2026-09-17 01:50:22.400462,hvac_011,hvac,Desert Cooler,parking_complex,Parking Complex,2.5,2.68,51.4,9504.0,15.4,55.0,0.891,81.6,operational,0.084,False
2026-09-18 01:50:22.400462,hvac_011,hvac,Desert Cooler,parking_complex,Parking Complex,2.5,3.14,50.6,9311.0,12.6,42.12,0.89,83.3,operational,0.085,False
2026-09-19 01:50:22.400462,hvac_011,hvac,Desert Cooler,parking_complex,Parking Complex,2.5,2.54,50.7,8964.0,7.8,19.74,0.889,90.1,operational,0.086,False
2026-09-20 01:50:22.400462,hvac_011,hvac,Desert Cooler,parking_complex,Parking Complex,2.5,3.39,48.6,8965.0,7.7,51.99,0.888,80.3,operational,0.087,False
2026-09-21 01:50:22.400462,hvac_011,hvac,Desert Cooler,parking_complex,Parking Complex,2.51,2.43,46.1,9203.0,10.7,45.4,0.887,81.8,operational,0.088,False
2026-09-22 01:50:22.400462,hvac_011,hvac,Desert Cooler,parking_complex,Parking Complex,2.51,2.57,51.5,9478.0,14.1,26.09,0.885,83.7,operational,0.09,False
2026-09-23 01:50:22.400462,hvac_011,hvac,Desert Cooler,parking_complex,Parking Complex,2.51,2.98,48.6,9310.0,11.7,8.07,0.884,85.2,operational,0.091,False
2026-09-24 01:50:22.400462,hvac_011,hvac,Desert Cooler,parking_complex,Parking Complex,2.52,2.94,51.8,9410.0,12.9,18.76,0.883,86.4,operational,0.092,False
2026-09-25 01:50:22.400462,hvac_011,hvac,Desert Cooler,parking_complex,Parking Complex,2.52,2.77,45.8,9598.0,15.0,49.64,0.882,80.7,operational,0.093,False
2026-09-26 01:50:22.400462,hvac_011,hvac,Desert Cooler,parking_complex,Parking Complex,2.52,2.77,49.3,9334.0,11.6,32.2,0.881,83.5,operational,0.094,False
2026-09-27 01:50:22.400462,hvac_011,hvac,Desert Cooler,parking_complex,Parking Complex,2.52,2.72,53.5,9874.0,18.0,45.94,0.879,85.4,operational,0.095,False
2026-09-28 01:50:22.400462,hvac_011,hvac,Desert Cooler,parking_complex,Parking Complex,2.53,2.84,49.2,9507.0,13.4,35.13,0.878,86.4,operational,0.096,False
2026-09-29 01:50:22.400462,hvac_011,hvac,Desert Cooler,parking_complex,Parking Complex,2.53,3.02,47.4,8951.0,6.7,16.92,0.877,83.2,operational,0.098,False
2026-09-30 01:50:22.400462,hvac_011,hvac,Desert Cooler,parking_complex,Parking Complex,2.53,1.75,51.0,9208.0,9.6,10.94,0.876,80.8,operational,0.099,False
2026-10-01 01:50:22.400462,hvac_011,hvac,Desert Cooler,parking_complex,Parking Complex,2.53,2.76,50.1,9172.0,9.1,17.16,0.875,86.2,operational,0.1,False
2026-10-02 01:50:22.400462,hvac_011,hvac,Desert Cooler,parking_complex,Parking Complex,2.54,2.33,53.4,9811.0,16.2,52.12,0.874,79.1,operational,0.101,False
2026-10-03 01:50:22.400462,hvac_011,hvac,Desert Cooler,parking_complex,Parking Complex,2.54,3.04,47.3,9614.0,13.8,4.49,0.872,79.6,operational,0.102,False
2026-07-06 01:50:22.400462,hvac_012,hvac,Split AC,main_office,Main Office,8.97,4.51,65.8,32725.0,15.8,15.2,0.91,70.7,operational,0.167,False
2026-07-07 01:50:22.400462,hvac_012,hvac,Split AC,main_office,Main Office,8.97,4.64,63.1,32735.0,10.0,28.05,0.906,74.4,operational,0.183,False
2026-07-08 01:50:22.400462,hvac_012,hvac,Split AC,main_office,Main Office,8.97,4.29,70.9,32759.0,16.9,3.82,0.901,67.4,operational,0.2,False
2026-07-09 01:50:22.400462,hvac_012,hvac,Split AC,main_office,Main Office,8.97,4.38,66.3,32761.0,11.8,44.55,0.897,72.0,operational,0.217,False
2026-07-10 01:50:22.400462,hvac_012,hvac,Split AC,main_office,Main Office,8.98,3.83,65.8,32759.0,8.4,51.1,0.892,69.4,operational,0.233,False
2026-07-11 01:50:22.400462,hvac_012,hvac,Split AC,main_office,Main Office,8.98,5.04,64.8,32803.0,15.4,23.79,0.888,69.8,operational,0.25,False
2026-07-12 01:50:22.400462,hvac_012,hvac,Split AC,main_office,Main Office,8.98,5.27,57.2,32792.0,11.2,16.04,0.883,69.7,operational,0.267,False
2026-07-13 01:50:22.400462,hvac_012,hvac,Split AC,main_office,Main Office,8.99,4.2,67.3,32815.0,12.9,21.6,0.879,66.2,operational,0.283,False
2026-07-14 01:50:22.400462,hvac_012,hvac,Split AC,main_office,Main Office,8.99,4.68,58.5,32791.0,8.2,49.58,0.874,69.4,operational,0.3,False
2026-07-15 01:50:22.400462,hvac_012,hvac,Split AC,main_office,Main Office,8.99,4.91,62.9,32836.0,12.3,11.7,0.87,68.1,operational,0.317,False
2026-07-16 01:50:22.400462,hvac_012,hvac,Split AC,main_office,Main Office,8.99,4.33,60.2,32902.0,17.7,29.62,0.865,72.6,operational,0.333,False
2026-07-17 01:50:22.400462,hvac_012,hvac,Split AC,main_office,Main Office,9.0,5.68,70.2,32873.0,13.4,8.33,0.861,62.4,operational,0.35,False
2026-07-18 01:50:22.400462,hvac_012,hvac,Split AC,main_office,Main Office,9.0,4.71,59.6,32934.0,17.4,43.78,0.856,67.3,operational,0.367,False
2026-07-19 01:50:22.400462,hvac_012,hvac,Split AC,main_office,Main Office,9.0,5.1,61.6,32955.0,17.7,56.69,0.852,69.0,operational,0.383,False
2026-07-20 01:50:22.400462,hvac_012,hvac,Split AC,main_office,Main Office,9.0,5.08,65.1,32955.0,16.4,29.13,0.847,64.4,operational,0.4,False
2026-07-21 01:50:22.400462,hvac_012,hvac,Split AC,main_office,Main Office,9.01,3.66,62.0,32954.0,15.2,42.95,0.843,66.0,operational,0.417,False
2026-07-22 01:50:22.400462,hvac_012,hvac,Split AC,main_office,Main Office,9.01,5.6,61.4,33001.0,17.2,19.19,0.838,65.6,operational,0.433,False
2026-07-23 01:50:22.400462,hvac_012,hvac,Split AC,main_office,Main Office,9.01,3.99,61.1,32973.0,14.6,60.18,0.834,67.1,operational,0.45,False
2026-07-24 01:50:22.400462,hvac_012,hvac,Split AC,main_office,Main Office,9.02,4.41,60.8,32988.0,14.6,10.15,0.829,62.2,operational,0.467,False
2026-07-25 01:50:22.400462,hvac_012,hvac,Split AC,main_office,Main Office,9.02,4.13,66.2,32913.0,9.9,29.99,0.825,66.9,operational,0.483,False
2026-07-26 01:50:22.400462,hvac_012,hvac,Split AC,main_office,Main Office,9.02,5.54,62.7,33040.0,15.7,31.37,0.82,58.7,maintenance_needed,0.5,True
2026-07-27 01:50:22.400462,hvac_012,hvac,Split AC,main_office,Main Office,9.02,5.44,65.8,32898.0,8.2,40.66,0.816,65.5,operational,0.517,False
2026-07-28 01:50:22.400462,hvac_012,hvac,Split AC,main_office,Main Office,9.03,4.67,67.6,32931.0,9.4,22.7,0.811,60.4,operational,0.533,False
2026-07-29 01:50:22.400462,hvac_012,hvac,Split AC,main_office,Main Office,9.03,5.4,61.6,32939.0,9.3,5.76,0.807,61.2,operational,0.55,False
2026-07-30 01:50:22.400462,hvac_012,hvac,Split AC,main_office,Main Office,9.03,5.22,60.6,33085.0,15.0,48.54,0.802,61.4,operational,0.567,False
2026-07-31 01:50:22.400462,hvac_012,hvac,Split AC,main_office,Main Office,9.03,5.08,63.8,33019.0,11.7,44.23,0.798,65.3,operational,0.583,False
2026-08-01 01:50:22.400462,hvac_012,hvac,Split AC,main_office,Main Office,9.04,6.24,65.7,33108.0,14.7,22.77,0.793,61.0,operational,0.6,False
2026-08-02 01:50:22.400462,hvac_012,hvac,Split AC,main_office,Main Office,9.04,4.43,63.7,32944.0,8.1,3.33,0.789,61.8,operational,0.617,False
2026-08-03 01:50:22.400462,hvac_012,hvac,Split AC,main_office,Main Office,9.04,5.5,63.9,33043.0,11.3,23.78,0.784,54.2,maintenance_needed,0.633,True
2026-08-04 01:50:22.400462,hvac_012,hvac,Split AC,main_office,Main Office,9.05,5.23,60.2,33016.0,10.0,10.88,0.78,55.1,maintenance_needed,0.65,True
2026-08-05 01:50:22.400462,hvac_012,hvac,Split AC,main_office,Main Office,9.05,4.68,65.6,32965.0,8.0,43.33,0.775,58.4,maintenance_needed,0.667,True
2026-08-06 01:50:22.400462,hvac_012,hvac,Split AC,main_office,Main Office,9.05,5.22,66.1,33257.0,17.2,38.98,0.771,56.1,maintenance_needed,0.683,True
2026-08-07 01:50:22.400462,hvac_012,hvac,Split AC,main_office,Main Office,9.05,6.26,64.7,33026.0,9.4,13.36,0.766,48.8,maintenance_needed,0.7,True
2026-08-08 01:50:22.400462,hvac_012,hvac,Split AC,main_office,Main Office,9.06,5.17,60.4,32956.0,7.0,19.66,0.762,53.8,maintenance_needed,0.717,True
2026-08-09 01:50:22.400462,hvac_012,hvac,Split AC,main_office,Main Office,9.06,5.08,63.6,33164.0,12.9,23.73,0.757,60.6,operational,0.733,False
2026-08-10 01:50:22.400462,hvac_012,hvac,Split AC,main_office,Main Office,9.06,5.44,67.2,33215.0,14.0,56.59,0.752,52.5,maintenance_needed,0.75,True
2026-08-11 01:50:22.400462,hvac_012,hvac,Split AC,main_office,Main Office,9.06,4.88,66.0,33195.0,13.0,51.94,0.748,54.7,maintenance_needed,0.767,True
2026-08-12 01:50:22.400462,hvac_012,hvac,Split AC,main_office,Main Office,9.07,5.71,64.7,33138.0,11.2,50.16,0.743,46.1,maintenance_needed,0.783,True
2026-08-13 01:50:22.400462,hvac_012,hvac,Split AC,main_office,Main Office,9.07,5.45,66.6,33133.0,10.7,19.69,0.739,55.0,maintenance_needed,0.8,True
2026-08-14 01:50:22.400462,hvac_012,hvac,Split AC,main_office,Main Office,9.07,4.75,64.1,33012.0,7.4,7.54,0.734,60.8,operational,0.817,False
2026-08-15 01:50:22.400462,hvac_012,hvac,Split AC,main_office,Main Office,9.08,5.68,70.1,32995.0,6.7,18.6,0.73,49.5,maintenance_needed,0.833,True
2026-08-16 01:50:22.400462,hvac_012,hvac,Split AC,main_office,Main Office,9.08,6.26,67.8,33153.0,10.4,11.84,0.725,45.1,maintenance_needed,0.85,True
2026-08-17 01:50:22.400462,hvac_012,hvac,Split AC,main_office,Main Office,9.08,6.64,71.2,33263.0,12.8,40.61,0.721,42.2,maintenance_needed,0.867,True
2026-08-18 01:50:22.400462,hvac_012,hvac,Split AC,main_office,Main Office,9.08,4.98,76.2,33351.0,14.6,31.14,0.716,49.6,maintenance_needed,0.883,True
2026-08-19 01:50:22.400462,hvac_012,hvac,Split AC,main_office,Main Office,9.09,5.37,72.7,33210.0,11.0,40.91,0.712,52.5,maintenance_needed,0.9,True
2026-08-20 01:50:22.400462,hvac_012,hvac,Split AC,main_office,Main Office,9.09,6.05,71.9,33031.0,6.8,37.45,0.707,36.5,maintenance_needed,0.917,True
2026-08-21 01:50:22.400462,hvac_012,hvac,Split AC,main_office,Main Office,9.09,5.59,70.9,33035.0,6.7,23.2,0.703,37.8,maintenance_needed,0.933,True
2026-08-22 01:50:22.400462,hvac_012,hvac,Split AC,main_office,Main Office,9.09,7.19,76.0,33229.0,10.7,43.48,0.698,20.9,critical,0.95,True
2026-08-23 01:50:22.400462,hvac_012,hvac,Split AC,main_office,Main Office,9.1,8.06,74.6,33068.0,7.1,28.22,0.694,15.2,critical,0.967,True
2026-08-24 01:50:22.400462,hvac_012,hvac,Split AC,main_office,Main Office,9.1,13.18,79.4,33203.0,9.7,42.15,0.689,0.0,critical,0.983,True
2026-08-25 01:50:22.400462,hvac_012,hvac,Split AC,main_office,Main Office,9.1,13.6,78.5,33114.0,7.8,69.31,0.685,1.3,faulty,1.0,True
2026-08-26 01:50:22.400462,hvac_012,hvac,Split AC,main_office,Main Office,9.11,12.85,76.3,33113.0,7.6,70.91,0.68,2.4,faulty,1.0,True
2026-08-27 01:50:22.400462,hvac_012,hvac,Split AC,main_office,Main Office,9.11,13.29,87.0,33566.0,16.2,65.69,0.676,3.5,faulty,1.0,True
2026-08-28 01:50:22.400462,hvac_012,hvac,Split AC,main_office,Main Office,9.11,12.54,79.5,33322.0,11.3,68.23,0.671,5.5,faulty,1.0,True
2026-08-29 01:50:22.400462,hvac_012,hvac,Split AC,main_office,Main Office,9.11,13.05,83.4,33656.0,17.2,26.19,0.667,5.7,faulty,1.0,True
2026-08-30 01:50:22.400462,hvac_012,hvac,Split AC,main_office,Main Office,9.12,12.9,83.4,33563.0,15.2,49.02,0.662,12.1,faulty,1.0,True
2026-08-31 01:50:22.400462,hvac_012,hvac,Split AC,main_office,Main Office,9.12,12.99,89.1,33463.0,13.2,23.18,0.658,4.6,faulty,1.0,True
2026-09-01 01:50:22.400462,hvac_012,hvac,Split AC,main_office,Main Office,9.12,13.5,82.4,33702.0,17.1,45.7,0.653,7.2,faulty,1.0,True
2026-09-02 01:50:22.400462,hvac_012,hvac,Split AC,main_office,Main Office,9.12,13.1,89.8,33625.0,15.5,63.27,0.649,3.8,faulty,1.0,True
2026-09-03 01:50:22.400462,hvac_012,hvac,Split AC,main_office,Main Office,9.13,13.58,85.0,33446.0,12.2,59.93,0.644,12.7,faulty,1.0,True
2026-09-04 01:50:22.400462,hvac_012,hvac,Split AC,main_office,Main Office,9.13,12.6,90.0,33150.0,7.1,55.43,0.64,9.7,faulty,1.0,True
2026-09-05 01:50:22.400462,hvac_012,hvac,Split AC,main_office,Main Office,9.13,12.38,89.1,33118.0,6.4,45.04,0.635,8.4,faulty,1.0,True
2026-09-06 01:50:22.400462,hvac_012,hvac,Split AC,main_office,Main Office,9.14,13.28,90.4,33638.0,14.7,30.22,0.631,9.5,faulty,1.0,True
2026-09-07 01:50:22.400462,hvac_012,hvac,Split AC,main_office,Main Office,9.14,12.54,91.7,33349.0,9.9,60.95,0.626,5.6,faulty,1.0,True
2026-09-08 01:50:22.400462,hvac_012,hvac,Split AC,main_office,Main Office,9.14,12.64,91.3,33156.0,6.7,69.61,0.622,1.2,faulty,1.0,True
2026-09-09 01:50:22.400462,hvac_012,hvac,Split AC,main_office,Main Office,9.14,12.13,98.3,33630.0,13.9,17.3,0.617,8.2,faulty,1.0,True
2026-09-10 01:50:22.400462,hvac_012,hvac,Split AC,main_office,Main Office,9.15,12.54,95.1,33445.0,10.9,75.66,0.613,1.2,faulty,1.0,True
2026-09-11 01:50:22.400462,hvac_012,hvac,Split AC,main_office,Main Office,9.15,12.3,94.9,33237.0,7.6,55.46,0.608,10.0,faulty,1.0,True
2026-09-12 01:50:22.400462,hvac_012,hvac,Split AC,main_office,Main Office,9.15,13.25,96.0,33498.0,11.4,7.84,0.604,4.7,faulty,1.0,True
2026-09-13 01:50:22.400462,hvac_012,hvac,Split AC,main_office,Main Office,9.15,13.94,102.9,33563.0,12.1,73.22,0.599,11.1,faulty,1.0,True
2026-09-14 01:50:22.400462,hvac_012,hvac,Split AC,main_office,Main Office,9.16,13.15,104.6,33804.0,15.4,64.08,0.595,13.7,faulty,1.0,True
2026-09-15 01:50:22.400462,hvac_012,hvac,Split AC,main_office,Main Office,9.16,12.78,99.0,33210.0,6.8,21.1,0.59,0.8,faulty,1.0,True
2026-09-16 01:50:22.400462,hvac_012,hvac,Split AC,main_office,Main Office,9.16,13.58,106.0,33731.0,14.0,15.32,0.586,12.4,faulty,1.0,True
2026-09-17 01:50:22.400462,hvac_012,hvac,Split AC,main_office,Main Office,9.17,13.16,101.5,33378.0,8.9,17.81,0.581,14.6,faulty,1.0,True
2026-09-18 01:50:22.400462,hvac_012,hvac,Split AC,main_office,Main Office,9.17,12.41,106.5,33951.0,16.6,66.41,0.577,1.2,faulty,1.0,True
2026-09-19 01:50:22.400462,hvac_012,hvac,Split AC,main_office,Main Office,9.17,13.57,106.5,33204.0,6.4,8.78,0.572,0.8,faulty,1.0,True
2026-09-20 01:50:22.400462,hvac_012,hvac,Split AC,main_office,Main Office,9.17,12.57,108.0,33511.0,10.3,29.69,0.568,5.1,faulty,1.0,True
2026-09-21 01:50:22.400462,hvac_012,hvac,Split AC,main_office,Main Office,9.18,12.7,111.0,33722.0,12.9,48.31,0.563,6.1,faulty,1.0,True
2026-09-22 01:50:22.400462,hvac_012,hvac,Split AC,main_office,Main Office,9.18,12.26,109.6,33686.0,12.3,8.1,0.559,1.1,faulty,1.0,True
2026-09-23 01:50:22.400462,hvac_012,hvac,Split AC,main_office,Main Office,9.18,12.86,103.4,33202.0,6.0,74.01,0.554,2.1,faulty,1.0,True
2026-09-24 01:50:22.400462,hvac_012,hvac,Split AC,main_office,Main Office,9.19,12.34,112.1,33739.0,12.7,12.93,0.55,2.1,faulty,1.0,True
2026-09-25 01:50:22.400462,hvac_012,hvac,Split AC,main_office,Main Office,9.19,11.63,113.6,33798.0,13.2,30.93,0.545,5.1,faulty,1.0,True
2026-09-26 01:50:22.400462,hvac_012,hvac,Split AC,main_office,Main Office,9.19,12.48,115.9,33629.0,11.0,85.69,0.54,1.1,faulty,1.0,True
2026-09-27 01:50:22.400462,hvac_012,hvac,Split AC,main_office,Main Office,9.19,12.24,108.4,33620.0,10.8,41.96,0.536,14.4,faulty,1.0,True
2026-09-28 01:50:22.400462,hvac_012,hvac,Split AC,main_office,Main Office,9.2,12.34,105.5,33325.0,7.1,51.78,0.531,4.2,faulty,1.0,True
2026-09-29 01:50:22.400462,hvac_012,hvac,Split AC,main_office,Main Office,9.2,13.3,109.9,33515.0,9.3,43.8,0.527,14.0,faulty,1.0,True
2026-09-30 01:50:22.400462,hvac_012,hvac,Split AC,main_office,Main Office,9.2,11.55,118.2,33644.0,10.7,42.49,0.522,5.2,faulty,1.0,True
2026-10-01 01:50:22.400462,hvac_012,hvac,Split AC,main_office,Main Office,9.2,12.35,119.4,33784.0,12.2,79.7,0.518,7.8,faulty,1.0,True
2026-10-02 01:50:22.400462,hvac_012,hvac,Split AC,main_office,Main Office,9.21,12.54,116.9,34263.0,17.5,50.75,0.513,4.6,faulty,1.0,True
2026-10-03 01:50:22.400462,hvac_012,hvac,Split AC,main_office,Main Office,9.21,13.32,116.0,34023.0,14.6,61.28,0.509,0.6,faulty,1.0,True
2026-07-06 01:50:22.400462,hvac_013,hvac,Central AC,public_hall,Public Hall,11.77,5.05,70.4,42961.0,14.4,13.51,0.882,64.9,operational,0.001,False
2026-07-07 01:50:22.400462,hvac_013,hvac,Central AC,public_hall,Public Hall,11.77,6.02,69.7,42975.0,14.5,27.94,0.876,62.4,operational,0.016,False
2026-07-08 01:50:22.400462,hvac_013,hvac,Central AC,public_hall,Public Hall,11.78,5.89,62.8,42979.0,9.2,35.68,0.87,61.9,operational,0.021,False
2026-07-09 01:50:22.400462,hvac_013,hvac,Central AC,public_hall,Public Hall,11.78,6.2,72.0,43010.0,16.5,40.7,0.865,57.7,maintenance_needed,0.03,True
2026-07-10 01:50:22.400462,hvac_013,hvac,Central AC,public_hall,Public Hall,11.78,6.52,68.6,43023.0,15.6,8.25,0.859,53.0,maintenance_needed,0.039,True
2026-07-11 01:50:22.400462,hvac_013,hvac,Central AC,public_hall,Public Hall,11.78,5.33,63.0,43032.0,14.3,25.42,0.853,60.6,operational,0.033,False
2026-07-12 01:50:22.400462,hvac_013,hvac,Central AC,public_hall,Public Hall,11.79,5.8,70.7,43015.0,9.0,6.86,0.847,56.2,maintenance_needed,0.043,True
2026-07-13 01:50:22.400462,hvac_013,hvac,Central AC,public_hall,Public Hall,11.79,5.79,65.8,43087.0,18.0,50.3,0.841,55.1,maintenance_needed,0.049,True
2026-07-14 01:50:22.400462,hvac_013,hvac,Central AC,public_hall,Public Hall,11.79,5.13,68.8,43044.0,10.4,61.21,0.835,62.4,operational,0.048,False
2026-07-15 01:50:22.400462,hvac_013,hvac,Central AC,public_hall,Public Hall,11.79,4.74,63.4,43036.0,8.4,48.96,0.829,56.8,maintenance_needed,0.053,True
2026-07-16 01:50:22.400462,hvac_013,hvac,Central AC,public_hall,Public Hall,11.8,6.05,71.4,43136.0,17.5,44.84,0.823,51.0,maintenance_needed,0.069,True
2026-07-17 01:50:22.400462,hvac_013,hvac,Central AC,public_hall,Public Hall,11.8,5.66,63.8,43029.0,6.2,2.67,0.817,56.4,maintenance_needed,0.071,True
2026-07-18 01:50:22.400462,hvac_013,hvac,Central AC,public_hall,Public Hall,11.8,5.52,68.8,43161.0,16.7,2.8,0.811,52.8,maintenance_needed,0.076,True
2026-07-19 01:50:22.400462,hvac_013,hvac,Central AC,public_hall,Public Hall,11.81,5.08,67.5,43177.0,16.7,28.86,0.805,60.0,operational,0.077,False
2026-07-20 01:50:22.400462,hvac_013,hvac,Central AC,public_hall,Public Hall,11.81,5.59,68.8,43172.0,15.1,3.22,0.8,55.6,maintenance_needed,0.088,True
2026-07-21 01:50:22.400462,hvac_013,hvac,Central AC,public_hall,Public Hall,11.81,5.99,70.6,43151.0,12.7,41.27,0.794,53.8,maintenance_needed,0.098,True
2026-07-22 01:50:22.400462,hvac_013,hvac,Central AC,public_hall,Public Hall,11.81,6.05,68.5,43234.0,17.1,54.68,0.788,54.8,maintenance_needed,0.105,True
2026-07-23 01:50:22.400462,hvac_013,hvac,Central AC,public_hall,Public Hall,11.82,5.65,65.7,43218.0,15.1,33.05,0.782,57.6,maintenance_needed,0.107,True
2026-07-24 01:50:22.400462,hvac_013,hvac,Central AC,public_hall,Public Hall,11.82,5.49,67.9,43118.0,8.7,13.11,0.776,53.5,maintenance_needed,0.111,True
2026-07-25 01:50:22.400462,hvac_013,hvac,Central AC,public_hall,Public Hall,11.82,4.53,69.1,43167.0,10.9,47.38,0.77,51.3,maintenance_needed,0.112,True
2026-07-26 01:50:22.400462,hvac_013,hvac,Central AC,public_hall,Public Hall,11.82,5.14,68.3,43088.0,6.4,11.38,0.764,57.4,maintenance_needed,0.119,True
2026-07-27 01:50:22.400462,hvac_013,hvac,Central AC,public_hall,Public Hall,11.83,5.07,66.3,43097.0,6.5,37.11,0.758,51.8,maintenance_needed,0.124,True
2026-07-28 01:50:22.400462,hvac_013,hvac,Central AC,public_hall,Public Hall,11.83,5.69,71.2,43217.0,11.6,34.01,0.752,56.4,maintenance_needed,0.136,True
2026-07-29 01:50:22.400462,hvac_013,hvac,Central AC,public_hall,Public Hall,11.83,5.39,65.8,43264.0,13.2,32.4,0.746,41.7,maintenance_needed,0.139,True
2026-07-30 01:50:22.400462,hvac_013,hvac,Central AC,public_hall,Public Hall,11.84,5.92,65.6,43272.0,13.0,45.52,0.74,41.9,maintenance_needed,0.15,True
2026-07-31 01:50:22.400462,hvac_013,hvac,Central AC,public_hall,Public Hall,11.84,6.65,64.3,43231.0,10.8,42.51,0.734,40.6,maintenance_needed,0.15,True
2026-08-01 01:50:22.400462,hvac_013,hvac,Central AC,public_hall,Public Hall,11.84,5.89,68.3,43198.0,9.1,55.0,0.729,43.1,maintenance_needed,0.15,True
2026-08-02 01:50:22.400462,hvac_013,hvac,Central AC,public_hall,Public Hall,11.84,5.48,68.8,43174.0,7.9,3.24,0.723,44.9,maintenance_needed,0.15,True
2026-08-03 01:50:22.400462,hvac_013,hvac,Central AC,public_hall,Public Hall,11.85,5.61,65.2,43165.0,7.3,5.69,0.717,44.4,maintenance_needed,0.15,True
2026-08-04 01:50:22.400462,hvac_013,hvac,Central AC,public_hall,Public Hall,11.85,5.1,62.9,43287.0,11.3,70.07,0.711,47.6,maintenance_needed,0.15,True
2026-08-05 01:50:22.400462,hvac_013,hvac,Central AC,public_hall,Public Hall,11.85,6.31,66.8,43156.0,6.5,55.83,0.705,38.8,maintenance_needed,0.15,True
2026-08-06 01:50:22.400462,hvac_013,hvac,Central AC,public_hall,Public Hall,11.85,5.47,69.4,43253.0,9.4,35.06,0.699,39.1,maintenance_needed,0.15,True
2026-08-07 01:50:22.400462,hvac_013,hvac,Central AC,public_hall,Public Hall,11.86,6.25,72.7,43261.0,9.4,65.85,0.693,41.4,maintenance_needed,0.15,True
2026-08-08 01:50:22.400462,hvac_013,hvac,Central AC,public_hall,Public Hall,11.86,5.59,67.7,43184.0,6.8,29.11,0.687,39.1,maintenance_needed,0.15,True
2026-08-09 01:50:22.400462,hvac_013,hvac,Central AC,public_hall,Public Hall,11.86,5.32,70.5,43489.0,15.5,50.11,0.681,44.3,maintenance_needed,0.15,True
2026-08-10 01:50:22.400462,hvac_013,hvac,Central AC,public_hall,Public Hall,11.87,5.17,64.8,43301.0,9.7,10.95,0.675,42.7,maintenance_needed,0.15,True
2026-08-11 01:50:22.400462,hvac_013,hvac,Central AC,public_hall,Public Hall,11.87,5.96,60.8,43441.0,13.4,33.14,0.669,37.6,maintenance_needed,0.15,True
2026-08-12 01:50:22.400462,hvac_013,hvac,Central AC,public_hall,Public Hall,11.87,5.1,67.2,43438.0,12.9,61.0,0.664,43.5,maintenance_needed,0.15,True
2026-08-13 01:50:22.400462,hvac_013,hvac,Central AC,public_hall,Public Hall,11.87,5.86,70.8,43308.0,9.1,40.72,0.658,33.7,maintenance_needed,0.15,True
2026-08-14 01:50:22.400462,hvac_013,hvac,Central AC,public_hall,Public Hall,11.88,6.11,70.7,43575.0,15.8,57.62,0.652,36.4,maintenance_needed,0.15,True
2026-08-15 01:50:22.400462,hvac_013,hvac,Central AC,public_hall,Public Hall,11.88,5.85,68.9,43303.0,8.6,38.27,0.646,28.3,critical,0.15,True
2026-08-16 01:50:22.400462,hvac_013,hvac,Central AC,public_hall,Public Hall,11.88,6.1,74.8,43407.0,10.9,53.83,0.64,38.5,maintenance_needed,0.15,True
2026-08-17 01:50:22.400462,hvac_013,hvac,Central AC,public_hall,Public Hall,11.89,5.0,63.8,43389.0,10.2,70.99,0.634,39.0,maintenance_needed,0.15,True
2026-08-18 01:50:22.400462,hvac_013,hvac,Central AC,public_hall,Public Hall,11.89,4.97,72.3,43729.0,17.9,67.76,0.628,40.9,maintenance_needed,0.15,True
2026-08-19 01:50:22.400462,hvac_013,hvac,Central AC,public_hall,Public Hall,11.89,4.95,67.9,43251.0,6.6,18.92,0.622,33.9,maintenance_needed,0.15,True
2026-08-20 01:50:22.400462,hvac_013,hvac,Central AC,public_hall,Public Hall,11.89,5.34,75.1,43247.0,6.4,60.55,0.616,35.1,maintenance_needed,0.15,True
2026-08-21 01:50:22.400462,hvac_013,hvac,Central AC,public_hall,Public Hall,11.9,5.64,69.7,43612.0,14.2,82.4,0.61,38.7,maintenance_needed,0.15,True
2026-08-22 01:50:22.400462,hvac_013,hvac,Central AC,public_hall,Public Hall,11.9,5.65,69.6,43252.0,6.2,63.26,0.604,38.5,maintenance_needed,0.15,True
2026-08-23 01:50:22.400462,hvac_013,hvac,Central AC,public_hall,Public Hall,11.9,6.44,71.4,43280.0,6.7,13.84,0.599,31.6,maintenance_needed,0.15,True
2026-08-24 01:50:22.400462,hvac_013,hvac,Central AC,public_hall,Public Hall,11.9,5.27,69.3,43314.0,7.2,57.59,0.593,34.3,maintenance_needed,0.15,True
2026-08-25 01:50:22.400462,hvac_013,hvac,Central AC,public_hall,Public Hall,11.91,6.81,67.5,43812.0,17.0,34.75,0.587,26.9,critical,0.15,True
2026-08-26 01:50:22.400462,hvac_013,hvac,Central AC,public_hall,Public Hall,11.91,5.08,70.0,43471.0,10.0,59.62,0.581,31.2,maintenance_needed,0.15,True
2026-08-27 01:50:22.400462,hvac_013,hvac,Central AC,public_hall,Public Hall,11.91,5.14,68.4,43329.0,7.1,28.63,0.575,33.0,maintenance_needed,0.15,True
2026-08-28 01:50:22.400462,hvac_013,hvac,Central AC,public_hall,Public Hall,11.92,5.1,72.8,43493.0,10.1,74.17,0.569,27.8,critical,0.15,True
2026-08-29 01:50:22.400462,hvac_013,hvac,Central AC,public_hall,Public Hall,11.92,5.56,64.4,43352.0,7.3,16.62,0.563,36.5,maintenance_needed,0.15,True
2026-08-30 01:50:22.400462,hvac_013,hvac,Central AC,public_hall,Public Hall,11.92,4.94,66.2,43293.0,6.0,23.93,0.557,31.8,maintenance_needed,0.15,True
2026-08-31 01:50:22.400462,hvac_013,hvac,Central AC,public_hall,Public Hall,11.92,6.91,69.4,43430.0,8.4,22.24,0.551,16.2,critical,0.15,True
2026-09-01 01:50:22.400462,hvac_013,hvac,Central AC,public_hall,Public Hall,11.93,5.13,67.9,43542.0,10.2,45.55,0.545,27.1,critical,0.15,True
2026-09-02 01:50:22.400462,hvac_013,hvac,Central AC,public_hall,Public Hall,11.93,5.77,69.2,43841.0,15.2,9.97,0.539,25.5,critical,0.15,True
2026-09-03 01:50:22.400462,hvac_013,hvac,Central AC,public_hall,Public Hall,11.93,5.9,66.4,43622.0,11.2,4.39,0.533,25.9,critical,0.15,True
2026-09-04 01:50:22.400462,hvac_013,hvac,Central AC,public_hall,Public Hall,11.93,5.3,63.5,43934.0,16.2,63.36,0.528,27.6,critical,0.15,True
2026-09-05 01:50:22.400462,hvac_013,hvac,Central AC,public_hall,Public Hall,11.94,6.43,65.4,43374.0,6.8,60.83,0.522,17.0,critical,0.15,True
2026-09-06 01:50:22.400462,hvac_013,hvac,Central AC,public_hall,Public Hall,11.94,5.78,72.8,43911.0,15.3,22.6,0.516,24.6,critical,0.15,True
2026-09-07 01:50:22.400462,hvac_013,hvac,Central AC,public_hall,Public Hall,11.94,5.94,69.8,44005.0,16.6,71.63,0.51,21.1,critical,0.15,True
2026-09-08 01:50:22.400462,hvac_013,hvac,Central AC,public_hall,Public Hall,11.95,5.34,70.5,43734.0,12.1,21.43,0.504,17.9,critical,0.15,True
2026-09-09 01:50:22.400462,hvac_013,hvac,Central AC,public_hall,Public Hall,11.95,5.51,69.9,44066.0,17.0,91.84,0.5,22.7,critical,0.15,True
2026-09-10 01:50:22.400462,hvac_013,hvac,Central AC,public_hall,Public Hall,11.95,5.04,66.7,43919.0,14.5,96.46,0.5,21.9,critical,0.15,True
2026-09-11 01:50:22.400462,hvac_013,hvac,Central AC,public_hall,Public Hall,11.95,5.35,65.4,43411.0,6.7,88.83,0.5,19.4,critical,0.15,True
2026-09-12 01:50:22.400462,hvac_013,hvac,Central AC,public_hall,Public Hall,11.96,5.15,69.6,43449.0,7.2,78.46,0.5,28.7,critical,0.15,True
2026-09-13 01:50:22.400462,hvac_013,hvac,Central AC,public_hall,Public Hall,11.96,6.1,69.0,43691.0,10.6,56.81,0.5,15.5,critical,0.15,True
2026-09-14 01:50:22.400462,hvac_013,hvac,Central AC,public_hall,Public Hall,11.96,6.69,69.9,43958.0,14.2,17.22,0.5,14.8,critical,0.15,True
2026-09-15 01:50:22.400462,hvac_013,hvac,Central AC,public_hall,Public Hall,11.96,6.62,69.9,43989.0,14.5,47.45,0.5,16.7,critical,0.15,True
2026-09-16 01:50:22.400462,hvac_013,hvac,Central AC,public_hall,Public Hall,11.97,4.9,65.5,43753.0,11.0,87.65,0.5,19.3,critical,0.15,True
2026-09-17 01:50:22.400462,hvac_013,hvac,Central AC,public_hall,Public Hall,11.97,6.41,67.5,43413.0,6.2,14.79,0.5,17.4,critical,0.15,True
2026-09-18 01:50:22.400462,hvac_013,hvac,Central AC,public_hall,Public Hall,11.97,5.53,67.5,43529.0,7.7,65.83,0.5,14.3,critical,0.15,True
2026-09-19 01:50:22.400462,hvac_013,hvac,Central AC,public_hall,Public Hall,11.98,5.71,72.4,43460.0,6.7,29.44,0.5,17.5,critical,0.15,True
2026-09-20 01:50:22.400462,hvac_013,hvac,Central AC,public_hall,Public Hall,11.98,7.11,73.7,43922.0,12.6,29.05,0.5,9.9,critical,0.15,True
2026-09-21 01:50:22.400462,hvac_013,hvac,Central AC,public_hall,Public Hall,11.98,6.17,68.5,43917.0,12.4,50.22,0.5,14.0,critical,0.15,True
2026-09-22 01:50:22.400462,hvac_013,hvac,Central AC,public_hall,Public Hall,11.98,4.48,70.2,44210.0,16.0,77.04,0.5,19.4,critical,0.15,True
2026-09-23 01:50:22.400462,hvac_013,hvac,Central AC,public_hall,Public Hall,11.99,4.84,61.5,44335.0,17.4,53.78,0.5,20.5,critical,0.15,True
2026-09-24 01:50:22.400462,hvac_013,hvac,Central AC,public_hall,Public Hall,11.99,6.1,73.0,44398.0,18.0,95.1,0.5,11.7,critical,0.15,True
2026-09-25 01:50:22.400462,hvac_013,hvac,Central AC,public_hall,Public Hall,11.99,6.68,71.6,43721.0,9.4,61.09,0.5,8.8,critical,0.15,True
2026-09-26 01:50:22.400462,hvac_013,hvac,Central AC,public_hall,Public Hall,11.99,5.09,69.4,43753.0,9.7,48.4,0.5,9.6,critical,0.15,True
2026-09-27 01:50:22.400462,hvac_013,hvac,Central AC,public_hall,Public Hall,12.0,5.46,67.2,43866.0,10.9,87.42,0.5,13.9,critical,0.15,True
2026-09-28 01:50:22.400462,hvac_013,hvac,Central AC,public_hall,Public Hall,12.0,5.28,69.5,44443.0,17.7,22.3,0.5,13.1,critical,0.15,True
2026-09-29 01:50:22.400462,hvac_013,hvac,Central AC,public_hall,Public Hall,12.0,5.26,72.2,44087.0,13.2,12.51,0.5,12.0,critical,0.15,True
2026-09-30 01:50:22.400462,hvac_013,hvac,Central AC,public_hall,Public Hall,12.01,5.72,67.5,44132.0,13.6,43.69,0.5,8.2,critical,0.15,True
2026-10-01 01:50:22.400462,hvac_013,hvac,Central AC,public_hall,Public Hall,12.01,6.59,64.4,43943.0,11.3,94.88,0.5,10.2,critical,0.15,True
2026-10-02 01:50:22.400462,hvac_013,hvac,Central AC,public_hall,Public Hall,12.01,6.41,68.1,43702.0,8.4,17.94,0.5,6.4,critical,0.15,True
2026-10-03 01:50:22.400462,hvac_013,hvac,Central AC,public_hall,Public Hall,12.01,5.02,64.1,43804.0,9.5,102.08,0.5,18.2,critical,0.15,True
2026-07-06 01:50:22.400462,hvac_014,hvac,Desert Cooler,records_room,Records & Archives,1.52,2.26,48.2,5530.0,8.2,35.92,0.985,96.6,operational,0.0,False
2026-07-07 01:50:22.400462,hvac_014,hvac,Desert Cooler,records_room,Records & Archives,1.52,2.42,46.8,5539.0,9.3,31.69,0.984,97.9,operational,0.001,False
2026-07-08 01:50:22.400462,hvac_014,hvac,Desert Cooler,records_room,Records & Archives,1.52,2.24,43.6,5560.0,14.8,27.48,0.983,95.6,operational,0.002,False
2026-07-09 01:50:22.400462,hvac_014,hvac,Desert Cooler,records_room,Records & Archives,1.52,3.24,47.8,5582.0,17.5,19.21,0.982,98.7,operational,0.002,False
2026-07-10 01:50:22.400462,hvac_014,hvac,Desert Cooler,records_room,Records & Archives,1.53,1.89,50.4,5564.0,8.4,41.13,0.982,95.6,operational,0.003,False
2026-07-11 01:50:22.400462,hvac_014,hvac,Desert Cooler,records_room,Records & Archives,1.53,2.86,49.8,5581.0,10.3,31.48,0.981,94.9,operational,0.004,False
2026-07-12 01:50:22.400462,hvac_014,hvac,Desert Cooler,records_room,Records & Archives,1.53,2.75,46.1,5633.0,17.2,54.64,0.98,93.5,operational,0.005,False
2026-07-13 01:50:22.400462,hvac_014,hvac,Desert Cooler,records_room,Records & Archives,1.53,3.32,43.9,5628.0,14.0,37.89,0.979,92.6,operational,0.005,False
2026-07-14 01:50:22.400462,hvac_014,hvac,Desert Cooler,records_room,Records & Archives,1.54,2.18,51.4,5640.0,13.8,29.24,0.979,98.6,operational,0.006,False
2026-07-15 01:50:22.400462,hvac_014,hvac,Desert Cooler,records_room,Records & Archives,1.54,2.66,47.1,5607.0,8.6,9.47,0.978,85.9,operational,0.007,False
2026-07-16 01:50:22.400462,hvac_014,hvac,Desert Cooler,records_room,Records & Archives,1.54,2.8,48.0,5627.0,9.7,20.73,0.977,94.8,operational,0.008,False
2026-07-17 01:50:22.400462,hvac_014,hvac,Desert Cooler,records_room,Records & Archives,1.55,3.72,43.1,5693.0,14.9,46.87,0.976,92.1,operational,0.008,False
2026-07-18 01:50:22.400462,hvac_014,hvac,Desert Cooler,records_room,Records & Archives,1.55,2.43,51.2,5659.0,10.8,25.44,0.975,97.2,operational,0.009,False
2026-07-19 01:50:22.400462,hvac_014,hvac,Desert Cooler,records_room,Records & Archives,1.55,1.71,44.3,5644.0,8.8,15.8,0.975,95.1,operational,0.01,False
2026-07-20 01:50:22.400462,hvac_014,hvac,Desert Cooler,records_room,Records & Archives,1.55,2.38,47.1,5742.0,15.1,21.26,0.974,90.5,operational,0.011,False
2026-07-21 01:50:22.400462,hvac_014,hvac,Desert Cooler,records_room,Records & Archives,1.56,2.69,44.3,5736.0,13.7,31.3,0.973,91.7,operational,0.011,False
2026-07-22 01:50:22.400462,hvac_014,hvac,Desert Cooler,records_room,Records & Archives,1.56,1.94,51.8,5744.0,13.4,32.01,0.972,95.8,operational,0.012,False
2026-07-23 01:50:22.400462,hvac_014,hvac,Desert Cooler,records_room,Records & Archives,1.56,2.33,44.2,5818.0,16.9,40.78,0.972,95.2,operational,0.013,False
2026-07-24 01:50:22.400462,hvac_014,hvac,Desert Cooler,records_room,Records & Archives,1.56,2.06,47.2,5772.0,13.5,22.64,0.971,93.4,operational,0.014,False
2026-07-25 01:50:22.400462,hvac_014,hvac,Desert Cooler,records_room,Records & Archives,1.57,2.37,46.1,5820.0,15.2,48.16,0.97,93.6,operational,0.014,False
2026-07-26 01:50:22.400462,hvac_014,hvac,Desert Cooler,records_room,Records & Archives,1.57,2.88,50.7,5805.0,13.7,39.62,0.969,98.7,operational,0.015,False
2026-07-27 01:50:22.400462,hvac_014,hvac,Desert Cooler,records_room,Records & Archives,1.57,3.32,47.6,5734.0,9.7,46.02,0.968,95.4,operational,0.016,False
2026-07-28 01:50:22.400462,hvac_014,hvac,Desert Cooler,records_room,Records & Archives,1.58,2.67,46.6,5815.0,13.0,49.51,0.968,90.8,operational,0.017,False
2026-07-29 01:50:22.400462,hvac_014,hvac,Desert Cooler,records_room,Records & Archives,1.58,1.35,46.8,5787.0,11.2,14.11,0.967,97.8,operational,0.017,False
2026-07-30 01:50:22.400462,hvac_014,hvac,Desert Cooler,records_room,Records & Archives,1.58,2.79,45.9,5825.0,12.3,18.46,0.966,90.9,operational,0.018,False
2026-07-31 01:50:22.400462,hvac_014,hvac,Desert Cooler,records_room,Records & Archives,1.58,2.42,47.3,5727.0,7.9,27.15,0.965,91.3,operational,0.019,False
2026-08-01 01:50:22.400462,hvac_014,hvac,Desert Cooler,records_room,Records & Archives,1.59,2.3,46.4,5886.0,13.7,43.92,0.964,93.2,operational,0.02,False
2026-08-02 01:50:22.400462,hvac_014,hvac,Desert Cooler,records_room,Records & Archives,1.59,2.0,56.2,6000.0,17.4,24.36,0.964,91.0,operational,0.02,False
2026-08-03 01:50:22.400462,hvac_014,hvac,Desert Cooler,records_room,Records & Archives,1.59,3.2,47.9,5822.0,10.4,41.87,0.963,97.1,operational,0.021,False
2026-08-04 01:50:22.400462,hvac_014,hvac,Desert Cooler,records_room,Records & Archives,1.59,2.74,50.7,5980.0,15.5,9.04,0.962,95.3,operational,0.022,False
2026-08-05 01:50:22.400462,hvac_014,hvac,Desert Cooler,records_room,Records & Archives,1.6,2.07,54.5,6026.0,16.5,29.75,0.961,94.5,operational,0.023,False
2026-08-06 01:50:22.400462,hvac_014,hvac,Desert Cooler,records_room,Records & Archives,1.6,2.07,51.1,6026.0,16.0,3.49,0.961,90.7,operational,0.023,False
2026-08-07 01:50:22.400462,hvac_014,hvac,Desert Cooler,records_room,Records & Archives,1.6,3.34,44.7,5988.0,14.3,36.64,0.96,95.4,operational,0.024,False
2026-08-08 01:50:22.400462,hvac_014,hvac,Desert Cooler,records_room,Records & Archives,1.61,1.77,48.3,5975.0,13.5,14.69,0.959,87.8,operational,0.025,False
2026-08-09 01:50:22.400462,hvac_014,hvac,Desert Cooler,records_room,Records & Archives,1.61,1.78,45.6,5924.0,11.6,47.05,0.958,89.0,operational,0.026,False
2026-08-10 01:50:22.400462,hvac_014,hvac,Desert Cooler,records_room,Records & Archives,1.61,2.41,49.3,5894.0,10.4,23.6,0.957,91.5,operational,0.027,False
2026-08-11 01:50:22.400462,hvac_014,hvac,Desert Cooler,records_room,Records & Archives,1.61,1.67,48.0,5838.0,8.6,15.01,0.957,87.0,operational,0.027,False
2026-08-12 01:50:22.400462,hvac_014,hvac,Desert Cooler,records_room,Records & Archives,1.62,2.89,52.5,5936.0,11.0,22.04,0.956,90.4,operational,0.028,False
2026-08-13 01:50:22.400462,hvac_014,hvac,Desert Cooler,records_room,Records & Archives,1.62,2.58,48.9,5764.0,6.2,37.69,0.955,88.1,operational,0.029,False
2026-08-14 01:50:22.400462,hvac_014,hvac,Desert Cooler,records_room,Records & Archives,1.62,2.5,42.9,6161.0,16.2,38.89,0.954,91.6,operational,0.03,False
2026-08-15 01:50:22.400462,hvac_014,hvac,Desert Cooler,records_room,Records & Archives,1.62,1.94,52.2,5996.0,11.6,13.14,0.953,99.0,operational,0.03,False
2026-08-16 01:50:22.400462,hvac_014,hvac,Desert Cooler,records_room,Records & Archives,1.63,3.47,48.7,5789.0,6.3,12.84,0.953,91.6,operational,0.031,False
2026-08-17 01:50:22.400462,hvac_014,hvac,Desert Cooler,records_room,Records & Archives,1.63,2.41,53.2,5917.0,9.2,28.39,0.952,90.1,operational,0.032,False
2026-08-18 01:50:22.400462,hvac_014,hvac,Desert Cooler,records_room,Records & Archives,1.63,2.57,48.8,6016.0,11.3,45.48,0.951,91.2,operational,0.033,False
2026-08-19 01:50:22.400462,hvac_014,hvac,Desert Cooler,records_room,Records & Archives,1.64,3.19,50.4,6141.0,13.9,6.16,0.95,94.8,operational,0.033,False
2026-08-20 01:50:22.400462,hvac_014,hvac,Desert Cooler,records_room,Records & Archives,1.64,2.38,47.4,6096.0,12.6,40.83,0.95,93.1,operational,0.034,False
2026-08-21 01:50:22.400462,hvac_014,hvac,Desert Cooler,records_room,Records & Archives,1.64,3.27,48.0,6147.0,13.4,7.4,0.949,83.7,operational,0.035,False
2026-08-22 01:50:22.400462,hvac_014,hvac,Desert Cooler,records_room,Records & Archives,1.64,3.32,43.4,5958.0,9.1,43.92,0.948,95.2,operational,0.036,False
2026-08-23 01:50:22.400462,hvac_014,hvac,Desert Cooler,records_room,Records & Archives,1.65,1.4,51.2,5901.0,7.7,3.67,0.947,92.2,operational,0.036,False
2026-08-24 01:50:22.400462,hvac_014,hvac,Desert Cooler,records_room,Records & Archives,1.65,2.05,49.6,6346.0,16.7,45.62,0.946,89.4,operational,0.037,False
2026-08-25 01:50:22.400462,hvac_014,hvac,Desert Cooler,records_room,Records & Archives,1.65,3.39,45.2,6353.0,16.5,21.07,0.946,96.6,operational,0.038,False
2026-08-26 01:50:22.400462,hvac_014,hvac,Desert Cooler,records_room,Records & Archives,1.65,2.04,50.7,6199.0,13.1,23.56,0.945,93.0,operational,0.039,False
2026-08-27 01:50:22.400462,hvac_014,hvac,Desert Cooler,records_room,Records & Archives,1.66,2.21,52.8,6033.0,9.7,29.29,0.944,88.3,operational,0.039,False
2026-08-28 01:50:22.400462,hvac_014,hvac,Desert Cooler,records_room,Records & Archives,1.66,3.4,49.8,6408.0,16.6,27.17,0.943,97.4,operational,0.04,False
2026-08-29 01:50:22.400462,hvac_014,hvac,Desert Cooler,records_room,Records & Archives,1.66,2.37,51.1,6239.0,13.1,27.76,0.942,88.7,operational,0.041,False
2026-08-30 01:50:22.400462,hvac_014,hvac,Desert Cooler,records_room,Records & Archives,1.67,1.96,49.7,6265.0,13.4,27.19,0.942,90.9,operational,0.042,False
2026-08-31 01:50:22.400462,hvac_014,hvac,Desert Cooler,records_room,Records & Archives,1.67,2.63,45.6,6269.0,13.2,26.81,0.941,93.6,operational,0.042,False
2026-09-01 01:50:22.400462,hvac_014,hvac,Desert Cooler,records_room,Records & Archives,1.67,3.8,44.0,6010.0,8.4,22.6,0.94,86.9,operational,0.043,False
2026-09-02 01:50:22.400462,hvac_014,hvac,Desert Cooler,records_room,Records & Archives,1.67,1.3,51.5,6136.0,10.4,37.6,0.939,88.9,operational,0.044,False
2026-09-03 01:50:22.400462,hvac_014,hvac,Desert Cooler,records_room,Records & Archives,1.68,3.63,49.6,6144.0,10.4,46.94,0.939,96.9,operational,0.045,False
2026-09-04 01:50:22.400462,hvac_014,hvac,Desert Cooler,records_room,Records & Archives,1.68,2.91,42.7,6517.0,16.5,28.98,0.938,94.8,operational,0.045,False
2026-09-05 01:50:22.400462,hvac_014,hvac,Desert Cooler,records_room,Records & Archives,1.68,2.23,50.7,6143.0,10.1,6.28,0.937,85.9,operational,0.046,False
2026-09-06 01:50:22.400462,hvac_014,hvac,Desert Cooler,records_room,Records & Archives,1.68,2.13,52.8,6343.0,13.1,55.6,0.936,93.6,operational,0.047,False
2026-09-07 01:50:22.400462,hvac_014,hvac,Desert Cooler,records_room,Records & Archives,1.69,2.15,49.5,6433.0,14.3,2.9,0.935,92.1,operational,0.048,False
2026-09-08 01:50:22.400462,hvac_014,hvac,Desert Cooler,records_room,Records & Archives,1.69,1.95,47.2,6578.0,16.4,45.46,0.935,90.8,operational,0.048,False
2026-09-09 01:50:22.400462,hvac_014,hvac,Desert Cooler,records_room,Records & Archives,1.69,3.35,44.4,6255.0,11.1,41.37,0.934,85.1,operational,0.049,False
2026-09-10 01:50:22.400462,hvac_014,hvac,Desert Cooler,records_room,Records & Archives,1.7,1.73,49.7,5998.0,7.1,7.32,0.933,83.7,operational,0.05,False
2026-09-11 01:50:22.400462,hvac_014,hvac,Desert Cooler,records_room,Records & Archives,1.7,2.9,47.3,6639.0,16.6,23.24,0.932,85.4,operational,0.051,False
2026-09-12 01:50:22.400462,hvac_014,hvac,Desert Cooler,records_room,Records & Archives,1.7,2.88,46.7,6101.0,8.4,36.31,0.931,87.9,operational,0.052,False
2026-09-13 01:50:22.400462,hvac_014,hvac,Desert Cooler,records_room,Records & Archives,1.7,2.27,47.5,6150.0,9.0,44.99,0.931,91.5,operational,0.052,False
2026-09-14 01:50:22.400462,hvac_014,hvac,Desert Cooler,records_room,Records & Archives,1.71,2.49,53.2,6602.0,15.3,22.49,0.93,89.8,operational,0.053,False
2026-09-15 01:50:22.400462,hvac_014,hvac,Desert Cooler,records_room,Records & Archives,1.71,1.86,49.2,6696.0,16.4,43.17,0.929,86.5,operational,0.054,False
2026-09-16 01:50:22.400462,hvac_014,hvac,Desert Cooler,records_room,Records & Archives,1.71,2.95,50.8,6089.0,7.8,29.56,0.928,88.6,operational,0.055,False
2026-09-17 01:50:22.400462,hvac_014,hvac,Desert Cooler,records_room,Records & Archives,1.72,1.83,46.7,6088.0,7.6,39.72,0.928,90.6,operational,0.055,False
2026-09-18 01:50:22.400462,hvac_014,hvac,Desert Cooler,records_room,Records & Archives,1.72,1.83,49.0,6751.0,16.5,32.84,0.927,86.9,operational,0.056,False
2026-09-19 01:50:22.400462,hvac_014,hvac,Desert Cooler,records_room,Records & Archives,1.72,2.85,45.9,6167.0,8.5,3.1,0.926,84.4,operational,0.057,False
2026-09-20 01:50:22.400462,hvac_014,hvac,Desert Cooler,records_room,Records & Archives,1.72,2.62,50.9,6004.0,6.2,42.83,0.925,87.5,operational,0.058,False
2026-09-21 01:50:22.400462,hvac_014,hvac,Desert Cooler,records_room,Records & Archives,1.73,2.75,50.7,6248.0,9.3,21.38,0.924,92.4,operational,0.058,False
2026-09-22 01:50:22.400462,hvac_014,hvac,Desert Cooler,records_room,Records & Archives,1.73,2.26,51.6,6071.0,6.9,29.14,0.924,87.2,operational,0.059,False
2026-09-23 01:50:22.400462,hvac_014,hvac,Desert Cooler,records_room,Records & Archives,1.73,2.34,51.0,6095.0,7.2,43.23,0.923,91.3,operational,0.06,False
2026-09-24 01:50:22.400462,hvac_014,hvac,Desert Cooler,records_room,Records & Archives,1.73,3.04,46.3,6131.0,7.5,22.8,0.922,91.5,operational,0.061,False
2026-09-25 01:50:22.400462,hvac_014,hvac,Desert Cooler,records_room,Records & Archives,1.74,3.03,48.1,6864.0,16.5,13.12,0.921,94.1,operational,0.061,False
2026-09-26 01:50:22.400462,hvac_014,hvac,Desert Cooler,records_room,Records & Archives,1.74,3.44,44.0,6244.0,8.7,30.62,0.92,88.8,operational,0.062,False
2026-09-27 01:50:22.400462,hvac_014,hvac,Desert Cooler,records_room,Records & Archives,1.74,2.27,39.4,6404.0,10.5,28.35,0.92,88.7,operational,0.063,False
2026-09-28 01:50:22.400462,hvac_014,hvac,Desert Cooler,records_room,Records & Archives,1.75,2.5,52.0,6419.0,10.6,29.13,0.919,88.3,operational,0.064,False
2026-09-29 01:50:22.400462,hvac_014,hvac,Desert Cooler,records_room,Records & Archives,1.75,3.16,47.4,6847.0,15.5,47.91,0.918,89.7,operational,0.064,False
2026-09-30 01:50:22.400462,hvac_014,hvac,Desert Cooler,records_room,Records & Archives,1.75,2.43,46.5,6660.0,13.1,28.47,0.917,89.2,operational,0.065,False
2026-10-01 01:50:22.400462,hvac_014,hvac,Desert Cooler,records_room,Records & Archives,1.75,1.59,51.3,6919.0,16.0,21.37,0.917,84.1,operational,0.066,False
2026-10-02 01:50:22.400462,hvac_014,hvac,Desert Cooler,records_room,Records & Archives,1.76,2.53,51.3,7066.0,17.5,24.48,0.916,94.3,operational,0.067,False
2026-10-03 01:50:22.400462,hvac_014,hvac,Desert Cooler,records_room,Records & Archives,1.76,2.41,46.4,6655.0,12.6,37.25,0.915,84.0,operational,0.067,False
2026-07-06 01:50:22.400462,hvac_015,hvac,Split AC,water_supply,Water Supply Office,2.85,3.11,51.0,10395.0,16.5,16.64,0.972,90.7,operational,0.0,False
2026-07-07 01:50:22.400462,hvac_015,hvac,Split AC,water_supply,Water Supply Office,2.85,2.78,50.7,10411.0,16.2,45.89,0.97,88.9,operational,0.001,False
2026-07-08 01:50:22.400462,hvac_015,hvac,Split AC,water_supply,Water Supply Office,2.85,2.12,46.7,10408.0,6.7,23.01,0.969,89.1,operational,0.003,False
2026-07-09 01:50:22.400462,hvac_015,hvac,Split AC,water_supply,Water Supply Office,2.86,3.27,51.9,10447.0,17.2,16.94,0.967,92.1,operational,0.004,False
2026-07-10 01:50:22.400462,hvac_015,hvac,Split AC,water_supply,Water Supply Office,2.86,2.7,50.6,10423.0,7.1,41.16,0.966,97.2,operational,0.006,False
2026-07-11 01:50:22.400462,hvac_015,hvac,Split AC,water_supply,Water Supply Office,2.86,2.48,48.7,10477.0,16.3,32.69,0.964,95.1,operational,0.007,False
2026-07-12 01:50:22.400462,hvac_015,hvac,Split AC,water_supply,Water Supply Office,2.86,2.83,52.0,10475.0,13.3,7.42,0.963,87.3,operational,0.009,False
2026-07-13 01:50:22.400462,hvac_015,hvac,Split AC,water_supply,Water Supply Office,2.87,3.58,50.9,10509.0,16.2,27.84,0.961,91.4,operational,0.01,False
2026-07-14 01:50:22.400462,hvac_015,hvac,Split AC,water_supply,Water Supply Office,2.87,1.95,50.3,10507.0,13.9,24.56,0.96,91.5,operational,0.011,False
2026-07-15 01:50:22.400462,hvac_015,hvac,Split AC,water_supply,Water Supply Office,2.87,3.87,49.7,10553.0,17.5,33.0,0.958,86.8,operational,0.013,False
2026-07-16 01:50:22.400462,hvac_015,hvac,Split AC,water_supply,Water Supply Office,2.88,2.09,50.8,10490.0,9.4,34.1,0.957,94.8,operational,0.014,False
2026-07-17 01:50:22.400462,hvac_015,hvac,Split AC,water_supply,Water Supply Office,2.88,3.2,51.3,10487.0,8.4,42.9,0.956,89.8,operational,0.016,False
2026-07-18 01:50:22.400462,hvac_015,hvac,Split AC,water_supply,Water Supply Office,2.88,2.52,50.4,10554.0,13.3,30.05,0.954,88.9,operational,0.017,False
2026-07-19 01:50:22.400462,hvac_015,hvac,Split AC,water_supply,Water Supply Office,2.88,3.77,49.7,10479.0,6.4,8.09,0.953,89.2,operational,0.019,False
2026-07-20 01:50:22.400462,hvac_015,hvac,Split AC,water_supply,Water Supply Office,2.89,3.08,48.5,10486.0,6.5,24.51,0.951,88.7,operational,0.02,False
2026-07-21 01:50:22.400462,hvac_015,hvac,Split AC,water_supply,Water Supply Office,2.89,2.85,48.6,10551.0,10.4,38.19,0.95,85.9,operational,0.021,False
2026-07-22 01:50:22.400462,hvac_015,hvac,Split AC,water_supply,Water Supply Office,2.89,2.65,49.3,10516.0,7.6,48.21,0.948,92.3,operational,0.023,False
2026-07-23 01:50:22.400462,hvac_015,hvac,Split AC,water_supply,Water Supply Office,2.89,2.31,51.9,10647.0,14.8,6.87,0.947,90.2,operational,0.024,False
2026-07-24 01:50:22.400462,hvac_015,hvac,Split AC,water_supply,Water Supply Office,2.9,2.69,48.8,10536.0,7.8,19.53,0.945,86.1,operational,0.026,False
2026-07-25 01:50:22.400462,hvac_015,hvac,Split AC,water_supply,Water Supply Office,2.9,2.55,45.0,10526.0,6.9,26.05,0.944,96.7,operational,0.027,False
2026-07-26 01:50:22.400462,hvac_015,hvac,Split AC,water_supply,Water Supply Office,2.9,3.19,52.5,10714.0,16.0,34.19,0.942,83.0,operational,0.028,False
2026-07-27 01:50:22.400462,hvac_015,hvac,Split AC,water_supply,Water Supply Office,2.91,2.16,52.2,10735.0,16.2,14.97,0.941,95.9,operational,0.03,False
2026-07-28 01:50:22.400462,hvac_015,hvac,Split AC,water_supply,Water Supply Office,2.91,2.88,47.3,10631.0,10.7,40.27,0.94,92.2,operational,0.031,False
2026-07-29 01:50:22.400462,hvac_015,hvac,Split AC,water_supply,Water Supply Office,2.91,2.45,52.2,10628.0,10.1,44.37,0.938,86.4,operational,0.033,False
2026-07-30 01:50:22.400462,hvac_015,hvac,Split AC,water_supply,Water Supply Office,2.91,3.7,51.4,10559.0,6.8,9.71,0.937,88.0,operational,0.034,False
2026-07-31 01:50:22.400462,hvac_015,hvac,Split AC,water_supply,Water Supply Office,2.92,2.82,52.0,10654.0,10.3,50.22,0.935,82.7,operational,0.036,False
2026-08-01 01:50:22.400462,hvac_015,hvac,Split AC,water_supply,Water Supply Office,2.92,2.69,51.2,10762.0,14.1,10.01,0.934,84.3,operational,0.037,False
2026-08-02 01:50:22.400462,hvac_015,hvac,Split AC,water_supply,Water Supply Office,2.92,3.61,54.4,10772.0,14.0,43.4,0.932,82.6,operational,0.038,False
2026-08-03 01:50:22.400462,hvac_015,hvac,Split AC,water_supply,Water Supply Office,2.92,2.48,52.8,10677.0,10.1,52.23,0.931,88.7,operational,0.04,False
2026-08-04 01:50:22.400462,hvac_015,hvac,Split AC,water_supply,Water Supply Office,2.93,1.68,50.0,10891.0,17.1,20.49,0.929,88.5,operational,0.041,False
2026-08-05 01:50:22.400462,hvac_015,hvac,Split AC,water_supply,Water Supply Office,2.93,3.91,47.5,10663.0,8.9,7.91,0.928,86.0,operational,0.043,False
2026-08-06 01:50:22.400462,hvac_015,hvac,Split AC,water_supply,Water Supply Office,2.93,3.01,54.0,10880.0,15.6,42.62,0.927,88.6,operational,0.044,False
2026-08-07 01:50:22.400462,hvac_015,hvac,Split AC,water_supply,Water Supply Office,2.94,2.68,48.2,10885.0,15.3,15.26,0.925,86.0,operational,0.046,False
2026-08-08 01:50:22.400462,hvac_015,hvac,Split AC,water_supply,Water Supply Office,2.94,2.79,45.6,10986.0,17.9,17.04,0.924,85.1,operational,0.047,False
2026-08-09 01:50:22.400462,hvac_015,hvac,Split AC,water_supply,Water Supply Office,2.94,2.59,46.8,10671.0,8.1,19.35,0.922,83.8,operational,0.048,False
2026-08-10 01:50:22.400462,hvac_015,hvac,Split AC,water_supply,Water Supply Office,2.94,2.54,50.8,10639.0,7.0,52.63,0.921,81.9,operational,0.05,False
2026-08-11 01:50:22.400462,hvac_015,hvac,Split AC,water_supply,Water Supply Office,2.95,3.72,53.5,10653.0,7.2,28.98,0.919,83.8,operational,0.051,False
2026-08-12 01:50:22.400462,hvac_015,hvac,Split AC,water_supply,Water Supply Office,2.95,2.85,51.1,10699.0,8.2,17.5,0.918,83.9,operational,0.053,False
2026-08-13 01:50:22.400462,hvac_015,hvac,Split AC,water_supply,Water Supply Office,2.95,2.85,54.6,10990.0,15.6,15.27,0.916,91.0,operational,0.054,False
2026-08-14 01:50:22.400462,hvac_015,hvac,Split AC,water_supply,Water Supply Office,2.95,2.34,49.3,10885.0,12.5,31.64,0.915,84.2,operational,0.056,False
2026-08-15 01:50:22.400462,hvac_015,hvac,Split AC,water_supply,Water Supply Office,2.96,3.74,42.5,11055.0,16.5,13.71,0.913,82.5,operational,0.057,False
2026-08-16 01:50:22.400462,hvac_015,hvac,Split AC,water_supply,Water Supply Office,2.96,3.31,51.1,10818.0,10.3,25.99,0.912,86.4,operational,0.058,False
2026-08-17 01:50:22.400462,hvac_015,hvac,Split AC,water_supply,Water Supply Office,2.96,3.37,48.8,10680.0,6.8,18.43,0.911,90.6,operational,0.06,False
2026-08-18 01:50:22.400462,hvac_015,hvac,Split AC,water_supply,Water Supply Office,2.97,2.62,49.3,11140.0,17.3,23.49,0.909,81.7,operational,0.061,False
2026-08-19 01:50:22.400462,hvac_015,hvac,Split AC,water_supply,Water Supply Office,2.97,3.46,48.7,10721.0,7.4,5.21,0.908,81.9,operational,0.063,False
2026-08-20 01:50:22.400462,hvac_015,hvac,Split AC,water_supply,Water Supply Office,2.97,3.22,48.3,10781.0,8.6,7.37,0.906,85.9,operational,0.064,False
2026-08-21 01:50:22.400462,hvac_015,hvac,Split AC,water_supply,Water Supply Office,2.97,3.19,50.9,10754.0,7.8,34.61,0.905,85.8,operational,0.066,False
2026-08-22 01:50:22.400462,hvac_015,hvac,Split AC,water_supply,Water Supply Office,2.98,3.33,51.2,10761.0,7.8,2.72,0.903,81.6,operational,0.067,False
2026-08-23 01:50:22.400462,hvac_015,hvac,Split AC,water_supply,Water Supply Office,2.98,1.98,49.6,10766.0,7.7,12.14,0.902,87.3,operational,0.068,False
2026-08-24 01:50:22.400462,hvac_015,hvac,Split AC,water_supply,Water Supply Office,2.98,3.35,53.4,11180.0,16.0,50.41,0.9,82.1,operational,0.07,False
2026-08-25 01:50:22.400462,hvac_015,hvac,Split AC,water_supply,Water Supply Office,2.98,2.47,50.9,11123.0,14.6,17.11,0.899,82.3,operational,0.071,False
2026-08-26 01:50:22.400462,hvac_015,hvac,Split AC,water_supply,Water Supply Office,2.99,2.36,56.4,10794.0,7.8,23.22,0.897,83.0,operational,0.073,False
2026-08-27 01:50:22.400462,hvac_015,hvac,Split AC,water_supply,Water Supply Office,2.99,4.19,50.8,10981.0,11.3,24.18,0.896,84.0,operational,0.074,False
2026-08-28 01:50:22.400462,hvac_015,hvac,Split AC,water_supply,Water Supply Office,2.99,2.56,47.4,10836.0,8.3,54.94,0.895,78.0,operational,0.075,False
2026-08-29 01:50:22.400462,hvac_015,hvac,Split AC,water_supply,Water Supply Office,3.0,2.29,51.4,11264.0,16.1,27.41,0.893,83.1,operational,0.077,False
2026-08-30 01:50:22.400462,hvac_015,hvac,Split AC,water_supply,Water Supply Office,3.0,2.49,50.8,10903.0,9.2,26.28,0.892,85.3,operational,0.078,False
2026-08-31 01:50:22.400462,hvac_015,hvac,Split AC,water_supply,Water Supply Office,3.0,2.49,53.4,10927.0,9.5,14.11,0.89,84.4,operational,0.08,False
2026-09-01 01:50:22.400462,hvac_015,hvac,Split AC,water_supply,Water Supply Office,3.0,3.82,50.6,10779.0,6.7,31.44,0.889,80.2,operational,0.081,False
2026-09-02 01:50:22.400462,hvac_015,hvac,Split AC,water_supply,Water Supply Office,3.01,2.5,53.7,11026.0,10.9,22.64,0.887,81.7,operational,0.083,False
2026-09-03 01:50:22.400462,hvac_015,hvac,Split AC,water_supply,Water Supply Office,3.01,2.08,45.2,11334.0,15.9,57.54,0.886,81.6,operational,0.084,False
2026-09-04 01:50:22.400462,hvac_015,hvac,Split AC,water_supply,Water Supply Office,3.01,2.17,47.6,10997.0,10.0,26.35,0.884,78.3,operational,0.085,False
2026-09-05 01:50:22.400462,hvac_015,hvac,Split AC,water_supply,Water Supply Office,3.02,3.02,55.0,10954.0,9.2,18.27,0.883,85.8,operational,0.087,False
2026-09-06 01:50:22.400462,hvac_015,hvac,Split AC,water_supply,Water Supply Office,3.02,2.12,52.7,11473.0,17.4,24.81,0.882,88.5,operational,0.088,False
2026-09-07 01:50:22.400462,hvac_015,hvac,Split AC,water_supply,Water Supply Office,3.02,2.01,50.2,11240.0,13.4,42.81,0.88,81.0,operational,0.09,False
2026-09-08 01:50:22.400462,hvac_015,hvac,Split AC,water_supply,Water Supply Office,3.02,2.4,51.3,11274.0,13.7,49.8,0.879,81.4,operational,0.091,False
2026-09-09 01:50:22.400462,hvac_015,hvac,Split AC,water_supply,Water Supply Office,3.03,2.91,52.4,11326.0,14.3,25.68,0.877,82.5,operational,0.093,False
2026-09-10 01:50:22.400462,hvac_015,hvac,Split AC,water_supply,Water Supply Office,3.03,2.91,52.5,11183.0,11.9,18.36,0.876,82.9,operational,0.094,False
2026-09-11 01:50:22.400462,hvac_015,hvac,Split AC,water_supply,Water Supply Office,3.03,2.64,51.5,11404.0,15.1,54.99,0.874,80.8,operational,0.095,False
2026-09-12 01:50:22.400462,hvac_015,hvac,Split AC,water_supply,Water Supply Office,3.03,3.09,51.8,11056.0,9.7,12.29,0.873,76.1,operational,0.097,False
2026-09-13 01:50:22.400462,hvac_015,hvac,Split AC,water_supply,Water Supply Office,3.04,3.16,49.2,11263.0,12.6,27.05,0.871,76.0,operational,0.098,False
2026-09-14 01:50:22.400462,hvac_015,hvac,Split AC,water_supply,Water Supply Office,3.04,2.98,47.9,11494.0,15.7,39.02,0.87,82.0,operational,0.1,False
2026-09-15 01:50:22.400462,hvac_015,hvac,Split AC,water_supply,Water Supply Office,3.04,2.92,46.3,11487.0,15.4,33.25,0.868,77.7,operational,0.101,False
2026-09-16 01:50:22.400462,hvac_015,hvac,Split AC,water_supply,Water Supply Office,3.05,2.39,55.6,11436.0,14.5,3.51,0.867,80.3,operational,0.103,False
2026-09-17 01:50:22.400462,hvac_015,hvac,Split AC,water_supply,Water Supply Office,3.05,2.42,50.5,10875.0,6.6,6.52,0.866,80.8,operational,0.104,False
2026-09-18 01:50:22.400462,hvac_015,hvac,Split AC,water_supply,Water Supply Office,3.05,2.57,54.8,11525.0,15.3,47.35,0.864,80.8,operational,0.105,False
2026-09-19 01:50:22.400462,hvac_015,hvac,Split AC,water_supply,Water Supply Office,3.05,3.11,52.8,11489.0,14.6,44.48,0.863,83.0,operational,0.107,False
2026-09-20 01:50:22.400462,hvac_015,hvac,Split AC,water_supply,Water Supply Office,3.06,2.35,55.3,10964.0,7.5,29.39,0.861,80.0,operational,0.108,False
2026-09-21 01:50:22.400462,hvac_015,hvac,Split AC,water_supply,Water Supply Office,3.06,2.92,47.8,11567.0,15.2,15.57,0.86,82.3,operational,0.11,False
2026-09-22 01:50:22.400462,hvac_015,hvac,Split AC,water_supply,Water Supply Office,3.06,2.9,53.4,10943.0,7.0,12.37,0.858,77.8,operational,0.111,False
2026-09-23 01:50:22.400462,hvac_015,hvac,Split AC,water_supply,Water Supply Office,3.06,2.09,53.6,11661.0,16.0,11.79,0.857,76.1,operational,0.112,False
2026-09-24 01:50:22.400462,hvac_015,hvac,Split AC,water_supply,Water Supply Office,3.07,2.75,56.4,11321.0,11.6,5.54,0.855,79.8,operational,0.114,False
2026-09-25 01:50:22.400462,hvac_015,hvac,Split AC,water_supply,Water Supply Office,3.07,3.04,56.9,11169.0,9.5,11.14,0.854,80.5,operational,0.115,False
2026-09-26 01:50:22.400462,hvac_015,hvac,Split AC,water_supply,Water Supply Office,3.07,2.7,54.5,11613.0,14.9,12.18,0.853,74.6,operational,0.117,False
2026-09-27 01:50:22.400462,hvac_015,hvac,Split AC,water_supply,Water Supply Office,3.08,3.51,53.7,11601.0,14.5,23.98,0.851,82.6,operational,0.118,False
2026-09-28 01:50:22.400462,hvac_015,hvac,Split AC,water_supply,Water Supply Office,3.08,3.34,49.2,11517.0,13.4,16.69,0.85,79.4,operational,0.12,False
2026-09-29 01:50:22.400462,hvac_015,hvac,Split AC,water_supply,Water Supply Office,3.08,3.29,51.1,11070.0,7.9,19.54,0.848,79.2,operational,0.121,False
2026-09-30 01:50:22.400462,hvac_015,hvac,Split AC,water_supply,Water Supply Office,3.08,2.71,51.2,11574.0,13.7,4.74,0.847,81.1,operational,0.122,False
2026-10-01 01:50:22.400462,hvac_015,hvac,Split AC,water_supply,Water Supply Office,3.09,3.11,47.3,11307.0,10.5,48.97,0.845,75.8,operational,0.124,False
2026-10-02 01:50:22.400462,hvac_015,hvac,Split AC,water_supply,Water Supply Office,3.09,3.26,52.2,11492.0,12.5,37.92,0.844,78.0,operational,0.125,False
2026-10-03 01:50:22.400462,hvac_015,hvac,Split AC,water_supply,Water Supply Office,3.09,3.09,49.3,11394.0,11.2,29.51,0.842,79.8,operational,0.127,False
2026-07-06 01:50:22.400462,hvac_016,hvac,Central AC,workshop,Maintenance Workshop,11.26,5.66,66.8,41102.0,16.0,40.26,0.887,64.6,operational,0.007,False
2026-07-07 01:50:22.400462,hvac_016,hvac,Central AC,workshop,Maintenance Workshop,11.26,5.73,66.4,41117.0,14.8,6.03,0.882,59.5,maintenance_needed,0.013,True
2026-07-08 01:50:22.400462,hvac_016,hvac,Central AC,workshop,Maintenance Workshop,11.27,4.92,70.4,41118.0,7.7,30.77,0.876,67.8,operational,0.011,False
2026-07-09 01:50:22.400462,hvac_016,hvac,Central AC,workshop,Maintenance Workshop,11.27,5.29,71.0,41153.0,17.0,17.95,0.87,63.9,operational,0.02,False
2026-07-10 01:50:22.400462,hvac_016,hvac,Central AC,workshop,Maintenance Workshop,11.27,5.67,67.8,41146.0,11.0,37.2,0.865,58.7,maintenance_needed,0.029,True
2026-07-11 01:50:22.400462,hvac_016,hvac,Central AC,workshop,Maintenance Workshop,11.27,5.3,62.2,41157.0,10.9,26.67,0.859,60.2,operational,0.031,False
2026-07-12 01:50:22.400462,hvac_016,hvac,Central AC,workshop,Maintenance Workshop,11.28,4.63,69.0,41191.0,14.8,23.76,0.853,62.8,operational,0.034,False
2026-07-13 01:50:22.400462,hvac_016,hvac,Central AC,workshop,Maintenance Workshop,11.28,4.89,65.5,41191.0,12.7,42.3,0.848,62.5,operational,0.039,False
2026-07-14 01:50:22.400462,hvac_016,hvac,Central AC,workshop,Maintenance Workshop,11.28,5.23,69.8,41243.0,17.6,18.05,0.842,56.4,maintenance_needed,0.047,True
2026-07-15 01:50:22.400462,hvac_016,hvac,Central AC,workshop,Maintenance Workshop,11.29,5.4,69.0,41209.0,11.9,4.97,0.836,60.7,operational,0.055,False
2026-07-16 01:50:22.400462,hvac_016,hvac,Central AC,workshop,Maintenance Workshop,11.29,5.25,59.3,41245.0,14.2,33.95,0.831,58.8,maintenance_needed,0.059,True
2026-07-17 01:50:22.400462,hvac_016,hvac,Central AC,workshop,Maintenance Workshop,11.29,6.17,73.6,41273.0,15.5,36.04,0.825,54.7,maintenance_needed,0.074,True
2026-07-18 01:50:22.400462,hvac_016,hvac,Central AC,workshop,Maintenance Workshop,11.29,5.39,71.1,41235.0,11.0,47.3,0.819,63.7,operational,0.071,False
2026-07-19 01:50:22.400462,hvac_016,hvac,Central AC,workshop,Maintenance Workshop,11.3,4.99,69.8,41185.0,6.4,7.58,0.814,62.1,operational,0.073,False
2026-07-20 01:50:22.400462,hvac_016,hvac,Central AC,workshop,Maintenance Workshop,11.3,5.0,67.2,41248.0,10.4,30.27,0.808,59.5,maintenance_needed,0.079,True
2026-07-21 01:50:22.400462,hvac_016,hvac,Central AC,workshop,Maintenance Workshop,11.3,5.79,67.0,41238.0,9.0,23.0,0.803,54.5,maintenance_needed,0.092,True
2026-07-22 01:50:22.400462,hvac_016,hvac,Central AC,workshop,Maintenance Workshop,11.3,6.29,64.5,41230.0,8.0,23.05,0.797,47.3,maintenance_needed,0.103,True
2026-07-23 01:50:22.400462,hvac_016,hvac,Central AC,workshop,Maintenance Workshop,11.31,5.85,69.9,41373.0,15.9,56.33,0.791,50.8,maintenance_needed,0.104,True
2026-07-24 01:50:22.400462,hvac_016,hvac,Central AC,workshop,Maintenance Workshop,11.31,5.51,70.2,41414.0,17.3,13.97,0.786,52.8,maintenance_needed,0.106,True
2026-07-25 01:50:22.400462,hvac_016,hvac,Central AC,workshop,Maintenance Workshop,11.31,5.61,67.1,41272.0,9.0,10.56,0.78,52.1,maintenance_needed,0.113,True
2026-07-26 01:50:22.400462,hvac_016,hvac,Central AC,workshop,Maintenance Workshop,11.32,5.41,65.5,41342.0,12.0,3.46,0.774,54.5,maintenance_needed,0.117,True
2026-07-27 01:50:22.400462,hvac_016,hvac,Central AC,workshop,Maintenance Workshop,11.32,6.04,58.0,41449.0,16.5,28.44,0.769,52.9,maintenance_needed,0.129,True
2026-07-28 01:50:22.400462,hvac_016,hvac,Central AC,workshop,Maintenance Workshop,11.32,5.37,66.5,41373.0,12.3,46.06,0.763,58.4,maintenance_needed,0.128,True
2026-07-29 01:50:22.400462,hvac_016,hvac,Central AC,workshop,Maintenance Workshop,11.32,5.71,66.3,41261.0,6.9,26.94,0.757,52.4,maintenance_needed,0.137,True
2026-07-30 01:50:22.400462,hvac_016,hvac,Central AC,workshop,Maintenance Workshop,11.33,5.38,67.9,41437.0,13.9,7.25,0.752,51.1,maintenance_needed,0.139,True
2026-07-31 01:50:22.400462,hvac_016,hvac,Central AC,workshop,Maintenance Workshop,11.33,5.72,70.4,41304.0,8.1,60.68,0.746,50.6,maintenance_needed,0.148,True
2026-08-01 01:50:22.400462,hvac_016,hvac,Central AC,workshop,Maintenance Workshop,11.33,4.61,62.3,41266.0,6.3,63.36,0.74,52.1,maintenance_needed,0.146,True
2026-08-02 01:50:22.400462,hvac_016,hvac,Central AC,workshop,Maintenance Workshop,11.33,5.86,67.0,41450.0,12.9,4.59,0.735,44.6,maintenance_needed,0.15,True
2026-08-03 01:50:22.400462,hvac_016,hvac,Central AC,workshop,Maintenance Workshop,11.34,5.09,66.4,41432.0,11.8,16.76,0.729,51.4,maintenance_needed,0.15,True
2026-08-04 01:50:22.400462,hvac_016,hvac,Central AC,workshop,Maintenance Workshop,11.34,5.6,64.4,41578.0,16.4,26.93,0.723,41.5,maintenance_needed,0.15,True
2026-08-05 01:50:22.400462,hvac_016,hvac,Central AC,workshop,Maintenance Workshop,11.34,5.06,66.9,41504.0,13.4,49.32,0.718,51.3,maintenance_needed,0.15,True
2026-08-06 01:50:22.400462,hvac_016,hvac,Central AC,workshop,Maintenance Workshop,11.35,5.95,70.6,41408.0,9.8,31.95,0.712,40.6,maintenance_needed,0.15,True
2026-08-07 01:50:22.400462,hvac_016,hvac,Central AC,workshop,Maintenance Workshop,11.35,4.9,68.6,41353.0,7.8,45.61,0.706,46.0,maintenance_needed,0.15,True
2026-08-08 01:50:22.400462,hvac_016,hvac,Central AC,workshop,Maintenance Workshop,11.35,5.97,65.7,41314.0,6.4,41.63,0.701,43.4,maintenance_needed,0.15,True
2026-08-09 01:50:22.400462,hvac_016,hvac,Central AC,workshop,Maintenance Workshop,11.35,5.94,73.4,41428.0,9.6,24.01,0.695,47.6,maintenance_needed,0.15,True
2026-08-10 01:50:22.400462,hvac_016,hvac,Central AC,workshop,Maintenance Workshop,11.36,5.65,69.4,41356.0,7.3,41.18,0.689,42.3,maintenance_needed,0.15,True
2026-08-11 01:50:22.400462,hvac_016,hvac,Central AC,workshop,Maintenance Workshop,11.36,4.91,70.1,41704.0,16.7,6.15,0.684,42.2,maintenance_needed,0.15,True
2026-08-12 01:50:22.400462,hvac_016,hvac,Central AC,workshop,Maintenance Workshop,11.36,4.94,63.9,41640.0,14.5,28.24,0.678,48.1,maintenance_needed,0.15,True
2026-08-13 01:50:22.400462,hvac_016,hvac,Central AC,workshop,Maintenance Workshop,11.37,5.23,67.2,41546.0,11.7,24.18,0.672,42.6,maintenance_needed,0.15,True
2026-08-14 01:50:22.400462,hvac_016,hvac,Central AC,workshop,Maintenance Workshop,11.37,5.2,64.0,41401.0,7.7,55.03,0.667,45.0,maintenance_needed,0.15,True
2026-08-15 01:50:22.400462,hvac_016,hvac,Central AC,workshop,Maintenance Workshop,11.37,5.54,69.9,41728.0,15.6,15.43,0.661,41.5,maintenance_needed,0.15,True
2026-08-16 01:50:22.400462,hvac_016,hvac,Central AC,workshop,Maintenance Workshop,11.37,6.46,67.7,41759.0,16.0,7.45,0.655,37.3,maintenance_needed,0.15,True
2026-08-17 01:50:22.400462,hvac_016,hvac,Central AC,workshop,Maintenance Workshop,11.38,5.96,65.2,41854.0,17.9,9.0,0.65,38.3,maintenance_needed,0.15,True
2026-08-18 01:50:22.400462,hvac_016,hvac,Central AC,workshop,Maintenance Workshop,11.38,5.77,67.7,41870.0,17.9,65.3,0.644,43.3,maintenance_needed,0.15,True
2026-08-19 01:50:22.400462,hvac_016,hvac,Central AC,workshop,Maintenance Workshop,11.38,5.22,68.4,41825.0,16.4,41.28,0.638,42.4,maintenance_needed,0.15,True
2026-08-20 01:50:22.400462,hvac_016,hvac,Central AC,workshop,Maintenance Workshop,11.38,5.28,71.3,41408.0,6.8,65.12,0.633,36.6,maintenance_needed,0.15,True
2026-08-21 01:50:22.400462,hvac_016,hvac,Central AC,workshop,Maintenance Workshop,11.39,5.93,62.7,41395.0,6.4,41.74,0.627,30.3,maintenance_needed,0.15,True
2026-08-22 01:50:22.400462,hvac_016,hvac,Central AC,workshop,Maintenance Workshop,11.39,5.36,70.3,41576.0,10.1,68.74,0.621,37.4,maintenance_needed,0.15,True
2026-08-23 01:50:22.400462,hvac_016,hvac,Central AC,workshop,Maintenance Workshop,11.39,5.26,63.8,41673.0,11.9,42.6,0.616,40.6,maintenance_needed,0.15,True
2026-08-24 01:50:22.400462,hvac_016,hvac,Central AC,workshop,Maintenance Workshop,11.4,5.84,66.8,41930.0,16.9,3.55,0.61,33.9,maintenance_needed,0.15,True
2026-08-25 01:50:22.400462,hvac_016,hvac,Central AC,workshop,Maintenance Workshop,11.4,6.18,65.9,41969.0,17.3,52.96,0.604,27.3,critical,0.15,True
2026-08-26 01:50:22.400462,hvac_016,hvac,Central AC,workshop,Maintenance Workshop,11.4,6.09,71.0,41799.0,13.7,41.69,0.599,32.4,maintenance_needed,0.15,True
2026-08-27 01:50:22.400462,hvac_016,hvac,Central AC,workshop,Maintenance Workshop,11.4,6.06,71.5,41946.0,16.2,68.29,0.593,32.2,maintenance_needed,0.15,True
2026-08-28 01:50:22.400462,hvac_016,hvac,Central AC,workshop,Maintenance Workshop,11.41,5.25,67.0,41978.0,16.5,27.35,0.588,36.4,maintenance_needed,0.15,True
2026-08-29 01:50:22.400462,hvac_016,hvac,Central AC,workshop,Maintenance Workshop,11.41,5.43,68.2,41569.0,8.6,6.85,0.582,39.3,maintenance_needed,0.15,True
2026-08-30 01:50:22.400462,hvac_016,hvac,Central AC,workshop,Maintenance Workshop,11.41,5.31,70.1,41924.0,14.9,73.33,0.576,28.6,critical,0.15,True
2026-08-31 01:50:22.400462,hvac_016,hvac,Central AC,workshop,Maintenance Workshop,11.41,5.96,68.5,41845.0,13.3,82.5,0.571,29.6,critical,0.15,True
2026-09-01 01:50:22.400462,hvac_016,hvac,Central AC,workshop,Maintenance Workshop,11.42,4.51,75.9,41564.0,8.1,6.76,0.565,34.9,maintenance_needed,0.15,True
2026-09-02 01:50:22.400462,hvac_016,hvac,Central AC,workshop,Maintenance Workshop,11.42,5.46,68.0,41763.0,11.4,61.67,0.559,36.9,maintenance_needed,0.15,True
2026-09-03 01:50:22.400462,hvac_016,hvac,Central AC,workshop,Maintenance Workshop,11.42,5.9,61.2,41753.0,11.0,14.61,0.554,32.5,maintenance_needed,0.15,True
2026-09-04 01:50:22.400462,hvac_016,hvac,Central AC,workshop,Maintenance Workshop,11.43,4.64,65.3,41969.0,14.4,72.15,0.548,33.0,maintenance_needed,0.15,True
2026-09-05 01:50:22.400462,hvac_016,hvac,Central AC,workshop,Maintenance Workshop,11.43,4.87,63.1,41882.0,12.8,43.81,0.542,30.0,critical,0.15,True
2026-09-06 01:50:22.400462,hvac_016,hvac,Central AC,workshop,Maintenance Workshop,11.43,5.56,68.6,41935.0,13.4,58.46,0.537,33.2,maintenance_needed,0.15,True
2026-09-07 01:50:22.400462,hvac_016,hvac,Central AC,workshop,Maintenance Workshop,11.43,5.19,64.1,41730.0,10.0,78.09,0.531,27.7,critical,0.15,True
2026-09-08 01:50:22.400462,hvac_016,hvac,Central AC,workshop,Maintenance Workshop,11.44,5.83,65.3,41947.0,13.2,30.35,0.525,21.5,critical,0.15,True
2026-09-09 01:50:22.400462,hvac_016,hvac,Central AC,workshop,Maintenance Workshop,11.44,5.78,67.0,41675.0,8.8,74.0,0.52,19.5,critical,0.15,True
2026-09-10 01:50:22.400462,hvac_016,hvac,Central AC,workshop,Maintenance Workshop,11.44,5.35,67.0,42222.0,17.0,25.02,0.514,27.1,critical,0.15,True
2026-09-11 01:50:22.400462,hvac_016,hvac,Central AC,workshop,Maintenance Workshop,11.44,4.65,68.5,41598.0,7.4,73.3,0.508,25.0,critical,0.15,True
2026-09-12 01:50:22.400462,hvac_016,hvac,Central AC,workshop,Maintenance Workshop,11.45,5.3,67.2,41653.0,8.1,7.79,0.503,25.2,critical,0.15,True
2026-09-13 01:50:22.400462,hvac_016,hvac,Central AC,workshop,Maintenance Workshop,11.45,5.19,61.1,42071.0,14.0,40.18,0.5,21.6,critical,0.15,True
2026-09-14 01:50:22.400462,hvac_016,hvac,Central AC,workshop,Maintenance Workshop,11.45,5.53,68.0,42307.0,17.2,29.77,0.5,26.9,critical,0.15,True
2026-09-15 01:50:22.400462,hvac_016,hvac,Central AC,workshop,Maintenance Workshop,11.46,5.38,61.0,42307.0,17.0,73.5,0.5,20.0,critical,0.15,True
2026-09-16 01:50:22.400462,hvac_016,hvac,Central AC,workshop,Maintenance Workshop,11.46,5.3,67.5,42295.0,16.6,92.29,0.5,22.2,critical,0.15,True
2026-09-17 01:50:22.400462,hvac_016,hvac,Central AC,workshop,Maintenance Workshop,11.46,5.82,66.7,41644.0,7.4,38.6,0.5,19.7,critical,0.15,True
2026-09-18 01:50:22.400462,hvac_016,hvac,Central AC,workshop,Maintenance Workshop,11.46,5.36,64.8,41738.0,8.6,83.38,0.5,22.8,critical,0.15,True
2026-09-19 01:50:22.400462,hvac_016,hvac,Central AC,workshop,Maintenance Workshop,11.47,6.28,69.4,41647.0,7.3,77.18,0.5,16.7,critical,0.15,True
2026-09-20 01:50:22.400462,hvac_016,hvac,Central AC,workshop,Maintenance Workshop,11.47,5.31,66.7,42374.0,16.7,67.36,0.5,20.8,critical,0.15,True
2026-09-21 01:50:22.400462,hvac_016,hvac,Central AC,workshop,Maintenance Workshop,11.47,5.39,68.9,42355.0,16.3,95.4,0.5,16.2,critical,0.15,True
2026-09-22 01:50:22.400462,hvac_016,hvac,Central AC,workshop,Maintenance Workshop,11.47,6.34,65.4,41804.0,9.0,51.86,0.5,10.4,critical,0.15,True
2026-09-23 01:50:22.400462,hvac_016,hvac,Central AC,workshop,Maintenance Workshop,11.48,5.73,68.1,41886.0,9.9,20.6,0.5,17.7,critical,0.15,True
2026-09-24 01:50:22.400462,hvac_016,hvac,Central AC,workshop,Maintenance Workshop,11.48,4.98,69.7,41710.0,7.6,79.72,0.5,19.3,critical,0.15,True
2026-09-25 01:50:22.400462,hvac_016,hvac,Central AC,workshop,Maintenance Workshop,11.48,5.87,61.8,42497.0,17.2,89.06,0.5,13.6,critical,0.15,True
2026-09-26 01:50:22.400462,hvac_016,hvac,Central AC,workshop,Maintenance Workshop,11.49,5.84,64.1,42121.0,12.4,32.21,0.5,14.7,critical,0.15,True
2026-09-27 01:50:22.400462,hvac_016,hvac,Central AC,workshop,Maintenance Workshop,11.49,5.39,65.4,42406.0,15.7,21.15,0.5,12.7,critical,0.15,True
2026-09-28 01:50:22.400462,hvac_016,hvac,Central AC,workshop,Maintenance Workshop,11.49,5.61,69.3,41667.0,6.7,79.84,0.5,19.6,critical,0.15,True
2026-09-29 01:50:22.400462,hvac_016,hvac,Central AC,workshop,Maintenance Workshop,11.49,4.96,68.0,42408.0,15.4,47.5,0.5,12.0,critical,0.15,True
2026-09-30 01:50:22.400462,hvac_016,hvac,Central AC,workshop,Maintenance Workshop,11.5,3.83,64.8,42012.0,10.6,82.7,0.5,22.7,critical,0.15,True
2026-10-01 01:50:22.400462,hvac_016,hvac,Central AC,workshop,Maintenance Workshop,11.5,5.24,72.2,42052.0,10.9,96.08,0.5,15.7,critical,0.15,True
2026-10-02 01:50:22.400462,hvac_016,hvac,Central AC,workshop,Maintenance Workshop,11.5,5.4,70.0,42030.0,10.5,52.27,0.5,12.1,critical,0.15,True
2026-10-03 01:50:22.400462,hvac_016,hvac,Central AC,workshop,Maintenance Workshop,11.5,5.28,71.0,42629.0,17.1,39.99,0.5,18.3,critical,0.15,True
2026-07-06 01:50:22.400462,hvac_017,hvac,Desert Cooler,parking_complex,Parking Complex,0.82,2.0,42.9,3000.0,9.2,19.25,0.992,98.7,operational,0.0,False
2026-07-07 01:50:22.400462,hvac_017,hvac,Desert Cooler,parking_complex,Parking Complex,0.82,2.54,45.6,3018.0,17.8,7.32,0.991,94.6,operational,0.0,False
2026-07-08 01:50:22.400462,hvac_017,hvac,Desert Cooler,parking_complex,Parking Complex,0.83,2.46,49.3,3015.0,7.4,38.43,0.991,88.5,operational,0.001,False
2026-07-09 01:50:22.400462,hvac_017,hvac,Desert Cooler,parking_complex,Parking Complex,0.83,2.37,46.1,3029.0,9.7,34.39,0.99,99.8,operational,0.001,False
2026-07-10 01:50:22.400462,hvac_017,hvac,Desert Cooler,parking_complex,Parking Complex,0.83,2.21,47.4,3043.0,10.8,18.78,0.99,98.9,operational,0.002,False
2026-07-11 01:50:22.400462,hvac_017,hvac,Desert Cooler,parking_complex,Parking Complex,0.84,2.27,44.2,3066.0,13.2,19.81,0.99,96.7,operational,0.002,False
2026-07-12 01:50:22.400462,hvac_017,hvac,Desert Cooler,parking_complex,Parking Complex,0.84,1.84,51.3,3079.0,13.2,36.25,0.989,99.9,operational,0.002,False
2026-07-13 01:50:22.400462,hvac_017,hvac,Desert Cooler,parking_complex,Parking Complex,0.84,2.19,45.3,3123.0,17.6,5.11,0.989,98.7,operational,0.003,False
2026-07-14 01:50:22.400462,hvac_017,hvac,Desert Cooler,parking_complex,Parking Complex,0.84,3.41,46.4,3074.0,9.2,26.3,0.988,94.8,operational,0.003,False
2026-07-15 01:50:22.400462,hvac_017,hvac,Desert Cooler,parking_complex,Parking Complex,0.85,1.86,45.6,3145.0,16.1,15.03,0.988,92.9,operational,0.004,False
2026-07-16 01:50:22.400462,hvac_017,hvac,Desert Cooler,parking_complex,Parking Complex,0.85,1.06,42.7,3155.0,15.5,40.39,0.987,92.1,operational,0.004,False
2026-07-17 01:50:22.400462,hvac_017,hvac,Desert Cooler,parking_complex,Parking Complex,0.85,3.05,47.3,3151.0,13.7,41.98,0.987,96.1,operational,0.005,False
2026-07-18 01:50:22.400462,hvac_017,hvac,Desert Cooler,parking_complex,Parking Complex,0.85,1.28,49.5,3196.0,16.3,48.59,0.987,100.0,operational,0.005,False
2026-07-19 01:50:22.400462,hvac_017,hvac,Desert Cooler,parking_complex,Parking Complex,0.86,1.77,46.0,3187.0,14.4,36.47,0.986,96.6,operational,0.005,False
2026-07-20 01:50:22.400462,hvac_017,hvac,Desert Cooler,parking_complex,Parking Complex,0.86,1.94,49.2,3166.0,11.8,40.7,0.986,94.9,operational,0.006,False
2026-07-21 01:50:22.400462,hvac_017,hvac,Desert Cooler,parking_complex,Parking Complex,0.86,2.44,47.0,3249.0,16.6,29.07,0.985,97.7,operational,0.006,False
2026-07-22 01:50:22.400462,hvac_017,hvac,Desert Cooler,parking_complex,Parking Complex,0.87,2.09,43.3,3283.0,17.7,17.76,0.985,91.4,operational,0.007,False
2026-07-23 01:50:22.400462,hvac_017,hvac,Desert Cooler,parking_complex,Parking Complex,0.87,3.06,48.7,3303.0,17.8,25.59,0.984,97.2,operational,0.007,False
2026-07-24 01:50:22.400462,hvac_017,hvac,Desert Cooler,parking_complex,Parking Complex,0.87,1.53,46.5,3154.0,8.5,44.64,0.984,91.7,operational,0.007,False
2026-07-25 01:50:22.400462,hvac_017,hvac,Desert Cooler,parking_complex,Parking Complex,0.87,2.3,49.9,3171.0,9.0,35.43,0.983,95.7,operational,0.008,False
2026-07-26 01:50:22.400462,hvac_017,hvac,Desert Cooler,parking_complex,Parking Complex,0.88,3.03,46.0,3236.0,11.8,26.74,0.983,100.0,operational,0.008,False
2026-07-27 01:50:22.400462,hvac_017,hvac,Desert Cooler,parking_complex,Parking Complex,0.88,2.6,51.7,3299.0,14.2,6.19,0.983,99.8,operational,0.009,False
2026-07-28 01:50:22.400462,hvac_017,hvac,Desert Cooler,parking_complex,Parking Complex,0.88,2.47,46.6,3199.0,9.1,10.86,0.982,97.9,operational,0.009,False
2026-07-29 01:50:22.400462,hvac_017,hvac,Desert Cooler,parking_complex,Parking Complex,0.88,2.78,44.7,3259.0,11.3,28.1,0.982,98.4,operational,0.009,False
2026-07-30 01:50:22.400462,hvac_017,hvac,Desert Cooler,parking_complex,Parking Complex,0.89,1.8,44.8,3318.0,13.2,38.49,0.981,100.0,operational,0.01,False
2026-07-31 01:50:22.400462,hvac_017,hvac,Desert Cooler,parking_complex,Parking Complex,0.89,2.14,47.5,3435.0,17.4,13.52,0.981,94.0,operational,0.01,False
2026-08-01 01:50:22.400462,hvac_017,hvac,Desert Cooler,parking_complex,Parking Complex,0.89,1.9,45.7,3290.0,11.1,42.94,0.98,94.2,operational,0.011,False
2026-08-02 01:50:22.400462,hvac_017,hvac,Desert Cooler,parking_complex,Parking Complex,0.9,2.5,42.5,3439.0,16.3,34.75,0.98,95.7,operational,0.011,False
2026-08-03 01:50:22.400462,hvac_017,hvac,Desert Cooler,parking_complex,Parking Complex,0.9,1.42,46.6,3271.0,9.7,53.0,0.98,96.8,operational,0.012,False
2026-08-04 01:50:22.400462,hvac_017,hvac,Desert Cooler,parking_complex,Parking Complex,0.9,1.46,46.3,3417.0,14.4,4.64,0.979,95.4,operational,0.012,False
2026-08-05 01:50:22.400462,hvac_017,hvac,Desert Cooler,parking_complex,Parking Complex,0.9,2.81,45.0,3460.0,15.3,38.66,0.979,98.3,operational,0.012,False
2026-08-06 01:50:22.400462,hvac_017,hvac,Desert Cooler,parking_complex,Parking Complex,0.91,1.39,45.7,3194.0,6.3,25.06,0.978,98.0,operational,0.013,False
2026-08-07 01:50:22.400462,hvac_017,hvac,Desert Cooler,parking_complex,Parking Complex,0.91,2.88,44.0,3572.0,17.9,13.74,0.978,100.0,operational,0.013,False
2026-08-08 01:50:22.400462,hvac_017,hvac,Desert Cooler,parking_complex,Parking Complex,0.91,2.22,44.2,3405.0,12.3,30.22,0.977,100.0,operational,0.014,False
2026-08-09 01:50:22.400462,hvac_017,hvac,Desert Cooler,parking_complex,Parking Complex,0.92,2.27,50.0,3489.0,14.4,2.08,0.977,94.8,operational,0.014,False
2026-08-10 01:50:22.400462,hvac_017,hvac,Desert Cooler,parking_complex,Parking Complex,0.92,2.52,44.6,3279.0,8.0,13.83,0.976,95.7,operational,0.014,False
2026-08-11 01:50:22.400462,hvac_017,hvac,Desert Cooler,parking_complex,Parking Complex,0.92,2.75,51.5,3316.0,8.8,42.69,0.976,95.4,operational,0.015,False
2026-08-12 01:50:22.400462,hvac_017,hvac,Desert Cooler,parking_complex,Parking Complex,0.92,2.52,45.9,3630.0,17.0,56.32,0.976,95.4,operational,0.015,False
2026-08-13 01:50:22.400462,hvac_017,hvac,Desert Cooler,parking_complex,Parking Complex,0.93,3.28,40.9,3591.0,15.6,21.14,0.975,96.7,operational,0.016,False
2026-08-14 01:50:22.400462,hvac_017,hvac,Desert Cooler,parking_complex,Parking Complex,0.93,2.32,43.7,3469.0,12.0,21.83,0.975,95.7,operational,0.016,False
2026-08-15 01:50:22.400462,hvac_017,hvac,Desert Cooler,parking_complex,Parking Complex,0.93,2.07,42.4,3521.0,13.0,18.03,0.974,97.2,operational,0.016,False
2026-08-16 01:50:22.400462,hvac_017,hvac,Desert Cooler,parking_complex,Parking Complex,0.93,1.34,48.0,3479.0,11.7,8.94,0.974,93.7,operational,0.017,False
2026-08-17 01:50:22.400462,hvac_017,hvac,Desert Cooler,parking_complex,Parking Complex,0.94,2.69,48.8,3446.0,10.6,37.62,0.973,95.1,operational,0.017,False
2026-08-18 01:50:22.400462,hvac_017,hvac,Desert Cooler,parking_complex,Parking Complex,0.94,1.84,45.8,3495.0,11.5,23.51,0.973,90.9,operational,0.018,False
2026-08-19 01:50:22.400462,hvac_017,hvac,Desert Cooler,parking_complex,Parking Complex,0.94,1.94,42.0,3423.0,9.6,14.02,0.972,91.3,operational,0.018,False
2026-08-20 01:50:22.400462,hvac_017,hvac,Desert Cooler,parking_complex,Parking Complex,0.95,3.11,42.7,3719.0,16.0,8.27,0.972,95.9,operational,0.018,False
2026-08-21 01:50:22.400462,hvac_017,hvac,Desert Cooler,parking_complex,Parking Complex,0.95,2.3,42.6,3591.0,12.8,35.89,0.972,100.0,operational,0.019,False
2026-08-22 01:50:22.400462,hvac_017,hvac,Desert Cooler,parking_complex,Parking Complex,0.95,2.49,43.7,3732.0,15.6,12.53,0.971,94.8,operational,0.019,False
2026-08-23 01:50:22.400462,hvac_017,hvac,Desert Cooler,parking_complex,Parking Complex,0.95,2.06,46.7,3794.0,16.5,12.8,0.971,93.8,operational,0.02,False
2026-08-24 01:50:22.400462,hvac_017,hvac,Desert Cooler,parking_complex,Parking Complex,0.96,2.23,49.6,3491.0,10.0,46.61,0.97,91.7,operational,0.02,False
2026-08-25 01:50:22.400462,hvac_017,hvac,Desert Cooler,parking_complex,Parking Complex,0.96,1.83,45.3,3533.0,10.7,17.21,0.97,95.6,operational,0.021,False
2026-08-26 01:50:22.400462,hvac_017,hvac,Desert Cooler,parking_complex,Parking Complex,0.96,2.14,45.4,3550.0,10.8,8.34,0.969,90.5,operational,0.021,False
2026-08-27 01:50:22.400462,hvac_017,hvac,Desert Cooler,parking_complex,Parking Complex,0.96,2.94,45.8,3785.0,15.1,26.5,0.969,100.0,operational,0.021,False
2026-08-28 01:50:22.400462,hvac_017,hvac,Desert Cooler,parking_complex,Parking Complex,0.97,2.04,44.3,3481.0,9.1,22.06,0.969,94.4,operational,0.022,False
2026-08-29 01:50:22.400462,hvac_017,hvac,Desert Cooler,parking_complex,Parking Complex,0.97,2.59,52.5,3649.0,12.0,36.47,0.968,100.0,operational,0.022,False
2026-08-30 01:50:22.400462,hvac_017,hvac,Desert Cooler,parking_complex,Parking Complex,0.97,1.9,49.1,3421.0,7.7,28.97,0.968,92.8,operational,0.023,False
2026-08-31 01:50:22.400462,hvac_017,hvac,Desert Cooler,parking_complex,Parking Complex,0.98,2.09,45.0,3389.0,6.9,27.56,0.967,93.9,operational,0.023,False
2026-09-01 01:50:22.400462,hvac_017,hvac,Desert Cooler,parking_complex,Parking Complex,0.98,2.03,48.0,3608.0,10.7,49.32,0.967,99.5,operational,0.023,False
2026-09-02 01:50:22.400462,hvac_017,hvac,Desert Cooler,parking_complex,Parking Complex,0.98,1.91,42.5,3372.0,6.4,20.36,0.966,97.3,operational,0.024,False
2026-09-03 01:50:22.400462,hvac_017,hvac,Desert Cooler,parking_complex,Parking Complex,0.98,2.24,43.0,3850.0,14.4,17.34,0.966,94.8,operational,0.024,False
2026-09-04 01:50:22.400462,hvac_017,hvac,Desert Cooler,parking_complex,Parking Complex,0.99,2.07,49.5,3806.0,13.4,12.74,0.965,89.9,operational,0.025,False
2026-09-05 01:50:22.400462,hvac_017,hvac,Desert Cooler,parking_complex,Parking Complex,0.99,1.99,45.2,3818.0,13.4,35.84,0.965,91.1,operational,0.025,False
2026-09-06 01:50:22.400462,hvac_017,hvac,Desert Cooler,parking_complex,Parking Complex,0.99,2.14,45.6,3581.0,9.4,20.09,0.965,96.7,operational,0.025,False
2026-09-07 01:50:22.400462,hvac_017,hvac,Desert Cooler,parking_complex,Parking Complex,0.99,2.54,47.5,3713.0,11.3,48.89,0.964,93.4,operational,0.026,False
2026-09-08 01:50:22.400462,hvac_017,hvac,Desert Cooler,parking_complex,Parking Complex,1.0,2.81,41.6,3619.0,9.7,5.87,0.964,98.7,operational,0.026,False
2026-09-09 01:50:22.400462,hvac_017,hvac,Desert Cooler,parking_complex,Parking Complex,1.0,1.61,44.8,3670.0,10.3,33.77,0.963,89.8,operational,0.027,False
2026-09-10 01:50:22.400462,hvac_017,hvac,Desert Cooler,parking_complex,Parking Complex,1.0,3.08,48.0,3850.0,12.9,41.31,0.963,95.7,operational,0.027,False
2026-09-11 01:50:22.400462,hvac_017,hvac,Desert Cooler,parking_complex,Parking Complex,1.01,2.31,44.9,3745.0,11.1,43.47,0.962,91.2,operational,0.028,False
2026-09-12 01:50:22.400462,hvac_017,hvac,Desert Cooler,parking_complex,Parking Complex,1.01,1.51,50.2,4223.0,18.0,40.43,0.962,97.3,operational,0.028,False
2026-09-13 01:50:22.400462,hvac_017,hvac,Desert Cooler,parking_complex,Parking Complex,1.01,2.1,48.0,3762.0,11.0,12.65,0.962,94.0,operational,0.028,False
2026-09-14 01:50:22.400462,hvac_017,hvac,Desert Cooler,parking_complex,Parking Complex,1.01,2.18,51.1,3487.0,7.0,40.22,0.961,93.9,operational,0.029,False
2026-09-15 01:50:22.400462,hvac_017,hvac,Desert Cooler,parking_complex,Parking Complex,1.02,3.01,47.1,3951.0,13.4,42.15,0.961,95.2,operational,0.029,False
2026-09-16 01:50:22.400462,hvac_017,hvac,Desert Cooler,parking_complex,Parking Complex,1.02,2.17,45.4,4175.0,16.3,49.6,0.96,91.3,operational,0.03,False
2026-09-17 01:50:22.400462,hvac_017,hvac,Desert Cooler,parking_complex,Parking Complex,1.02,2.62,47.0,3754.0,10.3,39.58,0.96,94.3,operational,0.03,False
2026-09-18 01:50:22.400462,hvac_017,hvac,Desert Cooler,parking_complex,Parking Complex,1.02,2.26,53.2,3778.0,10.5,41.47,0.959,93.7,operational,0.03,False
2026-09-19 01:50:22.400462,hvac_017,hvac,Desert Cooler,parking_complex,Parking Complex,1.03,2.75,47.6,3773.0,10.3,20.66,0.959,93.3,operational,0.031,False
2026-09-20 01:50:22.400462,hvac_017,hvac,Desert Cooler,parking_complex,Parking Complex,1.03,2.74,45.7,3641.0,8.4,40.75,0.958,93.9,operational,0.031,False
2026-09-21 01:50:22.400462,hvac_017,hvac,Desert Cooler,parking_complex,Parking Complex,1.03,1.7,46.1,3725.0,9.4,47.83,0.958,88.9,operational,0.032,False
2026-09-22 01:50:22.400462,hvac_017,hvac,Desert Cooler,parking_complex,Parking Complex,1.04,1.52,44.2,4031.0,13.2,48.91,0.958,94.5,operational,0.032,False
2026-09-23 01:50:22.400462,hvac_017,hvac,Desert Cooler,parking_complex,Parking Complex,1.04,2.26,46.7,3871.0,11.0,30.74,0.957,93.5,operational,0.032,False
2026-09-24 01:50:22.400462,hvac_017,hvac,Desert Cooler,parking_complex,Parking Complex,1.04,2.24,47.0,3782.0,9.8,53.29,0.957,92.6,operational,0.033,False
2026-09-25 01:50:22.400462,hvac_017,hvac,Desert Cooler,parking_complex,Parking Complex,1.04,3.38,46.5,3846.0,10.4,22.44,0.956,100.0,operational,0.033,False
2026-09-26 01:50:22.400462,hvac_017,hvac,Desert Cooler,parking_complex,Parking Complex,1.05,2.28,47.7,4335.0,16.3,28.18,0.956,95.1,operational,0.034,False
2026-09-27 01:50:22.400462,hvac_017,hvac,Desert Cooler,parking_complex,Parking Complex,1.05,3.16,47.4,3649.0,7.8,10.02,0.955,93.4,operational,0.034,False
2026-09-28 01:50:22.400462,hvac_017,hvac,Desert Cooler,parking_complex,Parking Complex,1.05,2.58,48.9,3777.0,9.2,10.21,0.955,94.2,operational,0.035,False
2026-09-29 01:50:22.400462,hvac_017,hvac,Desert Cooler,parking_complex,Parking Complex,1.05,2.15,45.8,3614.0,7.2,38.54,0.955,94.3,operational,0.035,False
2026-09-30 01:50:22.400462,hvac_017,hvac,Desert Cooler,parking_complex,Parking Complex,1.06,2.05,49.2,4394.0,16.2,37.46,0.954,94.2,operational,0.035,False
2026-10-01 01:50:22.400462,hvac_017,hvac,Desert Cooler,parking_complex,Parking Complex,1.06,3.07,46.9,4166.0,13.4,26.06,0.954,89.3,operational,0.036,False
2026-10-02 01:50:22.400462,hvac_017,hvac,Desert Cooler,parking_complex,Parking Complex,1.06,1.82,49.4,3750.0,8.5,42.11,0.953,96.4,operational,0.036,False
2026-10-03 01:50:22.400462,hvac_017,hvac,Desert Cooler,parking_complex,Parking Complex,1.07,2.12,49.0,4387.0,15.6,46.76,0.953,88.5,operational,0.037,False
2026-07-06 01:50:22.400462,hvac_018,hvac,Split AC,main_office,Main Office,4.37,3.77,55.4,15959.0,10.1,4.24,0.956,90.6,operational,0.133,False
2026-07-07 01:50:22.400462,hvac_018,hvac,Split AC,main_office,Main Office,4.38,4.37,53.4,15970.0,11.0,4.01,0.954,79.5,operational,0.15,False
2026-07-08 01:50:22.400462,hvac_018,hvac,Split AC,main_office,Main Office,4.38,2.93,55.9,15992.0,16.1,11.08,0.952,82.6,operational,0.167,False
2026-07-09 01:50:22.400462,hvac_018,hvac,Split AC,main_office,Main Office,4.38,4.02,59.0,16013.0,17.9,29.4,0.95,84.8,operational,0.183,False
2026-07-10 01:50:22.400462,hvac_018,hvac,Split AC,main_office,Main Office,4.38,2.96,54.3,16006.0,11.7,36.9,0.947,80.5,operational,0.2,False
2026-07-11 01:50:22.400462,hvac_018,hvac,Split AC,main_office,Main Office,4.39,2.65,57.0,16004.0,8.9,5.92,0.945,91.7,operational,0.217,False
2026-07-12 01:50:22.400462,hvac_018,hvac,Split AC,main_office,Main Office,4.39,3.73,49.6,16041.0,13.5,49.48,0.943,86.2,operational,0.233,False
2026-07-13 01:50:22.400462,hvac_018,hvac,Split AC,main_office,Main Office,4.39,3.36,53.2,16036.0,10.9,16.16,0.941,84.4,operational,0.25,False
2026-07-14 01:50:22.400462,hvac_018,hvac,Split AC,main_office,Main Office,4.39,3.49,50.8,16049.0,11.2,2.73,0.939,84.4,operational,0.267,False
2026-07-15 01:50:22.400462,hvac_018,hvac,Split AC,main_office,Main Office,4.4,3.5,49.8,16120.0,17.8,53.0,0.936,79.9,operational,0.283,False
2026-07-16 01:50:22.400462,hvac_018,hvac,Split AC,main_office,Main Office,4.4,3.78,51.5,16050.0,9.0,15.97,0.934,86.2,operational,0.3,False
2026-07-17 01:50:22.400462,hvac_018,hvac,Split AC,main_office,Main Office,4.4,3.3,49.6,16105.0,13.2,29.68,0.932,84.4,operational,0.317,False
2026-07-18 01:50:22.400462,hvac_018,hvac,Split AC,main_office,Main Office,4.41,3.32,48.8,16071.0,9.3,26.44,0.93,86.6,operational,0.333,False
2026-07-19 01:50:22.400462,hvac_018,hvac,Split AC,main_office,Main Office,4.41,3.43,54.4,16074.0,8.8,22.11,0.927,83.6,operational,0.35,False
2026-07-20 01:50:22.400462,hvac_018,hvac,Split AC,main_office,Main Office,4.41,3.01,57.4,16050.0,6.5,36.32,0.925,79.5,operational,0.367,False
2026-07-21 01:50:22.400462,hvac_018,hvac,Split AC,main_office,Main Office,4.41,3.57,57.6,16061.0,6.8,54.2,0.923,85.7,operational,0.383,False
2026-07-22 01:50:22.400462,hvac_018,hvac,Split AC,main_office,Main Office,4.42,3.77,54.9,16229.0,16.8,22.0,0.921,81.3,operational,0.4,False
2026-07-23 01:50:22.400462,hvac_018,hvac,Split AC,main_office,Main Office,4.42,3.41,58.8,16258.0,17.6,26.28,0.919,80.9,operational,0.417,False
2026-07-24 01:50:22.400462,hvac_018,hvac,Split AC,main_office,Main Office,4.42,3.31,52.7,16149.0,10.5,19.94,0.916,79.3,operational,0.433,False
2026-07-25 01:50:22.400462,hvac_018,hvac,Split AC,main_office,Main Office,4.42,3.04,57.3,16177.0,11.4,48.68,0.914,89.2,operational,0.45,False
2026-07-26 01:50:22.400462,hvac_018,hvac,Split AC,main_office,Main Office,4.43,3.97,55.5,16110.0,7.5,21.07,0.912,82.0,operational,0.467,False
2026-07-27 01:50:22.400462,hvac_018,hvac,Split AC,main_office,Main Office,4.43,2.61,55.0,16303.0,16.4,5.34,0.91,77.2,operational,0.483,False
2026-07-28 01:50:22.400462,hvac_018,hvac,Split AC,main_office,Main Office,4.43,3.16,55.8,16104.0,6.6,27.04,0.908,80.2,operational,0.5,False
2026-07-29 01:50:22.400462,hvac_018,hvac,Split AC,main_office,Main Office,4.44,3.83,46.4,16269.0,13.5,2.88,0.905,77.6,operational,0.517,False
2026-07-30 01:50:22.400462,hvac_018,hvac,Split AC,main_office,Main Office,4.44,3.53,56.0,16390.0,18.0,18.83,0.903,76.5,operational,0.533,False
2026-07-31 01:50:22.400462,hvac_018,hvac,Split AC,main_office,Main Office,4.44,4.05,54.9,16374.0,16.6,3.38,0.901,78.4,operational,0.55,False
2026-08-01 01:50:22.400462,hvac_018,hvac,Split AC,main_office,Main Office,4.44,3.15,54.0,16260.0,11.5,5.01,0.899,79.9,operational,0.567,False
2026-08-02 01:50:22.400462,hvac_018,hvac,Split AC,main_office,Main Office,4.45,3.76,57.6,16166.0,7.6,48.69,0.897,81.5,operational,0.583,False
2026-08-03 01:50:22.400462,hvac_018,hvac,Split AC,main_office,Main Office,4.45,3.68,51.5,16197.0,8.5,21.21,0.894,84.5,operational,0.6,False
2026-08-04 01:50:22.400462,hvac_018,hvac,Split AC,main_office,Main Office,4.45,3.74,53.9,16267.0,10.6,30.32,0.892,79.8,operational,0.617,False
2026-08-05 01:50:22.400462,hvac_018,hvac,Split AC,main_office,Main Office,4.45,5.06,62.1,16364.0,13.5,27.77,0.89,73.5,operational,0.633,False
2026-08-06 01:50:22.400462,hvac_018,hvac,Split AC,main_office,Main Office,4.46,3.65,56.0,16346.0,12.5,3.62,0.888,84.9,operational,0.65,False
2026-08-07 01:50:22.400462,hvac_018,hvac,Split AC,main_office,Main Office,4.46,2.96,54.2,16406.0,13.9,25.6,0.885,82.0,operational,0.667,False
2026-08-08 01:50:22.400462,hvac_018,hvac,Split AC,main_office,Main Office,4.46,3.38,57.4,16240.0,8.5,55.96,0.883,74.9,operational,0.683,False
2026-08-09 01:50:22.400462,hvac_018,hvac,Split AC,main_office,Main Office,4.47,3.64,50.9,16334.0,11.0,3.36,0.881,77.7,operational,0.7,False
2026-08-10 01:50:22.400462,hvac_018,hvac,Split AC,main_office,Main Office,4.47,4.28,51.8,16297.0,9.6,19.38,0.879,75.3,operational,0.717,False
2026-08-11 01:50:22.400462,hvac_018,hvac,Split AC,main_office,Main Office,4.47,3.58,57.1,16498.0,15.0,50.23,0.877,82.1,operational,0.733,False
2026-08-12 01:50:22.400462,hvac_018,hvac,Split AC,main_office,Main Office,4.47,3.23,51.0,16382.0,11.4,45.68,0.874,79.7,operational,0.75,False
2026-08-13 01:50:22.400462,hvac_018,hvac,Split AC,main_office,Main Office,4.48,5.0,50.1,16213.0,6.7,3.87,0.872,81.6,operational,0.767,False
2026-08-14 01:50:22.400462,hvac_018,hvac,Split AC,main_office,Main Office,4.48,3.81,56.0,16344.0,9.9,28.79,0.87,80.2,operational,0.783,False
2026-08-15 01:50:22.400462,hvac_018,hvac,Split AC,main_office,Main Office,4.48,4.21,64.0,16309.0,8.7,19.25,0.868,79.9,operational,0.8,False
2026-08-16 01:50:22.400462,hvac_018,hvac,Split AC,main_office,Main Office,4.48,4.2,52.7,16468.0,12.4,54.19,0.866,81.4,operational,0.817,False
2026-08-17 01:50:22.400462,hvac_018,hvac,Split AC,main_office,Main Office,4.49,5.08,58.1,16480.0,12.4,2.53,0.863,75.9,operational,0.833,False
2026-08-18 01:50:22.400462,hvac_018,hvac,Split AC,main_office,Main Office,4.49,4.88,65.4,16531.0,13.3,46.96,0.861,75.4,operational,0.85,False
2026-08-19 01:50:22.400462,hvac_018,hvac,Split AC,main_office,Main Office,4.49,4.53,60.0,16262.0,6.9,25.46,0.859,78.4,operational,0.867,False
2026-08-20 01:50:22.400462,hvac_018,hvac,Split AC,main_office,Main Office,4.5,4.57,63.2,16505.0,12.1,11.36,0.857,75.5,operational,0.883,False
2026-08-21 01:50:22.400462,hvac_018,hvac,Split AC,main_office,Main Office,4.5,4.6,60.7,16348.0,8.5,4.61,0.854,74.1,operational,0.9,False
2026-08-22 01:50:22.400462,hvac_018,hvac,Split AC,main_office,Main Office,4.5,5.75,60.2,16448.0,10.4,29.97,0.852,63.3,operational,0.917,False
2026-08-23 01:50:22.400462,hvac_018,hvac,Split AC,main_office,Main Office,4.5,5.08,64.0,16626.0,13.9,44.44,0.85,64.0,operational,0.933,False
2026-08-24 01:50:22.400462,hvac_018,hvac,Split AC,main_office,Main Office,4.51,6.17,63.9,16430.0,9.6,33.04,0.848,51.7,maintenance_needed,0.95,True
2026-08-25 01:50:22.400462,hvac_018,hvac,Split AC,main_office,Main Office,4.51,7.15,67.5,16692.0,14.7,24.55,0.846,42.2,maintenance_needed,0.967,True
2026-08-26 01:50:22.400462,hvac_018,hvac,Split AC,main_office,Main Office,4.51,10.87,65.6,16269.0,6.1,41.65,0.843,20.5,critical,0.983,True
2026-08-27 01:50:22.400462,hvac_018,hvac,Split AC,main_office,Main Office,4.51,11.03,70.1,16838.0,16.9,10.75,0.841,8.0,faulty,1.0,True
2026-08-28 01:50:22.400462,hvac_018,hvac,Split AC,main_office,Main Office,4.52,11.02,73.7,16587.0,11.8,22.04,0.839,6.5,faulty,1.0,True
2026-08-29 01:50:22.400462,hvac_018,hvac,Split AC,main_office,Main Office,4.52,11.29,68.9,16821.0,16.0,29.48,0.837,2.6,faulty,1.0,True
2026-08-30 01:50:22.400462,hvac_018,hvac,Split AC,main_office,Main Office,4.52,10.68,79.2,16388.0,7.8,21.88,0.835,13.7,faulty,1.0,True
2026-08-31 01:50:22.400462,hvac_018,hvac,Split AC,main_office,Main Office,4.53,11.93,74.8,16405.0,8.0,43.68,0.832,13.2,faulty,1.0,True
2026-09-01 01:50:22.400462,hvac_018,hvac,Split AC,main_office,Main Office,4.53,11.06,73.6,16553.0,10.4,20.5,0.83,5.3,faulty,1.0,True
2026-09-02 01:50:22.400462,hvac_018,hvac,Split AC,main_office,Main Office,4.53,10.97,71.5,16416.0,7.9,62.19,0.828,2.8,faulty,1.0,True
2026-09-03 01:50:22.400462,hvac_018,hvac,Split AC,main_office,Main Office,4.53,10.32,76.9,16624.0,11.3,17.93,0.826,8.3,faulty,1.0,True
2026-09-04 01:50:22.400462,hvac_018,hvac,Split AC,main_office,Main Office,4.54,10.88,80.3,16915.0,15.9,20.99,0.823,5.8,faulty,1.0,True
2026-09-05 01:50:22.400462,hvac_018,hvac,Split AC,main_office,Main Office,4.54,11.9,81.0,16441.0,7.9,32.91,0.821,8.2,faulty,1.0,True
2026-09-06 01:50:22.400462,hvac_018,hvac,Split AC,main_office,Main Office,4.54,10.76,75.3,16500.0,8.7,47.54,0.819,6.2,faulty,1.0,True
2026-09-07 01:50:22.400462,hvac_018,hvac,Split AC,main_office,Main Office,4.55,11.27,83.9,16455.0,7.9,21.89,0.817,12.5,faulty,1.0,True
2026-09-08 01:50:22.400462,hvac_018,hvac,Split AC,main_office,Main Office,4.55,11.71,85.8,16605.0,10.1,25.09,0.815,2.3,faulty,1.0,True
2026-09-09 01:50:22.400462,hvac_018,hvac,Split AC,main_office,Main Office,4.55,10.85,79.3,16498.0,8.3,26.48,0.812,2.4,faulty,1.0,True
2026-09-10 01:50:22.400462,hvac_018,hvac,Split AC,main_office,Main Office,4.55,11.92,89.1,16828.0,13.2,20.1,0.81,8.6,faulty,1.0,True
2026-09-11 01:50:22.400462,hvac_018,hvac,Split AC,main_office,Main Office,4.56,11.34,86.4,17103.0,17.1,23.95,0.808,7.2,faulty,1.0,True
2026-09-12 01:50:22.400462,hvac_018,hvac,Split AC,main_office,Main Office,4.56,11.51,86.6,16845.0,13.0,7.76,0.806,6.2,faulty,1.0,True
2026-09-13 01:50:22.400462,hvac_018,hvac,Split AC,main_office,Main Office,4.56,11.33,83.4,16759.0,11.6,15.93,0.804,8.6,faulty,1.0,True
2026-09-14 01:50:22.400462,hvac_018,hvac,Split AC,main_office,Main Office,4.56,11.21,89.7,16669.0,10.1,35.46,0.801,2.8,faulty,1.0,True
2026-09-15 01:50:22.400462,hvac_018,hvac,Split AC,main_office,Main Office,4.57,11.72,90.9,16891.0,13.1,18.54,0.799,5.7,faulty,1.0,True
2026-09-16 01:50:22.400462,hvac_018,hvac,Split AC,main_office,Main Office,4.57,11.8,89.9,16673.0,9.9,56.04,0.797,10.9,faulty,1.0,True
2026-09-17 01:50:22.400462,hvac_018,hvac,Split AC,main_office,Main Office,4.57,10.65,91.4,16487.0,7.2,27.24,0.795,0.9,faulty,1.0,True
2026-09-18 01:50:22.400462,hvac_018,hvac,Split AC,main_office,Main Office,4.58,11.86,90.2,16914.0,12.9,3.87,0.792,2.0,faulty,1.0,True
2026-09-19 01:50:22.400462,hvac_018,hvac,Split AC,main_office,Main Office,4.58,10.74,87.9,16913.0,12.7,29.47,0.79,8.5,faulty,1.0,True
2026-09-20 01:50:22.400462,hvac_018,hvac,Split AC,main_office,Main Office,4.58,10.68,98.5,16719.0,10.0,47.89,0.788,2.3,faulty,1.0,True
2026-09-21 01:50:22.400462,hvac_018,hvac,Split AC,main_office,Main Office,4.58,10.91,93.3,16910.0,12.3,42.67,0.786,14.5,faulty,1.0,True
2026-09-22 01:50:22.400462,hvac_018,hvac,Split AC,main_office,Main Office,4.59,12.21,96.5,16833.0,11.2,15.53,0.784,2.4,faulty,1.0,True
2026-09-23 01:50:22.400462,hvac_018,hvac,Split AC,main_office,Main Office,4.59,12.03,96.6,16759.0,10.1,61.15,0.781,9.7,faulty,1.0,True
2026-09-24 01:50:22.400462,hvac_018,hvac,Split AC,main_office,Main Office,4.59,11.03,98.6,17121.0,14.5,13.92,0.779,3.6,faulty,1.0,True
2026-09-25 01:50:22.400462,hvac_018,hvac,Split AC,main_office,Main Office,4.59,11.83,101.0,16862.0,11.1,21.13,0.777,12.7,faulty,1.0,True
2026-09-26 01:50:22.400462,hvac_018,hvac,Split AC,main_office,Main Office,4.6,11.39,97.0,16667.0,8.6,58.11,0.775,12.5,faulty,1.0,True
2026-09-27 01:50:22.400462,hvac_018,hvac,Split AC,main_office,Main Office,4.6,11.7,100.6,17139.0,14.2,22.96,0.773,10.3,faulty,1.0,True
2026-09-28 01:50:22.400462,hvac_018,hvac,Split AC,main_office,Main Office,4.6,10.34,106.3,16691.0,8.7,25.41,0.77,0.8,faulty,1.0,True
2026-09-29 01:50:22.400462,hvac_018,hvac,Split AC,main_office,Main Office,4.61,11.03,103.1,16951.0,11.7,31.21,0.768,7.7,faulty,1.0,True
2026-09-30 01:50:22.400462,hvac_018,hvac,Split AC,main_office,Main Office,4.61,12.02,107.0,17059.0,12.8,22.75,0.766,9.2,faulty,1.0,True
2026-10-01 01:50:22.400462,hvac_018,hvac,Split AC,main_office,Main Office,4.61,11.44,106.7,17242.0,14.7,8.54,0.764,5.9,faulty,1.0,True
2026-10-02 01:50:22.400462,hvac_018,hvac,Split AC,main_office,Main Office,4.61,11.22,109.1,16675.0,8.1,44.46,0.761,0.8,faulty,1.0,True
2026-10-03 01:50:22.400462,hvac_018,hvac,Split AC,main_office,Main Office,4.62,11.6,107.2,16526.0,6.4,20.81,0.759,0.6,faulty,1.0,True
2026-07-06 01:50:22.400462,hvac_019,hvac,Central AC,public_hall,Public Hall,1.92,2.37,43.1,6990.0,9.4,31.9,0.981,91.5,operational,0.0,False
2026-07-07 01:50:22.400462,hvac_019,hvac,Central AC,public_hall,Public Hall,1.92,2.49,45.9,7005.0,14.5,20.28,0.98,91.8,operational,0.001,False
2026-07-08 01:50:22.400462,hvac_019,hvac,Central AC,public_hall,Public Hall,1.92,2.19,48.6,7026.0,17.8,35.39,0.979,93.6,operational,0.002,False
2026-07-09 01:50:22.400462,hvac_019,hvac,Central AC,public_hall,Public Hall,1.92,2.75,46.7,7035.0,14.9,35.12,0.978,91.9,operational,0.003,False
2026-07-10 01:50:22.400462,hvac_019,hvac,Central AC,public_hall,Public Hall,1.93,2.14,52.6,7052.0,15.3,9.3,0.977,91.6,operational,0.004,False
2026-07-11 01:50:22.400462,hvac_019,hvac,Central AC,public_hall,Public Hall,1.93,2.7,41.6,7050.0,12.0,14.1,0.976,94.7,operational,0.005,False
2026-07-12 01:50:22.400462,hvac_019,hvac,Central AC,public_hall,Public Hall,1.93,2.4,51.1,7096.0,17.6,39.84,0.975,95.7,operational,0.006,False
2026-07-13 01:50:22.400462,hvac_019,hvac,Central AC,public_hall,Public Hall,1.93,2.5,51.3,7059.0,9.8,42.43,0.974,97.5,operational,0.007,False
2026-07-14 01:50:22.400462,hvac_019,hvac,Central AC,public_hall,Public Hall,1.94,2.93,47.7,7092.0,12.7,30.61,0.973,95.7,operational,0.008,False
2026-07-15 01:50:22.400462,hvac_019,hvac,Central AC,public_hall,Public Hall,1.94,2.35,49.9,7094.0,11.5,19.36,0.972,90.7,operational,0.009,False
2026-07-16 01:50:22.400462,hvac_019,hvac,Central AC,public_hall,Public Hall,1.94,2.43,44.7,7157.0,16.7,11.76,0.971,96.5,operational,0.01,False
2026-07-17 01:50:22.400462,hvac_019,hvac,Central AC,public_hall,Public Hall,1.95,2.42,46.0,7106.0,10.5,52.13,0.97,95.3,operational,0.011,False
2026-07-18 01:50:22.400462,hvac_019,hvac,Central AC,public_hall,Public Hall,1.95,2.49,48.7,7164.0,14.5,49.33,0.969,100.0,operational,0.011,False
2026-07-19 01:50:22.400462,hvac_019,hvac,Central AC,public_hall,Public Hall,1.95,1.88,44.9,7074.0,6.4,19.34,0.968,91.7,operational,0.012,False
2026-07-20 01:50:22.400462,hvac_019,hvac,Central AC,public_hall,Public Hall,1.95,2.74,45.0,7202.0,15.1,35.36,0.967,93.4,operational,0.013,False
2026-07-21 01:50:22.400462,hvac_019,hvac,Central AC,public_hall,Public Hall,1.96,3.07,49.2,7110.0,8.0,27.38,0.966,94.3,operational,0.014,False
2026-07-22 01:50:22.400462,hvac_019,hvac,Central AC,public_hall,Public Hall,1.96,2.52,47.1,7130.0,8.7,35.86,0.965,93.2,operational,0.015,False
2026-07-23 01:50:22.400462,hvac_019,hvac,Central AC,public_hall,Public Hall,1.96,3.06,46.7,7237.0,14.5,18.42,0.964,90.8,operational,0.016,False
2026-07-24 01:50:22.400462,hvac_019,hvac,Central AC,public_hall,Public Hall,1.96,2.33,49.5,7263.0,15.2,2.1,0.963,94.4,operational,0.017,False
2026-07-25 01:50:22.400462,hvac_019,hvac,Central AC,public_hall,Public Hall,1.97,1.78,47.9,7243.0,13.3,42.19,0.962,98.0,operational,0.018,False
2026-07-26 01:50:22.400462,hvac_019,hvac,Central AC,public_hall,Public Hall,1.97,2.2,44.2,7199.0,10.4,32.09,0.961,93.5,operational,0.019,False
2026-07-27 01:50:22.400462,hvac_019,hvac,Central AC,public_hall,Public Hall,1.97,2.24,45.0,7323.0,15.9,23.57,0.96,92.9,operational,0.02,False
2026-07-28 01:50:22.400462,hvac_019,hvac,Central AC,public_hall,Public Hall,1.98,2.15,47.9,7234.0,11.1,37.2,0.959,92.7,operational,0.021,False
2026-07-29 01:50:22.400462,hvac_019,hvac,Central AC,public_hall,Public Hall,1.98,1.94,50.2,7319.0,14.3,5.67,0.958,88.7,operational,0.022,False
2026-07-30 01:50:22.400462,hvac_019,hvac,Central AC,public_hall,Public Hall,1.98,2.59,47.8,7173.0,7.6,35.41,0.957,94.5,operational,0.023,False
2026-07-31 01:50:22.400462,hvac_019,hvac,Central AC,public_hall,Public Hall,1.98,2.82,49.0,7238.0,9.9,32.22,0.956,91.5,operational,0.024,False
2026-08-01 01:50:22.400462,hvac_019,hvac,Central AC,public_hall,Public Hall,1.99,2.48,49.3,7446.0,17.5,12.69,0.955,90.0,operational,0.025,False
2026-08-02 01:50:22.400462,hvac_019,hvac,Central AC,public_hall,Public Hall,1.99,2.85,50.6,7310.0,11.9,53.34,0.954,84.8,operational,0.026,False
2026-08-03 01:50:22.400462,hvac_019,hvac,Central AC,public_hall,Public Hall,1.99,3.07,44.9,7322.0,11.8,10.28,0.953,86.2,operational,0.027,False
2026-08-04 01:50:22.400462,hvac_019,hvac,Central AC,public_hall,Public Hall,1.99,2.3,46.7,7184.0,6.7,30.41,0.952,93.4,operational,0.028,False
2026-08-05 01:50:22.400462,hvac_019,hvac,Central AC,public_hall,Public Hall,2.0,2.9,45.8,7371.0,12.7,45.51,0.951,89.9,operational,0.029,False
2026-08-06 01:50:22.400462,hvac_019,hvac,Central AC,public_hall,Public Hall,2.0,2.75,51.2,7230.0,7.7,40.04,0.95,94.3,operational,0.03,False
2026-08-07 01:50:22.400462,hvac_019,hvac,Central AC,public_hall,Public Hall,2.0,2.34,44.0,7287.0,9.3,35.48,0.949,88.5,operational,0.031,False
2026-08-08 01:50:22.400462,hvac_019,hvac,Central AC,public_hall,Public Hall,2.01,4.16,49.3,7319.0,9.9,10.08,0.948,89.1,operational,0.032,False
2026-08-09 01:50:22.400462,hvac_019,hvac,Central AC,public_hall,Public Hall,2.01,3.25,51.7,7309.0,9.4,32.86,0.947,92.2,operational,0.033,False
2026-08-10 01:50:22.400462,hvac_019,hvac,Central AC,public_hall,Public Hall,2.01,3.57,49.5,7414.0,12.1,35.22,0.946,90.2,operational,0.034,False
2026-08-11 01:50:22.400462,hvac_019,hvac,Central AC,public_hall,Public Hall,2.01,3.02,53.5,7457.0,13.0,53.63,0.945,90.9,operational,0.034,False
2026-08-12 01:50:22.400462,hvac_019,hvac,Central AC,public_hall,Public Hall,2.02,1.2,48.3,7436.0,12.1,36.31,0.944,91.2,operational,0.035,False
2026-08-13 01:50:22.400462,hvac_019,hvac,Central AC,public_hall,Public Hall,2.02,3.62,54.3,7327.0,8.9,52.57,0.943,91.8,operational,0.036,False
2026-08-14 01:50:22.400462,hvac_019,hvac,Central AC,public_hall,Public Hall,2.02,2.65,46.0,7375.0,9.9,19.76,0.942,86.6,operational,0.037,False
2026-08-15 01:50:22.400462,hvac_019,hvac,Central AC,public_hall,Public Hall,2.02,2.34,44.3,7409.0,10.5,22.45,0.941,94.5,operational,0.038,False
2026-08-16 01:50:22.400462,hvac_019,hvac,Central AC,public_hall,Public Hall,2.03,2.57,45.7,7720.0,17.8,21.9,0.94,92.5,operational,0.039,False
2026-08-17 01:50:22.400462,hvac_019,hvac,Central AC,public_hall,Public Hall,2.03,3.2,55.7,7278.0,6.8,28.76,0.939,89.8,operational,0.04,False
2026-08-18 01:50:22.400462,hvac_019,hvac,Central AC,public_hall,Public Hall,2.03,3.08,52.8,7480.0,11.4,11.79,0.938,88.9,operational,0.041,False
2026-08-19 01:50:22.400462,hvac_019,hvac,Central AC,public_hall,Public Hall,2.04,3.18,45.4,7365.0,8.5,38.51,0.938,83.9,operational,0.042,False
2026-08-20 01:50:22.400462,hvac_019,hvac,Central AC,public_hall,Public Hall,2.04,2.38,47.5,7781.0,17.6,52.37,0.937,93.7,operational,0.043,False
2026-08-21 01:50:22.400462,hvac_019,hvac,Central AC,public_hall,Public Hall,2.04,3.54,47.6,7713.0,15.7,28.55,0.936,89.5,operational,0.044,False
2026-08-22 01:50:22.400462,hvac_019,hvac,Central AC,public_hall,Public Hall,2.04,2.36,43.9,7474.0,10.3,17.81,0.935,96.5,operational,0.045,False
2026-08-23 01:50:22.400462,hvac_019,hvac,Central AC,public_hall,Public Hall,2.05,1.97,48.9,7411.0,8.8,34.23,0.934,89.5,operational,0.046,False
2026-08-24 01:50:22.400462,hvac_019,hvac,Central AC,public_hall,Public Hall,2.05,2.82,52.4,7447.0,9.3,50.12,0.933,84.0,operational,0.047,False
2026-08-25 01:50:22.400462,hvac_019,hvac,Central AC,public_hall,Public Hall,2.05,2.3,50.1,7354.0,7.3,11.15,0.932,89.7,operational,0.048,False
2026-08-26 01:50:22.400462,hvac_019,hvac,Central AC,public_hall,Public Hall,2.05,2.31,50.5,7534.0,10.7,15.33,0.931,88.0,operational,0.049,False
2026-08-27 01:50:22.400462,hvac_019,hvac,Central AC,public_hall,Public Hall,2.06,2.83,42.6,7584.0,11.4,39.43,0.93,90.6,operational,0.05,False
2026-08-28 01:50:22.400462,hvac_019,hvac,Central AC,public_hall,Public Hall,2.06,2.6,49.4,7421.0,8.1,46.54,0.929,90.6,operational,0.051,False
2026-08-29 01:50:22.400462,hvac_019,hvac,Central AC,public_hall,Public Hall,2.06,2.97,46.9,7374.0,7.1,47.22,0.928,90.5,operational,0.052,False
2026-08-30 01:50:22.400462,hvac_019,hvac,Central AC,public_hall,Public Hall,2.07,3.44,45.0,7374.0,7.0,21.12,0.927,95.5,operational,0.053,False
2026-08-31 01:50:22.400462,hvac_019,hvac,Central AC,public_hall,Public Hall,2.07,3.02,50.4,7597.0,10.8,8.63,0.926,94.6,operational,0.054,False
2026-09-01 01:50:22.400462,hvac_019,hvac,Central AC,public_hall,Public Hall,2.07,1.51,52.5,7506.0,9.1,50.56,0.925,92.8,operational,0.055,False
2026-09-02 01:50:22.400462,hvac_019,hvac,Central AC,public_hall,Public Hall,2.07,2.72,49.0,7690.0,12.1,20.07,0.924,93.9,operational,0.056,False
2026-09-03 01:50:22.400462,hvac_019,hvac,Central AC,public_hall,Public Hall,2.08,2.36,46.2,7800.0,13.7,32.04,0.923,88.7,operational,0.056,False
2026-09-04 01:50:22.400462,hvac_019,hvac,Central AC,public_hall,Public Hall,2.08,2.23,50.5,7982.0,16.5,18.57,0.922,88.3,operational,0.057,False
2026-09-05 01:50:22.400462,hvac_019,hvac,Central AC,public_hall,Public Hall,2.08,2.06,51.6,7697.0,11.6,29.49,0.921,88.3,operational,0.058,False
2026-09-06 01:50:22.400462,hvac_019,hvac,Central AC,public_hall,Public Hall,2.09,2.82,48.0,7612.0,10.0,20.77,0.92,85.1,operational,0.059,False
2026-09-07 01:50:22.400462,hvac_019,hvac,Central AC,public_hall,Public Hall,2.09,2.64,52.0,8068.0,17.1,20.77,0.919,87.3,operational,0.06,False
2026-09-08 01:50:22.400462,hvac_019,hvac,Central AC,public_hall,Public Hall,2.09,3.18,45.8,7619.0,9.8,34.81,0.918,81.4,operational,0.061,False
2026-09-09 01:50:22.400462,hvac_019,hvac,Central AC,public_hall,Public Hall,2.09,2.48,48.2,7719.0,11.2,34.59,0.917,86.1,operational,0.062,False
2026-09-10 01:50:22.400462,hvac_019,hvac,Central AC,public_hall,Public Hall,2.1,2.85,46.7,7625.0,9.6,38.16,0.916,91.1,operational,0.063,False
2026-09-11 01:50:22.400462,hvac_019,hvac,Central AC,public_hall,Public Hall,2.1,2.11,51.6,7615.0,9.3,26.45,0.915,87.4,operational,0.064,False
2026-09-12 01:50:22.400462,hvac_019,hvac,Central AC,public_hall,Public Hall,2.1,3.03,56.2,7621.0,9.3,42.65,0.914,85.1,operational,0.065,False
2026-09-13 01:50:22.400462,hvac_019,hvac,Central AC,public_hall,Public Hall,2.1,3.24,49.3,8067.0,15.6,19.46,0.913,80.6,operational,0.066,False
2026-09-14 01:50:22.400462,hvac_019,hvac,Central AC,public_hall,Public Hall,2.11,2.24,53.2,7670.0,9.7,10.28,0.912,83.9,operational,0.067,False
2026-09-15 01:50:22.400462,hvac_019,hvac,Central AC,public_hall,Public Hall,2.11,3.5,46.1,8257.0,17.8,32.88,0.911,83.7,operational,0.068,False
2026-09-16 01:50:22.400462,hvac_019,hvac,Central AC,public_hall,Public Hall,2.11,2.48,49.3,7691.0,9.7,16.47,0.91,85.6,operational,0.069,False
2026-09-17 01:50:22.400462,hvac_019,hvac,Central AC,public_hall,Public Hall,2.12,2.42,53.2,7487.0,6.8,25.21,0.909,88.2,operational,0.07,False
2026-09-18 01:50:22.400462,hvac_019,hvac,Central AC,public_hall,Public Hall,2.12,2.75,53.9,8016.0,13.9,27.48,0.908,86.9,operational,0.071,False
2026-09-19 01:50:22.400462,hvac_019,hvac,Central AC,public_hall,Public Hall,2.12,3.61,48.7,7481.0,6.5,20.21,0.907,85.7,operational,0.072,False
2026-09-20 01:50:22.400462,hvac_019,hvac,Central AC,public_hall,Public Hall,2.12,2.8,51.7,8240.0,16.4,17.92,0.906,89.0,operational,0.073,False
2026-09-21 01:50:22.400462,hvac_019,hvac,Central AC,public_hall,Public Hall,2.13,3.05,50.2,7528.0,7.0,50.16,0.905,86.4,operational,0.074,False
2026-09-22 01:50:22.400462,hvac_019,hvac,Central AC,public_hall,Public Hall,2.13,2.56,48.3,7673.0,8.8,14.76,0.904,82.3,operational,0.075,False
2026-09-23 01:50:22.400462,hvac_019,hvac,Central AC,public_hall,Public Hall,2.13,2.16,44.6,7836.0,10.7,33.04,0.903,85.9,operational,0.076,False
2026-09-24 01:50:22.400462,hvac_019,hvac,Central AC,public_hall,Public Hall,2.13,1.85,49.0,8140.0,14.4,51.46,0.902,89.7,operational,0.077,False
2026-09-25 01:50:22.400462,hvac_019,hvac,Central AC,public_hall,Public Hall,2.14,2.39,49.4,8358.0,16.9,42.18,0.901,84.4,operational,0.078,False
2026-09-26 01:50:22.400462,hvac_019,hvac,Central AC,public_hall,Public Hall,2.14,3.18,48.9,7547.0,6.8,42.59,0.9,84.6,operational,0.079,False
2026-09-27 01:50:22.400462,hvac_019,hvac,Central AC,public_hall,Public Hall,2.14,3.29,47.2,8079.0,13.1,41.04,0.899,86.4,operational,0.079,False
2026-09-28 01:50:22.400462,hvac_019,hvac,Central AC,public_hall,Public Hall,2.15,2.09,50.4,8113.0,13.4,18.57,0.898,84.6,operational,0.08,False
2026-09-29 01:50:22.400462,hvac_019,hvac,Central AC,public_hall,Public Hall,2.15,2.32,52.1,8004.0,11.9,25.93,0.897,83.4,operational,0.081,False
2026-09-30 01:50:22.400462,hvac_019,hvac,Central AC,public_hall,Public Hall,2.15,2.63,53.0,8187.0,13.9,43.28,0.896,84.5,operational,0.082,False
2026-10-01 01:50:22.400462,hvac_019,hvac,Central AC,public_hall,Public Hall,2.15,3.33,45.2,8114.0,12.9,14.69,0.895,82.6,operational,0.083,False
2026-10-02 01:50:22.400462,hvac_019,hvac,Central AC,public_hall,Public Hall,2.16,2.41,45.4,8055.0,12.1,11.34,0.894,85.2,operational,0.084,False
2026-10-03 01:50:22.400462,hvac_019,hvac,Central AC,public_hall,Public Hall,2.16,2.98,44.2,7636.0,7.3,24.9,0.893,87.7,operational,0.085,False
2026-07-06 01:50:22.400462,water_pump_000,water_pump,Submersible,main_office,Main Office,9.71,5.27,69.0,35428.0,10.2,8.64,0.903,67.1,operational,0.003,False
2026-07-07 01:50:22.400462,water_pump_000,water_pump,Submersible,main_office,Main Office,9.71,4.19,67.8,35441.0,13.1,42.62,0.898,67.2,operational,0.005,False
2026-07-08 01:50:22.400462,water_pump_000,water_pump,Submersible,main_office,Main Office,9.71,5.03,64.6,35440.0,6.2,47.08,0.893,64.8,operational,0.01,False
2026-07-09 01:50:22.400462,water_pump_000,water_pump,Submersible,main_office,Main Office,9.71,4.34,62.3,35471.0,14.4,15.29,0.888,67.9,operational,0.015,False
2026-07-10 01:50:22.400462,water_pump_000,water_pump,Submersible,main_office,Main Office,9.72,5.36,62.3,35454.0,6.5,3.64,0.883,67.0,operational,0.023,False
2026-07-11 01:50:22.400462,water_pump_000,water_pump,Submersible,main_office,Main Office,9.72,4.89,64.6,35491.0,12.6,33.94,0.879,70.0,operational,0.024,False
2026-07-12 01:50:22.400462,water_pump_000,water_pump,Submersible,main_office,Main Office,9.72,4.49,70.7,35524.0,16.1,24.76,0.874,74.4,operational,0.029,False
2026-07-13 01:50:22.400462,water_pump_000,water_pump,Submersible,main_office,Main Office,9.73,4.59,64.0,35482.0,7.8,39.88,0.869,70.2,operational,0.034,False
2026-07-14 01:50:22.400462,water_pump_000,water_pump,Submersible,main_office,Main Office,9.73,5.79,67.7,35487.0,7.5,6.45,0.864,65.6,operational,0.047,False
2026-07-15 01:50:22.400462,water_pump_000,water_pump,Submersible,main_office,Main Office,9.73,4.61,67.0,35493.0,7.2,44.43,0.859,64.7,operational,0.044,False
2026-07-16 01:50:22.400462,water_pump_000,water_pump,Submersible,main_office,Main Office,9.73,5.13,66.8,35520.0,9.3,35.05,0.854,60.2,operational,0.05,False
2026-07-17 01:50:22.400462,water_pump_000,water_pump,Submersible,main_office,Main Office,9.74,5.13,63.1,35582.0,14.1,39.61,0.849,63.6,operational,0.055,False
2026-07-18 01:50:22.400462,water_pump_000,water_pump,Submersible,main_office,Main Office,9.74,3.84,66.1,35525.0,8.2,51.19,0.844,58.6,maintenance_needed,0.058,True
2026-07-19 01:50:22.400462,water_pump_000,water_pump,Submersible,main_office,Main Office,9.74,5.32,67.4,35659.0,17.8,47.19,0.839,64.0,operational,0.066,False
2026-07-20 01:50:22.400462,water_pump_000,water_pump,Submersible,main_office,Main Office,9.74,4.15,62.0,35625.0,14.1,14.18,0.835,59.4,maintenance_needed,0.068,True
2026-07-21 01:50:22.400462,water_pump_000,water_pump,Submersible,main_office,Main Office,9.75,4.58,62.5,35691.0,17.6,50.94,0.83,69.2,operational,0.073,False
2026-07-22 01:50:22.400462,water_pump_000,water_pump,Submersible,main_office,Main Office,9.75,4.94,65.9,35711.0,17.7,6.95,0.825,66.2,operational,0.078,False
2026-07-23 01:50:22.400462,water_pump_000,water_pump,Submersible,main_office,Main Office,9.75,5.66,58.3,35591.0,9.6,51.07,0.82,61.4,operational,0.089,False
2026-07-24 01:50:22.400462,water_pump_000,water_pump,Submersible,main_office,Main Office,9.76,4.72,68.8,35682.0,14.2,11.12,0.815,59.6,maintenance_needed,0.087,True
2026-07-25 01:50:22.400462,water_pump_000,water_pump,Submersible,main_office,Main Office,9.76,5.39,65.9,35563.0,7.2,10.6,0.81,59.2,maintenance_needed,0.096,True
2026-07-26 01:50:22.400462,water_pump_000,water_pump,Submersible,main_office,Main Office,9.76,5.18,73.6,35724.0,14.8,18.03,0.805,59.8,maintenance_needed,0.099,True
2026-07-27 01:50:22.400462,water_pump_000,water_pump,Submersible,main_office,Main Office,9.76,5.71,58.7,35674.0,11.7,54.32,0.8,56.8,maintenance_needed,0.109,True
2026-07-28 01:50:22.400462,water_pump_000,water_pump,Submersible,main_office,Main Office,9.77,4.79,62.7,35569.0,6.4,8.69,0.796,56.5,maintenance_needed,0.107,True
2026-07-29 01:50:22.400462,water_pump_000,water_pump,Submersible,main_office,Main Office,9.77,5.32,61.5,35732.0,13.2,3.3,0.791,54.2,maintenance_needed,0.115,True
2026-07-30 01:50:22.400462,water_pump_000,water_pump,Submersible,main_office,Main Office,9.77,4.8,69.6,35687.0,10.8,54.0,0.786,55.7,maintenance_needed,0.116,True
2026-07-31 01:50:22.400462,water_pump_000,water_pump,Submersible,main_office,Main Office,9.77,4.66,69.4,35788.0,14.4,58.1,0.781,54.4,maintenance_needed,0.121,True
2026-08-01 01:50:22.400462,water_pump_000,water_pump,Submersible,main_office,Main Office,9.78,5.3,62.3,35787.0,13.8,50.12,0.776,56.4,maintenance_needed,0.129,True
2026-08-02 01:50:22.400462,water_pump_000,water_pump,Submersible,main_office,Main Office,9.78,3.94,65.8,35860.0,16.0,30.07,0.771,60.2,operational,0.131,False
2026-08-03 01:50:22.400462,water_pump_000,water_pump,Submersible,main_office,Main Office,9.78,4.82,64.1,35661.0,8.3,34.15,0.766,54.5,maintenance_needed,0.136,True
2026-08-04 01:50:22.400462,water_pump_000,water_pump,Submersible,main_office,Main Office,9.79,4.23,63.3,35877.0,15.5,58.82,0.761,56.9,maintenance_needed,0.141,True
2026-08-05 01:50:22.400462,water_pump_000,water_pump,Submersible,main_office,Main Office,9.79,4.76,63.5,35781.0,11.8,55.38,0.757,54.9,maintenance_needed,0.146,True
2026-08-06 01:50:22.400462,water_pump_000,water_pump,Submersible,main_office,Main Office,9.79,5.01,68.2,35651.0,7.2,30.26,0.752,53.9,maintenance_needed,0.15,True
2026-08-07 01:50:22.400462,water_pump_000,water_pump,Submersible,main_office,Main Office,9.79,4.62,64.1,35658.0,7.2,50.06,0.747,58.5,maintenance_needed,0.15,True
2026-08-08 01:50:22.400462,water_pump_000,water_pump,Submersible,main_office,Main Office,9.8,5.54,66.7,35938.0,15.5,33.2,0.742,53.3,maintenance_needed,0.15,True
2026-08-09 01:50:22.400462,water_pump_000,water_pump,Submersible,main_office,Main Office,9.8,4.91,64.2,35785.0,10.5,36.56,0.737,51.1,maintenance_needed,0.15,True
2026-08-10 01:50:22.400462,water_pump_000,water_pump,Submersible,main_office,Main Office,9.8,5.2,64.3,35938.0,14.6,59.08,0.732,59.2,maintenance_needed,0.15,True
2026-08-11 01:50:22.400462,water_pump_000,water_pump,Submersible,main_office,Main Office,9.8,5.11,62.9,35688.0,7.2,6.75,0.727,49.2,maintenance_needed,0.15,True
2026-08-12 01:50:22.400462,water_pump_000,water_pump,Submersible,main_office,Main Office,9.81,5.29,65.2,35988.0,15.2,29.3,0.722,53.3,maintenance_needed,0.15,True
2026-08-13 01:50:22.400462,water_pump_000,water_pump,Submersible,main_office,Main Office,9.81,4.74,61.9,35744.0,8.3,33.1,0.717,46.7,maintenance_needed,0.15,True
2026-08-14 01:50:22.400462,water_pump_000,water_pump,Submersible,main_office,Main Office,9.81,4.92,64.5,35806.0,9.7,10.26,0.713,52.1,maintenance_needed,0.15,True
2026-08-15 01:50:22.400462,water_pump_000,water_pump,Submersible,main_office,Main Office,9.82,4.83,63.2,35697.0,6.7,3.92,0.708,54.4,maintenance_needed,0.15,True
2026-08-16 01:50:22.400462,water_pump_000,water_pump,Submersible,main_office,Main Office,9.82,4.17,62.4,36031.0,14.7,56.31,0.703,52.0,maintenance_needed,0.15,True
2026-08-17 01:50:22.400462,water_pump_000,water_pump,Submersible,main_office,Main Office,9.82,5.17,61.5,35946.0,12.3,28.81,0.698,51.1,maintenance_needed,0.15,True
2026-08-18 01:50:22.400462,water_pump_000,water_pump,Submersible,main_office,Main Office,9.82,5.2,62.2,36066.0,14.9,17.61,0.693,50.0,maintenance_needed,0.15,True
2026-08-19 01:50:22.400462,water_pump_000,water_pump,Submersible,main_office,Main Office,9.83,4.83,67.0,35907.0,10.9,59.52,0.688,48.7,maintenance_needed,0.15,True
2026-08-20 01:50:22.400462,water_pump_000,water_pump,Submersible,main_office,Main Office,9.83,5.32,67.0,35927.0,11.1,3.13,0.683,52.2,maintenance_needed,0.15,True
2026-08-21 01:50:22.400462,water_pump_000,water_pump,Submersible,main_office,Main Office,9.83,5.69,64.6,35837.0,8.9,56.61,0.678,45.4,maintenance_needed,0.15,True
2026-08-22 01:50:22.400462,water_pump_000,water_pump,Submersible,main_office,Main Office,9.83,5.19,67.6,36230.0,17.1,49.99,0.674,45.6,maintenance_needed,0.15,True
2026-08-23 01:50:22.400462,water_pump_000,water_pump,Submersible,main_office,Main Office,9.84,5.15,64.7,36286.0,17.9,56.95,0.669,40.9,maintenance_needed,0.15,True
2026-08-24 01:50:22.400462,water_pump_000,water_pump,Submersible,main_office,Main Office,9.84,4.15,60.1,36241.0,16.6,64.35,0.664,48.4,maintenance_needed,0.15,True
2026-08-25 01:50:22.400462,water_pump_000,water_pump,Submersible,main_office,Main Office,9.84,5.29,59.1,36215.0,15.8,69.62,0.659,45.0,maintenance_needed,0.15,True
2026-08-26 01:50:22.400462,water_pump_000,water_pump,Submersible,main_office,Main Office,9.85,4.99,63.6,35924.0,9.7,61.36,0.654,48.7,maintenance_needed,0.15,True
2026-08-27 01:50:22.400462,water_pump_000,water_pump,Submersible,main_office,Main Office,9.85,5.75,62.9,36018.0,11.4,9.47,0.649,42.3,maintenance_needed,0.15,True
2026-08-28 01:50:22.400462,water_pump_000,water_pump,Submersible,main_office,Main Office,9.85,5.27,65.7,36142.0,13.5,39.71,0.644,43.1,maintenance_needed,0.15,True
2026-08-29 01:50:22.400462,water_pump_000,water_pump,Submersible,main_office,Main Office,9.85,4.69,67.9,36236.0,15.0,22.08,0.639,45.3,maintenance_needed,0.15,True
2026-08-30 01:50:22.400462,water_pump_000,water_pump,Submersible,main_office,Main Office,9.86,5.28,63.1,35824.0,7.2,51.66,0.635,44.4,maintenance_needed,0.15,True
2026-08-31 01:50:22.400462,water_pump_000,water_pump,Submersible,main_office,Main Office,9.86,4.5,60.6,36407.0,17.5,60.3,0.63,41.3,maintenance_needed,0.15,True
2026-09-01 01:50:22.400462,water_pump_000,water_pump,Submersible,main_office,Main Office,9.86,5.24,69.8,36391.0,16.9,65.92,0.625,44.0,maintenance_needed,0.15,True
2026-09-02 01:50:22.400462,water_pump_000,water_pump,Submersible,main_office,Main Office,9.87,4.99,67.8,36130.0,12.1,13.1,0.62,40.9,maintenance_needed,0.15,True
2026-09-03 01:50:22.400462,water_pump_000,water_pump,Submersible,main_office,Main Office,9.87,5.37,67.8,36000.0,9.7,43.73,0.615,38.1,maintenance_needed,0.15,True
2026-09-04 01:50:22.400462,water_pump_000,water_pump,Submersible,main_office,Main Office,9.87,4.69,66.5,36359.0,15.5,78.32,0.61,41.5,maintenance_needed,0.15,True
2026-09-05 01:50:22.400462,water_pump_000,water_pump,Submersible,main_office,Main Office,9.87,5.28,64.7,35798.0,6.1,63.42,0.605,39.6,maintenance_needed,0.15,True
2026-09-06 01:50:22.400462,water_pump_000,water_pump,Submersible,main_office,Main Office,9.88,4.88,63.4,36064.0,10.3,43.07,0.6,40.7,maintenance_needed,0.15,True
2026-09-07 01:50:22.400462,water_pump_000,water_pump,Submersible,main_office,Main Office,9.88,5.59,65.8,36336.0,14.4,61.72,0.595,37.6,maintenance_needed,0.15,True
2026-09-08 01:50:22.400462,water_pump_000,water_pump,Submersible,main_office,Main Office,9.88,4.98,67.8,36023.0,9.3,3.83,0.591,41.4,maintenance_needed,0.15,True
2026-09-09 01:50:22.400462,water_pump_000,water_pump,Submersible,main_office,Main Office,9.88,4.46,68.9,36127.0,10.8,41.16,0.586,45.3,maintenance_needed,0.15,True
2026-09-10 01:50:22.400462,water_pump_000,water_pump,Submersible,main_office,Main Office,9.89,4.75,72.4,36277.0,12.9,50.81,0.581,37.8,maintenance_needed,0.15,True
2026-09-11 01:50:22.400462,water_pump_000,water_pump,Submersible,main_office,Main Office,9.89,5.15,60.3,36522.0,16.3,56.17,0.576,40.8,maintenance_needed,0.15,True
2026-09-12 01:50:22.400462,water_pump_000,water_pump,Submersible,main_office,Main Office,9.89,4.78,63.7,36177.0,11.0,18.58,0.571,42.0,maintenance_needed,0.15,True
2026-09-13 01:50:22.400462,water_pump_000,water_pump,Submersible,main_office,Main Office,9.9,5.02,67.2,36385.0,13.9,62.76,0.566,35.9,maintenance_needed,0.15,True
2026-09-14 01:50:22.400462,water_pump_000,water_pump,Submersible,main_office,Main Office,9.9,4.8,67.4,36199.0,11.0,34.82,0.561,36.6,maintenance_needed,0.15,True
2026-09-15 01:50:22.400462,water_pump_000,water_pump,Submersible,main_office,Main Office,9.9,4.44,66.2,36595.0,16.4,79.06,0.556,34.9,maintenance_needed,0.15,True
2026-09-16 01:50:22.400462,water_pump_000,water_pump,Submersible,main_office,Main Office,9.9,4.72,63.5,36412.0,13.7,10.95,0.552,36.8,maintenance_needed,0.15,True
2026-09-17 01:50:22.400462,water_pump_000,water_pump,Submersible,main_office,Main Office,9.91,4.21,59.7,36125.0,9.5,37.46,0.547,32.0,maintenance_needed,0.15,True
2026-09-18 01:50:22.400462,water_pump_000,water_pump,Submersible,main_office,Main Office,9.91,4.71,60.3,36167.0,10.0,88.69,0.542,36.5,maintenance_needed,0.15,True
2026-09-19 01:50:22.400462,water_pump_000,water_pump,Submersible,main_office,Main Office,9.91,5.56,67.0,36066.0,8.5,53.25,0.537,29.1,critical,0.15,True
2026-09-20 01:50:22.400462,water_pump_000,water_pump,Submersible,main_office,Main Office,9.91,5.0,63.7,36511.0,14.3,7.21,0.532,34.3,maintenance_needed,0.15,True
2026-09-21 01:50:22.400462,water_pump_000,water_pump,Submersible,main_office,Main Office,9.92,5.21,60.5,36506.0,14.0,55.39,0.527,26.0,critical,0.15,True
2026-09-22 01:50:22.400462,water_pump_000,water_pump,Submersible,main_office,Main Office,9.92,4.4,63.9,36328.0,11.5,67.3,0.522,31.2,maintenance_needed,0.15,True
2026-09-23 01:50:22.400462,water_pump_000,water_pump,Submersible,main_office,Main Office,9.92,4.49,67.2,36092.0,8.4,12.14,0.517,33.9,maintenance_needed,0.15,True
2026-09-24 01:50:22.400462,water_pump_000,water_pump,Submersible,main_office,Main Office,9.93,4.73,61.7,36070.0,8.0,52.29,0.512,32.5,maintenance_needed,0.15,True
2026-09-25 01:50:22.400462,water_pump_000,water_pump,Submersible,main_office,Main Office,9.93,5.62,69.4,36026.0,7.4,57.87,0.508,25.0,critical,0.15,True
2026-09-26 01:50:22.400462,water_pump_000,water_pump,Submersible,main_office,Main Office,9.93,4.48,59.3,36186.0,9.2,99.83,0.503,26.9,critical,0.15,True
2026-09-27 01:50:22.400462,water_pump_000,water_pump,Submersible,main_office,Main Office,9.93,5.2,69.5,36271.0,10.2,42.93,0.5,29.3,critical,0.15,True
2026-09-28 01:50:22.400462,water_pump_000,water_pump,Submersible,main_office,Main Office,9.94,5.32,66.8,36771.0,16.0,67.49,0.5,29.0,critical,0.15,True
2026-09-29 01:50:22.400462,water_pump_000,water_pump,Submersible,main_office,Main Office,9.94,4.31,68.1,35979.0,6.5,7.59,0.5,21.9,critical,0.15,True
2026-09-30 01:50:22.400462,water_pump_000,water_pump,Submersible,main_office,Main Office,9.94,5.08,57.0,36027.0,7.0,57.23,0.5,26.1,critical,0.15,True
2026-10-01 01:50:22.400462,water_pump_000,water_pump,Submersible,main_office,Main Office,9.94,4.92,66.2,36693.0,14.5,8.44,0.5,26.7,critical,0.15,True
2026-10-02 01:50:22.400462,water_pump_000,water_pump,Submersible,main_office,Main Office,9.95,4.71,65.4,36114.0,7.8,14.88,0.5,23.8,critical,0.15,True
2026-10-03 01:50:22.400462,water_pump_000,water_pump,Submersible,main_office,Main Office,9.95,5.03,67.6,36649.0,13.7,7.4,0.5,30.9,maintenance_needed,0.15,True
2026-07-06 01:50:22.400462,water_pump_001,water_pump,Centrifugal,public_hall,Public Hall,6.77,4.45,56.2,24704.0,16.6,16.91,0.932,82.9,operational,0.2,False
2026-07-07 01:50:22.400462,water_pump_001,water_pump,Centrifugal,public_hall,Public Hall,6.77,4.29,59.0,24718.0,14.9,4.08,0.929,76.5,operational,0.217,False
2026-07-08 01:50:22.400462,water_pump_001,water_pump,Centrifugal,public_hall,Public Hall,6.77,4.05,59.0,24722.0,9.0,51.24,0.925,81.1,operational,0.233,False
2026-07-09 01:50:22.400462,water_pump_001,water_pump,Centrifugal,public_hall,Public Hall,6.78,4.45,61.7,24747.0,14.5,14.35,0.922,73.7,operational,0.25,False
2026-07-10 01:50:22.400462,water_pump_001,water_pump,Centrifugal,public_hall,Public Hall,6.78,4.43,48.6,24763.0,14.7,21.03,0.919,78.8,operational,0.267,False
2026-07-11 01:50:22.400462,water_pump_001,water_pump,Centrifugal,public_hall,Public Hall,6.78,3.67,60.1,24766.0,12.6,29.33,0.915,80.4,operational,0.283,False
2026-07-12 01:50:22.400462,water_pump_001,water_pump,Centrifugal,public_hall,Public Hall,6.78,3.85,56.7,24782.0,13.1,17.37,0.912,78.8,operational,0.3,False
2026-07-13 01:50:22.400462,water_pump_001,water_pump,Centrifugal,public_hall,Public Hall,6.79,3.47,62.4,24788.0,12.0,47.15,0.908,74.8,operational,0.317,False
2026-07-14 01:50:22.400462,water_pump_001,water_pump,Centrifugal,public_hall,Public Hall,6.79,4.34,58.5,24822.0,14.8,7.09,0.905,80.4,operational,0.333,False
2026-07-15 01:50:22.400462,water_pump_001,water_pump,Centrifugal,public_hall,Public Hall,6.79,4.3,59.6,24863.0,17.8,43.18,0.902,75.9,operational,0.35,False
2026-07-16 01:50:22.400462,water_pump_001,water_pump,Centrifugal,public_hall,Public Hall,6.8,3.88,58.6,24776.0,7.2,20.63,0.898,74.7,operational,0.367,False
2026-07-17 01:50:22.400462,water_pump_001,water_pump,Centrifugal,public_hall,Public Hall,6.8,4.06,58.8,24840.0,12.4,37.62,0.895,76.5,operational,0.383,False
2026-07-18 01:50:22.400462,water_pump_001,water_pump,Centrifugal,public_hall,Public Hall,6.8,3.99,62.8,24787.0,7.0,26.13,0.891,80.5,operational,0.4,False
2026-07-19 01:50:22.400462,water_pump_001,water_pump,Centrifugal,public_hall,Public Hall,6.8,4.09,57.2,24835.0,10.1,6.03,0.888,77.4,operational,0.417,False
2026-07-20 01:50:22.400462,water_pump_001,water_pump,Centrifugal,public_hall,Public Hall,6.81,5.06,55.9,24850.0,10.5,13.65,0.885,79.9,operational,0.433,False
2026-07-21 01:50:22.400462,water_pump_001,water_pump,Centrifugal,public_hall,Public Hall,6.81,3.73,57.4,24941.0,15.8,49.29,0.881,72.7,operational,0.45,False
2026-07-22 01:50:22.400462,water_pump_001,water_pump,Centrifugal,public_hall,Public Hall,6.81,4.71,60.0,24831.0,8.0,4.54,0.878,74.0,operational,0.467,False
2026-07-23 01:50:22.400462,water_pump_001,water_pump,Centrifugal,public_hall,Public Hall,6.81,4.37,62.6,24932.0,13.4,25.66,0.874,72.9,operational,0.483,False
2026-07-24 01:50:22.400462,water_pump_001,water_pump,Centrifugal,public_hall,Public Hall,6.82,4.2,58.6,24934.0,12.8,30.05,0.871,75.1,operational,0.5,False
2026-07-25 01:50:22.400462,water_pump_001,water_pump,Centrifugal,public_hall,Public Hall,6.82,4.32,56.3,25004.0,15.8,26.38,0.868,74.5,operational,0.517,False
2026-07-26 01:50:22.400462,water_pump_001,water_pump,Centrifugal,public_hall,Public Hall,6.82,4.33,57.8,24865.0,8.0,45.93,0.864,72.9,operational,0.533,False
2026-07-27 01:50:22.400462,water_pump_001,water_pump,Centrifugal,public_hall,Public Hall,6.83,4.63,56.5,24982.0,13.2,14.33,0.861,72.3,operational,0.55,False
2026-07-28 01:50:22.400462,water_pump_001,water_pump,Centrifugal,public_hall,Public Hall,6.83,3.98,56.9,24843.0,6.3,20.71,0.857,75.7,operational,0.567,False
2026-07-29 01:50:22.400462,water_pump_001,water_pump,Centrifugal,public_hall,Public Hall,6.83,4.14,61.8,24854.0,6.5,34.89,0.854,71.0,operational,0.583,False
2026-07-30 01:50:22.400462,water_pump_001,water_pump,Centrifugal,public_hall,Public Hall,6.83,4.72,54.3,25110.0,16.9,38.07,0.85,70.3,operational,0.6,False
2026-07-31 01:50:22.400462,water_pump_001,water_pump,Centrifugal,public_hall,Public Hall,6.84,4.83,55.1,25152.0,17.9,44.13,0.847,74.7,operational,0.617,False
2026-08-01 01:50:22.400462,water_pump_001,water_pump,Centrifugal,public_hall,Public Hall,6.84,3.6,58.1,25103.0,15.3,54.29,0.844,69.4,operational,0.633,False
2026-08-02 01:50:22.400462,water_pump_001,water_pump,Centrifugal,public_hall,Public Hall,6.84,4.37,59.8,24960.0,9.5,44.47,0.84,74.0,operational,0.65,False
2026-08-03 01:50:22.400462,water_pump_001,water_pump,Centrifugal,public_hall,Public Hall,6.84,4.4,58.4,25019.0,11.3,20.28,0.837,69.4,operational,0.667,False
2026-08-04 01:50:22.400462,water_pump_001,water_pump,Centrifugal,public_hall,Public Hall,6.85,4.12,59.4,24943.0,8.3,19.56,0.833,73.9,operational,0.683,False
2026-08-05 01:50:22.400462,water_pump_001,water_pump,Centrifugal,public_hall,Public Hall,6.85,4.1,53.0,25105.0,13.4,5.92,0.83,63.9,operational,0.7,False
2026-08-06 01:50:22.400462,water_pump_001,water_pump,Centrifugal,public_hall,Public Hall,6.85,4.13,65.1,25220.0,16.7,59.36,0.827,71.5,operational,0.717,False
2026-08-07 01:50:22.400462,water_pump_001,water_pump,Centrifugal,public_hall,Public Hall,6.86,4.96,60.7,25105.0,12.6,18.32,0.823,68.6,operational,0.733,False
2026-08-08 01:50:22.400462,water_pump_001,water_pump,Centrifugal,public_hall,Public Hall,6.86,4.27,62.6,25189.0,14.7,32.76,0.82,68.3,operational,0.75,False
2026-08-09 01:50:22.400462,water_pump_001,water_pump,Centrifugal,public_hall,Public Hall,6.86,5.35,57.4,25245.0,15.9,49.68,0.816,68.5,operational,0.767,False
2026-08-10 01:50:22.400462,water_pump_001,water_pump,Centrifugal,public_hall,Public Hall,6.86,4.39,53.6,25155.0,12.9,59.71,0.813,65.3,operational,0.783,False
2026-08-11 01:50:22.400462,water_pump_001,water_pump,Centrifugal,public_hall,Public Hall,6.87,3.55,62.5,25286.0,16.2,40.13,0.81,71.6,operational,0.8,False
2026-08-12 01:50:22.400462,water_pump_001,water_pump,Centrifugal,public_hall,Public Hall,6.87,4.67,63.1,25302.0,16.2,49.54,0.806,70.8,operational,0.817,False
2026-08-13 01:50:22.400462,water_pump_001,water_pump,Centrifugal,public_hall,Public Hall,6.87,4.33,59.5,25343.0,16.8,31.41,0.803,67.1,operational,0.833,False
2026-08-14 01:50:22.400462,water_pump_001,water_pump,Centrifugal,public_hall,Public Hall,6.87,4.62,61.0,24963.0,6.7,62.67,0.799,64.4,operational,0.85,False
2026-08-15 01:50:22.400462,water_pump_001,water_pump,Centrifugal,public_hall,Public Hall,6.88,4.77,63.4,24972.0,6.7,56.48,0.796,62.3,operational,0.867,False
2026-08-16 01:50:22.400462,water_pump_001,water_pump,Centrifugal,public_hall,Public Hall,6.88,5.38,67.8,25189.0,11.8,27.82,0.792,66.8,operational,0.883,False
2026-08-17 01:50:22.400462,water_pump_001,water_pump,Centrifugal,public_hall,Public Hall,6.88,6.16,63.4,25320.0,14.7,44.94,0.789,51.3,maintenance_needed,0.9,True
2026-08-18 01:50:22.400462,water_pump_001,water_pump,Centrifugal,public_hall,Public Hall,6.89,5.17,70.2,25148.0,10.3,44.27,0.786,48.3,maintenance_needed,0.917,True
2026-08-19 01:50:22.400462,water_pump_001,water_pump,Centrifugal,public_hall,Public Hall,6.89,5.88,68.6,25495.0,18.0,60.51,0.782,46.1,maintenance_needed,0.933,True
2026-08-20 01:50:22.400462,water_pump_001,water_pump,Centrifugal,public_hall,Public Hall,6.89,6.7,74.6,25122.0,9.3,4.99,0.779,40.7,maintenance_needed,0.95,True
2026-08-21 01:50:22.400462,water_pump_001,water_pump,Centrifugal,public_hall,Public Hall,6.89,7.95,72.3,25413.0,15.4,41.5,0.775,25.0,critical,0.967,True
2026-08-22 01:50:22.400462,water_pump_001,water_pump,Centrifugal,public_hall,Public Hall,6.9,11.47,71.6,25237.0,11.3,25.07,0.772,0.8,critical,0.983,True
2026-08-23 01:50:22.400462,water_pump_001,water_pump,Centrifugal,public_hall,Public Hall,6.9,12.11,73.5,25025.0,6.7,42.32,0.769,4.8,faulty,1.0,True
2026-08-24 01:50:22.400462,water_pump_001,water_pump,Centrifugal,public_hall,Public Hall,6.9,12.62,78.6,25015.0,6.4,45.49,0.765,14.5,faulty,1.0,True
2026-08-25 01:50:22.400462,water_pump_001,water_pump,Centrifugal,public_hall,Public Hall,6.91,11.84,74.1,25296.0,11.8,34.78,0.762,8.7,faulty,1.0,True
2026-08-26 01:50:22.400462,water_pump_001,water_pump,Centrifugal,public_hall,Public Hall,6.91,12.95,77.0,25349.0,12.7,57.04,0.758,2.1,faulty,1.0,True
2026-08-27 01:50:22.400462,water_pump_001,water_pump,Centrifugal,public_hall,Public Hall,6.91,12.35,76.1,25167.0,8.9,64.5,0.755,9.9,faulty,1.0,True
2026-08-28 01:50:22.400462,water_pump_001,water_pump,Centrifugal,public_hall,Public Hall,6.91,11.71,76.0,25080.0,7.1,7.88,0.752,4.8,faulty,1.0,True
2026-08-29 01:50:22.400462,water_pump_001,water_pump,Centrifugal,public_hall,Public Hall,6.92,12.53,77.3,25096.0,7.3,19.46,0.748,7.4,faulty,1.0,True
2026-08-30 01:50:22.400462,water_pump_001,water_pump,Centrifugal,public_hall,Public Hall,6.92,11.46,78.6,25261.0,10.1,35.2,0.745,4.3,faulty,1.0,True
2026-08-31 01:50:22.400462,water_pump_001,water_pump,Centrifugal,public_hall,Public Hall,6.92,11.11,78.9,25683.0,17.5,18.63,0.741,5.8,faulty,1.0,True
2026-09-01 01:50:22.400462,water_pump_001,water_pump,Centrifugal,public_hall,Public Hall,6.92,12.09,83.6,25549.0,14.8,46.23,0.738,10.5,faulty,1.0,True
2026-09-02 01:50:22.400462,water_pump_001,water_pump,Centrifugal,public_hall,Public Hall,6.93,10.65,84.4,25546.0,14.5,36.07,0.734,3.4,faulty,1.0,True
2026-09-03 01:50:22.400462,water_pump_001,water_pump,Centrifugal,public_hall,Public Hall,6.93,11.91,85.4,25283.0,9.8,27.81,0.731,6.7,faulty,1.0,True
2026-09-04 01:50:22.400462,water_pump_001,water_pump,Centrifugal,public_hall,Public Hall,6.93,12.13,82.1,25556.0,14.2,28.87,0.728,3.9,faulty,1.0,True
2026-09-05 01:50:22.400462,water_pump_001,water_pump,Centrifugal,public_hall,Public Hall,6.94,12.28,87.6,25441.0,12.1,49.31,0.724,9.2,faulty,1.0,True
2026-09-06 01:50:22.400462,water_pump_001,water_pump,Centrifugal,public_hall,Public Hall,6.94,12.12,92.9,25788.0,17.5,47.41,0.721,9.6,faulty,1.0,True
2026-09-07 01:50:22.400462,water_pump_001,water_pump,Centrifugal,public_hall,Public Hall,6.94,11.79,88.0,25212.0,8.1,66.62,0.717,8.0,faulty,1.0,True
2026-09-08 01:50:22.400462,water_pump_001,water_pump,Centrifugal,public_hall,Public Hall,6.94,11.89,94.3,25653.0,14.8,6.68,0.714,3.3,faulty,1.0,True
2026-09-09 01:50:22.400462,water_pump_001,water_pump,Centrifugal,public_hall,Public Hall,6.95,12.86,92.0,25148.0,6.8,30.7,0.711,6.0,faulty,1.0,True
2026-09-10 01:50:22.400462,water_pump_001,water_pump,Centrifugal,public_hall,Public Hall,6.95,11.91,90.8,25715.0,15.3,28.61,0.707,9.1,faulty,1.0,True
2026-09-11 01:50:22.400462,water_pump_001,water_pump,Centrifugal,public_hall,Public Hall,6.95,11.67,93.9,25149.0,6.7,52.59,0.704,1.0,faulty,1.0,True
2026-09-12 01:50:22.400462,water_pump_001,water_pump,Centrifugal,public_hall,Public Hall,6.95,12.02,97.2,25468.0,11.2,44.89,0.7,3.1,faulty,1.0,True
2026-09-13 01:50:22.400462,water_pump_001,water_pump,Centrifugal,public_hall,Public Hall,6.96,11.58,98.1,25850.0,16.6,64.69,0.697,0.0,faulty,1.0,True
2026-09-14 01:50:22.400462,water_pump_001,water_pump,Centrifugal,public_hall,Public Hall,6.96,12.43,100.0,25612.0,13.0,58.53,0.694,0.3,faulty,1.0,True
2026-09-15 01:50:22.400462,water_pump_001,water_pump,Centrifugal,public_hall,Public Hall,6.96,11.62,96.6,25496.0,11.2,7.1,0.69,3.4,faulty,1.0,True
2026-09-16 01:50:22.400462,water_pump_001,water_pump,Centrifugal,public_hall,Public Hall,6.97,12.81,102.7,25851.0,15.9,5.46,0.687,12.6,faulty,1.0,True
2026-09-17 01:50:22.400462,water_pump_001,water_pump,Centrifugal,public_hall,Public Hall,6.97,12.25,108.6,25719.0,13.9,15.64,0.683,6.3,faulty,1.0,True
2026-09-18 01:50:22.400462,water_pump_001,water_pump,Centrifugal,public_hall,Public Hall,6.97,11.54,100.8,25482.0,10.5,30.74,0.68,8.1,faulty,1.0,True
2026-09-19 01:50:22.400462,water_pump_001,water_pump,Centrifugal,public_hall,Public Hall,6.97,11.61,103.3,25950.0,16.6,56.84,0.676,7.7,faulty,1.0,True
2026-09-20 01:50:22.400462,water_pump_001,water_pump,Centrifugal,public_hall,Public Hall,6.98,12.47,105.7,25707.0,13.2,20.84,0.673,11.9,faulty,1.0,True
2026-09-21 01:50:22.400462,water_pump_001,water_pump,Centrifugal,public_hall,Public Hall,6.98,12.36,104.5,25418.0,9.3,40.03,0.67,9.9,faulty,1.0,True
2026-09-22 01:50:22.400462,water_pump_001,water_pump,Centrifugal,public_hall,Public Hall,6.98,12.13,106.4,25300.0,7.7,50.65,0.666,7.3,faulty,1.0,True
2026-09-23 01:50:22.400462,water_pump_001,water_pump,Centrifugal,public_hall,Public Hall,6.98,11.92,110.8,25467.0,9.7,59.08,0.663,7.9,faulty,1.0,True
2026-09-24 01:50:22.400462,water_pump_001,water_pump,Centrifugal,public_hall,Public Hall,6.99,11.8,116.8,25655.0,11.9,67.0,0.659,1.6,faulty,1.0,True
2026-09-25 01:50:22.400462,water_pump_001,water_pump,Centrifugal,public_hall,Public Hall,6.99,12.04,112.0,25526.0,10.2,31.82,0.656,4.5,faulty,1.0,True
2026-09-26 01:50:22.400462,water_pump_001,water_pump,Centrifugal,public_hall,Public Hall,6.99,11.89,115.9,25533.0,10.1,37.34,0.653,6.3,faulty,1.0,True
2026-09-27 01:50:22.400462,water_pump_001,water_pump,Centrifugal,public_hall,Public Hall,7.0,11.95,113.7,25396.0,8.3,11.1,0.649,1.3,faulty,1.0,True
2026-09-28 01:50:22.400462,water_pump_001,water_pump,Centrifugal,public_hall,Public Hall,7.0,12.16,114.3,25956.0,14.9,41.17,0.646,12.3,faulty,1.0,True
2026-09-29 01:50:22.400462,water_pump_001,water_pump,Centrifugal,public_hall,Public Hall,7.0,11.33,112.8,25748.0,12.3,4.5,0.642,4.4,faulty,1.0,True
2026-09-30 01:50:22.400462,water_pump_001,water_pump,Centrifugal,public_hall,Public Hall,7.0,10.61,114.3,26090.0,16.1,66.8,0.639,6.3,faulty,1.0,True
2026-10-01 01:50:22.400462,water_pump_001,water_pump,Centrifugal,public_hall,Public Hall,7.01,12.24,116.0,25405.0,8.1,52.92,0.636,3.5,faulty,1.0,True
2026-10-02 01:50:22.400462,water_pump_001,water_pump,Centrifugal,public_hall,Public Hall,7.01,12.54,116.8,25355.0,7.4,17.55,0.632,1.0,faulty,1.0,True
2026-10-03 01:50:22.400462,water_pump_001,water_pump,Centrifugal,public_hall,Public Hall,7.01,12.24,117.8,26112.0,15.8,57.49,0.629,8.9,faulty,1.0,True
2026-07-06 01:50:22.400462,water_pump_002,water_pump,Submersible,records_room,Records & Archives,5.57,3.39,57.3,20323.0,6.5,36.19,0.944,83.8,operational,0.0,False
2026-07-07 01:50:22.400462,water_pump_002,water_pump,Submersible,records_room,Records & Archives,5.57,4.56,58.0,20338.0,15.4,14.53,0.942,83.5,operational,0.003,False
2026-07-08 01:50:22.400462,water_pump_002,water_pump,Submersible,records_room,Records & Archives,5.57,3.6,55.7,20357.0,17.2,29.75,0.939,84.0,operational,0.006,False
2026-07-09 01:50:22.400462,water_pump_002,water_pump,Submersible,records_room,Records & Archives,5.58,3.51,48.1,20356.0,11.2,32.56,0.936,81.7,operational,0.008,False
2026-07-10 01:50:22.400462,water_pump_002,water_pump,Submersible,records_room,Records & Archives,5.58,3.42,55.5,20376.0,13.3,38.48,0.933,78.3,operational,0.011,False
2026-07-11 01:50:22.400462,water_pump_002,water_pump,Submersible,records_room,Records & Archives,5.58,3.33,57.6,20387.0,13.0,9.18,0.93,83.5,operational,0.014,False
2026-07-12 01:50:22.400462,water_pump_002,water_pump,Submersible,records_room,Records & Archives,5.58,3.58,56.6,20386.0,10.5,15.99,0.927,86.7,operational,0.017,False
2026-07-13 01:50:22.400462,water_pump_002,water_pump,Submersible,records_room,Records & Archives,5.59,4.11,57.9,20423.0,14.3,15.59,0.925,80.4,operational,0.019,False
2026-07-14 01:50:22.400462,water_pump_002,water_pump,Submersible,records_room,Records & Archives,5.59,3.61,54.1,20438.0,14.5,40.89,0.922,88.3,operational,0.022,False
2026-07-15 01:50:22.400462,water_pump_002,water_pump,Submersible,records_room,Records & Archives,5.59,3.32,53.6,20377.0,6.0,23.75,0.919,85.2,operational,0.025,False
2026-07-16 01:50:22.400462,water_pump_002,water_pump,Submersible,records_room,Records & Archives,5.6,3.26,55.2,20437.0,11.5,35.0,0.916,82.3,operational,0.028,False
2026-07-17 01:50:22.400462,water_pump_002,water_pump,Submersible,records_room,Records & Archives,5.6,4.22,54.4,20480.0,14.3,6.08,0.913,78.8,operational,0.031,False
2026-07-18 01:50:22.400462,water_pump_002,water_pump,Submersible,records_room,Records & Archives,5.6,3.61,50.2,20536.0,17.8,40.58,0.911,77.5,operational,0.033,False
2026-07-19 01:50:22.400462,water_pump_002,water_pump,Submersible,records_room,Records & Archives,5.6,3.14,55.9,20531.0,16.1,41.01,0.908,80.2,operational,0.036,False
2026-07-20 01:50:22.400462,water_pump_002,water_pump,Submersible,records_room,Records & Archives,5.61,4.43,57.1,20416.0,6.7,31.38,0.905,77.7,operational,0.039,False
2026-07-21 01:50:22.400462,water_pump_002,water_pump,Submersible,records_room,Records & Archives,5.61,2.94,57.4,20452.0,8.6,33.26,0.902,81.4,operational,0.042,False
2026-07-22 01:50:22.400462,water_pump_002,water_pump,Submersible,records_room,Records & Archives,5.61,4.09,58.3,20485.0,10.1,7.15,0.899,79.9,operational,0.045,False
2026-07-23 01:50:22.400462,water_pump_002,water_pump,Submersible,records_room,Records & Archives,5.61,4.3,54.0,20433.0,6.5,11.32,0.897,81.2,operational,0.047,False
2026-07-24 01:50:22.400462,water_pump_002,water_pump,Submersible,records_room,Records & Archives,5.62,4.08,53.4,20545.0,12.4,49.58,0.894,76.7,operational,0.05,False
2026-07-25 01:50:22.400462,water_pump_002,water_pump,Submersible,records_room,Records & Archives,5.62,4.63,59.2,20563.0,12.7,31.24,0.891,77.0,operational,0.053,False
2026-07-26 01:50:22.400462,water_pump_002,water_pump,Submersible,records_room,Records & Archives,5.62,4.0,56.6,20452.0,6.5,14.94,0.888,74.0,operational,0.056,False
2026-07-27 01:50:22.400462,water_pump_002,water_pump,Submersible,records_room,Records & Archives,5.63,4.12,58.2,20674.0,16.7,42.3,0.885,75.9,operational,0.058,False
2026-07-28 01:50:22.400462,water_pump_002,water_pump,Submersible,records_room,Records & Archives,5.63,2.69,56.3,20500.0,8.1,15.88,0.882,79.1,operational,0.061,False
2026-07-29 01:50:22.400462,water_pump_002,water_pump,Submersible,records_room,Records & Archives,5.63,3.7,56.1,20692.0,16.1,54.45,0.88,76.5,operational,0.064,False
2026-07-30 01:50:22.400462,water_pump_002,water_pump,Submersible,records_room,Records & Archives,5.63,3.49,60.8,20621.0,12.4,35.23,0.877,78.9,operational,0.067,False
2026-07-31 01:50:22.400462,water_pump_002,water_pump,Submersible,records_room,Records & Archives,5.64,3.76,54.5,20731.0,16.3,52.91,0.874,77.5,operational,0.07,False
2026-08-01 01:50:22.400462,water_pump_002,water_pump,Submersible,records_room,Records & Archives,5.64,3.42,58.1,20747.0,16.3,47.6,0.871,75.5,operational,0.072,False
2026-08-02 01:50:22.400462,water_pump_002,water_pump,Submersible,records_room,Records & Archives,5.64,4.13,54.1,20584.0,9.7,19.19,0.868,76.8,operational,0.075,False
2026-08-03 01:50:22.400462,water_pump_002,water_pump,Submersible,records_room,Records & Archives,5.64,4.52,55.6,20782.0,16.4,38.48,0.866,75.4,operational,0.078,False
2026-08-04 01:50:22.400462,water_pump_002,water_pump,Submersible,records_room,Records & Archives,5.65,4.49,59.4,20821.0,17.2,54.38,0.863,75.2,operational,0.081,False
2026-08-05 01:50:22.400462,water_pump_002,water_pump,Submersible,records_room,Records & Archives,5.65,3.22,57.5,20607.0,9.5,34.05,0.86,74.8,operational,0.084,False
2026-08-06 01:50:22.400462,water_pump_002,water_pump,Submersible,records_room,Records & Archives,5.65,3.53,56.7,20834.0,16.5,42.66,0.857,73.1,operational,0.086,False
2026-08-07 01:50:22.400462,water_pump_002,water_pump,Submersible,records_room,Records & Archives,5.66,4.21,61.6,20657.0,10.5,47.82,0.854,76.8,operational,0.089,False
2026-08-08 01:50:22.400462,water_pump_002,water_pump,Submersible,records_room,Records & Archives,5.66,3.6,51.4,20585.0,8.0,33.45,0.852,74.1,operational,0.092,False
2026-08-09 01:50:22.400462,water_pump_002,water_pump,Submersible,records_room,Records & Archives,5.66,3.06,56.5,20725.0,11.8,21.61,0.849,76.1,operational,0.095,False
2026-08-10 01:50:22.400462,water_pump_002,water_pump,Submersible,records_room,Records & Archives,5.66,2.92,59.1,20542.0,6.3,36.78,0.846,75.0,operational,0.097,False
2026-08-11 01:50:22.400462,water_pump_002,water_pump,Submersible,records_room,Records & Archives,5.67,4.14,56.3,20900.0,16.0,2.91,0.843,77.5,operational,0.1,False
2026-08-12 01:50:22.400462,water_pump_002,water_pump,Submersible,records_room,Records & Archives,5.67,3.9,61.0,20693.0,10.0,56.35,0.84,76.8,operational,0.103,False
2026-08-13 01:50:22.400462,water_pump_002,water_pump,Submersible,records_room,Records & Archives,5.67,2.85,54.9,20559.0,6.2,54.87,0.837,74.0,operational,0.106,False
2026-08-14 01:50:22.400462,water_pump_002,water_pump,Submersible,records_room,Records & Archives,5.67,3.85,58.7,20947.0,16.0,60.38,0.835,69.5,operational,0.109,False
2026-08-15 01:50:22.400462,water_pump_002,water_pump,Submersible,records_room,Records & Archives,5.68,3.81,56.2,20845.0,13.1,41.05,0.832,73.2,operational,0.111,False
2026-08-16 01:50:22.400462,water_pump_002,water_pump,Submersible,records_room,Records & Archives,5.68,3.88,53.7,20627.0,7.4,33.58,0.829,75.8,operational,0.114,False
2026-08-17 01:50:22.400462,water_pump_002,water_pump,Submersible,records_room,Records & Archives,5.68,3.93,61.5,20836.0,12.2,47.16,0.826,75.4,operational,0.117,False
2026-08-18 01:50:22.400462,water_pump_002,water_pump,Submersible,records_room,Records & Archives,5.69,4.41,56.7,20874.0,12.8,17.41,0.823,69.8,operational,0.12,False
2026-08-19 01:50:22.400462,water_pump_002,water_pump,Submersible,records_room,Records & Archives,5.69,3.93,55.6,20786.0,10.5,38.51,0.821,68.0,operational,0.122,False
2026-08-20 01:50:22.400462,water_pump_002,water_pump,Submersible,records_room,Records & Archives,5.69,3.58,50.7,20639.0,7.0,21.56,0.818,73.1,operational,0.125,False
2026-08-21 01:50:22.400462,water_pump_002,water_pump,Submersible,records_room,Records & Archives,5.69,3.4,54.9,21044.0,15.7,52.15,0.815,64.6,operational,0.128,False
2026-08-22 01:50:22.400462,water_pump_002,water_pump,Submersible,records_room,Records & Archives,5.7,3.99,55.9,21055.0,15.6,61.75,0.812,66.4,operational,0.131,False
2026-08-23 01:50:22.400462,water_pump_002,water_pump,Submersible,records_room,Records & Archives,5.7,4.39,54.5,20790.0,9.7,27.11,0.809,65.7,operational,0.134,False
2026-08-24 01:50:22.400462,water_pump_002,water_pump,Submersible,records_room,Records & Archives,5.7,3.45,54.4,20895.0,11.7,2.7,0.807,75.3,operational,0.136,False
2026-08-25 01:50:22.400462,water_pump_002,water_pump,Submersible,records_room,Records & Archives,5.7,3.55,57.6,20801.0,9.6,2.7,0.804,72.7,operational,0.139,False
2026-08-26 01:50:22.400462,water_pump_002,water_pump,Submersible,records_room,Records & Archives,5.71,3.87,50.4,21208.0,17.4,11.52,0.801,63.6,operational,0.142,False
2026-08-27 01:50:22.400462,water_pump_002,water_pump,Submersible,records_room,Records & Archives,5.71,3.08,57.7,20965.0,12.4,33.8,0.798,68.5,operational,0.145,False
2026-08-28 01:50:22.400462,water_pump_002,water_pump,Submersible,records_room,Records & Archives,5.71,5.01,55.3,20720.0,7.5,37.85,0.795,70.8,operational,0.148,False
2026-08-29 01:50:22.400462,water_pump_002,water_pump,Submersible,records_room,Records & Archives,5.72,3.7,58.6,20847.0,9.7,13.56,0.793,66.1,operational,0.15,False
2026-08-30 01:50:22.400462,water_pump_002,water_pump,Submersible,records_room,Records & Archives,5.72,4.01,61.5,20799.0,8.7,12.78,0.79,66.9,operational,0.15,False
2026-08-31 01:50:22.400462,water_pump_002,water_pump,Submersible,records_room,Records & Archives,5.72,3.95,57.2,20810.0,8.7,36.25,0.787,70.7,operational,0.15,False
2026-09-01 01:50:22.400462,water_pump_002,water_pump,Submersible,records_room,Records & Archives,5.72,3.51,57.6,20922.0,10.5,54.23,0.784,68.0,operational,0.15,False
2026-09-02 01:50:22.400462,water_pump_002,water_pump,Submersible,records_room,Records & Archives,5.73,3.14,58.4,20945.0,10.7,37.36,0.781,65.5,operational,0.15,False
2026-09-03 01:50:22.400462,water_pump_002,water_pump,Submersible,records_room,Records & Archives,5.73,3.24,59.1,20907.0,9.9,12.36,0.778,64.7,operational,0.15,False
2026-09-04 01:50:22.400462,water_pump_002,water_pump,Submersible,records_room,Records & Archives,5.73,4.36,53.2,21215.0,14.9,34.63,0.776,61.3,operational,0.15,False
2026-09-05 01:50:22.400462,water_pump_002,water_pump,Submersible,records_room,Records & Archives,5.73,3.56,50.0,21011.0,11.3,50.35,0.773,64.0,operational,0.15,False
2026-09-06 01:50:22.400462,water_pump_002,water_pump,Submersible,records_room,Records & Archives,5.74,5.23,60.0,21384.0,17.1,15.14,0.77,64.8,operational,0.15,False
2026-09-07 01:50:22.400462,water_pump_002,water_pump,Submersible,records_room,Records & Archives,5.74,4.01,51.5,20773.0,7.1,56.37,0.767,67.6,operational,0.15,False
2026-09-08 01:50:22.400462,water_pump_002,water_pump,Submersible,records_room,Records & Archives,5.74,2.92,60.0,21222.0,14.1,62.12,0.764,64.3,operational,0.15,False
2026-09-09 01:50:22.400462,water_pump_002,water_pump,Submersible,records_room,Records & Archives,5.75,4.42,54.2,21250.0,14.3,25.83,0.762,71.1,operational,0.15,False
2026-09-10 01:50:22.400462,water_pump_002,water_pump,Submersible,records_room,Records & Archives,5.75,2.98,57.8,20961.0,9.7,62.01,0.759,65.5,operational,0.15,False
2026-09-11 01:50:22.400462,water_pump_002,water_pump,Submersible,records_room,Records & Archives,5.75,4.1,50.8,20857.0,8.0,20.15,0.756,61.9,operational,0.15,False
2026-09-12 01:50:22.400462,water_pump_002,water_pump,Submersible,records_room,Records & Archives,5.75,3.83,54.2,21177.0,12.6,32.4,0.753,62.9,operational,0.15,False
2026-09-13 01:50:22.400462,water_pump_002,water_pump,Submersible,records_room,Records & Archives,5.76,4.78,56.9,21426.0,16.0,3.7,0.75,65.1,operational,0.15,False
2026-09-14 01:50:22.400462,water_pump_002,water_pump,Submersible,records_room,Records & Archives,5.76,3.68,55.9,21534.0,17.3,41.57,0.748,63.0,operational,0.15,False
2026-09-15 01:50:22.400462,water_pump_002,water_pump,Submersible,records_room,Records & Archives,5.76,4.16,63.9,21026.0,9.9,36.17,0.745,65.8,operational,0.15,False
2026-09-16 01:50:22.400462,water_pump_002,water_pump,Submersible,records_room,Records & Archives,5.77,3.45,56.1,21262.0,13.0,63.25,0.742,61.6,operational,0.15,False
2026-09-17 01:50:22.400462,water_pump_002,water_pump,Submersible,records_room,Records & Archives,5.77,3.92,58.2,21413.0,14.9,60.81,0.739,57.9,maintenance_needed,0.15,True
2026-09-18 01:50:22.400462,water_pump_002,water_pump,Submersible,records_room,Records & Archives,5.77,3.24,54.2,21415.0,14.8,48.9,0.736,65.5,operational,0.15,False
2026-09-19 01:50:22.400462,water_pump_002,water_pump,Submersible,records_room,Records & Archives,5.77,3.64,56.2,21287.0,12.9,59.28,0.733,67.0,operational,0.15,False
2026-09-20 01:50:22.400462,water_pump_002,water_pump,Submersible,records_room,Records & Archives,5.78,3.79,54.4,21518.0,15.7,42.07,0.731,60.0,operational,0.15,False
2026-09-21 01:50:22.400462,water_pump_002,water_pump,Submersible,records_room,Records & Archives,5.78,4.08,60.3,21364.0,13.5,51.21,0.728,59.7,maintenance_needed,0.15,True
2026-09-22 01:50:22.400462,water_pump_002,water_pump,Submersible,records_room,Records & Archives,5.78,3.79,56.4,21682.0,17.4,52.21,0.725,59.9,maintenance_needed,0.15,True
2026-09-23 01:50:22.400462,water_pump_002,water_pump,Submersible,records_room,Records & Archives,5.78,3.95,54.4,21476.0,14.6,63.56,0.722,59.1,maintenance_needed,0.15,True
2026-09-24 01:50:22.400462,water_pump_002,water_pump,Submersible,records_room,Records & Archives,5.79,3.38,57.6,21476.0,14.4,29.59,0.719,59.7,maintenance_needed,0.15,True
2026-09-25 01:50:22.400462,water_pump_002,water_pump,Submersible,records_room,Records & Archives,5.79,4.08,56.1,20929.0,7.5,26.77,0.717,56.5,maintenance_needed,0.15,True
2026-09-26 01:50:22.400462,water_pump_002,water_pump,Submersible,records_room,Records & Archives,5.79,4.0,53.7,21011.0,8.4,67.3,0.714,56.9,maintenance_needed,0.15,True
2026-09-27 01:50:22.400462,water_pump_002,water_pump,Submersible,records_room,Records & Archives,5.8,3.03,56.0,21158.0,10.1,39.01,0.711,60.0,maintenance_needed,0.15,True
2026-09-28 01:50:22.400462,water_pump_002,water_pump,Submersible,records_room,Records & Archives,5.8,3.28,56.9,21310.0,11.8,3.64,0.708,56.9,maintenance_needed,0.15,True
2026-09-29 01:50:22.400462,water_pump_002,water_pump,Submersible,records_room,Records & Archives,5.8,2.97,59.4,21374.0,12.4,32.31,0.705,61.5,operational,0.15,False
2026-09-30 01:50:22.400462,water_pump_002,water_pump,Submersible,records_room,Records & Archives,5.8,4.53,54.5,21003.0,7.9,56.5,0.703,59.8,maintenance_needed,0.15,True
2026-10-01 01:50:22.400462,water_pump_002,water_pump,Submersible,records_room,Records & Archives,5.81,3.26,51.2,21023.0,8.1,34.49,0.7,55.4,maintenance_needed,0.15,True
2026-10-02 01:50:22.400462,water_pump_002,water_pump,Submersible,records_room,Records & Archives,5.81,4.34,57.1,20889.0,6.4,40.47,0.697,62.2,operational,0.15,False
2026-10-03 01:50:22.400462,water_pump_002,water_pump,Submersible,records_room,Records & Archives,5.81,3.51,57.5,21497.0,13.2,70.16,0.694,59.6,maintenance_needed,0.15,True
2026-07-06 01:50:22.400462,water_pump_003,water_pump,Centrifugal,water_supply,Water Supply Office,4.42,3.44,57.0,16149.0,8.0,13.01,0.956,89.6,operational,0.0,False
2026-07-07 01:50:22.400462,water_pump_003,water_pump,Centrifugal,water_supply,Water Supply Office,4.43,2.9,55.1,16161.0,11.7,33.16,0.954,91.3,operational,0.002,False
2026-07-08 01:50:22.400462,water_pump_003,water_pump,Centrifugal,water_supply,Water Supply Office,4.43,3.85,49.8,16175.0,13.0,12.39,0.951,86.7,operational,0.004,False
2026-07-09 01:50:22.400462,water_pump_003,water_pump,Centrifugal,water_supply,Water Supply Office,4.43,3.27,57.6,16196.0,15.4,54.04,0.949,89.8,operational,0.007,False
2026-07-10 01:50:22.400462,water_pump_003,water_pump,Centrifugal,water_supply,Water Supply Office,4.44,2.18,54.3,16212.0,15.6,36.02,0.947,86.0,operational,0.009,False
2026-07-11 01:50:22.400462,water_pump_003,water_pump,Centrifugal,water_supply,Water Supply Office,4.44,3.04,49.3,16181.0,6.4,44.16,0.945,86.0,operational,0.011,False
2026-07-12 01:50:22.400462,water_pump_003,water_pump,Centrifugal,water_supply,Water Supply Office,4.44,3.61,56.2,16220.0,11.7,24.38,0.942,82.5,operational,0.013,False
2026-07-13 01:50:22.400462,water_pump_003,water_pump,Centrifugal,water_supply,Water Supply Office,4.44,3.25,50.2,16275.0,18.0,22.24,0.94,86.9,operational,0.015,False
2026-07-14 01:50:22.400462,water_pump_003,water_pump,Centrifugal,water_supply,Water Supply Office,4.45,2.88,57.8,16216.0,8.3,36.37,0.938,79.3,operational,0.018,False
2026-07-15 01:50:22.400462,water_pump_003,water_pump,Centrifugal,water_supply,Water Supply Office,4.45,2.89,54.3,16311.0,18.0,44.12,0.936,78.5,operational,0.02,False
2026-07-16 01:50:22.400462,water_pump_003,water_pump,Centrifugal,water_supply,Water Supply Office,4.45,3.64,49.0,16284.0,13.4,22.59,0.933,81.7,operational,0.022,False
2026-07-17 01:50:22.400462,water_pump_003,water_pump,Centrifugal,water_supply,Water Supply Office,4.45,3.27,53.9,16345.0,17.8,8.53,0.931,78.7,operational,0.024,False
2026-07-18 01:50:22.400462,water_pump_003,water_pump,Centrifugal,water_supply,Water Supply Office,4.46,3.14,50.1,16352.0,16.9,26.42,0.929,85.5,operational,0.027,False
2026-07-19 01:50:22.400462,water_pump_003,water_pump,Centrifugal,water_supply,Water Supply Office,4.46,2.59,54.2,16295.0,11.2,44.53,0.927,87.4,operational,0.029,False
2026-07-20 01:50:22.400462,water_pump_003,water_pump,Centrifugal,water_supply,Water Supply Office,4.46,2.8,54.9,16382.0,16.6,47.95,0.924,78.7,operational,0.031,False
2026-07-21 01:50:22.400462,water_pump_003,water_pump,Centrifugal,water_supply,Water Supply Office,4.47,3.83,55.8,16396.0,16.4,50.93,0.922,81.6,operational,0.033,False
2026-07-22 01:50:22.400462,water_pump_003,water_pump,Centrifugal,water_supply,Water Supply Office,4.47,3.25,56.9,16329.0,11.2,21.58,0.92,83.7,operational,0.035,False
2026-07-23 01:50:22.400462,water_pump_003,water_pump,Centrifugal,water_supply,Water Supply Office,4.47,3.31,51.7,16312.0,9.5,35.62,0.918,81.1,operational,0.038,False
2026-07-24 01:50:22.400462,water_pump_003,water_pump,Centrifugal,water_supply,Water Supply Office,4.47,4.31,56.7,16274.0,6.9,6.31,0.915,78.7,operational,0.04,False
2026-07-25 01:50:22.400462,water_pump_003,water_pump,Centrifugal,water_supply,Water Supply Office,4.48,3.42,52.4,16381.0,12.2,46.92,0.913,76.6,operational,0.042,False
2026-07-26 01:50:22.400462,water_pump_003,water_pump,Centrifugal,water_supply,Water Supply Office,4.48,3.59,51.6,16461.0,15.6,44.17,0.911,82.4,operational,0.044,False
2026-07-27 01:50:22.400462,water_pump_003,water_pump,Centrifugal,water_supply,Water Supply Office,4.48,3.89,52.9,16419.0,12.8,12.87,0.909,81.2,operational,0.046,False
2026-07-28 01:50:22.400462,water_pump_003,water_pump,Centrifugal,water_supply,Water Supply Office,4.48,3.23,52.2,16545.0,18.0,6.59,0.906,79.5,operational,0.049,False
2026-07-29 01:50:22.400462,water_pump_003,water_pump,Centrifugal,water_supply,Water Supply Office,4.49,3.34,53.1,16465.0,13.7,37.43,0.904,81.1,operational,0.051,False
2026-07-30 01:50:22.400462,water_pump_003,water_pump,Centrifugal,water_supply,Water Supply Office,4.49,3.12,57.5,16482.0,13.9,4.69,0.902,79.8,operational,0.053,False
2026-07-31 01:50:22.400462,water_pump_003,water_pump,Centrifugal,water_supply,Water Supply Office,4.49,4.06,55.0,16564.0,16.6,22.62,0.9,80.4,operational,0.055,False
2026-08-01 01:50:22.400462,water_pump_003,water_pump,Centrifugal,water_supply,Water Supply Office,4.5,2.37,59.1,16428.0,10.7,37.97,0.898,80.5,operational,0.058,False
2026-08-02 01:50:22.400462,water_pump_003,water_pump,Centrifugal,water_supply,Water Supply Office,4.5,3.16,54.5,16410.0,9.7,17.47,0.895,80.1,operational,0.06,False
2026-08-03 01:50:22.400462,water_pump_003,water_pump,Centrifugal,water_supply,Water Supply Office,4.5,4.03,56.7,16458.0,11.0,10.97,0.893,84.1,operational,0.062,False
2026-08-04 01:50:22.400462,water_pump_003,water_pump,Centrifugal,water_supply,Water Supply Office,4.5,3.91,54.1,16401.0,8.7,42.74,0.891,76.7,operational,0.064,False
2026-08-05 01:50:22.400462,water_pump_003,water_pump,Centrifugal,water_supply,Water Supply Office,4.51,3.21,52.9,16579.0,14.3,59.26,0.889,80.5,operational,0.066,False
2026-08-06 01:50:22.400462,water_pump_003,water_pump,Centrifugal,water_supply,Water Supply Office,4.51,3.69,50.5,16694.0,17.6,29.31,0.886,82.5,operational,0.069,False
2026-08-07 01:50:22.400462,water_pump_003,water_pump,Centrifugal,water_supply,Water Supply Office,4.51,3.84,50.2,16623.0,14.8,6.86,0.884,78.1,operational,0.071,False
2026-08-08 01:50:22.400462,water_pump_003,water_pump,Centrifugal,water_supply,Water Supply Office,4.51,3.59,54.2,16666.0,15.7,42.07,0.882,80.9,operational,0.073,False
2026-08-09 01:50:22.400462,water_pump_003,water_pump,Centrifugal,water_supply,Water Supply Office,4.52,3.82,53.5,16624.0,14.0,11.58,0.88,77.7,operational,0.075,False
2026-08-10 01:50:22.400462,water_pump_003,water_pump,Centrifugal,water_supply,Water Supply Office,4.52,2.35,53.4,16497.0,9.9,24.55,0.877,78.5,operational,0.077,False
2026-08-11 01:50:22.400462,water_pump_003,water_pump,Centrifugal,water_supply,Water Supply Office,4.52,4.07,57.0,16734.0,16.2,4.61,0.875,76.5,operational,0.08,False
2026-08-12 01:50:22.400462,water_pump_003,water_pump,Centrifugal,water_supply,Water Supply Office,4.53,3.46,55.9,16697.0,14.8,5.64,0.873,76.5,operational,0.082,False
2026-08-13 01:50:22.400462,water_pump_003,water_pump,Centrifugal,water_supply,Water Supply Office,4.53,3.31,53.1,16452.0,8.0,12.37,0.871,77.2,operational,0.084,False
2026-08-14 01:50:22.400462,water_pump_003,water_pump,Centrifugal,water_supply,Water Supply Office,4.53,3.19,51.9,16638.0,12.5,37.75,0.868,70.8,operational,0.086,False
2026-08-15 01:50:22.400462,water_pump_003,water_pump,Centrifugal,water_supply,Water Supply Office,4.53,3.49,57.2,16720.0,14.3,37.69,0.866,77.7,operational,0.088,False
2026-08-16 01:50:22.400462,water_pump_003,water_pump,Centrifugal,water_supply,Water Supply Office,4.54,3.62,49.5,16426.0,6.7,35.8,0.864,77.8,operational,0.091,False
2026-08-17 01:50:22.400462,water_pump_003,water_pump,Centrifugal,water_supply,Water Supply Office,4.54,4.12,56.6,16883.0,17.5,28.1,0.862,75.2,operational,0.093,False
2026-08-18 01:50:22.400462,water_pump_003,water_pump,Centrifugal,water_supply,Water Supply Office,4.54,2.33,56.0,16583.0,10.1,3.96,0.859,72.3,operational,0.095,False
2026-08-19 01:50:22.400462,water_pump_003,water_pump,Centrifugal,water_supply,Water Supply Office,4.55,3.31,51.6,16442.0,6.6,58.52,0.857,76.8,operational,0.097,False
2026-08-20 01:50:22.400462,water_pump_003,water_pump,Centrifugal,water_supply,Water Supply Office,4.55,3.81,54.0,16945.0,17.7,26.61,0.855,75.4,operational,0.1,False
2026-08-21 01:50:22.400462,water_pump_003,water_pump,Centrifugal,water_supply,Water Supply Office,4.55,3.51,50.4,16707.0,12.1,7.42,0.853,77.4,operational,0.102,False
2026-08-22 01:50:22.400462,water_pump_003,water_pump,Centrifugal,water_supply,Water Supply Office,4.55,3.62,54.9,16654.0,10.7,35.69,0.85,78.3,operational,0.104,False
2026-08-23 01:50:22.400462,water_pump_003,water_pump,Centrifugal,water_supply,Water Supply Office,4.56,4.26,54.8,16839.0,14.4,28.77,0.848,72.5,operational,0.106,False
2026-08-24 01:50:22.400462,water_pump_003,water_pump,Centrifugal,water_supply,Water Supply Office,4.56,2.83,55.9,16540.0,8.0,48.4,0.846,73.0,operational,0.108,False
2026-08-25 01:50:22.400462,water_pump_003,water_pump,Centrifugal,water_supply,Water Supply Office,4.56,3.02,52.3,16883.0,14.7,44.87,0.844,75.9,operational,0.111,False
2026-08-26 01:50:22.400462,water_pump_003,water_pump,Centrifugal,water_supply,Water Supply Office,4.56,3.75,51.3,17049.0,17.6,40.53,0.842,77.3,operational,0.113,False
2026-08-27 01:50:22.400462,water_pump_003,water_pump,Centrifugal,water_supply,Water Supply Office,4.57,3.6,51.5,16732.0,11.2,6.9,0.839,75.8,operational,0.115,False
2026-08-28 01:50:22.400462,water_pump_003,water_pump,Centrifugal,water_supply,Water Supply Office,4.57,3.18,54.2,16546.0,7.5,40.83,0.837,79.8,operational,0.117,False
2026-08-29 01:50:22.400462,water_pump_003,water_pump,Centrifugal,water_supply,Water Supply Office,4.57,3.13,57.8,16812.0,12.3,39.0,0.835,77.0,operational,0.119,False
2026-08-30 01:50:22.400462,water_pump_003,water_pump,Centrifugal,water_supply,Water Supply Office,4.58,4.0,54.3,16768.0,11.3,31.5,0.833,70.0,operational,0.122,False
2026-08-31 01:50:22.400462,water_pump_003,water_pump,Centrifugal,water_supply,Water Supply Office,4.58,3.24,55.6,16623.0,8.5,14.6,0.83,73.4,operational,0.124,False
2026-09-01 01:50:22.400462,water_pump_003,water_pump,Centrifugal,water_supply,Water Supply Office,4.58,3.63,50.9,17151.0,17.6,47.88,0.828,77.3,operational,0.126,False
2026-09-02 01:50:22.400462,water_pump_003,water_pump,Centrifugal,water_supply,Water Supply Office,4.58,2.64,53.8,16700.0,9.5,44.63,0.826,71.7,operational,0.128,False
2026-09-03 01:50:22.400462,water_pump_003,water_pump,Centrifugal,water_supply,Water Supply Office,4.59,3.98,59.2,16848.0,11.8,37.13,0.824,69.6,operational,0.131,False
2026-09-04 01:50:22.400462,water_pump_003,water_pump,Centrifugal,water_supply,Water Supply Office,4.59,2.57,53.5,16707.0,9.3,23.68,0.821,72.1,operational,0.133,False
2026-09-05 01:50:22.400462,water_pump_003,water_pump,Centrifugal,water_supply,Water Supply Office,4.59,2.77,54.5,16615.0,7.6,30.17,0.819,74.7,operational,0.135,False
2026-09-06 01:50:22.400462,water_pump_003,water_pump,Centrifugal,water_supply,Water Supply Office,4.59,3.21,55.8,16963.0,13.1,10.15,0.817,70.9,operational,0.137,False
2026-09-07 01:50:22.400462,water_pump_003,water_pump,Centrifugal,water_supply,Water Supply Office,4.6,2.92,52.6,16935.0,12.5,37.04,0.815,69.7,operational,0.139,False
2026-09-08 01:50:22.400462,water_pump_003,water_pump,Centrifugal,water_supply,Water Supply Office,4.6,2.8,51.0,16976.0,12.9,37.33,0.812,71.2,operational,0.142,False
2026-09-09 01:50:22.400462,water_pump_003,water_pump,Centrifugal,water_supply,Water Supply Office,4.6,4.08,57.7,16834.0,10.5,2.88,0.81,73.2,operational,0.144,False
2026-09-10 01:50:22.400462,water_pump_003,water_pump,Centrifugal,water_supply,Water Supply Office,4.61,3.47,49.5,16934.0,11.9,34.94,0.808,69.6,operational,0.146,False
2026-09-11 01:50:22.400462,water_pump_003,water_pump,Centrifugal,water_supply,Water Supply Office,4.61,3.51,54.5,16641.0,7.3,58.81,0.806,69.0,operational,0.148,False
2026-09-12 01:50:22.400462,water_pump_003,water_pump,Centrifugal,water_supply,Water Supply Office,4.61,3.05,52.6,16702.0,8.1,17.08,0.803,69.5,operational,0.15,False
2026-09-13 01:50:22.400462,water_pump_003,water_pump,Centrifugal,water_supply,Water Supply Office,4.61,3.26,59.5,17324.0,17.0,57.05,0.801,72.4,operational,0.15,False
2026-09-14 01:50:22.400462,water_pump_003,water_pump,Centrifugal,water_supply,Water Supply Office,4.62,3.33,48.3,17055.0,12.9,59.33,0.799,67.5,operational,0.15,False
2026-09-15 01:50:22.400462,water_pump_003,water_pump,Centrifugal,water_supply,Water Supply Office,4.62,3.6,52.7,16738.0,8.3,27.02,0.797,74.0,operational,0.15,False
2026-09-16 01:50:22.400462,water_pump_003,water_pump,Centrifugal,water_supply,Water Supply Office,4.62,3.54,47.0,17301.0,16.0,56.07,0.795,68.1,operational,0.15,False
2026-09-17 01:50:22.400462,water_pump_003,water_pump,Centrifugal,water_supply,Water Supply Office,4.62,3.11,53.7,17087.0,12.8,5.0,0.792,65.3,operational,0.15,False
2026-09-18 01:50:22.400462,water_pump_003,water_pump,Centrifugal,water_supply,Water Supply Office,4.63,4.08,54.2,16986.0,11.3,7.51,0.79,71.3,operational,0.15,False
2026-09-19 01:50:22.400462,water_pump_003,water_pump,Centrifugal,water_supply,Water Supply Office,4.63,3.26,54.2,17457.0,17.4,57.63,0.788,69.3,operational,0.15,False
2026-09-20 01:50:22.400462,water_pump_003,water_pump,Centrifugal,water_supply,Water Supply Office,4.63,3.76,58.0,17473.0,17.4,21.66,0.786,70.4,operational,0.15,False
2026-09-21 01:50:22.400462,water_pump_003,water_pump,Centrifugal,water_supply,Water Supply Office,4.64,3.73,55.9,17155.0,13.1,30.63,0.783,71.2,operational,0.15,False
2026-09-22 01:50:22.400462,water_pump_003,water_pump,Centrifugal,water_supply,Water Supply Office,4.64,3.34,47.7,17200.0,13.5,63.18,0.781,71.4,operational,0.15,False
2026-09-23 01:50:22.400462,water_pump_003,water_pump,Centrifugal,water_supply,Water Supply Office,4.64,3.31,57.5,17438.0,16.3,17.95,0.779,66.1,operational,0.15,False
2026-09-24 01:50:22.400462,water_pump_003,water_pump,Centrifugal,water_supply,Water Supply Office,4.64,3.34,62.0,17202.0,13.2,4.33,0.777,64.5,operational,0.15,False
2026-09-25 01:50:22.400462,water_pump_003,water_pump,Centrifugal,water_supply,Water Supply Office,4.65,2.92,58.2,17511.0,16.8,49.37,0.774,67.2,operational,0.15,False
2026-09-26 01:50:22.400462,water_pump_003,water_pump,Centrifugal,water_supply,Water Supply Office,4.65,3.79,52.6,17146.0,12.2,25.12,0.772,72.0,operational,0.15,False
2026-09-27 01:50:22.400462,water_pump_003,water_pump,Centrifugal,water_supply,Water Supply Office,4.65,3.88,59.2,17206.0,12.7,3.79,0.77,69.9,operational,0.15,False
2026-09-28 01:50:22.400462,water_pump_003,water_pump,Centrifugal,water_supply,Water Supply Office,4.65,3.56,50.9,17354.0,14.3,42.85,0.768,68.4,operational,0.15,False
2026-09-29 01:50:22.400462,water_pump_003,water_pump,Centrifugal,water_supply,Water Supply Office,4.66,3.13,59.5,16974.0,9.7,11.86,0.765,63.4,operational,0.15,False
2026-09-30 01:50:22.400462,water_pump_003,water_pump,Centrifugal,water_supply,Water Supply Office,4.66,3.39,55.9,17231.0,12.6,51.95,0.763,64.7,operational,0.15,False
2026-10-01 01:50:22.400462,water_pump_003,water_pump,Centrifugal,water_supply,Water Supply Office,4.66,2.24,48.6,17106.0,11.0,6.52,0.761,64.4,operational,0.15,False
2026-10-02 01:50:22.400462,water_pump_003,water_pump,Centrifugal,water_supply,Water Supply Office,4.67,3.33,52.9,16912.0,8.7,43.8,0.759,65.2,operational,0.15,False
2026-10-03 01:50:22.400462,water_pump_003,water_pump,Centrifugal,water_supply,Water Supply Office,4.67,3.58,55.7,16891.0,8.3,42.48,0.756,64.8,operational,0.15,False
2026-07-06 01:50:22.400462,water_pump_004,water_pump,Submersible,workshop,Maintenance Workshop,11.87,6.12,66.2,43329.0,14.9,23.56,0.881,58.7,maintenance_needed,0.011,True
2026-07-07 01:50:22.400462,water_pump_004,water_pump,Submersible,workshop,Maintenance Workshop,11.87,5.41,64.0,43346.0,16.1,38.65,0.875,65.8,operational,0.01,False
2026-07-08 01:50:22.400462,water_pump_004,water_pump,Submersible,workshop,Maintenance Workshop,11.88,6.33,67.9,43362.0,16.4,17.29,0.869,56.0,maintenance_needed,0.025,True
2026-07-09 01:50:22.400462,water_pump_004,water_pump,Submersible,workshop,Maintenance Workshop,11.88,5.94,69.3,43373.0,14.6,21.49,0.863,59.9,maintenance_needed,0.027,True
2026-07-10 01:50:22.400462,water_pump_004,water_pump,Submersible,workshop,Maintenance Workshop,11.88,5.25,70.8,43365.0,8.9,28.44,0.857,64.1,operational,0.026,False
2026-07-11 01:50:22.400462,water_pump_004,water_pump,Submersible,workshop,Maintenance Workshop,11.88,4.71,67.3,43395.0,13.0,42.89,0.851,57.2,maintenance_needed,0.03,True
2026-07-12 01:50:22.400462,water_pump_004,water_pump,Submersible,workshop,Maintenance Workshop,11.89,5.63,66.4,43396.0,11.1,50.95,0.846,55.0,maintenance_needed,0.042,True
2026-07-13 01:50:22.400462,water_pump_004,water_pump,Submersible,workshop,Maintenance Workshop,11.89,4.97,69.6,43396.0,9.4,50.23,0.84,61.5,operational,0.042,False
2026-07-14 01:50:22.400462,water_pump_004,water_pump,Submersible,workshop,Maintenance Workshop,11.89,5.52,66.7,43379.0,6.1,49.97,0.834,51.6,maintenance_needed,0.053,True
2026-07-15 01:50:22.400462,water_pump_004,water_pump,Submersible,workshop,Maintenance Workshop,11.9,5.91,71.9,43406.0,8.5,44.39,0.828,60.5,operational,0.062,False
2026-07-16 01:50:22.400462,water_pump_004,water_pump,Submersible,workshop,Maintenance Workshop,11.9,4.37,66.5,43470.0,14.1,22.37,0.822,60.3,operational,0.059,False
2026-07-17 01:50:22.400462,water_pump_004,water_pump,Submersible,workshop,Maintenance Workshop,11.9,4.68,71.2,43410.0,7.3,49.21,0.816,56.2,maintenance_needed,0.065,True
2026-07-18 01:50:22.400462,water_pump_004,water_pump,Submersible,workshop,Maintenance Workshop,11.9,6.36,68.8,43487.0,13.1,49.87,0.81,48.9,maintenance_needed,0.085,True
2026-07-19 01:50:22.400462,water_pump_004,water_pump,Submersible,workshop,Maintenance Workshop,11.91,6.0,67.9,43504.0,13.5,56.07,0.804,51.9,maintenance_needed,0.087,True
2026-07-20 01:50:22.400462,water_pump_004,water_pump,Submersible,workshop,Maintenance Workshop,11.91,5.87,72.0,43417.0,6.3,24.34,0.798,52.4,maintenance_needed,0.092,True
2026-07-21 01:50:22.400462,water_pump_004,water_pump,Submersible,workshop,Maintenance Workshop,11.91,5.64,71.9,43587.0,17.2,36.44,0.792,50.4,maintenance_needed,0.095,True
2026-07-22 01:50:22.400462,water_pump_004,water_pump,Submersible,workshop,Maintenance Workshop,11.91,5.29,71.7,43476.0,9.1,19.37,0.786,54.6,maintenance_needed,0.098,True
2026-07-23 01:50:22.400462,water_pump_004,water_pump,Submersible,workshop,Maintenance Workshop,11.92,5.95,65.5,43525.0,11.5,41.3,0.78,46.1,maintenance_needed,0.11,True
2026-07-24 01:50:22.400462,water_pump_004,water_pump,Submersible,workshop,Maintenance Workshop,11.92,5.79,68.2,43534.0,11.4,58.1,0.774,53.6,maintenance_needed,0.115,True
2026-07-25 01:50:22.400462,water_pump_004,water_pump,Submersible,workshop,Maintenance Workshop,11.92,5.74,63.7,43604.0,14.4,16.79,0.768,51.6,maintenance_needed,0.12,True
2026-07-26 01:50:22.400462,water_pump_004,water_pump,Submersible,workshop,Maintenance Workshop,11.93,5.1,71.2,43654.0,16.2,18.66,0.762,57.1,maintenance_needed,0.12,True
2026-07-27 01:50:22.400462,water_pump_004,water_pump,Submersible,workshop,Maintenance Workshop,11.93,5.27,70.5,43511.0,8.7,46.77,0.756,51.7,maintenance_needed,0.127,True
2026-07-28 01:50:22.400462,water_pump_004,water_pump,Submersible,workshop,Maintenance Workshop,11.93,5.2,69.6,43713.0,17.4,24.95,0.75,47.5,maintenance_needed,0.133,True
2026-07-29 01:50:22.400462,water_pump_004,water_pump,Submersible,workshop,Maintenance Workshop,11.93,5.55,69.9,43594.0,11.5,15.94,0.744,48.2,maintenance_needed,0.142,True
2026-07-30 01:50:22.400462,water_pump_004,water_pump,Submersible,workshop,Maintenance Workshop,11.94,4.22,65.9,43748.0,17.4,60.1,0.738,50.5,maintenance_needed,0.142,True
2026-07-31 01:50:22.400462,water_pump_004,water_pump,Submersible,workshop,Maintenance Workshop,11.94,5.23,70.7,43573.0,9.8,47.58,0.732,45.7,maintenance_needed,0.15,True
2026-08-01 01:50:22.400462,water_pump_004,water_pump,Submersible,workshop,Maintenance Workshop,11.94,5.55,68.6,43600.0,10.4,13.0,0.726,48.2,maintenance_needed,0.15,True
2026-08-02 01:50:22.400462,water_pump_004,water_pump,Submersible,workshop,Maintenance Workshop,11.95,5.45,72.0,43726.0,14.7,41.53,0.72,46.4,maintenance_needed,0.15,True
2026-08-03 01:50:22.400462,water_pump_004,water_pump,Submersible,workshop,Maintenance Workshop,11.95,4.63,66.0,43690.0,12.9,52.19,0.714,53.9,maintenance_needed,0.15,True
2026-08-04 01:50:22.400462,water_pump_004,water_pump,Submersible,workshop,Maintenance Workshop,11.95,5.03,68.2,43535.0,7.1,67.82,0.708,49.2,maintenance_needed,0.15,True
2026-08-05 01:50:22.400462,water_pump_004,water_pump,Submersible,workshop,Maintenance Workshop,11.95,5.71,72.9,43522.0,6.4,57.9,0.702,42.5,maintenance_needed,0.15,True
2026-08-06 01:50:22.400462,water_pump_004,water_pump,Submersible,workshop,Maintenance Workshop,11.96,5.04,70.9,43602.0,8.8,52.34,0.696,38.7,maintenance_needed,0.15,True
2026-08-07 01:50:22.400462,water_pump_004,water_pump,Submersible,workshop,Maintenance Workshop,11.96,5.86,65.4,43545.0,6.7,70.19,0.69,43.7,maintenance_needed,0.15,True
2026-08-08 01:50:22.400462,water_pump_004,water_pump,Submersible,workshop,Maintenance Workshop,11.96,6.61,66.0,43923.0,18.0,55.49,0.685,33.1,maintenance_needed,0.15,True
2026-08-09 01:50:22.400462,water_pump_004,water_pump,Submersible,workshop,Maintenance Workshop,11.96,5.17,72.0,43769.0,12.9,11.5,0.679,38.9,maintenance_needed,0.15,True
2026-08-10 01:50:22.400462,water_pump_004,water_pump,Submersible,workshop,Maintenance Workshop,11.97,6.07,66.2,43861.0,15.2,48.49,0.673,40.4,maintenance_needed,0.15,True
2026-08-11 01:50:22.400462,water_pump_004,water_pump,Submersible,workshop,Maintenance Workshop,11.97,5.19,68.5,43588.0,7.2,23.78,0.667,47.3,maintenance_needed,0.15,True
2026-08-12 01:50:22.400462,water_pump_004,water_pump,Submersible,workshop,Maintenance Workshop,11.97,6.39,70.7,43956.0,16.9,44.9,0.661,31.5,maintenance_needed,0.15,True
2026-08-13 01:50:22.400462,water_pump_004,water_pump,Submersible,workshop,Maintenance Workshop,11.98,5.65,74.5,43762.0,11.4,36.57,0.655,37.6,maintenance_needed,0.15,True
2026-08-14 01:50:22.400462,water_pump_004,water_pump,Submersible,workshop,Maintenance Workshop,11.98,5.52,77.3,43743.0,10.6,70.12,0.649,36.6,maintenance_needed,0.15,True
2026-08-15 01:50:22.400462,water_pump_004,water_pump,Submersible,workshop,Maintenance Workshop,11.98,4.98,65.5,43866.0,13.4,28.72,0.643,40.5,maintenance_needed,0.15,True
2026-08-16 01:50:22.400462,water_pump_004,water_pump,Submersible,workshop,Maintenance Workshop,11.98,5.37,74.0,43891.0,13.7,60.31,0.637,35.8,maintenance_needed,0.15,True
2026-08-17 01:50:22.400462,water_pump_004,water_pump,Submersible,workshop,Maintenance Workshop,11.99,5.91,65.0,43804.0,11.3,58.56,0.631,31.7,maintenance_needed,0.15,True
2026-08-18 01:50:22.400462,water_pump_004,water_pump,Submersible,workshop,Maintenance Workshop,11.99,6.05,66.1,43740.0,9.5,61.31,0.625,30.7,maintenance_needed,0.15,True
2026-08-19 01:50:22.400462,water_pump_004,water_pump,Submersible,workshop,Maintenance Workshop,11.99,5.99,72.0,43946.0,14.0,36.66,0.619,34.3,maintenance_needed,0.15,True
2026-08-20 01:50:22.400462,water_pump_004,water_pump,Submersible,workshop,Maintenance Workshop,11.99,5.26,64.2,43708.0,8.4,65.5,0.613,37.3,maintenance_needed,0.15,True
2026-08-21 01:50:22.400462,water_pump_004,water_pump,Submersible,workshop,Maintenance Workshop,12.0,5.98,68.3,43746.0,9.1,71.85,0.607,37.2,maintenance_needed,0.15,True
2026-08-22 01:50:22.400462,water_pump_004,water_pump,Submersible,workshop,Maintenance Workshop,12.0,6.32,69.3,43736.0,8.7,77.5,0.601,27.1,critical,0.15,True
2026-08-23 01:50:22.400462,water_pump_004,water_pump,Submersible,workshop,Maintenance Workshop,12.0,5.85,66.4,43826.0,10.3,41.26,0.595,30.9,maintenance_needed,0.15,True
2026-08-24 01:50:22.400462,water_pump_004,water_pump,Submersible,workshop,Maintenance Workshop,12.01,6.1,77.0,43664.0,6.8,71.31,0.589,25.9,critical,0.15,True
2026-08-25 01:50:22.400462,water_pump_004,water_pump,Submersible,workshop,Maintenance Workshop,12.01,5.36,68.9,43964.0,12.7,34.9,0.583,33.4,maintenance_needed,0.15,True
2026-08-26 01:50:22.400462,water_pump_004,water_pump,Submersible,workshop,Maintenance Workshop,12.01,5.66,64.7,43884.0,10.9,8.67,0.577,29.3,critical,0.15,True
2026-08-27 01:50:22.400462,water_pump_004,water_pump,Submersible,workshop,Maintenance Workshop,12.01,4.99,67.3,43677.0,6.7,11.82,0.571,33.1,maintenance_needed,0.15,True
2026-08-28 01:50:22.400462,water_pump_004,water_pump,Submersible,workshop,Maintenance Workshop,12.02,5.3,73.8,43758.0,8.1,68.67,0.565,29.5,critical,0.15,True
2026-08-29 01:50:22.400462,water_pump_004,water_pump,Submersible,workshop,Maintenance Workshop,12.02,5.56,69.4,44077.0,13.8,83.84,0.559,28.7,critical,0.15,True
2026-08-30 01:50:22.400462,water_pump_004,water_pump,Submersible,workshop,Maintenance Workshop,12.02,5.52,74.4,44252.0,16.8,29.68,0.553,27.4,critical,0.15,True
2026-08-31 01:50:22.400462,water_pump_004,water_pump,Submersible,workshop,Maintenance Workshop,12.02,5.36,69.6,44208.0,15.7,11.09,0.547,32.2,maintenance_needed,0.15,True
2026-09-01 01:50:22.400462,water_pump_004,water_pump,Submersible,workshop,Maintenance Workshop,12.03,5.55,71.9,44124.0,13.9,67.87,0.541,31.0,maintenance_needed,0.15,True
2026-09-02 01:50:22.400462,water_pump_004,water_pump,Submersible,workshop,Maintenance Workshop,12.03,6.23,63.8,44188.0,14.8,90.88,0.535,24.1,critical,0.15,True
2026-09-03 01:50:22.400462,water_pump_004,water_pump,Submersible,workshop,Maintenance Workshop,12.03,5.19,71.1,43876.0,9.3,61.91,0.529,28.7,critical,0.15,True
2026-09-04 01:50:22.400462,water_pump_004,water_pump,Submersible,workshop,Maintenance Workshop,12.04,5.88,67.9,44006.0,11.3,37.54,0.524,21.7,critical,0.15,True
2026-09-05 01:50:22.400462,water_pump_004,water_pump,Submersible,workshop,Maintenance Workshop,12.04,5.92,65.8,43799.0,7.7,63.09,0.518,24.9,critical,0.15,True
2026-09-06 01:50:22.400462,water_pump_004,water_pump,Submersible,workshop,Maintenance Workshop,12.04,5.42,64.5,43864.0,8.6,72.65,0.512,25.0,critical,0.15,True
2026-09-07 01:50:22.400462,water_pump_004,water_pump,Submersible,workshop,Maintenance Workshop,12.04,4.6,70.6,44085.0,12.0,53.14,0.506,29.7,critical,0.15,True
2026-09-08 01:50:22.400462,water_pump_004,water_pump,Submersible,workshop,Maintenance Workshop,12.05,6.1,67.7,44164.0,13.0,67.61,0.5,19.4,critical,0.15,True
2026-09-09 01:50:22.400462,water_pump_004,water_pump,Submersible,workshop,Maintenance Workshop,12.05,5.68,66.8,44079.0,11.5,6.34,0.5,20.7,critical,0.15,True
2026-09-10 01:50:22.400462,water_pump_004,water_pump,Submersible,workshop,Maintenance Workshop,12.05,5.52,71.3,43902.0,8.7,95.37,0.5,20.2,critical,0.15,True
2026-09-11 01:50:22.400462,water_pump_004,water_pump,Submersible,workshop,Maintenance Workshop,12.05,5.53,67.7,44409.0,16.1,31.39,0.5,19.7,critical,0.15,True
2026-09-12 01:50:22.400462,water_pump_004,water_pump,Submersible,workshop,Maintenance Workshop,12.06,5.13,69.7,43866.0,7.9,54.36,0.5,24.0,critical,0.15,True
2026-09-13 01:50:22.400462,water_pump_004,water_pump,Submersible,workshop,Maintenance Workshop,12.06,5.74,74.0,44111.0,11.3,66.33,0.5,14.4,critical,0.15,True
2026-09-14 01:50:22.400462,water_pump_004,water_pump,Submersible,workshop,Maintenance Workshop,12.06,5.94,75.6,44440.0,15.9,22.59,0.5,22.7,critical,0.15,True
2026-09-15 01:50:22.400462,water_pump_004,water_pump,Submersible,workshop,Maintenance Workshop,12.07,6.37,69.1,44592.0,17.8,9.92,0.5,14.0,critical,0.15,True
2026-09-16 01:50:22.400462,water_pump_004,water_pump,Submersible,workshop,Maintenance Workshop,12.07,5.89,67.3,44164.0,11.6,79.21,0.5,19.4,critical,0.15,True
2026-09-17 01:50:22.400462,water_pump_004,water_pump,Submersible,workshop,Maintenance Workshop,12.07,5.83,69.1,44563.0,16.9,13.16,0.5,18.0,critical,0.15,True
2026-09-18 01:50:22.400462,water_pump_004,water_pump,Submersible,workshop,Maintenance Workshop,12.07,5.25,67.0,44394.0,14.4,26.81,0.5,19.4,critical,0.15,True
2026-09-19 01:50:22.400462,water_pump_004,water_pump,Submersible,workshop,Maintenance Workshop,12.08,5.74,69.4,44276.0,12.6,54.56,0.5,13.0,critical,0.15,True
2026-09-20 01:50:22.400462,water_pump_004,water_pump,Submersible,workshop,Maintenance Workshop,12.08,5.42,66.0,43913.0,7.7,75.86,0.5,19.2,critical,0.15,True
2026-09-21 01:50:22.400462,water_pump_004,water_pump,Submersible,workshop,Maintenance Workshop,12.08,6.2,67.7,43922.0,7.7,10.02,0.5,14.7,critical,0.15,True
2026-09-22 01:50:22.400462,water_pump_004,water_pump,Submersible,workshop,Maintenance Workshop,12.08,5.66,73.7,44010.0,8.7,94.21,0.5,11.4,critical,0.15,True
2026-09-23 01:50:22.400462,water_pump_004,water_pump,Submersible,workshop,Maintenance Workshop,12.09,6.12,71.1,44084.0,9.6,63.25,0.5,10.2,critical,0.15,True
2026-09-24 01:50:22.400462,water_pump_004,water_pump,Submersible,workshop,Maintenance Workshop,12.09,5.68,69.6,44618.0,16.1,17.93,0.5,9.3,critical,0.15,True
2026-09-25 01:50:22.400462,water_pump_004,water_pump,Submersible,workshop,Maintenance Workshop,12.09,5.65,68.5,44775.0,17.8,18.05,0.5,10.6,critical,0.15,True
2026-09-26 01:50:22.400462,water_pump_004,water_pump,Submersible,workshop,Maintenance Workshop,12.1,6.39,69.5,44129.0,9.7,57.89,0.5,6.5,critical,0.15,True
2026-09-27 01:50:22.400462,water_pump_004,water_pump,Submersible,workshop,Maintenance Workshop,12.1,5.48,68.2,44289.0,11.6,22.3,0.5,10.6,critical,0.15,True
2026-09-28 01:50:22.400462,water_pump_004,water_pump,Submersible,workshop,Maintenance Workshop,12.1,6.22,69.2,44006.0,8.1,81.02,0.5,6.2,critical,0.15,True
2026-09-29 01:50:22.400462,water_pump_004,water_pump,Submersible,workshop,Maintenance Workshop,12.1,5.57,76.1,44633.0,15.3,22.61,0.5,10.2,critical,0.15,True
2026-09-30 01:50:22.400462,water_pump_004,water_pump,Submersible,workshop,Maintenance Workshop,12.11,5.11,68.5,44700.0,15.9,78.64,0.5,12.0,critical,0.15,True
2026-10-01 01:50:22.400462,water_pump_004,water_pump,Submersible,workshop,Maintenance Workshop,12.11,5.44,70.0,43886.0,6.4,22.81,0.5,3.9,critical,0.15,True
2026-10-02 01:50:22.400462,water_pump_004,water_pump,Submersible,workshop,Maintenance Workshop,12.11,5.46,71.7,44881.0,17.6,38.43,0.5,9.4,critical,0.15,True
2026-10-03 01:50:22.400462,water_pump_004,water_pump,Submersible,workshop,Maintenance Workshop,12.11,6.22,70.7,44102.0,8.7,56.53,0.5,4.6,critical,0.15,True
2026-07-06 01:50:22.400462,water_pump_005,water_pump,Centrifugal,parking_complex,Parking Complex,6.9,4.8,59.1,25167.0,8.8,8.06,0.931,80.1,operational,0.167,False
2026-07-07 01:50:22.400462,water_pump_005,water_pump,Centrifugal,parking_complex,Parking Complex,6.9,4.73,57.9,25180.0,12.5,28.46,0.928,80.8,operational,0.183,False
2026-07-08 01:50:22.400462,water_pump_005,water_pump,Centrifugal,parking_complex,Parking Complex,6.9,4.18,62.6,25200.0,16.6,3.25,0.924,79.7,operational,0.2,False
2026-07-09 01:50:22.400462,water_pump_005,water_pump,Centrifugal,parking_complex,Parking Complex,6.9,3.89,61.6,25204.0,12.2,28.04,0.921,79.8,operational,0.217,False
2026-07-10 01:50:22.400462,water_pump_005,water_pump,Centrifugal,parking_complex,Parking Complex,6.91,3.07,58.2,25212.0,11.1,20.42,0.917,75.5,operational,0.233,False
2026-07-11 01:50:22.400462,water_pump_005,water_pump,Centrifugal,parking_complex,Parking Complex,6.91,3.5,55.8,25202.0,6.9,37.88,0.914,71.1,operational,0.25,False
2026-07-12 01:50:22.400462,water_pump_005,water_pump,Centrifugal,parking_complex,Parking Complex,6.91,4.39,60.0,25265.0,16.3,38.94,0.91,75.4,operational,0.267,False
2026-07-13 01:50:22.400462,water_pump_005,water_pump,Centrifugal,parking_complex,Parking Complex,6.91,4.8,56.3,25286.0,17.0,37.83,0.907,74.9,operational,0.283,False
2026-07-14 01:50:22.400462,water_pump_005,water_pump,Centrifugal,parking_complex,Parking Complex,6.92,4.52,61.4,25286.0,14.9,24.72,0.903,74.0,operational,0.3,False
2026-07-15 01:50:22.400462,water_pump_005,water_pump,Centrifugal,parking_complex,Parking Complex,6.92,3.71,59.2,25223.0,6.2,23.42,0.9,83.8,operational,0.317,False
2026-07-16 01:50:22.400462,water_pump_005,water_pump,Centrifugal,parking_complex,Parking Complex,6.92,4.3,59.9,25327.0,16.0,5.26,0.896,79.9,operational,0.333,False
2026-07-17 01:50:22.400462,water_pump_005,water_pump,Centrifugal,parking_complex,Parking Complex,6.93,3.76,58.3,25339.0,15.6,13.79,0.893,76.0,operational,0.35,False
2026-07-18 01:50:22.400462,water_pump_005,water_pump,Centrifugal,parking_complex,Parking Complex,6.93,4.04,56.3,25263.0,8.0,53.02,0.889,76.3,operational,0.367,False
2026-07-19 01:50:22.400462,water_pump_005,water_pump,Centrifugal,parking_complex,Parking Complex,6.93,3.68,52.7,25372.0,15.7,30.35,0.886,70.0,operational,0.383,False
2026-07-20 01:50:22.400462,water_pump_005,water_pump,Centrifugal,parking_complex,Parking Complex,6.93,4.11,66.0,25359.0,13.7,40.45,0.882,76.2,operational,0.4,False
2026-07-21 01:50:22.400462,water_pump_005,water_pump,Centrifugal,parking_complex,Parking Complex,6.94,3.22,60.0,25395.0,15.2,28.31,0.879,75.2,operational,0.417,False
2026-07-22 01:50:22.400462,water_pump_005,water_pump,Centrifugal,parking_complex,Parking Complex,6.94,4.2,61.8,25430.0,16.4,40.25,0.875,81.1,operational,0.433,False
2026-07-23 01:50:22.400462,water_pump_005,water_pump,Centrifugal,parking_complex,Parking Complex,6.94,4.17,59.0,25449.0,16.6,32.19,0.872,77.6,operational,0.45,False
2026-07-24 01:50:22.400462,water_pump_005,water_pump,Centrifugal,parking_complex,Parking Complex,6.94,5.47,57.9,25380.0,11.8,19.23,0.869,74.0,operational,0.467,False
2026-07-25 01:50:22.400462,water_pump_005,water_pump,Centrifugal,parking_complex,Parking Complex,6.95,4.72,59.5,25480.0,16.5,42.2,0.865,67.9,operational,0.483,False
2026-07-26 01:50:22.400462,water_pump_005,water_pump,Centrifugal,parking_complex,Parking Complex,6.95,4.28,55.9,25377.0,10.5,38.37,0.862,71.2,operational,0.5,False
2026-07-27 01:50:22.400462,water_pump_005,water_pump,Centrifugal,parking_complex,Parking Complex,6.95,5.2,60.9,25297.0,6.2,5.96,0.858,70.1,operational,0.517,False
2026-07-28 01:50:22.400462,water_pump_005,water_pump,Centrifugal,parking_complex,Parking Complex,6.96,4.45,59.8,25454.0,13.0,8.16,0.855,71.2,operational,0.533,False
2026-07-29 01:50:22.400462,water_pump_005,water_pump,Centrifugal,parking_complex,Parking Complex,6.96,5.21,56.5,25475.0,13.4,42.93,0.851,69.3,operational,0.55,False
2026-07-30 01:50:22.400462,water_pump_005,water_pump,Centrifugal,parking_complex,Parking Complex,6.96,4.53,57.5,25320.0,6.4,39.16,0.848,73.4,operational,0.567,False
2026-07-31 01:50:22.400462,water_pump_005,water_pump,Centrifugal,parking_complex,Parking Complex,6.96,5.17,54.0,25567.0,16.0,40.61,0.844,69.9,operational,0.583,False
2026-08-01 01:50:22.400462,water_pump_005,water_pump,Centrifugal,parking_complex,Parking Complex,6.97,5.11,57.0,25325.0,6.1,58.38,0.841,66.9,operational,0.6,False
2026-08-02 01:50:22.400462,water_pump_005,water_pump,Centrifugal,parking_complex,Parking Complex,6.97,4.92,62.1,25618.0,16.7,53.86,0.837,67.2,operational,0.617,False
2026-08-03 01:50:22.400462,water_pump_005,water_pump,Centrifugal,parking_complex,Parking Complex,6.97,4.39,51.7,25433.0,9.5,16.01,0.834,69.9,operational,0.633,False
2026-08-04 01:50:22.400462,water_pump_005,water_pump,Centrifugal,parking_complex,Parking Complex,6.97,4.7,56.7,25622.0,15.7,46.02,0.83,67.2,operational,0.65,False
2026-08-05 01:50:22.400462,water_pump_005,water_pump,Centrifugal,parking_complex,Parking Complex,6.98,4.25,57.3,25586.0,14.0,43.42,0.827,66.8,operational,0.667,False
2026-08-06 01:50:22.400462,water_pump_005,water_pump,Centrifugal,parking_complex,Parking Complex,6.98,5.63,58.4,25374.0,6.7,57.32,0.823,68.6,operational,0.683,False
2026-08-07 01:50:22.400462,water_pump_005,water_pump,Centrifugal,parking_complex,Parking Complex,6.98,4.48,56.6,25602.0,13.6,44.17,0.82,68.8,operational,0.7,False
2026-08-08 01:50:22.400462,water_pump_005,water_pump,Centrifugal,parking_complex,Parking Complex,6.99,4.35,62.9,25604.0,13.2,10.47,0.816,69.0,operational,0.717,False
2026-08-09 01:50:22.400462,water_pump_005,water_pump,Centrifugal,parking_complex,Parking Complex,6.99,4.87,59.4,25601.0,12.8,31.51,0.813,68.5,operational,0.733,False
2026-08-10 01:50:22.400462,water_pump_005,water_pump,Centrifugal,parking_complex,Parking Complex,6.99,4.68,57.6,25428.0,7.5,2.27,0.809,72.4,operational,0.75,False
2026-08-11 01:50:22.400462,water_pump_005,water_pump,Centrifugal,parking_complex,Parking Complex,6.99,5.09,62.9,25546.0,10.5,25.02,0.806,61.7,operational,0.767,False
2026-08-12 01:50:22.400462,water_pump_005,water_pump,Centrifugal,parking_complex,Parking Complex,7.0,5.29,60.5,25481.0,8.5,25.34,0.802,62.3,operational,0.783,False
2026-08-13 01:50:22.400462,water_pump_005,water_pump,Centrifugal,parking_complex,Parking Complex,7.0,4.58,54.7,25774.0,16.0,58.19,0.799,64.1,operational,0.8,False
2026-08-14 01:50:22.400462,water_pump_005,water_pump,Centrifugal,parking_complex,Parking Complex,7.0,4.4,57.7,25556.0,10.0,44.31,0.796,57.0,maintenance_needed,0.817,True
2026-08-15 01:50:22.400462,water_pump_005,water_pump,Centrifugal,parking_complex,Parking Complex,7.0,4.99,58.5,25864.0,17.4,10.18,0.792,67.4,operational,0.833,False
2026-08-16 01:50:22.400462,water_pump_005,water_pump,Centrifugal,parking_complex,Parking Complex,7.01,5.29,68.5,25442.0,6.7,3.09,0.789,63.2,operational,0.85,False
2026-08-17 01:50:22.400462,water_pump_005,water_pump,Centrifugal,parking_complex,Parking Complex,7.01,3.71,63.4,25529.0,8.6,31.93,0.785,60.4,operational,0.867,False
2026-08-18 01:50:22.400462,water_pump_005,water_pump,Centrifugal,parking_complex,Parking Complex,7.01,4.41,70.0,25564.0,9.2,54.24,0.782,62.9,operational,0.883,False
2026-08-19 01:50:22.400462,water_pump_005,water_pump,Centrifugal,parking_complex,Parking Complex,7.02,5.5,65.7,25494.0,7.4,44.36,0.778,54.6,maintenance_needed,0.9,True
2026-08-20 01:50:22.400462,water_pump_005,water_pump,Centrifugal,parking_complex,Parking Complex,7.02,6.23,67.2,25745.0,12.8,39.83,0.775,46.1,maintenance_needed,0.917,True
2026-08-21 01:50:22.400462,water_pump_005,water_pump,Centrifugal,parking_complex,Parking Complex,7.02,5.02,69.6,25513.0,7.5,22.78,0.771,49.6,maintenance_needed,0.933,True
2026-08-22 01:50:22.400462,water_pump_005,water_pump,Centrifugal,parking_complex,Parking Complex,7.02,7.01,73.2,25535.0,7.8,18.49,0.768,26.9,critical,0.95,True
2026-08-23 01:50:22.400462,water_pump_005,water_pump,Centrifugal,parking_complex,Parking Complex,7.03,8.74,69.6,25875.0,14.7,25.77,0.764,25.6,critical,0.967,True
2026-08-24 01:50:22.400462,water_pump_005,water_pump,Centrifugal,parking_complex,Parking Complex,7.03,12.42,72.6,25482.0,6.4,57.06,0.761,1.5,critical,0.983,True
2026-08-25 01:50:22.400462,water_pump_005,water_pump,Centrifugal,parking_complex,Parking Complex,7.03,12.86,76.1,25575.0,8.2,21.73,0.757,0.9,faulty,1.0,True
2026-08-26 01:50:22.400462,water_pump_005,water_pump,Centrifugal,parking_complex,Parking Complex,7.03,11.71,68.4,25949.0,15.3,36.07,0.754,14.9,faulty,1.0,True
2026-08-27 01:50:22.400462,water_pump_005,water_pump,Centrifugal,parking_complex,Parking Complex,7.04,11.87,73.8,25840.0,12.9,20.76,0.75,5.6,faulty,1.0,True
2026-08-28 01:50:22.400462,water_pump_005,water_pump,Centrifugal,parking_complex,Parking Complex,7.04,11.77,80.5,26050.0,16.7,60.28,0.747,9.5,faulty,1.0,True
2026-08-29 01:50:22.400462,water_pump_005,water_pump,Centrifugal,parking_complex,Parking Complex,7.04,12.34,74.9,25702.0,9.9,29.64,0.743,5.5,faulty,1.0,True
2026-08-30 01:50:22.400462,water_pump_005,water_pump,Centrifugal,parking_complex,Parking Complex,7.05,11.16,79.8,26074.0,16.5,38.01,0.74,14.6,faulty,1.0,True
2026-08-31 01:50:22.400462,water_pump_005,water_pump,Centrifugal,parking_complex,Parking Complex,7.05,12.86,77.8,25646.0,8.5,52.77,0.736,6.3,faulty,1.0,True
2026-09-01 01:50:22.400462,water_pump_005,water_pump,Centrifugal,parking_complex,Parking Complex,7.05,12.32,79.4,26052.0,15.5,61.73,0.733,10.0,faulty,1.0,True
2026-09-02 01:50:22.400462,water_pump_005,water_pump,Centrifugal,parking_complex,Parking Complex,7.05,11.48,79.1,26054.0,15.3,17.67,0.73,1.8,faulty,1.0,True
2026-09-03 01:50:22.400462,water_pump_005,water_pump,Centrifugal,parking_complex,Parking Complex,7.06,11.86,82.9,26175.0,17.1,12.12,0.726,14.6,faulty,1.0,True
2026-09-04 01:50:22.400462,water_pump_005,water_pump,Centrifugal,parking_complex,Parking Complex,7.06,11.99,85.5,26054.0,14.8,27.26,0.723,4.8,faulty,1.0,True
2026-09-05 01:50:22.400462,water_pump_005,water_pump,Centrifugal,parking_complex,Parking Complex,7.06,11.34,89.3,26200.0,16.9,56.03,0.719,11.3,faulty,1.0,True
2026-09-06 01:50:22.400462,water_pump_005,water_pump,Centrifugal,parking_complex,Parking Complex,7.06,12.3,89.3,25614.0,7.2,41.3,0.716,2.5,faulty,1.0,True
2026-09-07 01:50:22.400462,water_pump_005,water_pump,Centrifugal,parking_complex,Parking Complex,7.07,11.81,85.3,25691.0,8.3,16.02,0.712,8.4,faulty,1.0,True
2026-09-08 01:50:22.400462,water_pump_005,water_pump,Centrifugal,parking_complex,Parking Complex,7.07,12.13,89.6,26110.0,14.7,27.94,0.709,14.5,faulty,1.0,True
2026-09-09 01:50:22.400462,water_pump_005,water_pump,Centrifugal,parking_complex,Parking Complex,7.07,11.85,89.1,25780.0,9.4,55.79,0.705,0.5,faulty,1.0,True
2026-09-10 01:50:22.400462,water_pump_005,water_pump,Centrifugal,parking_complex,Parking Complex,7.08,12.35,91.2,26105.0,14.2,25.79,0.702,10.2,faulty,1.0,True
2026-09-11 01:50:22.400462,water_pump_005,water_pump,Centrifugal,parking_complex,Parking Complex,7.08,11.98,90.7,25703.0,8.0,24.6,0.698,0.1,faulty,1.0,True
2026-09-12 01:50:22.400462,water_pump_005,water_pump,Centrifugal,parking_complex,Parking Complex,7.08,11.69,91.3,25635.0,6.9,22.55,0.695,11.9,faulty,1.0,True
2026-09-13 01:50:22.400462,water_pump_005,water_pump,Centrifugal,parking_complex,Parking Complex,7.08,11.38,100.4,26343.0,17.0,62.27,0.691,2.4,faulty,1.0,True
2026-09-14 01:50:22.400462,water_pump_005,water_pump,Centrifugal,parking_complex,Parking Complex,7.09,11.83,96.3,25848.0,9.7,8.26,0.688,11.6,faulty,1.0,True
2026-09-15 01:50:22.400462,water_pump_005,water_pump,Centrifugal,parking_complex,Parking Complex,7.09,11.47,98.5,25766.0,8.4,37.39,0.684,12.3,faulty,1.0,True
2026-09-16 01:50:22.400462,water_pump_005,water_pump,Centrifugal,parking_complex,Parking Complex,7.09,11.85,95.2,25621.0,6.3,12.72,0.681,13.4,faulty,1.0,True
2026-09-17 01:50:22.400462,water_pump_005,water_pump,Centrifugal,parking_complex,Parking Complex,7.1,11.78,102.7,26041.0,12.0,56.97,0.677,12.5,faulty,1.0,True
2026-09-18 01:50:22.400462,water_pump_005,water_pump,Centrifugal,parking_complex,Parking Complex,7.1,12.12,101.3,25965.0,10.8,38.04,0.674,2.6,faulty,1.0,True
2026-09-19 01:50:22.400462,water_pump_005,water_pump,Centrifugal,parking_complex,Parking Complex,7.1,11.96,98.5,26073.0,12.1,14.1,0.67,10.1,faulty,1.0,True
2026-09-20 01:50:22.400462,water_pump_005,water_pump,Centrifugal,parking_complex,Parking Complex,7.1,13.35,101.2,26298.0,14.9,70.73,0.667,13.2,faulty,1.0,True
2026-09-21 01:50:22.400462,water_pump_005,water_pump,Centrifugal,parking_complex,Parking Complex,7.11,12.25,105.6,25778.0,7.9,43.61,0.663,7.9,faulty,1.0,True
2026-09-22 01:50:22.400462,water_pump_005,water_pump,Centrifugal,parking_complex,Parking Complex,7.11,12.69,105.8,26099.0,11.9,70.56,0.66,2.7,faulty,1.0,True
2026-09-23 01:50:22.400462,water_pump_005,water_pump,Centrifugal,parking_complex,Parking Complex,7.11,11.59,106.2,26325.0,14.7,40.22,0.657,14.5,faulty,1.0,True
2026-09-24 01:50:22.400462,water_pump_005,water_pump,Centrifugal,parking_complex,Parking Complex,7.11,12.32,105.9,25986.0,10.2,15.27,0.653,0.8,faulty,1.0,True
2026-09-25 01:50:22.400462,water_pump_005,water_pump,Centrifugal,parking_complex,Parking Complex,7.12,11.94,111.2,26540.0,17.0,22.59,0.65,1.6,faulty,1.0,True
2026-09-26 01:50:22.400462,water_pump_005,water_pump,Centrifugal,parking_complex,Parking Complex,7.12,12.86,111.8,25877.0,8.7,67.48,0.646,10.1,faulty,1.0,True
2026-09-27 01:50:22.400462,water_pump_005,water_pump,Centrifugal,parking_complex,Parking Complex,7.12,12.3,109.8,25825.0,7.9,12.72,0.643,13.9,faulty,1.0,True
2026-09-28 01:50:22.400462,water_pump_005,water_pump,Centrifugal,parking_complex,Parking Complex,7.13,12.05,108.4,26560.0,16.6,38.79,0.639,2.3,faulty,1.0,True
2026-09-29 01:50:22.400462,water_pump_005,water_pump,Centrifugal,parking_complex,Parking Complex,7.13,11.25,116.2,26229.0,12.5,13.78,0.636,9.6,faulty,1.0,True
2026-09-30 01:50:22.400462,water_pump_005,water_pump,Centrifugal,parking_complex,Parking Complex,7.13,11.9,113.1,26135.0,11.3,41.17,0.632,5.0,faulty,1.0,True
2026-10-01 01:50:22.400462,water_pump_005,water_pump,Centrifugal,parking_complex,Parking Complex,7.13,11.92,114.3,26467.0,14.9,15.55,0.629,8.7,faulty,1.0,True
2026-10-02 01:50:22.400462,water_pump_005,water_pump,Centrifugal,parking_complex,Parking Complex,7.14,12.52,118.2,26028.0,9.8,47.54,0.625,5.6,faulty,1.0,True
2026-10-03 01:50:22.400462,water_pump_005,water_pump,Centrifugal,parking_complex,Parking Complex,7.14,12.66,114.2,26608.0,16.2,55.55,0.622,13.1,faulty,1.0,True
2026-07-06 01:50:22.400462,generator_000,generator,Diesel,main_office,Main Office,8.61,5.49,65.0,31433.0,8.6,29.58,0.914,72.1,operational,0.0,False
2026-07-07 01:50:22.400462,generator_000,generator,Diesel,main_office,Main Office,8.61,4.83,62.9,31441.0,7.8,26.02,0.91,67.4,operational,0.0,False
2026-07-08 01:50:22.400462,generator_000,generator,Diesel,main_office,Main Office,8.62,4.48,65.3,31448.0,7.5,10.24,0.905,74.4,operational,0.0,False
2026-07-09 01:50:22.400462,generator_000,generator,Diesel,main_office,Main Office,8.62,5.26,61.7,31484.0,16.8,23.74,0.901,74.7,operational,0.0,False
2026-07-10 01:50:22.400462,generator_000,generator,Diesel,main_office,Main Office,8.62,5.55,66.1,31483.0,12.5,22.16,0.897,70.2,operational,0.0,False
2026-07-11 01:50:22.400462,generator_000,generator,Diesel,main_office,Main Office,8.63,4.62,62.1,31496.0,12.5,2.76,0.892,70.2,operational,0.0,False
2026-07-12 01:50:22.400462,generator_000,generator,Diesel,main_office,Main Office,8.63,4.12,61.7,31523.0,15.0,53.69,0.888,70.2,operational,0.0,False
2026-07-13 01:50:22.400462,generator_000,generator,Diesel,main_office,Main Office,8.63,4.21,64.2,31519.0,12.3,33.59,0.884,70.0,operational,0.0,False
2026-07-14 01:50:22.400462,generator_000,generator,Diesel,main_office,Main Office,8.63,4.35,65.5,31567.0,16.7,27.49,0.879,68.7,operational,0.0,False
2026-07-15 01:50:22.400462,generator_000,generator,Diesel,main_office,Main Office,8.64,4.12,56.6,31529.0,10.7,25.19,0.875,65.0,operational,0.0,False
2026-07-16 01:50:22.400462,generator_000,generator,Diesel,main_office,Main Office,8.64,4.44,60.3,31560.0,12.6,33.45,0.871,66.1,operational,0.0,False
2026-07-17 01:50:22.400462,generator_000,generator,Diesel,main_office,Main Office,8.64,4.27,66.3,31551.0,10.7,15.67,0.866,67.4,operational,0.0,False
2026-07-18 01:50:22.400462,generator_000,generator,Diesel,main_office,Main Office,8.64,4.35,65.2,31639.0,17.1,5.62,0.862,68.9,operational,0.0,False
2026-07-19 01:50:22.400462,generator_000,generator,Diesel,main_office,Main Office,8.65,5.41,65.2,31663.0,17.6,28.72,0.858,62.4,operational,0.0,False
2026-07-20 01:50:22.400462,generator_000,generator,Diesel,main_office,Main Office,8.65,4.84,61.0,31572.0,9.9,40.47,0.853,68.2,operational,0.0,False
2026-07-21 01:50:22.400462,generator_000,generator,Diesel,main_office,Main Office,8.65,4.55,60.2,31538.0,7.0,51.27,0.849,70.6,operational,0.0,False
2026-07-22 01:50:22.400462,generator_000,generator,Diesel,main_office,Main Office,8.66,3.78,60.6,31675.0,15.1,48.61,0.845,77.5,operational,0.0,False
2026-07-23 01:50:22.400462,generator_000,generator,Diesel,main_office,Main Office,8.66,4.04,63.0,31572.0,8.2,54.31,0.84,68.5,operational,0.0,False
2026-07-24 01:50:22.400462,generator_000,generator,Diesel,main_office,Main Office,8.66,5.61,57.3,31632.0,11.0,41.63,0.836,66.2,operational,0.0,False
2026-07-25 01:50:22.400462,generator_000,generator,Diesel,main_office,Main Office,8.66,4.33,58.2,31701.0,14.1,40.05,0.832,64.1,operational,0.0,False
2026-07-26 01:50:22.400462,generator_000,generator,Diesel,main_office,Main Office,8.67,5.36,64.3,31733.0,15.0,22.69,0.827,65.8,operational,0.0,False
2026-07-27 01:50:22.400462,generator_000,generator,Diesel,main_office,Main Office,8.67,4.92,61.4,31730.0,14.1,11.76,0.823,62.3,operational,0.0,False
2026-07-28 01:50:22.400462,generator_000,generator,Diesel,main_office,Main Office,8.67,3.38,61.8,31639.0,9.4,29.18,0.819,65.4,operational,0.0,False
2026-07-29 01:50:22.400462,generator_000,generator,Diesel,main_office,Main Office,8.67,4.23,61.1,31843.0,17.8,22.86,0.814,68.7,operational,0.0,False
2026-07-30 01:50:22.400462,generator_000,generator,Diesel,main_office,Main Office,8.68,4.49,61.1,31763.0,13.8,13.33,0.81,65.6,operational,0.017,False
2026-07-31 01:50:22.400462,generator_000,generator,Diesel,main_office,Main Office,8.68,4.94,56.2,31810.0,15.1,34.75,0.806,64.3,operational,0.033,False
2026-08-01 01:50:22.400462,generator_000,generator,Diesel,main_office,Main Office,8.68,4.77,62.1,31662.0,8.8,17.18,0.801,64.5,operational,0.05,False
2026-08-02 01:50:22.400462,generator_000,generator,Diesel,main_office,Main Office,8.69,4.72,63.5,31871.0,16.2,19.24,0.797,65.4,operational,0.067,False
2026-08-03 01:50:22.400462,generator_000,generator,Diesel,main_office,Main Office,8.69,4.83,58.6,31848.0,14.8,28.88,0.793,59.3,maintenance_needed,0.083,True
2026-08-04 01:50:22.400462,generator_000,generator,Diesel,main_office,Main Office,8.69,4.77,64.4,31786.0,12.2,56.81,0.788,59.4,maintenance_needed,0.1,True
2026-08-05 01:50:22.400462,generator_000,generator,Diesel,main_office,Main Office,8.69,4.31,60.4,31771.0,11.2,12.13,0.784,64.2,operational,0.117,False
2026-08-06 01:50:22.400462,generator_000,generator,Diesel,main_office,Main Office,8.7,4.64,64.2,31943.0,16.4,29.11,0.78,57.3,maintenance_needed,0.133,True
2026-08-07 01:50:22.400462,generator_000,generator,Diesel,main_office,Main Office,8.7,4.36,66.6,31742.0,9.6,15.76,0.775,62.7,operational,0.15,False
2026-08-08 01:50:22.400462,generator_000,generator,Diesel,main_office,Main Office,8.7,4.87,61.4,31889.0,13.8,42.65,0.771,59.1,maintenance_needed,0.167,True
2026-08-09 01:50:22.400462,generator_000,generator,Diesel,main_office,Main Office,8.71,4.49,63.6,31787.0,10.4,53.82,0.767,60.5,operational,0.183,False
2026-08-10 01:50:22.400462,generator_000,generator,Diesel,main_office,Main Office,8.71,5.13,64.8,31902.0,13.4,43.48,0.762,62.9,operational,0.2,False
2026-08-11 01:50:22.400462,generator_000,generator,Diesel,main_office,Main Office,8.71,5.42,65.5,32035.0,16.7,40.15,0.758,65.7,operational,0.217,False
2026-08-12 01:50:22.400462,generator_000,generator,Diesel,main_office,Main Office,8.71,4.66,60.4,31941.0,13.7,58.45,0.754,64.5,operational,0.233,False
2026-08-13 01:50:22.400462,generator_000,generator,Diesel,main_office,Main Office,8.72,5.5,66.4,32061.0,16.5,24.17,0.749,58.2,maintenance_needed,0.25,True
2026-08-14 01:50:22.400462,generator_000,generator,Diesel,main_office,Main Office,8.72,4.95,61.3,31706.0,7.0,47.63,0.745,56.7,maintenance_needed,0.267,True
2026-08-15 01:50:22.400462,generator_000,generator,Diesel,main_office,Main Office,8.72,4.74,61.2,31901.0,11.7,13.31,0.741,53.3,maintenance_needed,0.283,True
2026-08-16 01:50:22.400462,generator_000,generator,Diesel,main_office,Main Office,8.72,4.65,66.2,32088.0,16.0,12.41,0.736,55.7,maintenance_needed,0.3,True
2026-08-17 01:50:22.400462,generator_000,generator,Diesel,main_office,Main Office,8.73,4.8,64.6,32166.0,17.4,4.84,0.732,50.7,maintenance_needed,0.317,True
2026-08-18 01:50:22.400462,generator_000,generator,Diesel,main_office,Main Office,8.73,5.0,60.1,32073.0,14.9,65.66,0.728,59.3,maintenance_needed,0.333,True
2026-08-19 01:50:22.400462,generator_000,generator,Diesel,main_office,Main Office,8.73,3.22,65.7,31996.0,12.8,11.1,0.723,58.7,maintenance_needed,0.35,True
2026-08-20 01:50:22.400462,generator_000,generator,Diesel,main_office,Main Office,8.74,4.68,66.6,31870.0,9.7,28.24,0.719,55.5,maintenance_needed,0.367,True
2026-08-21 01:50:22.400462,generator_000,generator,Diesel,main_office,Main Office,8.74,4.29,65.7,31856.0,9.2,39.81,0.715,51.1,maintenance_needed,0.383,True
2026-08-22 01:50:22.400462,generator_000,generator,Diesel,main_office,Main Office,8.74,4.19,66.1,31843.0,8.7,7.84,0.71,57.5,maintenance_needed,0.4,True
2026-08-23 01:50:22.400462,generator_000,generator,Diesel,main_office,Main Office,8.74,5.13,59.9,32178.0,15.5,5.47,0.706,51.0,maintenance_needed,0.417,True
2026-08-24 01:50:22.400462,generator_000,generator,Diesel,main_office,Main Office,8.75,4.18,62.5,32091.0,13.4,18.64,0.702,52.8,maintenance_needed,0.433,True
2026-08-25 01:50:22.400462,generator_000,generator,Diesel,main_office,Main Office,8.75,4.52,59.4,32122.0,13.8,26.34,0.697,54.4,maintenance_needed,0.45,True
2026-08-26 01:50:22.400462,generator_000,generator,Diesel,main_office,Main Office,8.75,3.99,68.1,31980.0,10.7,64.92,0.693,48.3,maintenance_needed,0.467,True
2026-08-27 01:50:22.400462,generator_000,generator,Diesel,main_office,Main Office,8.75,4.82,60.1,31750.0,6.1,60.51,0.689,49.7,maintenance_needed,0.483,True
2026-08-28 01:50:22.400462,generator_000,generator,Diesel,main_office,Main Office,8.76,4.11,60.1,32096.0,12.5,47.07,0.684,52.8,maintenance_needed,0.5,True
2026-08-29 01:50:22.400462,generator_000,generator,Diesel,main_office,Main Office,8.76,6.04,59.1,32030.0,11.1,39.87,0.68,45.0,maintenance_needed,0.517,True
2026-08-30 01:50:22.400462,generator_000,generator,Diesel,main_office,Main Office,8.76,4.8,61.2,32025.0,10.8,34.07,0.676,54.8,maintenance_needed,0.533,True
2026-08-31 01:50:22.400462,generator_000,generator,Diesel,main_office,Main Office,8.77,5.26,65.9,32325.0,15.9,35.3,0.671,46.8,maintenance_needed,0.55,True
2026-09-01 01:50:22.400462,generator_000,generator,Diesel,main_office,Main Office,8.77,4.99,63.9,32312.0,15.4,4.16,0.667,48.1,maintenance_needed,0.567,True
2026-09-02 01:50:22.400462,generator_000,generator,Diesel,main_office,Main Office,8.77,5.42,69.2,32269.0,14.4,37.47,0.663,46.5,maintenance_needed,0.583,True
2026-09-03 01:50:22.400462,generator_000,generator,Diesel,main_office,Main Office,8.77,4.52,59.4,32479.0,17.7,68.77,0.658,49.8,maintenance_needed,0.6,True
2026-09-04 01:50:22.400462,generator_000,generator,Diesel,main_office,Main Office,8.78,4.76,62.1,32338.0,15.1,29.58,0.654,40.1,maintenance_needed,0.617,True
2026-09-05 01:50:22.400462,generator_000,generator,Diesel,main_office,Main Office,8.78,4.13,62.8,32019.0,9.6,18.18,0.65,45.3,maintenance_needed,0.633,True
2026-09-06 01:50:22.400462,generator_000,generator,Diesel,main_office,Main Office,8.78,5.74,65.9,32483.0,16.9,73.97,0.645,45.8,maintenance_needed,0.65,True
2026-09-07 01:50:22.400462,generator_000,generator,Diesel,main_office,Main Office,8.78,4.49,65.4,32397.0,15.3,54.92,0.641,48.9,maintenance_needed,0.667,True
2026-09-08 01:50:22.400462,generator_000,generator,Diesel,main_office,Main Office,8.79,5.15,60.2,32445.0,15.8,32.4,0.637,43.7,maintenance_needed,0.683,True
2026-09-09 01:50:22.400462,generator_000,generator,Diesel,main_office,Main Office,8.79,4.2,63.5,31970.0,8.3,38.03,0.632,43.5,maintenance_needed,0.7,True
2026-09-10 01:50:22.400462,generator_000,generator,Diesel,main_office,Main Office,8.79,4.57,67.1,32306.0,13.2,76.18,0.628,47.8,maintenance_needed,0.717,True
2026-09-11 01:50:22.400462,generator_000,generator,Diesel,main_office,Main Office,8.8,4.72,63.8,32058.0,9.3,59.09,0.624,42.8,maintenance_needed,0.733,True
2026-09-12 01:50:22.400462,generator_000,generator,Diesel,main_office,Main Office,8.8,5.14,63.2,32033.0,8.8,10.04,0.619,50.6,maintenance_needed,0.75,True
2026-09-13 01:50:22.400462,generator_000,generator,Diesel,main_office,Main Office,8.8,4.97,68.1,32406.0,14.1,6.05,0.615,42.9,maintenance_needed,0.767,True
2026-09-14 01:50:22.400462,generator_000,generator,Diesel,main_office,Main Office,8.8,5.06,59.3,32394.0,13.7,56.54,0.611,48.2,maintenance_needed,0.783,True
2026-09-15 01:50:22.400462,generator_000,generator,Diesel,main_office,Main Office,8.81,5.78,61.7,32104.0,9.4,29.93,0.606,43.6,maintenance_needed,0.8,True
2026-09-16 01:50:22.400462,generator_000,generator,Diesel,main_office,Main Office,8.81,4.84,66.8,32430.0,13.8,55.4,0.602,42.6,maintenance_needed,0.817,True
2026-09-17 01:50:22.400462,generator_000,generator,Diesel,main_office,Main Office,8.81,5.4,73.4,32676.0,17.0,30.27,0.598,38.9,maintenance_needed,0.833,True
2026-09-18 01:50:22.400462,generator_000,generator,Diesel,main_office,Main Office,8.81,5.33,67.2,31970.0,7.3,65.43,0.593,40.5,maintenance_needed,0.85,True
2026-09-19 01:50:22.400462,generator_000,generator,Diesel,main_office,Main Office,8.82,5.88,72.4,32542.0,14.8,27.27,0.589,40.4,maintenance_needed,0.867,True
2026-09-20 01:50:22.400462,generator_000,generator,Diesel,main_office,Main Office,8.82,5.95,69.7,32363.0,12.2,68.49,0.585,32.9,maintenance_needed,0.883,True
2026-09-21 01:50:22.400462,generator_000,generator,Diesel,main_office,Main Office,8.82,6.69,71.3,32336.0,11.7,46.83,0.58,24.0,critical,0.9,True
2026-09-22 01:50:22.400462,generator_000,generator,Diesel,main_office,Main Office,8.83,6.92,73.7,31921.0,6.3,59.34,0.576,16.3,critical,0.917,True
2026-09-23 01:50:22.400462,generator_000,generator,Diesel,main_office,Main Office,8.83,6.81,73.2,32483.0,13.3,40.74,0.572,22.5,critical,0.933,True
2026-09-24 01:50:22.400462,generator_000,generator,Diesel,main_office,Main Office,8.83,6.68,77.1,32244.0,10.1,38.1,0.567,19.1,critical,0.95,True
2026-09-25 01:50:22.400462,generator_000,generator,Diesel,main_office,Main Office,8.83,7.79,78.1,32734.0,16.1,41.66,0.563,7.1,critical,0.967,True
2026-09-26 01:50:22.400462,generator_000,generator,Diesel,main_office,Main Office,8.84,12.01,78.6,32301.0,10.6,33.07,0.559,0.0,critical,0.983,True
2026-09-27 01:50:22.400462,generator_000,generator,Diesel,main_office,Main Office,8.84,13.01,76.6,32654.0,14.7,36.74,0.554,14.6,faulty,1.0,True
2026-09-28 01:50:22.400462,generator_000,generator,Diesel,main_office,Main Office,8.84,12.85,76.0,32785.0,16.1,75.75,0.55,0.8,faulty,1.0,True
2026-09-29 01:50:22.400462,generator_000,generator,Diesel,main_office,Main Office,8.84,12.73,76.7,32447.0,11.9,15.6,0.546,13.0,faulty,1.0,True
2026-09-30 01:50:22.400462,generator_000,generator,Diesel,main_office,Main Office,8.85,13.46,79.1,32092.0,7.7,20.65,0.541,3.1,faulty,1.0,True
2026-10-01 01:50:22.400462,generator_000,generator,Diesel,main_office,Main Office,8.85,13.61,83.6,32813.0,15.9,42.07,0.537,0.6,faulty,1.0,True
2026-10-02 01:50:22.400462,generator_000,generator,Diesel,main_office,Main Office,8.85,12.47,83.1,32728.0,14.7,91.61,0.533,9.9,faulty,1.0,True
2026-10-03 01:50:22.400462,generator_000,generator,Diesel,main_office,Main Office,8.86,13.15,85.1,32133.0,7.9,52.46,0.528,4.9,faulty,1.0,True
2026-07-06 01:50:22.400462,generator_001,generator,Solar Inverter,public_hall,Public Hall,5.25,4.69,50.2,19179.0,10.8,37.8,0.947,81.5,operational,0.0,False
2026-07-07 01:50:22.400462,generator_001,generator,Solar Inverter,public_hall,Public Hall,5.26,4.21,53.4,19188.0,9.0,30.3,0.945,88.6,operational,0.003,False
2026-07-08 01:50:22.400462,generator_001,generator,Solar Inverter,public_hall,Public Hall,5.26,3.38,57.3,19215.0,17.9,29.92,0.942,85.3,operational,0.005,False
2026-07-09 01:50:22.400462,generator_001,generator,Solar Inverter,public_hall,Public Hall,5.26,2.25,60.9,19230.0,16.8,20.23,0.939,80.4,operational,0.008,False
2026-07-10 01:50:22.400462,generator_001,generator,Solar Inverter,public_hall,Public Hall,5.27,3.98,57.1,19236.0,14.1,8.66,0.937,88.4,operational,0.011,False
2026-07-11 01:50:22.400462,generator_001,generator,Solar Inverter,public_hall,Public Hall,5.27,3.33,49.7,19250.0,14.1,17.99,0.934,77.9,operational,0.013,False
2026-07-12 01:50:22.400462,generator_001,generator,Solar Inverter,public_hall,Public Hall,5.27,2.89,58.6,19255.0,12.6,32.13,0.932,82.7,operational,0.016,False
2026-07-13 01:50:22.400462,generator_001,generator,Solar Inverter,public_hall,Public Hall,5.27,3.17,61.8,19265.0,12.2,3.56,0.929,83.5,operational,0.018,False
2026-07-14 01:50:22.400462,generator_001,generator,Solar Inverter,public_hall,Public Hall,5.28,3.75,59.1,19284.0,13.1,2.64,0.926,79.7,operational,0.021,False
2026-07-15 01:50:22.400462,generator_001,generator,Solar Inverter,public_hall,Public Hall,5.28,3.87,51.6,19241.0,6.8,44.75,0.924,79.3,operational,0.024,False
2026-07-16 01:50:22.400462,generator_001,generator,Solar Inverter,public_hall,Public Hall,5.28,3.27,59.5,19348.0,16.9,37.82,0.921,84.2,operational,0.026,False
2026-07-17 01:50:22.400462,generator_001,generator,Solar Inverter,public_hall,Public Hall,5.28,3.83,53.1,19248.0,6.2,37.77,0.918,78.7,operational,0.029,False
2026-07-18 01:50:22.400462,generator_001,generator,Solar Inverter,public_hall,Public Hall,5.29,3.9,54.6,19308.0,10.7,46.96,0.916,82.9,operational,0.032,False
2026-07-19 01:50:22.400462,generator_001,generator,Solar Inverter,public_hall,Public Hall,5.29,3.18,59.2,19398.0,16.8,12.63,0.913,80.8,operational,0.034,False
2026-07-20 01:50:22.400462,generator_001,generator,Solar Inverter,public_hall,Public Hall,5.29,3.22,54.6,19354.0,12.5,12.96,0.91,81.8,operational,0.037,False
2026-07-21 01:50:22.400462,generator_001,generator,Solar Inverter,public_hall,Public Hall,5.3,3.48,59.3,19301.0,8.1,25.36,0.908,80.2,operational,0.039,False
2026-07-22 01:50:22.400462,generator_001,generator,Solar Inverter,public_hall,Public Hall,5.3,3.8,57.2,19441.0,16.4,37.0,0.905,78.6,operational,0.042,False
2026-07-23 01:50:22.400462,generator_001,generator,Solar Inverter,public_hall,Public Hall,5.3,3.39,60.8,19319.0,8.2,30.41,0.902,77.4,operational,0.045,False
2026-07-24 01:50:22.400462,generator_001,generator,Solar Inverter,public_hall,Public Hall,5.3,3.73,49.5,19495.0,17.5,41.17,0.9,79.1,operational,0.047,False
2026-07-25 01:50:22.400462,generator_001,generator,Solar Inverter,public_hall,Public Hall,5.31,2.89,53.3,19521.0,18.0,31.22,0.897,79.6,operational,0.05,False
2026-07-26 01:50:22.400462,generator_001,generator,Solar Inverter,public_hall,Public Hall,5.31,3.62,57.2,19373.0,9.7,44.86,0.894,83.6,operational,0.053,False
2026-07-27 01:50:22.400462,generator_001,generator,Solar Inverter,public_hall,Public Hall,5.31,3.72,51.3,19398.0,10.4,27.29,0.892,78.8,operational,0.055,False
2026-07-28 01:50:22.400462,generator_001,generator,Solar Inverter,public_hall,Public Hall,5.31,4.27,52.4,19367.0,8.5,43.51,0.889,83.1,operational,0.058,False
2026-07-29 01:50:22.400462,generator_001,generator,Solar Inverter,public_hall,Public Hall,5.32,4.14,54.1,19569.0,16.9,38.11,0.886,79.4,operational,0.06,False
2026-07-30 01:50:22.400462,generator_001,generator,Solar Inverter,public_hall,Public Hall,5.32,3.24,50.9,19576.0,16.5,52.37,0.884,75.5,operational,0.063,False
2026-07-31 01:50:22.400462,generator_001,generator,Solar Inverter,public_hall,Public Hall,5.32,3.5,57.2,19405.0,9.0,14.35,0.881,79.5,operational,0.066,False
2026-08-01 01:50:22.400462,generator_001,generator,Solar Inverter,public_hall,Public Hall,5.33,3.39,55.5,19559.0,14.6,4.1,0.878,75.0,operational,0.068,False
2026-08-02 01:50:22.400462,generator_001,generator,Solar Inverter,public_hall,Public Hall,5.33,3.98,56.1,19498.0,11.8,9.48,0.876,78.6,operational,0.071,False
2026-08-03 01:50:22.400462,generator_001,generator,Solar Inverter,public_hall,Public Hall,5.33,4.21,60.1,19430.0,8.9,11.72,0.873,80.4,operational,0.074,False
2026-08-04 01:50:22.400462,generator_001,generator,Solar Inverter,public_hall,Public Hall,5.33,2.45,53.4,19671.0,17.0,14.05,0.87,74.9,operational,0.076,False
2026-08-05 01:50:22.400462,generator_001,generator,Solar Inverter,public_hall,Public Hall,5.34,3.33,54.6,19568.0,13.0,49.44,0.868,76.7,operational,0.079,False
2026-08-06 01:50:22.400462,generator_001,generator,Solar Inverter,public_hall,Public Hall,5.34,3.69,58.6,19609.0,13.8,16.96,0.865,73.0,operational,0.081,False
2026-08-07 01:50:22.400462,generator_001,generator,Solar Inverter,public_hall,Public Hall,5.34,3.37,58.9,19454.0,8.6,53.03,0.863,76.9,operational,0.084,False
2026-08-08 01:50:22.400462,generator_001,generator,Solar Inverter,public_hall,Public Hall,5.35,3.9,52.1,19721.0,16.4,45.63,0.86,74.6,operational,0.087,False
2026-08-09 01:50:22.400462,generator_001,generator,Solar Inverter,public_hall,Public Hall,5.35,3.75,54.8,19482.0,8.9,27.33,0.857,77.0,operational,0.089,False
2026-08-10 01:50:22.400462,generator_001,generator,Solar Inverter,public_hall,Public Hall,5.35,3.85,56.1,19735.0,15.9,49.57,0.855,73.7,operational,0.092,False
2026-08-11 01:50:22.400462,generator_001,generator,Solar Inverter,public_hall,Public Hall,5.35,3.81,49.0,19427.0,6.9,18.38,0.852,71.6,operational,0.095,False
2026-08-12 01:50:22.400462,generator_001,generator,Solar Inverter,public_hall,Public Hall,5.36,4.32,56.6,19726.0,14.8,35.67,0.849,79.2,operational,0.097,False
2026-08-13 01:50:22.400462,generator_001,generator,Solar Inverter,public_hall,Public Hall,5.36,3.67,60.2,19691.0,13.4,22.62,0.847,71.3,operational,0.1,False
2026-08-14 01:50:22.400462,generator_001,generator,Solar Inverter,public_hall,Public Hall,5.36,3.49,58.3,19440.0,6.7,22.11,0.844,70.5,operational,0.102,False
2026-08-15 01:50:22.400462,generator_001,generator,Solar Inverter,public_hall,Public Hall,5.36,3.08,55.7,19871.0,17.3,53.08,0.841,71.6,operational,0.105,False
2026-08-16 01:50:22.400462,generator_001,generator,Solar Inverter,public_hall,Public Hall,5.37,3.76,62.6,19440.0,6.4,12.56,0.839,75.3,operational,0.108,False
2026-08-17 01:50:22.400462,generator_001,generator,Solar Inverter,public_hall,Public Hall,5.37,3.84,57.5,19509.0,7.9,26.84,0.836,72.2,operational,0.11,False
2026-08-18 01:50:22.400462,generator_001,generator,Solar Inverter,public_hall,Public Hall,5.37,2.86,54.4,19941.0,17.7,44.41,0.833,64.1,operational,0.113,False
2026-08-19 01:50:22.400462,generator_001,generator,Solar Inverter,public_hall,Public Hall,5.38,3.38,55.1,19654.0,10.8,51.32,0.831,69.4,operational,0.116,False
2026-08-20 01:50:22.400462,generator_001,generator,Solar Inverter,public_hall,Public Hall,5.38,3.74,52.8,19786.0,13.5,41.24,0.828,70.9,operational,0.118,False
2026-08-21 01:50:22.400462,generator_001,generator,Solar Inverter,public_hall,Public Hall,5.38,4.15,51.7,19617.0,9.5,45.2,0.825,66.0,operational,0.121,False
2026-08-22 01:50:22.400462,generator_001,generator,Solar Inverter,public_hall,Public Hall,5.38,3.29,61.1,19832.0,13.9,55.27,0.823,69.8,operational,0.123,False
2026-08-23 01:50:22.400462,generator_001,generator,Solar Inverter,public_hall,Public Hall,5.39,4.04,61.1,19570.0,8.1,47.17,0.82,65.9,operational,0.126,False
2026-08-24 01:50:22.400462,generator_001,generator,Solar Inverter,public_hall,Public Hall,5.39,4.3,54.1,19745.0,11.5,47.33,0.817,66.6,operational,0.129,False
2026-08-25 01:50:22.400462,generator_001,generator,Solar Inverter,public_hall,Public Hall,5.39,3.57,53.7,20014.0,16.7,57.99,0.815,73.6,operational,0.131,False
2026-08-26 01:50:22.400462,generator_001,generator,Solar Inverter,public_hall,Public Hall,5.39,4.09,54.4,19645.0,9.1,27.12,0.812,67.4,operational,0.134,False
2026-08-27 01:50:22.400462,generator_001,generator,Solar Inverter,public_hall,Public Hall,5.4,3.63,59.6,19926.0,14.4,23.57,0.809,72.1,operational,0.137,False
2026-08-28 01:50:22.400462,generator_001,generator,Solar Inverter,public_hall,Public Hall,5.4,4.26,51.1,19982.0,15.1,8.87,0.807,70.7,operational,0.139,False
2026-08-29 01:50:22.400462,generator_001,generator,Solar Inverter,public_hall,Public Hall,5.4,4.06,58.2,19904.0,13.4,49.68,0.804,69.9,operational,0.142,False
2026-08-30 01:50:22.400462,generator_001,generator,Solar Inverter,public_hall,Public Hall,5.41,3.5,52.7,19995.0,14.8,26.09,0.801,71.8,operational,0.145,False
2026-08-31 01:50:22.400462,generator_001,generator,Solar Inverter,public_hall,Public Hall,5.41,4.53,54.2,20164.0,17.6,61.34,0.799,68.4,operational,0.147,False
2026-09-01 01:50:22.400462,generator_001,generator,Solar Inverter,public_hall,Public Hall,5.41,4.38,54.3,20051.0,15.3,29.7,0.796,66.3,operational,0.15,False
2026-09-02 01:50:22.400462,generator_001,generator,Solar Inverter,public_hall,Public Hall,5.41,3.04,57.0,20166.0,17.0,25.27,0.793,63.6,operational,0.15,False
2026-09-03 01:50:22.400462,generator_001,generator,Solar Inverter,public_hall,Public Hall,5.42,3.17,54.9,19646.0,7.9,31.11,0.791,70.6,operational,0.15,False
2026-09-04 01:50:22.400462,generator_001,generator,Solar Inverter,public_hall,Public Hall,5.42,2.91,53.0,19699.0,8.7,55.84,0.788,67.2,operational,0.15,False
2026-09-05 01:50:22.400462,generator_001,generator,Solar Inverter,public_hall,Public Hall,5.42,4.0,50.3,19887.0,11.6,5.88,0.786,70.0,operational,0.15,False
2026-09-06 01:50:22.400462,generator_001,generator,Solar Inverter,public_hall,Public Hall,5.42,4.23,54.0,19938.0,12.2,8.74,0.783,65.0,operational,0.15,False
2026-09-07 01:50:22.400462,generator_001,generator,Solar Inverter,public_hall,Public Hall,5.43,3.75,55.5,19860.0,10.8,23.16,0.78,64.4,operational,0.15,False
2026-09-08 01:50:22.400462,generator_001,generator,Solar Inverter,public_hall,Public Hall,5.43,3.7,57.4,20181.0,15.7,58.37,0.778,68.0,operational,0.15,False
2026-09-09 01:50:22.400462,generator_001,generator,Solar Inverter,public_hall,Public Hall,5.43,3.02,58.3,19941.0,11.7,64.19,0.775,69.1,operational,0.15,False
2026-09-10 01:50:22.400462,generator_001,generator,Solar Inverter,public_hall,Public Hall,5.44,3.6,54.0,19576.0,6.0,3.8,0.772,71.5,operational,0.15,False
2026-09-11 01:50:22.400462,generator_001,generator,Solar Inverter,public_hall,Public Hall,5.44,3.21,53.8,20280.0,16.4,41.63,0.77,68.9,operational,0.15,False
2026-09-12 01:50:22.400462,generator_001,generator,Solar Inverter,public_hall,Public Hall,5.44,2.64,56.9,20183.0,14.8,8.92,0.767,64.0,operational,0.15,False
2026-09-13 01:50:22.400462,generator_001,generator,Solar Inverter,public_hall,Public Hall,5.44,2.94,58.8,19797.0,9.0,44.89,0.764,65.3,operational,0.15,False
2026-09-14 01:50:22.400462,generator_001,generator,Solar Inverter,public_hall,Public Hall,5.45,4.04,54.7,19782.0,8.6,59.04,0.762,64.9,operational,0.15,False
2026-09-15 01:50:22.400462,generator_001,generator,Solar Inverter,public_hall,Public Hall,5.45,4.24,56.1,20316.0,16.0,13.53,0.759,69.4,operational,0.15,False
2026-09-16 01:50:22.400462,generator_001,generator,Solar Inverter,public_hall,Public Hall,5.45,3.73,56.9,20468.0,17.9,53.48,0.756,67.7,operational,0.15,False
2026-09-17 01:50:22.400462,generator_001,generator,Solar Inverter,public_hall,Public Hall,5.45,3.45,57.1,20324.0,15.7,10.62,0.754,69.1,operational,0.15,False
2026-09-18 01:50:22.400462,generator_001,generator,Solar Inverter,public_hall,Public Hall,5.46,2.9,58.7,20257.0,14.6,14.09,0.751,64.8,operational,0.15,False
2026-09-19 01:50:22.400462,generator_001,generator,Solar Inverter,public_hall,Public Hall,5.46,3.49,55.5,20130.0,12.7,36.22,0.748,65.9,operational,0.15,False
2026-09-20 01:50:22.400462,generator_001,generator,Solar Inverter,public_hall,Public Hall,5.46,3.5,58.1,19743.0,7.4,36.42,0.746,64.2,operational,0.15,False
2026-09-21 01:50:22.400462,generator_001,generator,Solar Inverter,public_hall,Public Hall,5.47,2.38,57.2,19983.0,10.4,35.07,0.743,60.8,operational,0.15,False
2026-09-22 01:50:22.400462,generator_001,generator,Solar Inverter,public_hall,Public Hall,5.47,4.24,56.9,20418.0,15.9,48.37,0.74,60.7,operational,0.15,False
2026-09-23 01:50:22.400462,generator_001,generator,Solar Inverter,public_hall,Public Hall,5.47,4.07,53.1,20106.0,11.7,21.98,0.738,62.4,operational,0.15,False
2026-09-24 01:50:22.400462,generator_001,generator,Solar Inverter,public_hall,Public Hall,5.47,3.04,58.8,20618.0,18.0,42.94,0.735,62.0,operational,0.15,False
2026-09-25 01:50:22.400462,generator_001,generator,Solar Inverter,public_hall,Public Hall,5.48,3.57,61.2,20534.0,16.7,3.47,0.732,58.9,maintenance_needed,0.15,True
2026-09-26 01:50:22.400462,generator_001,generator,Solar Inverter,public_hall,Public Hall,5.48,3.78,57.4,20595.0,17.3,26.8,0.73,56.1,maintenance_needed,0.15,True
2026-09-27 01:50:22.400462,generator_001,generator,Solar Inverter,public_hall,Public Hall,5.48,3.93,51.4,20134.0,11.5,46.48,0.727,60.3,operational,0.15,False
2026-09-28 01:50:22.400462,generator_001,generator,Solar Inverter,public_hall,Public Hall,5.48,3.55,57.9,20570.0,16.6,57.42,0.724,61.9,operational,0.15,False
2026-09-29 01:50:22.400462,generator_001,generator,Solar Inverter,public_hall,Public Hall,5.49,3.1,53.1,19999.0,9.6,42.43,0.722,62.5,operational,0.15,False
2026-09-30 01:50:22.400462,generator_001,generator,Solar Inverter,public_hall,Public Hall,5.49,3.82,55.1,20124.0,11.0,17.17,0.719,57.5,maintenance_needed,0.15,True
2026-10-01 01:50:22.400462,generator_001,generator,Solar Inverter,public_hall,Public Hall,5.49,4.05,54.7,20524.0,15.5,32.09,0.716,58.7,maintenance_needed,0.15,True
2026-10-02 01:50:22.400462,generator_001,generator,Solar Inverter,public_hall,Public Hall,5.5,3.75,57.5,20532.0,15.4,35.34,0.714,60.6,operational,0.15,False
2026-10-03 01:50:22.400462,generator_001,generator,Solar Inverter,public_hall,Public Hall,5.5,3.7,57.0,20417.0,13.9,63.93,0.711,57.6,maintenance_needed,0.15,True
2026-07-06 01:50:22.400462,generator_002,generator,Diesel,records_room,Records & Archives,4.9,2.93,50.7,17897.0,11.4,23.97,0.951,85.1,operational,0.0,False
2026-07-07 01:50:22.400462,generator_002,generator,Diesel,records_room,Records & Archives,4.91,3.36,50.5,17905.0,8.1,45.16,0.948,87.6,operational,0.002,False
2026-07-08 01:50:22.400462,generator_002,generator,Diesel,records_room,Records & Archives,4.91,3.06,51.4,17923.0,12.9,45.93,0.946,80.3,operational,0.005,False
2026-07-09 01:50:22.400462,generator_002,generator,Diesel,records_room,Records & Archives,4.91,3.76,56.6,17945.0,15.9,17.02,0.944,89.4,operational,0.007,False
2026-07-10 01:50:22.400462,generator_002,generator,Diesel,records_room,Records & Archives,4.91,2.93,56.4,17935.0,9.6,19.7,0.941,90.0,operational,0.01,False
2026-07-11 01:50:22.400462,generator_002,generator,Diesel,records_room,Records & Archives,4.92,3.78,54.6,17984.0,17.5,13.0,0.939,80.9,operational,0.012,False
2026-07-12 01:50:22.400462,generator_002,generator,Diesel,records_room,Records & Archives,4.92,3.35,55.9,17981.0,14.0,15.13,0.936,81.0,operational,0.015,False
2026-07-13 01:50:22.400462,generator_002,generator,Diesel,records_room,Records & Archives,4.92,3.31,58.2,17982.0,12.1,4.91,0.934,83.7,operational,0.017,False
2026-07-14 01:50:22.400462,generator_002,generator,Diesel,records_room,Records & Archives,4.93,4.1,54.9,17976.0,9.9,48.98,0.931,79.7,operational,0.02,False
2026-07-15 01:50:22.400462,generator_002,generator,Diesel,records_room,Records & Archives,4.93,3.06,53.6,18053.0,17.3,38.06,0.929,85.8,operational,0.022,False
2026-07-16 01:50:22.400462,generator_002,generator,Diesel,records_room,Records & Archives,4.93,3.19,53.9,18041.0,14.4,20.38,0.926,77.3,operational,0.025,False
2026-07-17 01:50:22.400462,generator_002,generator,Diesel,records_room,Records & Archives,4.93,3.34,55.6,18004.0,9.7,17.92,0.924,83.9,operational,0.027,False
2026-07-18 01:50:22.400462,generator_002,generator,Diesel,records_room,Records & Archives,4.94,3.88,51.4,18073.0,14.7,7.82,0.921,85.3,operational,0.029,False
2026-07-19 01:50:22.400462,generator_002,generator,Diesel,records_room,Records & Archives,4.94,3.68,55.9,18128.0,17.8,5.85,0.919,81.3,operational,0.032,False
2026-07-20 01:50:22.400462,generator_002,generator,Diesel,records_room,Records & Archives,4.94,2.77,58.0,18063.0,11.9,46.14,0.916,79.1,operational,0.034,False
2026-07-21 01:50:22.400462,generator_002,generator,Diesel,records_room,Records & Archives,4.94,3.09,53.7,18159.0,17.5,38.61,0.914,81.1,operational,0.037,False
2026-07-22 01:50:22.400462,generator_002,generator,Diesel,records_room,Records & Archives,4.95,3.47,55.9,18021.0,7.8,41.26,0.911,79.2,operational,0.039,False
2026-07-23 01:50:22.400462,generator_002,generator,Diesel,records_room,Records & Archives,4.95,3.37,62.5,18106.0,12.3,29.36,0.909,80.5,operational,0.042,False
2026-07-24 01:50:22.400462,generator_002,generator,Diesel,records_room,Records & Archives,4.95,3.77,55.6,18180.0,15.7,40.49,0.906,77.6,operational,0.044,False
2026-07-25 01:50:22.400462,generator_002,generator,Diesel,records_room,Records & Archives,4.96,4.4,56.2,18145.0,13.1,26.73,0.904,88.6,operational,0.047,False
2026-07-26 01:50:22.400462,generator_002,generator,Diesel,records_room,Records & Archives,4.96,2.86,56.1,18182.0,14.2,39.97,0.901,81.1,operational,0.049,False
2026-07-27 01:50:22.400462,generator_002,generator,Diesel,records_room,Records & Archives,4.96,2.92,59.7,18247.0,16.7,54.41,0.899,81.6,operational,0.051,False
2026-07-28 01:50:22.400462,generator_002,generator,Diesel,records_room,Records & Archives,4.96,3.37,49.9,18259.0,16.5,12.12,0.896,76.5,operational,0.054,False
2026-07-29 01:50:22.400462,generator_002,generator,Diesel,records_room,Records & Archives,4.97,4.11,61.4,18267.0,16.1,32.31,0.894,83.2,operational,0.056,False
2026-07-30 01:50:22.400462,generator_002,generator,Diesel,records_room,Records & Archives,4.97,3.22,55.2,18144.0,10.3,54.7,0.891,81.6,operational,0.059,False
2026-07-31 01:50:22.400462,generator_002,generator,Diesel,records_room,Records & Archives,4.97,4.07,50.6,18075.0,7.1,35.06,0.889,78.4,operational,0.061,False
2026-08-01 01:50:22.400462,generator_002,generator,Diesel,records_room,Records & Archives,4.97,3.35,55.1,18164.0,10.3,32.93,0.887,77.7,operational,0.064,False
2026-08-02 01:50:22.400462,generator_002,generator,Diesel,records_room,Records & Archives,4.98,3.96,56.6,18305.0,15.1,41.54,0.884,74.9,operational,0.066,False
2026-08-03 01:50:22.400462,generator_002,generator,Diesel,records_room,Records & Archives,4.98,4.26,51.6,18267.0,13.2,29.21,0.882,77.5,operational,0.069,False
2026-08-04 01:50:22.400462,generator_002,generator,Diesel,records_room,Records & Archives,4.98,4.48,55.1,18188.0,10.0,43.79,0.879,78.1,operational,0.071,False
2026-08-05 01:50:22.400462,generator_002,generator,Diesel,records_room,Records & Archives,4.99,3.01,55.5,18286.0,13.0,40.58,0.877,76.5,operational,0.074,False
2026-08-06 01:50:22.400462,generator_002,generator,Diesel,records_room,Records & Archives,4.99,3.15,57.4,18264.0,11.9,13.7,0.874,85.5,operational,0.076,False
2026-08-07 01:50:22.400462,generator_002,generator,Diesel,records_room,Records & Archives,4.99,3.49,57.0,18108.0,6.6,4.91,0.872,78.3,operational,0.078,False
2026-08-08 01:50:22.400462,generator_002,generator,Diesel,records_room,Records & Archives,4.99,3.77,49.9,18395.0,15.1,31.96,0.869,73.5,operational,0.081,False
2026-08-09 01:50:22.400462,generator_002,generator,Diesel,records_room,Records & Archives,5.0,3.3,55.8,18423.0,15.5,30.84,0.867,80.9,operational,0.083,False
2026-08-10 01:50:22.400462,generator_002,generator,Diesel,records_room,Records & Archives,5.0,3.39,56.7,18228.0,9.5,31.52,0.864,78.0,operational,0.086,False
2026-08-11 01:50:22.400462,generator_002,generator,Diesel,records_room,Records & Archives,5.0,3.82,56.6,18181.0,7.9,3.79,0.862,79.7,operational,0.088,False
2026-08-12 01:50:22.400462,generator_002,generator,Diesel,records_room,Records & Archives,5.0,4.87,56.5,18242.0,9.3,52.85,0.859,78.6,operational,0.091,False
2026-08-13 01:50:22.400462,generator_002,generator,Diesel,records_room,Records & Archives,5.01,3.74,56.2,18183.0,7.5,49.32,0.857,73.3,operational,0.093,False
2026-08-14 01:50:22.400462,generator_002,generator,Diesel,records_room,Records & Archives,5.01,3.03,53.9,18382.0,12.4,37.97,0.854,72.2,operational,0.096,False
2026-08-15 01:50:22.400462,generator_002,generator,Diesel,records_room,Records & Archives,5.01,3.42,57.6,18342.0,11.1,43.16,0.852,76.5,operational,0.098,False
2026-08-16 01:50:22.400462,generator_002,generator,Diesel,records_room,Records & Archives,5.02,2.71,51.8,18353.0,11.1,56.95,0.849,78.5,operational,0.101,False
2026-08-17 01:50:22.400462,generator_002,generator,Diesel,records_room,Records & Archives,5.02,2.65,52.8,18602.0,16.8,44.72,0.847,82.0,operational,0.103,False
2026-08-18 01:50:22.400462,generator_002,generator,Diesel,records_room,Records & Archives,5.02,3.63,55.9,18587.0,16.1,16.2,0.844,76.4,operational,0.105,False
2026-08-19 01:50:22.400462,generator_002,generator,Diesel,records_room,Records & Archives,5.02,2.99,57.2,18304.0,9.3,40.32,0.842,70.4,operational,0.108,False
2026-08-20 01:50:22.400462,generator_002,generator,Diesel,records_room,Records & Archives,5.03,3.63,59.8,18603.0,15.7,27.91,0.839,75.3,operational,0.11,False
2026-08-21 01:50:22.400462,generator_002,generator,Diesel,records_room,Records & Archives,5.03,3.92,51.5,18190.0,6.4,44.89,0.837,73.3,operational,0.113,False
2026-08-22 01:50:22.400462,generator_002,generator,Diesel,records_room,Records & Archives,5.03,2.96,55.7,18572.0,14.4,15.64,0.834,75.4,operational,0.115,False
2026-08-23 01:50:22.400462,generator_002,generator,Diesel,records_room,Records & Archives,5.03,3.39,51.8,18722.0,17.2,57.13,0.832,70.1,operational,0.118,False
2026-08-24 01:50:22.400462,generator_002,generator,Diesel,records_room,Records & Archives,5.04,3.42,56.9,18206.0,6.3,15.4,0.829,71.8,operational,0.12,False
2026-08-25 01:50:22.400462,generator_002,generator,Diesel,records_room,Records & Archives,5.04,3.03,49.5,18254.0,7.1,6.33,0.827,77.7,operational,0.123,False
2026-08-26 01:50:22.400462,generator_002,generator,Diesel,records_room,Records & Archives,5.04,2.83,53.4,18573.0,13.3,48.94,0.825,75.1,operational,0.125,False
2026-08-27 01:50:22.400462,generator_002,generator,Diesel,records_room,Records & Archives,5.05,3.13,48.9,18408.0,9.8,56.74,0.822,67.9,operational,0.127,False
2026-08-28 01:50:22.400462,generator_002,generator,Diesel,records_room,Records & Archives,5.05,3.02,59.8,18391.0,9.3,50.5,0.82,74.1,operational,0.13,False
2026-08-29 01:50:22.400462,generator_002,generator,Diesel,records_room,Records & Archives,5.05,3.15,50.5,18407.0,9.4,5.83,0.817,74.4,operational,0.132,False
2026-08-30 01:50:22.400462,generator_002,generator,Diesel,records_room,Records & Archives,5.05,3.74,53.9,18383.0,8.8,12.56,0.815,67.8,operational,0.135,False
2026-08-31 01:50:22.400462,generator_002,generator,Diesel,records_room,Records & Archives,5.06,4.0,51.9,18301.0,7.2,10.97,0.812,72.9,operational,0.137,False
2026-09-01 01:50:22.400462,generator_002,generator,Diesel,records_room,Records & Archives,5.06,3.13,54.9,18803.0,15.9,12.05,0.81,69.9,operational,0.14,False
2026-09-02 01:50:22.400462,generator_002,generator,Diesel,records_room,Records & Archives,5.06,3.98,53.2,18807.0,15.7,23.23,0.807,68.8,operational,0.142,False
2026-09-03 01:50:22.400462,generator_002,generator,Diesel,records_room,Records & Archives,5.06,4.14,55.4,18803.0,15.4,43.32,0.805,71.3,operational,0.145,False
2026-09-04 01:50:22.400462,generator_002,generator,Diesel,records_room,Records & Archives,5.07,3.79,56.6,18393.0,8.3,56.67,0.802,67.1,operational,0.147,False
2026-09-05 01:50:22.400462,generator_002,generator,Diesel,records_room,Records & Archives,5.07,3.03,53.0,18304.0,6.7,26.02,0.8,64.8,operational,0.15,False
2026-09-06 01:50:22.400462,generator_002,generator,Diesel,records_room,Records & Archives,5.07,3.44,55.5,18771.0,14.1,54.25,0.797,71.2,operational,0.15,False
2026-09-07 01:50:22.400462,generator_002,generator,Diesel,records_room,Records & Archives,5.08,3.91,56.5,18759.0,13.7,9.25,0.795,71.4,operational,0.15,False
2026-09-08 01:50:22.400462,generator_002,generator,Diesel,records_room,Records & Archives,5.08,2.78,59.3,18858.0,15.0,60.63,0.792,72.0,operational,0.15,False
2026-09-09 01:50:22.400462,generator_002,generator,Diesel,records_room,Records & Archives,5.08,3.77,55.6,18761.0,13.3,26.11,0.79,72.6,operational,0.15,False
2026-09-10 01:50:22.400462,generator_002,generator,Diesel,records_room,Records & Archives,5.08,3.61,56.3,18841.0,14.3,49.41,0.787,60.0,maintenance_needed,0.15,True
2026-09-11 01:50:22.400462,generator_002,generator,Diesel,records_room,Records & Archives,5.09,2.82,57.6,18757.0,12.8,52.24,0.785,71.3,operational,0.15,False
2026-09-12 01:50:22.400462,generator_002,generator,Diesel,records_room,Records & Archives,5.09,4.27,52.0,18335.0,6.4,29.62,0.782,71.6,operational,0.15,False
2026-09-13 01:50:22.400462,generator_002,generator,Diesel,records_room,Records & Archives,5.09,4.05,58.1,18340.0,6.4,4.67,0.78,64.1,operational,0.15,False
2026-09-14 01:50:22.400462,generator_002,generator,Diesel,records_room,Records & Archives,5.1,4.4,55.5,19097.0,17.1,30.85,0.777,67.8,operational,0.15,False
2026-09-15 01:50:22.400462,generator_002,generator,Diesel,records_room,Records & Archives,5.1,3.17,47.3,18660.0,10.8,54.58,0.775,71.1,operational,0.15,False
2026-09-16 01:50:22.400462,generator_002,generator,Diesel,records_room,Records & Archives,5.1,3.45,53.1,18881.0,13.7,45.2,0.772,67.7,operational,0.15,False
2026-09-17 01:50:22.400462,generator_002,generator,Diesel,records_room,Records & Archives,5.1,2.78,56.9,18532.0,8.7,32.23,0.77,66.2,operational,0.15,False
2026-09-18 01:50:22.400462,generator_002,generator,Diesel,records_room,Records & Archives,5.11,4.16,49.3,18446.0,7.4,50.19,0.768,60.5,operational,0.15,False
2026-09-19 01:50:22.400462,generator_002,generator,Diesel,records_room,Records & Archives,5.11,2.76,60.7,18719.0,11.0,47.78,0.765,66.1,operational,0.15,False
2026-09-20 01:50:22.400462,generator_002,generator,Diesel,records_room,Records & Archives,5.11,4.23,57.4,19248.0,17.8,59.72,0.763,64.7,operational,0.15,False
2026-09-21 01:50:22.400462,generator_002,generator,Diesel,records_room,Records & Archives,5.11,3.67,58.8,18612.0,9.3,26.68,0.76,64.6,operational,0.15,False
2026-09-22 01:50:22.400462,generator_002,generator,Diesel,records_room,Records & Archives,5.12,3.44,56.1,19191.0,16.6,53.32,0.758,71.0,operational,0.15,False
2026-09-23 01:50:22.400462,generator_002,generator,Diesel,records_room,Records & Archives,5.12,2.57,57.6,19087.0,15.1,27.63,0.755,56.1,maintenance_needed,0.15,True
2026-09-24 01:50:22.400462,generator_002,generator,Diesel,records_room,Records & Archives,5.12,2.9,53.0,19005.0,13.9,11.82,0.753,61.1,operational,0.15,False
2026-09-25 01:50:22.400462,generator_002,generator,Diesel,records_room,Records & Archives,5.13,4.55,54.1,19027.0,14.0,33.66,0.75,63.8,operational,0.15,False
2026-09-26 01:50:22.400462,generator_002,generator,Diesel,records_room,Records & Archives,5.13,3.06,55.0,19308.0,17.2,18.77,0.748,61.5,operational,0.15,False
2026-09-27 01:50:22.400462,generator_002,generator,Diesel,records_room,Records & Archives,5.13,3.77,53.5,18399.0,6.1,43.61,0.745,56.8,maintenance_needed,0.15,True
2026-09-28 01:50:22.400462,generator_002,generator,Diesel,records_room,Records & Archives,5.13,3.76,52.6,18717.0,9.8,16.95,0.743,65.1,operational,0.15,False
2026-09-29 01:50:22.400462,generator_002,generator,Diesel,records_room,Records & Archives,5.14,4.04,57.0,18502.0,7.1,33.18,0.74,62.8,operational,0.15,False
2026-09-30 01:50:22.400462,generator_002,generator,Diesel,records_room,Records & Archives,5.14,3.76,49.6,18780.0,10.3,17.83,0.738,66.5,operational,0.15,False
2026-10-01 01:50:22.400462,generator_002,generator,Diesel,records_room,Records & Archives,5.14,4.56,57.7,18976.0,12.4,51.68,0.735,61.7,operational,0.15,False
2026-10-02 01:50:22.400462,generator_002,generator,Diesel,records_room,Records & Archives,5.14,4.63,53.0,19075.0,13.4,53.52,0.733,60.8,operational,0.15,False
2026-10-03 01:50:22.400462,generator_002,generator,Diesel,records_room,Records & Archives,5.15,3.95,54.2,19035.0,12.8,15.93,0.73,64.2,operational,0.15,False
2026-07-06 01:50:22.400462,lift_000,lift,Passenger,main_office,Main Office,6.08,4.29,54.9,22189.0,7.0,13.8,0.939,82.0,operational,0.0,False
2026-07-07 01:50:22.400462,lift_000,lift,Passenger,main_office,Main Office,6.08,3.03,58.7,22196.0,7.1,17.76,0.936,87.0,operational,0.003,False
2026-07-08 01:50:22.400462,lift_000,lift,Passenger,main_office,Main Office,6.08,3.3,54.6,22212.0,11.6,47.42,0.933,85.6,operational,0.006,False
2026-07-09 01:50:22.400462,lift_000,lift,Passenger,main_office,Main Office,6.09,2.75,60.4,22231.0,14.1,6.57,0.93,83.2,operational,0.009,False
2026-07-10 01:50:22.400462,lift_000,lift,Passenger,main_office,Main Office,6.09,4.28,56.9,22236.0,11.9,53.82,0.927,78.5,operational,0.012,False
2026-07-11 01:50:22.400462,lift_000,lift,Passenger,main_office,Main Office,6.09,4.38,60.4,22253.0,12.9,50.76,0.924,81.2,operational,0.015,False
2026-07-12 01:50:22.400462,lift_000,lift,Passenger,main_office,Main Office,6.1,3.8,62.7,22236.0,7.9,5.58,0.921,80.2,operational,0.018,False
2026-07-13 01:50:22.400462,lift_000,lift,Passenger,main_office,Main Office,6.1,3.35,65.0,22300.0,15.9,22.78,0.918,77.3,operational,0.021,False
2026-07-14 01:50:22.400462,lift_000,lift,Passenger,main_office,Main Office,6.1,3.87,62.2,22327.0,17.3,53.07,0.915,77.8,operational,0.024,False
2026-07-15 01:50:22.400462,lift_000,lift,Passenger,main_office,Main Office,6.1,3.63,59.3,22347.0,17.6,25.87,0.912,79.9,operational,0.027,False
2026-07-16 01:50:22.400462,lift_000,lift,Passenger,main_office,Main Office,6.11,3.12,58.6,22307.0,11.8,28.4,0.909,76.5,operational,0.03,False
2026-07-17 01:50:22.400462,lift_000,lift,Passenger,main_office,Main Office,6.11,3.67,61.4,22299.0,10.0,3.92,0.905,80.2,operational,0.033,False
2026-07-18 01:50:22.400462,lift_000,lift,Passenger,main_office,Main Office,6.11,3.86,57.5,22331.0,11.8,49.29,0.902,78.5,operational,0.036,False
2026-07-19 01:50:22.400462,lift_000,lift,Passenger,main_office,Main Office,6.11,3.3,58.1,22392.0,15.7,17.86,0.899,77.0,operational,0.04,False
2026-07-20 01:50:22.400462,lift_000,lift,Passenger,main_office,Main Office,6.12,4.09,56.3,22389.0,14.3,25.97,0.896,77.5,operational,0.043,False
2026-07-21 01:50:22.400462,lift_000,lift,Passenger,main_office,Main Office,6.12,3.73,52.0,22434.0,16.3,47.8,0.893,80.7,operational,0.046,False
2026-07-22 01:50:22.400462,lift_000,lift,Passenger,main_office,Main Office,6.12,3.93,59.2,22290.0,6.3,43.09,0.89,78.5,operational,0.049,False
2026-07-23 01:50:22.400462,lift_000,lift,Passenger,main_office,Main Office,6.13,3.91,59.0,22479.0,17.1,25.04,0.887,69.0,operational,0.052,False
2026-07-24 01:50:22.400462,lift_000,lift,Passenger,main_office,Main Office,6.13,4.02,58.7,22463.0,15.2,29.15,0.884,76.2,operational,0.055,False
2026-07-25 01:50:22.400462,lift_000,lift,Passenger,main_office,Main Office,6.13,4.34,56.3,22412.0,11.7,17.59,0.881,73.6,operational,0.058,False
2026-07-26 01:50:22.400462,lift_000,lift,Passenger,main_office,Main Office,6.13,3.39,59.6,22310.0,6.1,31.54,0.878,74.1,operational,0.061,False
2026-07-27 01:50:22.400462,lift_000,lift,Passenger,main_office,Main Office,6.14,4.36,52.9,22447.0,12.3,59.63,0.875,72.8,operational,0.064,False
2026-07-28 01:50:22.400462,lift_000,lift,Passenger,main_office,Main Office,6.14,3.29,51.3,22432.0,11.0,49.84,0.872,75.5,operational,0.067,False
2026-07-29 01:50:22.400462,lift_000,lift,Passenger,main_office,Main Office,6.14,4.12,58.5,22471.0,12.3,36.13,0.869,77.9,operational,0.07,False
2026-07-30 01:50:22.400462,lift_000,lift,Passenger,main_office,Main Office,6.14,4.31,63.2,22428.0,10.0,13.44,0.866,70.0,operational,0.073,False
2026-07-31 01:50:22.400462,lift_000,lift,Passenger,main_office,Main Office,6.15,4.05,58.5,22547.0,14.3,52.81,0.863,73.8,operational,0.076,False
2026-08-01 01:50:22.400462,lift_000,lift,Passenger,main_office,Main Office,6.15,4.3,55.9,22392.0,7.8,45.32,0.859,70.0,operational,0.079,False
2026-08-02 01:50:22.400462,lift_000,lift,Passenger,main_office,Main Office,6.15,4.09,59.4,22379.0,7.0,45.61,0.856,77.8,operational,0.082,False
2026-08-03 01:50:22.400462,lift_000,lift,Passenger,main_office,Main Office,6.16,3.31,57.9,22608.0,15.0,24.06,0.853,72.4,operational,0.085,False
2026-08-04 01:50:22.400462,lift_000,lift,Passenger,main_office,Main Office,6.16,3.22,55.0,22494.0,10.5,34.58,0.85,75.9,operational,0.088,False
2026-08-05 01:50:22.400462,lift_000,lift,Passenger,main_office,Main Office,6.16,4.38,56.9,22420.0,7.7,39.26,0.847,66.1,operational,0.091,False
2026-08-06 01:50:22.400462,lift_000,lift,Passenger,main_office,Main Office,6.16,3.63,49.2,22522.0,10.8,34.16,0.844,71.4,operational,0.094,False
2026-08-07 01:50:22.400462,lift_000,lift,Passenger,main_office,Main Office,6.17,3.22,59.1,22669.0,15.0,34.06,0.841,69.0,operational,0.097,False
2026-08-08 01:50:22.400462,lift_000,lift,Passenger,main_office,Main Office,6.17,3.6,61.5,22412.0,6.8,27.38,0.838,77.9,operational,0.1,False
2026-08-09 01:50:22.400462,lift_000,lift,Passenger,main_office,Main Office,6.17,4.64,57.4,22688.0,14.7,32.61,0.835,71.4,operational,0.103,False
2026-08-10 01:50:22.400462,lift_000,lift,Passenger,main_office,Main Office,6.18,4.29,62.4,22400.0,6.0,4.17,0.832,70.3,operational,0.106,False
2026-08-11 01:50:22.400462,lift_000,lift,Passenger,main_office,Main Office,6.18,4.64,49.5,22580.0,10.9,53.35,0.829,67.9,operational,0.109,False
2026-08-12 01:50:22.400462,lift_000,lift,Passenger,main_office,Main Office,6.18,4.06,55.6,22549.0,9.7,22.05,0.826,74.6,operational,0.112,False
2026-08-13 01:50:22.400462,lift_000,lift,Passenger,main_office,Main Office,6.18,3.68,51.4,22817.0,16.5,37.5,0.823,69.0,operational,0.116,False
2026-08-14 01:50:22.400462,lift_000,lift,Passenger,main_office,Main Office,6.19,3.26,52.4,22447.0,6.6,3.48,0.82,70.2,operational,0.119,False
2026-08-15 01:50:22.400462,lift_000,lift,Passenger,main_office,Main Office,6.19,3.2,57.1,22797.0,15.2,19.33,0.817,71.6,operational,0.122,False
2026-08-16 01:50:22.400462,lift_000,lift,Passenger,main_office,Main Office,6.19,3.8,58.4,22452.0,6.4,55.36,0.813,68.0,operational,0.125,False
2026-08-17 01:50:22.400462,lift_000,lift,Passenger,main_office,Main Office,6.19,4.15,56.2,22725.0,12.8,12.25,0.81,64.2,operational,0.128,False
2026-08-18 01:50:22.400462,lift_000,lift,Passenger,main_office,Main Office,6.2,4.32,56.1,22487.0,6.9,55.02,0.807,66.2,operational,0.131,False
2026-08-19 01:50:22.400462,lift_000,lift,Passenger,main_office,Main Office,6.2,4.2,59.5,22950.0,17.3,13.37,0.804,64.4,operational,0.134,False
2026-08-20 01:50:22.400462,lift_000,lift,Passenger,main_office,Main Office,6.2,3.53,58.6,22664.0,10.6,39.57,0.801,67.9,operational,0.137,False
2026-08-21 01:50:22.400462,lift_000,lift,Passenger,main_office,Main Office,6.21,3.57,57.9,22747.0,12.1,9.63,0.798,72.2,operational,0.14,False
2026-08-22 01:50:22.400462,lift_000,lift,Passenger,main_office,Main Office,6.21,4.09,61.1,22875.0,14.6,15.55,0.795,68.7,operational,0.143,False
2026-08-23 01:50:22.400462,lift_000,lift,Passenger,main_office,Main Office,6.21,2.98,54.7,22503.0,6.5,49.87,0.792,68.4,operational,0.146,False
2026-08-24 01:50:22.400462,lift_000,lift,Passenger,main_office,Main Office,6.21,3.2,54.5,22508.0,6.5,27.52,0.789,60.6,operational,0.149,False
2026-08-25 01:50:22.400462,lift_000,lift,Passenger,main_office,Main Office,6.22,3.07,59.1,22540.0,7.0,32.88,0.786,64.6,operational,0.15,False
2026-08-26 01:50:22.400462,lift_000,lift,Passenger,main_office,Main Office,6.22,3.98,60.9,22531.0,6.7,52.26,0.783,64.2,operational,0.15,False
2026-08-27 01:50:22.400462,lift_000,lift,Passenger,main_office,Main Office,6.22,4.64,60.2,22860.0,12.9,36.41,0.78,62.1,operational,0.15,False
2026-08-28 01:50:22.400462,lift_000,lift,Passenger,main_office,Main Office,6.22,4.52,60.8,22820.0,11.9,35.43,0.777,69.7,operational,0.15,False
2026-08-29 01:50:22.400462,lift_000,lift,Passenger,main_office,Main Office,6.23,4.73,54.7,23019.0,15.4,31.34,0.774,67.7,operational,0.15,False
2026-08-30 01:50:22.400462,lift_000,lift,Passenger,main_office,Main Office,6.23,4.17,62.6,22878.0,12.5,3.27,0.771,66.8,operational,0.15,False
2026-08-31 01:50:22.400462,lift_000,lift,Passenger,main_office,Main Office,6.23,4.62,61.1,22642.0,8.1,29.37,0.767,68.2,operational,0.15,False
2026-09-01 01:50:22.400462,lift_000,lift,Passenger,main_office,Main Office,6.24,4.12,54.5,22950.0,13.4,22.05,0.764,67.8,operational,0.15,False
2026-09-02 01:50:22.400462,lift_000,lift,Passenger,main_office,Main Office,6.24,4.28,60.4,22926.0,12.7,12.02,0.761,58.5,maintenance_needed,0.15,True
2026-09-03 01:50:22.400462,lift_000,lift,Passenger,main_office,Main Office,6.24,4.27,59.2,22752.0,9.6,29.01,0.758,64.5,operational,0.15,False
2026-09-04 01:50:22.400462,lift_000,lift,Passenger,main_office,Main Office,6.24,4.43,56.6,22846.0,11.0,18.83,0.755,63.2,operational,0.15,False
2026-09-05 01:50:22.400462,lift_000,lift,Passenger,main_office,Main Office,6.25,4.2,57.6,23175.0,16.2,58.88,0.752,67.2,operational,0.15,False
2026-09-06 01:50:22.400462,lift_000,lift,Passenger,main_office,Main Office,6.25,3.39,60.4,22721.0,8.6,57.1,0.749,63.6,operational,0.15,False
2026-09-07 01:50:22.400462,lift_000,lift,Passenger,main_office,Main Office,6.25,4.08,53.7,23059.0,13.8,62.66,0.746,63.7,operational,0.15,False
2026-09-08 01:50:22.400462,lift_000,lift,Passenger,main_office,Main Office,6.25,4.36,53.6,22706.0,8.1,12.97,0.743,61.2,operational,0.15,False
2026-09-09 01:50:22.400462,lift_000,lift,Passenger,main_office,Main Office,6.26,3.5,59.2,23038.0,13.1,14.44,0.74,58.7,maintenance_needed,0.15,True
2026-09-10 01:50:22.400462,lift_000,lift,Passenger,main_office,Main Office,6.26,3.85,56.4,22866.0,10.3,33.13,0.737,66.7,operational,0.15,False
2026-09-11 01:50:22.400462,lift_000,lift,Passenger,main_office,Main Office,6.26,3.93,59.6,23366.0,17.6,14.88,0.734,61.9,operational,0.15,False
2026-09-12 01:50:22.400462,lift_000,lift,Passenger,main_office,Main Office,6.27,4.31,52.7,22664.0,7.0,10.91,0.731,63.1,operational,0.15,False
2026-09-13 01:50:22.400462,lift_000,lift,Passenger,main_office,Main Office,6.27,5.01,63.5,22776.0,8.5,28.35,0.728,53.1,maintenance_needed,0.15,True
2026-09-14 01:50:22.400462,lift_000,lift,Passenger,main_office,Main Office,6.27,3.13,60.5,22662.0,6.8,23.7,0.725,61.6,operational,0.15,False
2026-09-15 01:50:22.400462,lift_000,lift,Passenger,main_office,Main Office,6.27,4.36,52.3,23190.0,14.1,57.86,0.721,59.3,maintenance_needed,0.15,True
2026-09-16 01:50:22.400462,lift_000,lift,Passenger,main_office,Main Office,6.28,4.35,61.1,23410.0,17.0,26.35,0.718,61.6,operational,0.15,False
2026-09-17 01:50:22.400462,lift_000,lift,Passenger,main_office,Main Office,6.28,4.31,55.4,23304.0,15.3,68.32,0.715,57.1,maintenance_needed,0.15,True
2026-09-18 01:50:22.400462,lift_000,lift,Passenger,main_office,Main Office,6.28,3.89,51.6,22953.0,10.3,65.49,0.712,57.4,maintenance_needed,0.15,True
2026-09-19 01:50:22.400462,lift_000,lift,Passenger,main_office,Main Office,6.28,3.09,54.4,22932.0,9.9,13.1,0.709,55.5,maintenance_needed,0.15,True
2026-09-20 01:50:22.400462,lift_000,lift,Passenger,main_office,Main Office,6.29,3.32,58.2,23049.0,11.3,4.77,0.706,59.6,maintenance_needed,0.15,True
2026-09-21 01:50:22.400462,lift_000,lift,Passenger,main_office,Main Office,6.29,4.23,58.0,22954.0,9.9,23.66,0.703,55.3,maintenance_needed,0.15,True
2026-09-22 01:50:22.400462,lift_000,lift,Passenger,main_office,Main Office,6.29,3.6,59.6,23326.0,14.6,61.8,0.7,54.1,maintenance_needed,0.15,True
2026-09-23 01:50:22.400462,lift_000,lift,Passenger,main_office,Main Office,6.3,2.96,57.4,22856.0,8.4,7.59,0.697,60.3,operational,0.15,False
2026-09-24 01:50:22.400462,lift_000,lift,Passenger,main_office,Main Office,6.3,4.16,59.4,23386.0,15.0,20.75,0.694,56.7,maintenance_needed,0.15,True
2026-09-25 01:50:22.400462,lift_000,lift,Passenger,main_office,Main Office,6.3,4.36,61.2,22927.0,9.1,46.34,0.691,55.3,maintenance_needed,0.15,True
2026-09-26 01:50:22.400462,lift_000,lift,Passenger,main_office,Main Office,6.3,4.42,57.3,22802.0,7.5,65.57,0.688,56.8,maintenance_needed,0.15,True
2026-09-27 01:50:22.400462,lift_000,lift,Passenger,main_office,Main Office,6.31,4.34,58.3,22855.0,8.0,12.26,0.685,54.1,maintenance_needed,0.15,True
2026-09-28 01:50:22.400462,lift_000,lift,Passenger,main_office,Main Office,6.31,4.18,58.7,22947.0,9.0,73.19,0.682,54.6,maintenance_needed,0.15,True
2026-09-29 01:50:22.400462,lift_000,lift,Passenger,main_office,Main Office,6.31,3.95,60.7,23287.0,12.9,29.06,0.679,48.6,maintenance_needed,0.15,True
2026-09-30 01:50:22.400462,lift_000,lift,Passenger,main_office,Main Office,6.31,3.38,55.2,22900.0,8.3,45.72,0.675,57.2,maintenance_needed,0.15,True
2026-10-01 01:50:22.400462,lift_000,lift,Passenger,main_office,Main Office,6.32,4.03,56.8,23659.0,16.9,44.95,0.672,53.7,maintenance_needed,0.15,True
2026-10-02 01:50:22.400462,lift_000,lift,Passenger,main_office,Main Office,6.32,3.53,60.6,23150.0,10.9,11.48,0.669,49.6,maintenance_needed,0.15,True
2026-10-03 01:50:22.400462,lift_000,lift,Passenger,main_office,Main Office,6.32,4.26,55.6,23526.0,15.0,32.33,0.666,53.6,maintenance_needed,0.15,True
2026-07-06 01:50:22.400462,lift_001,lift,Passenger,public_hall,Public Hall,0.56,2.72,53.0,2061.0,7.6,38.66,0.994,95.6,operational,0.0,False
2026-07-07 01:50:22.400462,lift_001,lift,Passenger,public_hall,Public Hall,0.57,2.08,47.3,2071.0,9.3,28.94,0.994,98.2,operational,0.0,False
2026-07-08 01:50:22.400462,lift_001,lift,Passenger,public_hall,Public Hall,0.57,2.08,46.8,2085.0,11.9,4.78,0.994,99.6,operational,0.001,False
2026-07-09 01:50:22.400462,lift_001,lift,Passenger,public_hall,Public Hall,0.57,1.68,39.8,2102.0,13.6,22.64,0.993,98.7,operational,0.001,False
2026-07-10 01:50:22.400462,lift_001,lift,Passenger,public_hall,Public Hall,0.58,1.84,49.4,2104.0,10.6,25.55,0.993,100.0,operational,0.001,False
2026-07-11 01:50:22.400462,lift_001,lift,Passenger,public_hall,Public Hall,0.58,2.43,44.9,2118.0,11.3,19.29,0.993,96.5,operational,0.001,False
2026-07-12 01:50:22.400462,lift_001,lift,Passenger,public_hall,Public Hall,0.58,2.21,47.8,2138.0,12.7,42.23,0.992,100.0,operational,0.002,False
2026-07-13 01:50:22.400462,lift_001,lift,Passenger,public_hall,Public Hall,0.58,2.62,44.9,2127.0,9.3,41.03,0.992,93.1,operational,0.002,False
2026-07-14 01:50:22.400462,lift_001,lift,Passenger,public_hall,Public Hall,0.59,2.38,45.1,2158.0,12.1,19.6,0.992,97.3,operational,0.002,False
2026-07-15 01:50:22.400462,lift_001,lift,Passenger,public_hall,Public Hall,0.59,2.53,50.2,2204.0,15.8,21.94,0.992,98.2,operational,0.003,False
2026-07-16 01:50:22.400462,lift_001,lift,Passenger,public_hall,Public Hall,0.59,2.16,47.4,2173.0,11.2,37.95,0.991,100.0,operational,0.003,False
2026-07-17 01:50:22.400462,lift_001,lift,Passenger,public_hall,Public Hall,0.59,1.39,51.2,2180.0,10.8,43.4,0.991,95.0,operational,0.003,False
2026-07-18 01:50:22.400462,lift_001,lift,Passenger,public_hall,Public Hall,0.6,2.67,48.1,2201.0,11.6,12.04,0.991,98.3,operational,0.003,False
2026-07-19 01:50:22.400462,lift_001,lift,Passenger,public_hall,Public Hall,0.6,1.7,39.2,2169.0,8.3,26.02,0.99,100.0,operational,0.004,False
2026-07-20 01:50:22.400462,lift_001,lift,Passenger,public_hall,Public Hall,0.6,1.3,45.0,2192.0,9.3,30.5,0.99,98.8,operational,0.004,False
2026-07-21 01:50:22.400462,lift_001,lift,Passenger,public_hall,Public Hall,0.61,1.88,48.6,2195.0,8.9,45.54,0.99,96.6,operational,0.004,False
2026-07-22 01:50:22.400462,lift_001,lift,Passenger,public_hall,Public Hall,0.61,2.49,46.8,2242.0,11.3,47.44,0.989,97.6,operational,0.005,False
2026-07-23 01:50:22.400462,lift_001,lift,Passenger,public_hall,Public Hall,0.61,2.04,42.4,2352.0,17.1,25.98,0.989,96.4,operational,0.005,False
2026-07-24 01:50:22.400462,lift_001,lift,Passenger,public_hall,Public Hall,0.61,2.44,46.5,2385.0,18.0,2.98,0.989,97.6,operational,0.005,False
2026-07-25 01:50:22.400462,lift_001,lift,Passenger,public_hall,Public Hall,0.62,1.85,44.8,2178.0,6.1,16.66,0.988,92.7,operational,0.005,False
2026-07-26 01:50:22.400462,lift_001,lift,Passenger,public_hall,Public Hall,0.62,2.32,49.7,2320.0,12.9,27.71,0.988,98.0,operational,0.006,False
2026-07-27 01:50:22.400462,lift_001,lift,Passenger,public_hall,Public Hall,0.62,1.69,41.1,2211.0,7.1,48.46,0.988,95.5,operational,0.006,False
2026-07-28 01:50:22.400462,lift_001,lift,Passenger,public_hall,Public Hall,0.63,3.22,46.3,2298.0,10.7,49.22,0.988,97.8,operational,0.006,False
2026-07-29 01:50:22.400462,lift_001,lift,Passenger,public_hall,Public Hall,0.63,1.89,45.0,2228.0,7.2,11.46,0.987,99.1,operational,0.006,False
2026-07-30 01:50:22.400462,lift_001,lift,Passenger,public_hall,Public Hall,0.63,2.25,45.1,2269.0,8.6,8.33,0.987,97.9,operational,0.007,False
2026-07-31 01:50:22.400462,lift_001,lift,Passenger,public_hall,Public Hall,0.63,2.21,44.6,2266.0,8.2,36.14,0.987,96.7,operational,0.007,False
2026-08-01 01:50:22.400462,lift_001,lift,Passenger,public_hall,Public Hall,0.64,2.88,45.7,2285.0,8.6,39.7,0.986,95.0,operational,0.007,False
2026-08-02 01:50:22.400462,lift_001,lift,Passenger,public_hall,Public Hall,0.64,2.45,47.1,2538.0,17.7,18.94,0.986,100.0,operational,0.008,False
2026-08-03 01:50:22.400462,lift_001,lift,Passenger,public_hall,Public Hall,0.64,0.87,46.7,2277.0,7.7,10.44,0.986,100.0,operational,0.008,False
2026-08-04 01:50:22.400462,lift_001,lift,Passenger,public_hall,Public Hall,0.64,1.64,48.5,2525.0,16.0,8.24,0.985,92.4,operational,0.008,False
2026-08-05 01:50:22.400462,lift_001,lift,Passenger,public_hall,Public Hall,0.65,2.41,42.3,2412.0,11.7,21.92,0.985,96.1,operational,0.008,False
2026-08-06 01:50:22.400462,lift_001,lift,Passenger,public_hall,Public Hall,0.65,2.39,43.9,2308.0,7.9,31.74,0.985,91.8,operational,0.009,False
2026-08-07 01:50:22.400462,lift_001,lift,Passenger,public_hall,Public Hall,0.65,2.49,42.2,2255.0,6.1,38.4,0.984,99.5,operational,0.009,False
2026-08-08 01:50:22.400462,lift_001,lift,Passenger,public_hall,Public Hall,0.66,2.41,48.2,2283.0,6.7,41.9,0.984,94.4,operational,0.009,False
2026-08-09 01:50:22.400462,lift_001,lift,Passenger,public_hall,Public Hall,0.66,1.85,46.8,2607.0,16.0,39.16,0.984,91.9,operational,0.01,False
2026-08-10 01:50:22.400462,lift_001,lift,Passenger,public_hall,Public Hall,0.66,2.44,46.2,2481.0,12.0,23.44,0.984,93.9,operational,0.01,False
2026-08-11 01:50:22.400462,lift_001,lift,Passenger,public_hall,Public Hall,0.66,3.08,44.3,2311.0,6.9,29.19,0.983,96.8,operational,0.01,False
2026-08-12 01:50:22.400462,lift_001,lift,Passenger,public_hall,Public Hall,0.67,1.96,46.3,2552.0,13.3,5.94,0.983,99.8,operational,0.01,False
2026-08-13 01:50:22.400462,lift_001,lift,Passenger,public_hall,Public Hall,0.67,1.83,44.5,2739.0,17.8,44.79,0.983,89.2,operational,0.011,False
2026-08-14 01:50:22.400462,lift_001,lift,Passenger,public_hall,Public Hall,0.67,2.63,49.5,2504.0,11.3,41.74,0.982,96.4,operational,0.011,False
2026-08-15 01:50:22.400462,lift_001,lift,Passenger,public_hall,Public Hall,0.67,0.64,48.3,2544.0,12.1,10.75,0.982,94.7,operational,0.011,False
2026-08-16 01:50:22.400462,lift_001,lift,Passenger,public_hall,Public Hall,0.68,2.02,49.0,2701.0,15.6,40.73,0.982,91.4,operational,0.012,False
2026-08-17 01:50:22.400462,lift_001,lift,Passenger,public_hall,Public Hall,0.68,1.69,45.3,2613.0,13.1,26.79,0.981,96.9,operational,0.012,False
2026-08-18 01:50:22.400462,lift_001,lift,Passenger,public_hall,Public Hall,0.68,2.27,50.6,2770.0,16.5,50.52,0.981,98.3,operational,0.012,False
2026-08-19 01:50:22.400462,lift_001,lift,Passenger,public_hall,Public Hall,0.69,2.43,49.0,2433.0,8.4,4.54,0.981,95.5,operational,0.012,False
2026-08-20 01:50:22.400462,lift_001,lift,Passenger,public_hall,Public Hall,0.69,2.69,48.3,2691.0,14.0,41.83,0.98,97.7,operational,0.013,False
2026-08-21 01:50:22.400462,lift_001,lift,Passenger,public_hall,Public Hall,0.69,2.41,45.8,2352.0,6.3,49.41,0.98,95.1,operational,0.013,False
2026-08-22 01:50:22.400462,lift_001,lift,Passenger,public_hall,Public Hall,0.69,2.78,43.8,2663.0,12.8,21.89,0.98,95.3,operational,0.013,False
2026-08-23 01:50:22.400462,lift_001,lift,Passenger,public_hall,Public Hall,0.7,2.16,45.9,2453.0,8.2,39.95,0.979,94.7,operational,0.014,False
2026-08-24 01:50:22.400462,lift_001,lift,Passenger,public_hall,Public Hall,0.7,1.85,44.0,2525.0,9.5,7.15,0.979,98.2,operational,0.014,False
2026-08-25 01:50:22.400462,lift_001,lift,Passenger,public_hall,Public Hall,0.7,3.46,45.1,2804.0,14.8,22.53,0.979,100.0,operational,0.014,False
2026-08-26 01:50:22.400462,lift_001,lift,Passenger,public_hall,Public Hall,0.7,2.1,44.8,2700.0,12.5,27.97,0.979,100.0,operational,0.014,False
2026-08-27 01:50:22.400462,lift_001,lift,Passenger,public_hall,Public Hall,0.71,2.31,50.6,2479.0,8.0,7.46,0.978,96.6,operational,0.015,False
2026-08-28 01:50:22.400462,lift_001,lift,Passenger,public_hall,Public Hall,0.71,1.14,42.4,2960.0,17.0,24.73,0.978,95.5,operational,0.015,False
2026-08-29 01:50:22.400462,lift_001,lift,Passenger,public_hall,Public Hall,0.71,1.58,46.6,2492.0,8.0,30.23,0.978,88.1,operational,0.015,False
2026-08-30 01:50:22.400462,lift_001,lift,Passenger,public_hall,Public Hall,0.72,2.67,47.1,2922.0,15.6,14.84,0.977,91.9,operational,0.016,False
2026-08-31 01:50:22.400462,lift_001,lift,Passenger,public_hall,Public Hall,0.72,2.05,47.5,2716.0,11.7,26.7,0.977,98.3,operational,0.016,False
2026-09-01 01:50:22.400462,lift_001,lift,Passenger,public_hall,Public Hall,0.72,2.39,50.3,2764.0,12.3,31.29,0.977,92.2,operational,0.016,False
2026-09-02 01:50:22.400462,lift_001,lift,Passenger,public_hall,Public Hall,0.72,2.04,47.9,3036.0,16.8,5.23,0.976,94.5,operational,0.016,False
2026-09-03 01:50:22.400462,lift_001,lift,Passenger,public_hall,Public Hall,0.73,3.0,42.6,2563.0,8.5,39.29,0.976,93.2,operational,0.017,False
2026-09-04 01:50:22.400462,lift_001,lift,Passenger,public_hall,Public Hall,0.73,2.05,46.6,2941.0,14.7,20.85,0.976,95.0,operational,0.017,False
2026-09-05 01:50:22.400462,lift_001,lift,Passenger,public_hall,Public Hall,0.73,2.63,46.2,3039.0,16.0,14.82,0.975,97.8,operational,0.017,False
2026-09-06 01:50:22.400462,lift_001,lift,Passenger,public_hall,Public Hall,0.73,2.63,44.5,2501.0,7.1,2.56,0.975,99.4,operational,0.018,False
2026-09-07 01:50:22.400462,lift_001,lift,Passenger,public_hall,Public Hall,0.74,1.78,44.9,3112.0,16.7,18.14,0.975,94.7,operational,0.018,False
2026-09-08 01:50:22.400462,lift_001,lift,Passenger,public_hall,Public Hall,0.74,2.96,51.6,2475.0,6.5,9.14,0.975,98.5,operational,0.018,False
2026-09-09 01:50:22.400462,lift_001,lift,Passenger,public_hall,Public Hall,0.74,2.0,43.9,2887.0,12.7,39.76,0.974,95.0,operational,0.018,False
2026-09-10 01:50:22.400462,lift_001,lift,Passenger,public_hall,Public Hall,0.75,2.26,45.7,2914.0,12.9,38.22,0.974,95.5,operational,0.019,False
2026-09-11 01:50:22.400462,lift_001,lift,Passenger,public_hall,Public Hall,0.75,2.3,50.3,2710.0,9.7,39.37,0.974,97.0,operational,0.019,False
2026-09-12 01:50:22.400462,lift_001,lift,Passenger,public_hall,Public Hall,0.75,2.38,47.2,3186.0,16.5,45.01,0.973,91.0,operational,0.019,False
2026-09-13 01:50:22.400462,lift_001,lift,Passenger,public_hall,Public Hall,0.75,1.72,46.8,2721.0,9.6,8.34,0.973,93.0,operational,0.019,False
2026-09-14 01:50:22.400462,lift_001,lift,Passenger,public_hall,Public Hall,0.76,3.05,48.1,3244.0,16.9,33.12,0.973,99.1,operational,0.02,False
2026-09-15 01:50:22.400462,lift_001,lift,Passenger,public_hall,Public Hall,0.76,2.7,46.0,2864.0,11.3,27.53,0.972,93.4,operational,0.02,False
2026-09-16 01:50:22.400462,lift_001,lift,Passenger,public_hall,Public Hall,0.76,1.83,48.0,3347.0,17.9,26.43,0.972,100.0,operational,0.02,False
2026-09-17 01:50:22.400462,lift_001,lift,Passenger,public_hall,Public Hall,0.76,2.24,41.9,2573.0,7.0,33.44,0.972,95.4,operational,0.021,False
2026-09-18 01:50:22.400462,lift_001,lift,Passenger,public_hall,Public Hall,0.77,1.74,46.8,3274.0,16.4,2.43,0.971,93.3,operational,0.021,False
2026-09-19 01:50:22.400462,lift_001,lift,Passenger,public_hall,Public Hall,0.77,1.21,49.5,3047.0,13.1,11.03,0.971,95.7,operational,0.021,False
2026-09-20 01:50:22.400462,lift_001,lift,Passenger,public_hall,Public Hall,0.77,2.52,46.3,3061.0,13.1,20.93,0.971,98.4,operational,0.021,False
2026-09-21 01:50:22.400462,lift_001,lift,Passenger,public_hall,Public Hall,0.78,2.56,47.3,2834.0,10.0,36.4,0.97,95.4,operational,0.022,False
2026-09-22 01:50:22.400462,lift_001,lift,Passenger,public_hall,Public Hall,0.78,2.11,46.4,2780.0,9.2,21.95,0.97,93.5,operational,0.022,False
2026-09-23 01:50:22.400462,lift_001,lift,Passenger,public_hall,Public Hall,0.78,2.09,52.2,3221.0,14.7,17.47,0.97,95.6,operational,0.022,False
2026-09-24 01:50:22.400462,lift_001,lift,Passenger,public_hall,Public Hall,0.78,1.46,40.9,2769.0,8.8,20.69,0.97,93.9,operational,0.023,False
2026-09-25 01:50:22.400462,lift_001,lift,Passenger,public_hall,Public Hall,0.79,2.42,47.8,2640.0,7.1,42.44,0.969,94.3,operational,0.023,False
2026-09-26 01:50:22.400462,lift_001,lift,Passenger,public_hall,Public Hall,0.79,1.91,42.3,3119.0,12.9,23.98,0.969,99.1,operational,0.023,False
2026-09-27 01:50:22.400462,lift_001,lift,Passenger,public_hall,Public Hall,0.79,1.73,44.1,2739.0,8.2,7.6,0.969,95.5,operational,0.023,False
2026-09-28 01:50:22.400462,lift_001,lift,Passenger,public_hall,Public Hall,0.79,1.66,50.7,2972.0,10.8,30.78,0.968,97.2,operational,0.024,False
2026-09-29 01:50:22.400462,lift_001,lift,Passenger,public_hall,Public Hall,0.8,2.22,47.7,3305.0,14.6,30.71,0.968,96.8,operational,0.024,False
2026-09-30 01:50:22.400462,lift_001,lift,Passenger,public_hall,Public Hall,0.8,2.58,45.0,2820.0,8.8,35.53,0.968,96.5,operational,0.024,False
2026-10-01 01:50:22.400462,lift_001,lift,Passenger,public_hall,Public Hall,0.8,2.19,45.7,2719.0,7.6,6.88,0.967,91.1,operational,0.025,False
2026-10-02 01:50:22.400462,lift_001,lift,Passenger,public_hall,Public Hall,0.81,2.37,48.8,3359.0,14.7,23.87,0.967,96.1,operational,0.025,False
2026-10-03 01:50:22.400462,lift_001,lift,Passenger,public_hall,Public Hall,0.81,0.78,52.6,3575.0,17.0,16.69,0.967,92.5,operational,0.025,False
2026-07-06 01:50:22.400462,lift_002,lift,Passenger,records_room,Records & Archives,10.65,4.74,69.5,38865.0,12.7,11.61,0.894,66.5,operational,0.0,False
2026-07-07 01:50:22.400462,lift_002,lift,Passenger,records_room,Records & Archives,10.65,5.38,70.8,38880.0,15.3,52.77,0.888,65.5,operational,0.009,False
2026-07-08 01:50:22.400462,lift_002,lift,Passenger,records_room,Records & Archives,10.65,6.56,67.3,38882.0,8.7,51.99,0.883,56.6,maintenance_needed,0.026,True
2026-07-09 01:50:22.400462,lift_002,lift,Passenger,records_room,Records & Archives,10.66,5.82,67.8,38888.0,7.8,11.01,0.877,58.9,maintenance_needed,0.024,True
2026-07-10 01:50:22.400462,lift_002,lift,Passenger,records_room,Records & Archives,10.66,4.47,61.0,38929.0,16.0,5.54,0.872,68.4,operational,0.021,False
2026-07-11 01:50:22.400462,lift_002,lift,Passenger,records_room,Records & Archives,10.66,5.83,67.2,38900.0,7.1,16.69,0.867,61.2,operational,0.035,False
2026-07-12 01:50:22.400462,lift_002,lift,Passenger,records_room,Records & Archives,10.66,6.17,68.5,38907.0,7.1,54.07,0.861,58.7,maintenance_needed,0.044,True
2026-07-13 01:50:22.400462,lift_002,lift,Passenger,records_room,Records & Archives,10.67,5.16,67.8,38908.0,6.3,18.55,0.856,64.6,operational,0.039,False
2026-07-14 01:50:22.400462,lift_002,lift,Passenger,records_room,Records & Archives,10.67,5.5,66.6,38996.0,16.4,26.44,0.851,58.5,maintenance_needed,0.048,True
2026-07-15 01:50:22.400462,lift_002,lift,Passenger,records_room,Records & Archives,10.67,4.26,67.3,38969.0,11.6,23.59,0.845,61.8,operational,0.048,False
2026-07-16 01:50:22.400462,lift_002,lift,Passenger,records_room,Records & Archives,10.68,4.93,68.4,38937.0,7.2,26.69,0.84,62.1,operational,0.053,False
2026-07-17 01:50:22.400462,lift_002,lift,Passenger,records_room,Records & Archives,10.68,5.11,68.4,39003.0,12.6,41.46,0.835,60.9,operational,0.06,False
2026-07-18 01:50:22.400462,lift_002,lift,Passenger,records_room,Records & Archives,10.68,5.22,65.1,39030.0,13.8,25.09,0.829,57.6,maintenance_needed,0.066,True
2026-07-19 01:50:22.400462,lift_002,lift,Passenger,records_room,Records & Archives,10.68,4.81,67.3,39005.0,10.8,51.39,0.824,57.5,maintenance_needed,0.069,True
2026-07-20 01:50:22.400462,lift_002,lift,Passenger,records_room,Records & Archives,10.69,4.59,65.0,39105.0,17.2,60.58,0.819,61.0,operational,0.075,False
2026-07-21 01:50:22.400462,lift_002,lift,Passenger,records_room,Records & Archives,10.69,5.86,70.0,38978.0,7.6,31.88,0.813,51.8,maintenance_needed,0.088,True
2026-07-22 01:50:22.400462,lift_002,lift,Passenger,records_room,Records & Archives,10.69,5.3,68.0,39061.0,12.3,19.0,0.808,58.9,maintenance_needed,0.088,True
2026-07-23 01:50:22.400462,lift_002,lift,Passenger,records_room,Records & Archives,10.69,5.03,68.9,39090.0,13.3,51.49,0.803,57.1,maintenance_needed,0.091,True
2026-07-24 01:50:22.400462,lift_002,lift,Passenger,records_room,Records & Archives,10.7,5.07,67.8,39145.0,15.6,12.25,0.797,61.8,operational,0.096,False
2026-07-25 01:50:22.400462,lift_002,lift,Passenger,records_room,Records & Archives,10.7,4.75,64.8,39164.0,15.7,32.29,0.792,56.0,maintenance_needed,0.101,True
2026-07-26 01:50:22.400462,lift_002,lift,Passenger,records_room,Records & Archives,10.7,5.62,68.5,39001.0,6.8,5.79,0.786,53.6,maintenance_needed,0.113,True
2026-07-27 01:50:22.400462,lift_002,lift,Passenger,records_room,Records & Archives,10.71,5.01,66.0,39100.0,11.2,29.99,0.781,57.0,maintenance_needed,0.112,True
2026-07-28 01:50:22.400462,lift_002,lift,Passenger,records_room,Records & Archives,10.71,5.49,65.7,39174.0,14.1,50.17,0.776,52.7,maintenance_needed,0.122,True
2026-07-29 01:50:22.400462,lift_002,lift,Passenger,records_room,Records & Archives,10.71,4.7,70.1,39203.0,14.7,28.65,0.77,59.9,maintenance_needed,0.122,True
2026-07-30 01:50:22.400462,lift_002,lift,Passenger,records_room,Records & Archives,10.71,4.82,68.9,39167.0,12.6,47.56,0.765,54.0,maintenance_needed,0.128,True
2026-07-31 01:50:22.400462,lift_002,lift,Passenger,records_room,Records & Archives,10.72,5.15,67.0,39302.0,17.5,42.09,0.76,57.3,maintenance_needed,0.135,True
2026-08-01 01:50:22.400462,lift_002,lift,Passenger,records_room,Records & Archives,10.72,6.24,65.8,39095.0,8.9,40.82,0.754,47.4,maintenance_needed,0.15,True
2026-08-02 01:50:22.400462,lift_002,lift,Passenger,records_room,Records & Archives,10.72,5.52,64.6,39255.0,14.5,32.23,0.749,59.2,maintenance_needed,0.149,True
2026-08-03 01:50:22.400462,lift_002,lift,Passenger,records_room,Records & Archives,10.72,6.07,63.3,39128.0,9.4,64.3,0.744,45.6,maintenance_needed,0.15,True
2026-08-04 01:50:22.400462,lift_002,lift,Passenger,records_room,Records & Archives,10.73,4.91,68.6,39158.0,10.1,52.96,0.738,50.1,maintenance_needed,0.15,True
2026-08-05 01:50:22.400462,lift_002,lift,Passenger,records_room,Records & Archives,10.73,5.05,72.1,39180.0,10.5,63.13,0.733,53.2,maintenance_needed,0.15,True
2026-08-06 01:50:22.400462,lift_002,lift,Passenger,records_room,Records & Archives,10.73,4.03,67.4,39345.0,15.5,27.85,0.728,51.8,maintenance_needed,0.15,True
2026-08-07 01:50:22.400462,lift_002,lift,Passenger,records_room,Records & Archives,10.74,5.75,69.3,39183.0,9.9,7.88,0.722,44.3,maintenance_needed,0.15,True
2026-08-08 01:50:22.400462,lift_002,lift,Passenger,records_room,Records & Archives,10.74,4.97,65.2,39243.0,11.5,26.45,0.717,51.2,maintenance_needed,0.15,True
2026-08-09 01:50:22.400462,lift_002,lift,Passenger,records_room,Records & Archives,10.74,3.68,64.4,39149.0,8.4,69.31,0.712,49.8,maintenance_needed,0.15,True
2026-08-10 01:50:22.400462,lift_002,lift,Passenger,records_room,Records & Archives,10.74,4.79,66.9,39082.0,6.2,7.78,0.706,49.8,maintenance_needed,0.15,True
2026-08-11 01:50:22.400462,lift_002,lift,Passenger,records_room,Records & Archives,10.75,5.95,64.8,39086.0,6.1,12.54,0.701,40.3,maintenance_needed,0.15,True
2026-08-12 01:50:22.400462,lift_002,lift,Passenger,records_room,Records & Archives,10.75,5.31,64.3,39393.0,14.3,65.06,0.696,52.7,maintenance_needed,0.15,True
2026-08-13 01:50:22.400462,lift_002,lift,Passenger,records_room,Records & Archives,10.75,5.47,66.4,39356.0,12.9,22.18,0.69,43.3,maintenance_needed,0.15,True
2026-08-14 01:50:22.400462,lift_002,lift,Passenger,records_room,Records & Archives,10.75,4.69,67.5,39379.0,13.2,11.67,0.685,47.6,maintenance_needed,0.15,True
2026-08-15 01:50:22.400462,lift_002,lift,Passenger,records_room,Records & Archives,10.76,5.02,64.3,39572.0,17.7,39.56,0.679,50.2,maintenance_needed,0.15,True
2026-08-16 01:50:22.400462,lift_002,lift,Passenger,records_room,Records & Archives,10.76,5.22,62.0,39458.0,14.5,37.55,0.674,46.2,maintenance_needed,0.15,True
2026-08-17 01:50:22.400462,lift_002,lift,Passenger,records_room,Records & Archives,10.76,6.19,66.2,39230.0,8.7,14.06,0.669,43.2,maintenance_needed,0.15,True
2026-08-18 01:50:22.400462,lift_002,lift,Passenger,records_room,Records & Archives,10.77,5.66,59.0,39567.0,16.3,8.65,0.663,41.6,maintenance_needed,0.15,True
2026-08-19 01:50:22.400462,lift_002,lift,Passenger,records_room,Records & Archives,10.77,4.03,68.9,39301.0,9.9,48.97,0.658,47.4,maintenance_needed,0.15,True
2026-08-20 01:50:22.400462,lift_002,lift,Passenger,records_room,Records & Archives,10.77,4.74,66.5,39242.0,8.4,61.35,0.653,42.4,maintenance_needed,0.15,True
2026-08-21 01:50:22.400462,lift_002,lift,Passenger,records_room,Records & Archives,10.77,4.69,71.3,39567.0,15.3,59.33,0.647,44.7,maintenance_needed,0.15,True
2026-08-22 01:50:22.400462,lift_002,lift,Passenger,records_room,Records & Archives,10.78,5.01,64.0,39672.0,17.2,8.36,0.642,39.7,maintenance_needed,0.15,True
2026-08-23 01:50:22.400462,lift_002,lift,Passenger,records_room,Records & Archives,10.78,4.02,64.0,39623.0,15.8,15.25,0.637,46.5,maintenance_needed,0.15,True
2026-08-24 01:50:22.400462,lift_002,lift,Passenger,records_room,Records & Archives,10.78,5.76,61.6,39553.0,14.1,12.69,0.631,36.4,maintenance_needed,0.15,True
2026-08-25 01:50:22.400462,lift_002,lift,Passenger,records_room,Records & Archives,10.78,5.37,71.6,39298.0,8.7,71.51,0.626,44.4,maintenance_needed,0.15,True
2026-08-26 01:50:22.400462,lift_002,lift,Passenger,records_room,Records & Archives,10.79,4.65,61.3,39251.0,7.6,33.76,0.621,42.0,maintenance_needed,0.15,True
2026-08-27 01:50:22.400462,lift_002,lift,Passenger,records_room,Records & Archives,10.79,5.27,67.8,39229.0,7.0,65.06,0.615,31.8,maintenance_needed,0.15,True
2026-08-28 01:50:22.400462,lift_002,lift,Passenger,records_room,Records & Archives,10.79,5.21,67.8,39391.0,9.9,51.91,0.61,36.8,maintenance_needed,0.15,True
2026-08-29 01:50:22.400462,lift_002,lift,Passenger,records_room,Records & Archives,10.8,5.23,68.5,39318.0,8.4,46.0,0.605,40.6,maintenance_needed,0.15,True
2026-08-30 01:50:22.400462,lift_002,lift,Passenger,records_room,Records & Archives,10.8,5.46,65.1,39599.0,13.4,61.28,0.599,37.3,maintenance_needed,0.15,True
2026-08-31 01:50:22.400462,lift_002,lift,Passenger,records_room,Records & Archives,10.8,6.21,61.0,39576.0,12.7,19.82,0.594,30.0,maintenance_needed,0.15,True
2026-09-01 01:50:22.400462,lift_002,lift,Passenger,records_room,Records & Archives,10.8,5.64,69.1,39699.0,14.6,76.06,0.588,36.8,maintenance_needed,0.15,True
2026-09-02 01:50:22.400462,lift_002,lift,Passenger,records_room,Records & Archives,10.81,5.59,67.6,39850.0,17.0,59.99,0.583,35.7,maintenance_needed,0.15,True
2026-09-03 01:50:22.400462,lift_002,lift,Passenger,records_room,Records & Archives,10.81,5.82,68.3,39827.0,16.3,5.51,0.578,31.8,maintenance_needed,0.15,True
2026-09-04 01:50:22.400462,lift_002,lift,Passenger,records_room,Records & Archives,10.81,4.61,68.4,39320.0,7.6,40.24,0.572,37.1,maintenance_needed,0.15,True
2026-09-05 01:50:22.400462,lift_002,lift,Passenger,records_room,Records & Archives,10.81,5.43,66.6,39280.0,6.8,42.8,0.567,31.4,maintenance_needed,0.15,True
2026-09-06 01:50:22.400462,lift_002,lift,Passenger,records_room,Records & Archives,10.82,3.9,66.3,39450.0,9.4,25.38,0.562,33.1,maintenance_needed,0.15,True
2026-09-07 01:50:22.400462,lift_002,lift,Passenger,records_room,Records & Archives,10.82,5.62,71.2,39771.0,14.4,42.64,0.556,32.6,maintenance_needed,0.15,True
2026-09-08 01:50:22.400462,lift_002,lift,Passenger,records_room,Records & Archives,10.82,6.0,66.2,39477.0,9.6,23.74,0.551,30.3,maintenance_needed,0.15,True
2026-09-09 01:50:22.400462,lift_002,lift,Passenger,records_room,Records & Archives,10.83,5.29,72.9,39378.0,7.9,58.08,0.546,29.8,critical,0.15,True
2026-09-10 01:50:22.400462,lift_002,lift,Passenger,records_room,Records & Archives,10.83,5.05,63.1,39532.0,10.1,18.23,0.54,37.1,maintenance_needed,0.15,True
2026-09-11 01:50:22.400462,lift_002,lift,Passenger,records_room,Records & Archives,10.83,6.01,68.8,40014.0,17.2,57.61,0.535,31.2,maintenance_needed,0.15,True
2026-09-12 01:50:22.400462,lift_002,lift,Passenger,records_room,Records & Archives,10.83,4.3,70.3,39947.0,15.9,41.74,0.53,28.4,critical,0.15,True
2026-09-13 01:50:22.400462,lift_002,lift,Passenger,records_room,Records & Archives,10.84,5.03,70.0,40102.0,17.9,19.82,0.524,28.4,critical,0.15,True
2026-09-14 01:50:22.400462,lift_002,lift,Passenger,records_room,Records & Archives,10.84,5.19,66.4,39680.0,11.7,54.14,0.519,33.0,maintenance_needed,0.15,True
2026-09-15 01:50:22.400462,lift_002,lift,Passenger,records_room,Records & Archives,10.84,5.74,65.9,39648.0,11.0,58.83,0.514,31.7,maintenance_needed,0.15,True
2026-09-16 01:50:22.400462,lift_002,lift,Passenger,records_room,Records & Archives,10.85,5.8,68.0,39930.0,14.8,90.45,0.508,21.7,critical,0.15,True
2026-09-17 01:50:22.400462,lift_002,lift,Passenger,records_room,Records & Archives,10.85,5.21,63.0,39877.0,13.9,89.87,0.503,31.3,maintenance_needed,0.15,True
2026-09-18 01:50:22.400462,lift_002,lift,Passenger,records_room,Records & Archives,10.85,5.27,64.8,40073.0,16.3,58.46,0.5,26.1,critical,0.15,True
2026-09-19 01:50:22.400462,lift_002,lift,Passenger,records_room,Records & Archives,10.85,5.59,71.2,39882.0,13.6,25.36,0.5,25.7,critical,0.15,True
2026-09-20 01:50:22.400462,lift_002,lift,Passenger,records_room,Records & Archives,10.86,4.81,61.3,40174.0,17.2,91.6,0.5,24.8,critical,0.15,True
2026-09-21 01:50:22.400462,lift_002,lift,Passenger,records_room,Records & Archives,10.86,5.68,63.8,39884.0,13.2,64.66,0.5,24.8,critical,0.15,True
2026-09-22 01:50:22.400462,lift_002,lift,Passenger,records_room,Records & Archives,10.86,4.42,66.4,39601.0,9.4,98.65,0.5,23.8,critical,0.15,True
2026-09-23 01:50:22.400462,lift_002,lift,Passenger,records_room,Records & Archives,10.86,5.14,66.2,39726.0,10.9,96.65,0.5,21.8,critical,0.15,True
2026-09-24 01:50:22.400462,lift_002,lift,Passenger,records_room,Records & Archives,10.87,5.67,70.5,39569.0,8.8,34.93,0.5,20.8,critical,0.15,True
2026-09-25 01:50:22.400462,lift_002,lift,Passenger,records_room,Records & Archives,10.87,4.78,69.1,39358.0,6.1,46.43,0.5,21.4,critical,0.15,True
2026-09-26 01:50:22.400462,lift_002,lift,Passenger,records_room,Records & Archives,10.87,5.34,61.5,39840.0,11.9,82.53,0.5,21.4,critical,0.15,True
2026-09-27 01:50:22.400462,lift_002,lift,Passenger,records_room,Records & Archives,10.88,6.29,65.3,39437.0,6.9,18.42,0.5,17.9,critical,0.15,True
2026-09-28 01:50:22.400462,lift_002,lift,Passenger,records_room,Records & Archives,10.88,5.42,65.4,40210.0,16.0,94.65,0.5,25.0,critical,0.15,True
2026-09-29 01:50:22.400462,lift_002,lift,Passenger,records_room,Records & Archives,10.88,4.65,65.4,40287.0,16.7,26.88,0.5,21.8,critical,0.15,True
2026-09-30 01:50:22.400462,lift_002,lift,Passenger,records_room,Records & Archives,10.88,5.39,63.3,40066.0,14.0,75.59,0.5,26.2,critical,0.15,True
2026-10-01 01:50:22.400462,lift_002,lift,Passenger,records_room,Records & Archives,10.89,4.4,65.9,39637.0,8.9,93.48,0.5,18.2,critical,0.15,True
2026-10-02 01:50:22.400462,lift_002,lift,Passenger,records_room,Records & Archives,10.89,4.75,63.7,39610.0,8.5,35.59,0.5,19.0,critical,0.15,True
2026-10-03 01:50:22.400462,lift_002,lift,Passenger,records_room,Records & Archives,10.89,4.68,70.7,40349.0,16.7,47.6,0.5,13.0,critical,0.15,True
2026-07-06 01:50:22.400462,lift_003,lift,Passenger,water_supply,Water Supply Office,8.02,5.65,65.0,29291.0,7.5,11.38,0.92,73.7,operational,0.183,False
2026-07-07 01:50:22.400462,lift_003,lift,Passenger,water_supply,Water Supply Office,8.03,4.5,63.6,29302.0,10.4,34.33,0.916,75.1,operational,0.2,False
2026-07-08 01:50:22.400462,lift_003,lift,Passenger,water_supply,Water Supply Office,8.03,4.2,59.4,29306.0,7.3,17.14,0.912,67.8,operational,0.217,False
2026-07-09 01:50:22.400462,lift_003,lift,Passenger,water_supply,Water Supply Office,8.03,3.53,62.0,29343.0,17.3,39.27,0.908,69.3,operational,0.233,False
2026-07-10 01:50:22.400462,lift_003,lift,Passenger,water_supply,Water Supply Office,8.04,5.03,58.7,29324.0,8.3,53.99,0.904,74.1,operational,0.25,False
2026-07-11 01:50:22.400462,lift_003,lift,Passenger,water_supply,Water Supply Office,8.04,4.4,57.9,29327.0,7.1,22.1,0.9,80.8,operational,0.267,False
2026-07-12 01:50:22.400462,lift_003,lift,Passenger,water_supply,Water Supply Office,8.04,4.64,59.5,29361.0,11.7,20.93,0.896,74.6,operational,0.283,False
2026-07-13 01:50:22.400462,lift_003,lift,Passenger,water_supply,Water Supply Office,8.04,4.35,62.7,29371.0,11.4,9.66,0.891,71.6,operational,0.3,False
2026-07-14 01:50:22.400462,lift_003,lift,Passenger,water_supply,Water Supply Office,8.05,3.49,60.0,29419.0,16.0,7.7,0.887,72.3,operational,0.317,False
2026-07-15 01:50:22.400462,lift_003,lift,Passenger,water_supply,Water Supply Office,8.05,5.15,62.5,29417.0,14.0,40.87,0.883,71.5,operational,0.333,False
2026-07-16 01:50:22.400462,lift_003,lift,Passenger,water_supply,Water Supply Office,8.05,3.8,59.6,29425.0,13.4,11.38,0.879,74.5,operational,0.35,False
2026-07-17 01:50:22.400462,lift_003,lift,Passenger,water_supply,Water Supply Office,8.06,4.41,63.8,29457.0,15.0,56.3,0.875,71.2,operational,0.367,False
2026-07-18 01:50:22.400462,lift_003,lift,Passenger,water_supply,Water Supply Office,8.06,5.12,69.5,29403.0,9.3,16.32,0.871,67.6,operational,0.383,False
2026-07-19 01:50:22.400462,lift_003,lift,Passenger,water_supply,Water Supply Office,8.06,3.6,60.5,29413.0,9.4,12.98,0.867,70.4,operational,0.4,False
2026-07-20 01:50:22.400462,lift_003,lift,Passenger,water_supply,Water Supply Office,8.06,3.94,61.2,29468.0,12.6,14.09,0.863,65.3,operational,0.417,False
2026-07-21 01:50:22.400462,lift_003,lift,Passenger,water_supply,Water Supply Office,8.07,3.95,64.8,29401.0,7.4,50.14,0.859,70.7,operational,0.433,False
2026-07-22 01:50:22.400462,lift_003,lift,Passenger,water_supply,Water Supply Office,8.07,5.59,63.3,29464.0,10.8,58.64,0.855,65.8,operational,0.45,False
2026-07-23 01:50:22.400462,lift_003,lift,Passenger,water_supply,Water Supply Office,8.07,4.15,60.7,29402.0,6.5,13.54,0.851,71.9,operational,0.467,False
2026-07-24 01:50:22.400462,lift_003,lift,Passenger,water_supply,Water Supply Office,8.07,5.28,64.0,29458.0,9.3,55.6,0.847,70.2,operational,0.483,False
2026-07-25 01:50:22.400462,lift_003,lift,Passenger,water_supply,Water Supply Office,8.08,4.16,61.3,29571.0,14.8,51.28,0.843,65.8,operational,0.5,False
2026-07-26 01:50:22.400462,lift_003,lift,Passenger,water_supply,Water Supply Office,8.08,4.92,57.6,29647.0,17.8,9.79,0.839,73.7,operational,0.517,False
2026-07-27 01:50:22.400462,lift_003,lift,Passenger,water_supply,Water Supply Office,8.08,5.04,62.7,29485.0,9.2,49.19,0.835,68.3,operational,0.533,False
2026-07-28 01:50:22.400462,lift_003,lift,Passenger,water_supply,Water Supply Office,8.09,4.34,56.1,29468.0,8.0,56.79,0.831,57.7,maintenance_needed,0.55,True
2026-07-29 01:50:22.400462,lift_003,lift,Passenger,water_supply,Water Supply Office,8.09,3.98,60.0,29686.0,17.2,49.27,0.827,62.8,operational,0.567,False
2026-07-30 01:50:22.400462,lift_003,lift,Passenger,water_supply,Water Supply Office,8.09,4.29,67.4,29598.0,12.8,28.29,0.823,64.5,operational,0.583,False
2026-07-31 01:50:22.400462,lift_003,lift,Passenger,water_supply,Water Supply Office,8.09,4.58,65.7,29688.0,15.9,28.31,0.819,63.1,operational,0.6,False
2026-08-01 01:50:22.400462,lift_003,lift,Passenger,water_supply,Water Supply Office,8.1,4.81,61.3,29601.0,11.9,45.53,0.815,66.4,operational,0.617,False
2026-08-02 01:50:22.400462,lift_003,lift,Passenger,water_supply,Water Supply Office,8.1,5.25,55.3,29614.0,12.0,36.44,0.811,60.2,operational,0.633,False
2026-08-03 01:50:22.400462,lift_003,lift,Passenger,water_supply,Water Supply Office,8.1,4.96,61.2,29550.0,9.3,56.03,0.807,62.5,operational,0.65,False
2026-08-04 01:50:22.400462,lift_003,lift,Passenger,water_supply,Water Supply Office,8.1,4.68,64.2,29595.0,10.5,50.73,0.803,62.9,operational,0.667,False
2026-08-05 01:50:22.400462,lift_003,lift,Passenger,water_supply,Water Supply Office,8.11,5.26,64.2,29690.0,13.3,29.71,0.799,61.0,operational,0.683,False
2026-08-06 01:50:22.400462,lift_003,lift,Passenger,water_supply,Water Supply Office,8.11,4.7,62.0,29811.0,16.8,8.07,0.795,58.1,maintenance_needed,0.7,True
2026-08-07 01:50:22.400462,lift_003,lift,Passenger,water_supply,Water Supply Office,8.11,5.16,56.9,29757.0,14.6,11.98,0.79,62.0,operational,0.717,False
2026-08-08 01:50:22.400462,lift_003,lift,Passenger,water_supply,Water Supply Office,8.12,5.14,65.2,29546.0,7.7,14.24,0.786,59.9,maintenance_needed,0.733,True
2026-08-09 01:50:22.400462,lift_003,lift,Passenger,water_supply,Water Supply Office,8.12,5.48,62.9,29516.0,6.6,38.55,0.782,62.8,operational,0.75,False
2026-08-10 01:50:22.400462,lift_003,lift,Passenger,water_supply,Water Supply Office,8.12,5.23,60.3,29620.0,9.4,42.68,0.778,57.9,maintenance_needed,0.767,True
2026-08-11 01:50:22.400462,lift_003,lift,Passenger,water_supply,Water Supply Office,8.12,3.97,62.6,29807.0,14.3,65.32,0.774,60.9,operational,0.783,False
2026-08-12 01:50:22.400462,lift_003,lift,Passenger,water_supply,Water Supply Office,8.13,5.34,66.6,29654.0,9.8,33.72,0.77,57.7,maintenance_needed,0.8,True
2026-08-13 01:50:22.400462,lift_003,lift,Passenger,water_supply,Water Supply Office,8.13,5.92,70.4,29765.0,12.5,37.53,0.766,51.7,maintenance_needed,0.817,True
2026-08-14 01:50:22.400462,lift_003,lift,Passenger,water_supply,Water Supply Office,8.13,5.54,63.2,29843.0,14.2,35.7,0.762,56.3,maintenance_needed,0.833,True
2026-08-15 01:50:22.400462,lift_003,lift,Passenger,water_supply,Water Supply Office,8.13,4.89,67.0,29797.0,12.6,15.09,0.758,62.7,operational,0.85,False
2026-08-16 01:50:22.400462,lift_003,lift,Passenger,water_supply,Water Supply Office,8.14,5.01,67.2,30004.0,17.4,53.7,0.754,56.3,maintenance_needed,0.867,True
2026-08-17 01:50:22.400462,lift_003,lift,Passenger,water_supply,Water Supply Office,8.14,5.74,69.1,29711.0,10.0,53.67,0.75,54.5,maintenance_needed,0.883,True
2026-08-18 01:50:22.400462,lift_003,lift,Passenger,water_supply,Water Supply Office,8.14,5.65,69.6,29808.0,12.0,46.94,0.746,55.9,maintenance_needed,0.9,True
2026-08-19 01:50:22.400462,lift_003,lift,Passenger,water_supply,Water Supply Office,8.15,6.1,71.4,29831.0,12.3,4.76,0.742,43.5,maintenance_needed,0.917,True
2026-08-20 01:50:22.400462,lift_003,lift,Passenger,water_supply,Water Supply Office,8.15,6.32,73.1,29971.0,15.1,22.41,0.738,39.7,maintenance_needed,0.933,True
2026-08-21 01:50:22.400462,lift_003,lift,Passenger,water_supply,Water Supply Office,8.15,7.13,78.6,29922.0,13.7,26.28,0.734,29.0,critical,0.95,True
2026-08-22 01:50:22.400462,lift_003,lift,Passenger,water_supply,Water Supply Office,8.15,8.38,75.0,29724.0,9.2,46.22,0.73,19.5,critical,0.967,True
2026-08-23 01:50:22.400462,lift_003,lift,Passenger,water_supply,Water Supply Office,8.16,13.28,78.8,29994.0,14.6,35.31,0.726,0.0,critical,0.983,True
2026-08-24 01:50:22.400462,lift_003,lift,Passenger,water_supply,Water Supply Office,8.16,12.75,76.8,29725.0,8.8,48.65,0.722,2.1,faulty,1.0,True
2026-08-25 01:50:22.400462,lift_003,lift,Passenger,water_supply,Water Supply Office,8.16,12.41,74.4,30076.0,15.7,48.13,0.718,4.0,faulty,1.0,True
2026-08-26 01:50:22.400462,lift_003,lift,Passenger,water_supply,Water Supply Office,8.16,12.99,78.0,30084.0,15.6,63.72,0.714,13.4,faulty,1.0,True
2026-08-27 01:50:22.400462,lift_003,lift,Passenger,water_supply,Water Supply Office,8.17,11.77,76.1,30133.0,16.2,40.72,0.71,11.8,faulty,1.0,True
2026-08-28 01:50:22.400462,lift_003,lift,Passenger,water_supply,Water Supply Office,8.17,13.52,84.5,30218.0,17.5,24.75,0.706,3.0,faulty,1.0,True
2026-08-29 01:50:22.400462,lift_003,lift,Passenger,water_supply,Water Supply Office,8.17,14.04,80.5,30230.0,17.4,44.48,0.702,8.8,faulty,1.0,True
2026-08-30 01:50:22.400462,lift_003,lift,Passenger,water_supply,Water Supply Office,8.18,11.72,83.8,29682.0,7.1,10.3,0.698,5.0,faulty,1.0,True
2026-08-31 01:50:22.400462,lift_003,lift,Passenger,water_supply,Water Supply Office,8.18,12.41,83.8,29628.0,6.0,33.34,0.694,6.2,faulty,1.0,True
2026-09-01 01:50:22.400462,lift_003,lift,Passenger,water_supply,Water Supply Office,8.18,12.63,84.0,30043.0,13.2,42.86,0.689,4.6,faulty,1.0,True
2026-09-02 01:50:22.400462,lift_003,lift,Passenger,water_supply,Water Supply Office,8.18,12.01,87.7,29697.0,7.0,54.79,0.685,7.7,faulty,1.0,True
2026-09-03 01:50:22.400462,lift_003,lift,Passenger,water_supply,Water Supply Office,8.19,12.93,86.8,29941.0,11.0,47.82,0.681,10.4,faulty,1.0,True
2026-09-04 01:50:22.400462,lift_003,lift,Passenger,water_supply,Water Supply Office,8.19,13.49,90.9,29677.0,6.4,46.41,0.677,14.9,faulty,1.0,True
2026-09-05 01:50:22.400462,lift_003,lift,Passenger,water_supply,Water Supply Office,8.19,11.63,96.1,30028.0,12.1,10.85,0.673,12.8,faulty,1.0,True
2026-09-06 01:50:22.400462,lift_003,lift,Passenger,water_supply,Water Supply Office,8.19,12.57,88.9,30029.0,11.9,20.06,0.669,13.9,faulty,1.0,True
2026-09-07 01:50:22.400462,lift_003,lift,Passenger,water_supply,Water Supply Office,8.2,13.16,95.8,30050.0,12.0,10.31,0.665,1.3,faulty,1.0,True
2026-09-08 01:50:22.400462,lift_003,lift,Passenger,water_supply,Water Supply Office,8.2,11.56,93.9,30014.0,11.3,13.93,0.661,3.6,faulty,1.0,True
2026-09-09 01:50:22.400462,lift_003,lift,Passenger,water_supply,Water Supply Office,8.2,13.08,95.0,29860.0,8.7,57.41,0.657,5.5,faulty,1.0,True
2026-09-10 01:50:22.400462,lift_003,lift,Passenger,water_supply,Water Supply Office,8.21,12.77,91.9,29830.0,8.2,20.33,0.653,7.3,faulty,1.0,True
2026-09-11 01:50:22.400462,lift_003,lift,Passenger,water_supply,Water Supply Office,8.21,12.69,95.7,30074.0,11.7,75.0,0.649,12.1,faulty,1.0,True
2026-09-12 01:50:22.400462,lift_003,lift,Passenger,water_supply,Water Supply Office,8.21,12.67,98.9,29981.0,10.1,20.43,0.645,13.9,faulty,1.0,True
2026-09-13 01:50:22.400462,lift_003,lift,Passenger,water_supply,Water Supply Office,8.21,11.76,94.9,30214.0,13.4,59.89,0.641,13.0,faulty,1.0,True
2026-09-14 01:50:22.400462,lift_003,lift,Passenger,water_supply,Water Supply Office,8.22,12.64,98.1,30282.0,14.2,27.45,0.637,3.1,faulty,1.0,True
2026-09-15 01:50:22.400462,lift_003,lift,Passenger,water_supply,Water Supply Office,8.22,12.71,93.4,30245.0,13.4,53.2,0.633,11.3,faulty,1.0,True
2026-09-16 01:50:22.400462,lift_003,lift,Passenger,water_supply,Water Supply Office,8.22,12.29,97.8,29818.0,7.3,79.99,0.629,14.3,faulty,1.0,True
2026-09-17 01:50:22.400462,lift_003,lift,Passenger,water_supply,Water Supply Office,8.22,12.04,102.7,30348.0,14.5,69.9,0.625,9.7,faulty,1.0,True
2026-09-18 01:50:22.400462,lift_003,lift,Passenger,water_supply,Water Supply Office,8.23,12.47,112.9,30461.0,15.8,14.42,0.621,13.0,faulty,1.0,True
2026-09-19 01:50:22.400462,lift_003,lift,Passenger,water_supply,Water Supply Office,8.23,13.16,105.5,29934.0,8.6,47.89,0.617,6.9,faulty,1.0,True
2026-09-20 01:50:22.400462,lift_003,lift,Passenger,water_supply,Water Supply Office,8.23,12.59,103.0,29881.0,7.8,14.7,0.613,10.6,faulty,1.0,True
2026-09-21 01:50:22.400462,lift_003,lift,Passenger,water_supply,Water Supply Office,8.24,13.13,106.2,29911.0,8.0,28.0,0.609,9.0,faulty,1.0,True
2026-09-22 01:50:22.400462,lift_003,lift,Passenger,water_supply,Water Supply Office,8.24,12.84,105.1,30140.0,10.9,39.13,0.605,4.0,faulty,1.0,True
2026-09-23 01:50:22.400462,lift_003,lift,Passenger,water_supply,Water Supply Office,8.24,12.93,108.1,30392.0,13.9,41.11,0.601,3.2,faulty,1.0,True
2026-09-24 01:50:22.400462,lift_003,lift,Passenger,water_supply,Water Supply Office,8.24,11.9,106.0,30717.0,17.8,12.27,0.597,9.0,faulty,1.0,True
2026-09-25 01:50:22.400462,lift_003,lift,Passenger,water_supply,Water Supply Office,8.25,11.71,115.2,30317.0,12.7,9.59,0.593,8.8,faulty,1.0,True
2026-09-26 01:50:22.400462,lift_003,lift,Passenger,water_supply,Water Supply Office,8.25,12.72,105.1,29790.0,6.1,26.39,0.588,1.9,faulty,1.0,True
2026-09-27 01:50:22.400462,lift_003,lift,Passenger,water_supply,Water Supply Office,8.25,11.83,109.5,30718.0,17.2,27.27,0.584,2.2,faulty,1.0,True
2026-09-28 01:50:22.400462,lift_003,lift,Passenger,water_supply,Water Supply Office,8.26,12.33,114.7,30481.0,14.2,17.32,0.58,14.3,faulty,1.0,True
2026-09-29 01:50:22.400462,lift_003,lift,Passenger,water_supply,Water Supply Office,8.26,12.39,113.6,30642.0,15.9,47.18,0.576,12.7,faulty,1.0,True
2026-09-30 01:50:22.400462,lift_003,lift,Passenger,water_supply,Water Supply Office,8.26,11.87,118.5,30410.0,13.0,65.94,0.572,7.9,faulty,1.0,True
2026-10-01 01:50:22.400462,lift_003,lift,Passenger,water_supply,Water Supply Office,8.26,13.46,119.4,30470.0,13.6,86.45,0.568,1.3,faulty,1.0,True
2026-10-02 01:50:22.400462,lift_003,lift,Passenger,water_supply,Water Supply Office,8.27,13.11,121.0,30638.0,15.3,54.78,0.564,12.7,faulty,1.0,True
2026-10-03 01:50:22.400462,lift_003,lift,Passenger,water_supply,Water Supply Office,8.27,12.57,121.3,30210.0,10.3,74.63,0.56,7.9,faulty,1.0,True
2026-07-06 01:50:22.400462,vehicle_000,vehicle,Garbage Truck,main_office,Main Office,1.4,2.26,45.0,5097.0,17.9,32.99,0.986,100.0,operational,0.0,False
2026-07-07 01:50:22.400462,vehicle_000,vehicle,Garbage Truck,main_office,Main Office,1.4,2.43,45.9,5110.0,12.5,34.5,0.985,98.2,operational,0.001,False
2026-07-08 01:50:22.400462,vehicle_000,vehicle,Garbage Truck,main_office,Main Office,1.4,2.3,43.9,5122.0,12.2,41.76,0.985,93.7,operational,0.001,False
2026-07-09 01:50:22.400462,vehicle_000,vehicle,Garbage Truck,main_office,Main Office,1.4,2.47,44.5,5117.0,6.7,34.9,0.984,96.3,operational,0.002,False
2026-07-10 01:50:22.400462,vehicle_000,vehicle,Garbage Truck,main_office,Main Office,1.41,2.85,45.8,5128.0,7.7,40.24,0.983,92.2,operational,0.003,False
2026-07-11 01:50:22.400462,vehicle_000,vehicle,Garbage Truck,main_office,Main Office,1.41,2.54,48.5,5138.0,8.1,37.26,0.982,91.8,operational,0.003,False
2026-07-12 01:50:22.400462,vehicle_000,vehicle,Garbage Truck,main_office,Main Office,1.41,2.58,49.6,5164.0,11.2,51.68,0.982,92.0,operational,0.004,False
2026-07-13 01:50:22.400462,vehicle_000,vehicle,Garbage Truck,main_office,Main Office,1.42,1.66,46.9,5156.0,8.4,5.4,0.981,98.7,operational,0.005,False
2026-07-14 01:50:22.400462,vehicle_000,vehicle,Garbage Truck,main_office,Main Office,1.42,2.9,48.4,5227.0,16.2,42.76,0.98,93.9,operational,0.006,False
2026-07-15 01:50:22.400462,vehicle_000,vehicle,Garbage Truck,main_office,Main Office,1.42,1.79,46.5,5247.0,16.6,4.32,0.98,95.6,operational,0.006,False
2026-07-16 01:50:22.400462,vehicle_000,vehicle,Garbage Truck,main_office,Main Office,1.42,2.51,51.7,5215.0,11.8,48.65,0.979,89.0,operational,0.007,False
2026-07-17 01:50:22.400462,vehicle_000,vehicle,Garbage Truck,main_office,Main Office,1.43,2.25,49.9,5224.0,11.6,39.57,0.978,99.9,operational,0.008,False
2026-07-18 01:50:22.400462,vehicle_000,vehicle,Garbage Truck,main_office,Main Office,1.43,2.58,44.7,5233.0,11.3,54.01,0.977,92.9,operational,0.008,False
2026-07-19 01:50:22.400462,vehicle_000,vehicle,Garbage Truck,main_office,Main Office,1.43,2.54,52.2,5181.0,6.4,16.18,0.977,91.3,operational,0.009,False
2026-07-20 01:50:22.400462,vehicle_000,vehicle,Garbage Truck,main_office,Main Office,1.43,2.06,51.5,5250.0,10.9,10.27,0.976,91.4,operational,0.01,False
2026-07-21 01:50:22.400462,vehicle_000,vehicle,Garbage Truck,main_office,Main Office,1.44,2.65,48.1,5233.0,9.1,19.99,0.975,90.3,operational,0.01,False
2026-07-22 01:50:22.400462,vehicle_000,vehicle,Garbage Truck,main_office,Main Office,1.44,3.01,41.7,5269.0,10.7,16.99,0.974,94.9,operational,0.011,False
2026-07-23 01:50:22.400462,vehicle_000,vehicle,Garbage Truck,main_office,Main Office,1.44,2.93,46.1,5306.0,12.3,44.78,0.974,96.5,operational,0.012,False
2026-07-24 01:50:22.400462,vehicle_000,vehicle,Garbage Truck,main_office,Main Office,1.45,3.31,46.6,5395.0,16.5,38.5,0.973,97.2,operational,0.013,False
2026-07-25 01:50:22.400462,vehicle_000,vehicle,Garbage Truck,main_office,Main Office,1.45,2.99,53.0,5233.0,7.1,42.17,0.972,90.6,operational,0.013,False
2026-07-26 01:50:22.400462,vehicle_000,vehicle,Garbage Truck,main_office,Main Office,1.45,3.24,47.0,5253.0,7.8,48.16,0.972,96.3,operational,0.014,False
2026-07-27 01:50:22.400462,vehicle_000,vehicle,Garbage Truck,main_office,Main Office,1.45,2.7,48.9,5384.0,13.7,5.73,0.971,91.2,operational,0.015,False
2026-07-28 01:50:22.400462,vehicle_000,vehicle,Garbage Truck,main_office,Main Office,1.46,2.11,46.8,5474.0,17.1,10.3,0.97,88.9,operational,0.015,False
2026-07-29 01:50:22.400462,vehicle_000,vehicle,Garbage Truck,main_office,Main Office,1.46,2.98,52.0,5480.0,16.6,17.23,0.969,88.8,operational,0.016,False
2026-07-30 01:50:22.400462,vehicle_000,vehicle,Garbage Truck,main_office,Main Office,1.46,2.34,52.8,5269.0,7.2,43.85,0.969,93.4,operational,0.017,False
2026-07-31 01:50:22.400462,vehicle_000,vehicle,Garbage Truck,main_office,Main Office,1.46,2.75,45.6,5317.0,8.8,52.26,0.968,91.7,operational,0.017,False
2026-08-01 01:50:22.400462,vehicle_000,vehicle,Garbage Truck,main_office,Main Office,1.47,2.1,48.3,5420.0,12.4,27.41,0.967,95.5,operational,0.018,False
2026-08-02 01:50:22.400462,vehicle_000,vehicle,Garbage Truck,main_office,Main Office,1.47,2.26,45.9,5276.0,6.6,31.24,0.966,93.8,operational,0.019,False
2026-08-03 01:50:22.400462,vehicle_000,vehicle,Garbage Truck,main_office,Main Office,1.47,2.68,48.7,5270.0,6.2,13.95,0.966,93.2,operational,0.02,False
2026-08-04 01:50:22.400462,vehicle_000,vehicle,Garbage Truck,main_office,Main Office,1.48,2.29,44.6,5618.0,18.0,19.25,0.965,91.5,operational,0.02,False
2026-08-05 01:50:22.400462,vehicle_000,vehicle,Garbage Truck,main_office,Main Office,1.48,1.68,39.4,5621.0,17.5,18.85,0.964,96.6,operational,0.021,False
2026-08-06 01:50:22.400462,vehicle_000,vehicle,Garbage Truck,main_office,Main Office,1.48,2.33,49.9,5388.0,9.4,5.58,0.964,93.8,operational,0.022,False
2026-08-07 01:50:22.400462,vehicle_000,vehicle,Garbage Truck,main_office,Main Office,1.48,2.49,46.3,5348.0,7.8,8.15,0.963,89.4,operational,0.022,False
2026-08-08 01:50:22.400462,vehicle_000,vehicle,Garbage Truck,main_office,Main Office,1.49,3.41,49.3,5525.0,13.0,6.55,0.962,95.5,operational,0.023,False
2026-08-09 01:50:22.400462,vehicle_000,vehicle,Garbage Truck,main_office,Main Office,1.49,2.2,45.5,5609.0,15.1,13.85,0.961,100.0,operational,0.024,False
2026-08-10 01:50:22.400462,vehicle_000,vehicle,Garbage Truck,main_office,Main Office,1.49,2.61,50.7,5636.0,15.4,27.95,0.961,91.7,operational,0.024,False
2026-08-11 01:50:22.400462,vehicle_000,vehicle,Garbage Truck,main_office,Main Office,1.5,3.14,46.3,5497.0,11.1,48.21,0.96,93.9,operational,0.025,False
2026-08-12 01:50:22.400462,vehicle_000,vehicle,Garbage Truck,main_office,Main Office,1.5,2.5,44.7,5681.0,15.8,43.07,0.959,93.5,operational,0.026,False
2026-08-13 01:50:22.400462,vehicle_000,vehicle,Garbage Truck,main_office,Main Office,1.5,3.53,48.2,5717.0,16.3,8.59,0.958,94.0,operational,0.027,False
2026-08-14 01:50:22.400462,vehicle_000,vehicle,Garbage Truck,main_office,Main Office,1.5,1.81,45.3,5386.0,7.4,10.14,0.958,100.0,operational,0.027,False
2026-08-15 01:50:22.400462,vehicle_000,vehicle,Garbage Truck,main_office,Main Office,1.51,2.69,44.4,5541.0,11.1,19.19,0.957,93.8,operational,0.028,False
2026-08-16 01:50:22.400462,vehicle_000,vehicle,Garbage Truck,main_office,Main Office,1.51,2.36,48.1,5676.0,14.1,38.91,0.956,91.9,operational,0.029,False
2026-08-17 01:50:22.400462,vehicle_000,vehicle,Garbage Truck,main_office,Main Office,1.51,2.14,49.1,5654.0,13.2,32.93,0.956,89.3,operational,0.029,False
2026-08-18 01:50:22.400462,vehicle_000,vehicle,Garbage Truck,main_office,Main Office,1.51,2.37,45.0,5816.0,16.7,45.19,0.955,86.1,operational,0.03,False
2026-08-19 01:50:22.400462,vehicle_000,vehicle,Garbage Truck,main_office,Main Office,1.52,1.82,49.2,5575.0,10.9,21.62,0.954,89.8,operational,0.031,False
2026-08-20 01:50:22.400462,vehicle_000,vehicle,Garbage Truck,main_office,Main Office,1.52,2.53,49.1,5835.0,16.4,42.48,0.953,93.1,operational,0.031,False
2026-08-21 01:50:22.400462,vehicle_000,vehicle,Garbage Truck,main_office,Main Office,1.52,2.01,46.1,5642.0,11.9,22.56,0.953,91.4,operational,0.032,False
2026-08-22 01:50:22.400462,vehicle_000,vehicle,Garbage Truck,main_office,Main Office,1.53,2.08,46.8,5531.0,9.2,26.53,0.952,96.9,operational,0.033,False
2026-08-23 01:50:22.400462,vehicle_000,vehicle,Garbage Truck,main_office,Main Office,1.53,2.47,50.9,5903.0,16.8,21.95,0.951,94.9,operational,0.034,False
2026-08-24 01:50:22.400462,vehicle_000,vehicle,Garbage Truck,main_office,Main Office,1.53,2.69,43.2,5407.0,6.3,21.39,0.95,90.7,operational,0.034,False
2026-08-25 01:50:22.400462,vehicle_000,vehicle,Garbage Truck,main_office,Main Office,1.53,3.28,46.1,5666.0,11.4,15.19,0.95,96.8,operational,0.035,False
2026-08-26 01:50:22.400462,vehicle_000,vehicle,Garbage Truck,main_office,Main Office,1.54,2.47,50.3,5676.0,11.3,22.02,0.949,95.0,operational,0.036,False
2026-08-27 01:50:22.400462,vehicle_000,vehicle,Garbage Truck,main_office,Main Office,1.54,2.24,42.3,5545.0,8.6,3.72,0.948,84.1,operational,0.036,False
2026-08-28 01:50:22.400462,vehicle_000,vehicle,Garbage Truck,main_office,Main Office,1.54,2.4,48.6,5943.0,16.0,36.14,0.948,91.6,operational,0.037,False
2026-08-29 01:50:22.400462,vehicle_000,vehicle,Garbage Truck,main_office,Main Office,1.54,2.82,49.2,5544.0,8.3,41.67,0.947,95.5,operational,0.038,False
2026-08-30 01:50:22.400462,vehicle_000,vehicle,Garbage Truck,main_office,Main Office,1.55,2.59,50.2,5521.0,7.7,47.99,0.946,95.6,operational,0.038,False
2026-08-31 01:50:22.400462,vehicle_000,vehicle,Garbage Truck,main_office,Main Office,1.55,3.07,46.4,5450.0,6.3,6.21,0.945,95.4,operational,0.039,False
2026-09-01 01:50:22.400462,vehicle_000,vehicle,Garbage Truck,main_office,Main Office,1.55,1.64,52.0,5920.0,14.4,16.88,0.945,92.5,operational,0.04,False
2026-09-02 01:50:22.400462,vehicle_000,vehicle,Garbage Truck,main_office,Main Office,1.56,2.83,51.1,5943.0,14.6,36.98,0.944,90.3,operational,0.04,False
2026-09-03 01:50:22.400462,vehicle_000,vehicle,Garbage Truck,main_office,Main Office,1.56,2.72,43.6,5487.0,6.6,15.76,0.943,90.0,operational,0.041,False
2026-09-04 01:50:22.400462,vehicle_000,vehicle,Garbage Truck,main_office,Main Office,1.56,2.45,54.8,5699.0,10.0,2.83,0.942,91.0,operational,0.042,False
2026-09-05 01:50:22.400462,vehicle_000,vehicle,Garbage Truck,main_office,Main Office,1.56,2.7,45.2,5948.0,13.9,55.3,0.942,89.5,operational,0.043,False
2026-09-06 01:50:22.400462,vehicle_000,vehicle,Garbage Truck,main_office,Main Office,1.57,3.07,47.2,5928.0,13.4,39.08,0.941,93.2,operational,0.043,False
2026-09-07 01:50:22.400462,vehicle_000,vehicle,Garbage Truck,main_office,Main Office,1.57,2.08,50.7,5891.0,12.6,52.19,0.94,96.7,operational,0.044,False
2026-09-08 01:50:22.400462,vehicle_000,vehicle,Garbage Truck,main_office,Main Office,1.57,1.98,50.4,6010.0,14.3,32.09,0.94,95.1,operational,0.045,False
2026-09-09 01:50:22.400462,vehicle_000,vehicle,Garbage Truck,main_office,Main Office,1.57,3.34,42.5,6081.0,15.1,19.92,0.939,92.0,operational,0.045,False
2026-09-10 01:50:22.400462,vehicle_000,vehicle,Garbage Truck,main_office,Main Office,1.58,2.67,45.6,5865.0,11.6,7.86,0.938,92.6,operational,0.046,False
2026-09-11 01:50:22.400462,vehicle_000,vehicle,Garbage Truck,main_office,Main Office,1.58,2.85,47.6,6125.0,15.3,5.57,0.937,90.7,operational,0.047,False
2026-09-12 01:50:22.400462,vehicle_000,vehicle,Garbage Truck,main_office,Main Office,1.58,2.31,51.3,6118.0,15.0,19.3,0.937,91.3,operational,0.047,False
2026-09-13 01:50:22.400462,vehicle_000,vehicle,Garbage Truck,main_office,Main Office,1.59,2.2,44.1,5743.0,9.4,46.06,0.936,90.4,operational,0.048,False
2026-09-14 01:50:22.400462,vehicle_000,vehicle,Garbage Truck,main_office,Main Office,1.59,2.47,48.5,6161.0,15.2,25.16,0.935,95.2,operational,0.049,False
2026-09-15 01:50:22.400462,vehicle_000,vehicle,Garbage Truck,main_office,Main Office,1.59,2.52,46.2,5791.0,9.8,11.75,0.935,94.1,operational,0.05,False
2026-09-16 01:50:22.400462,vehicle_000,vehicle,Garbage Truck,main_office,Main Office,1.59,2.73,53.8,6061.0,13.4,38.88,0.934,89.4,operational,0.05,False
2026-09-17 01:50:22.400462,vehicle_000,vehicle,Garbage Truck,main_office,Main Office,1.6,1.74,49.4,6145.0,14.4,38.56,0.933,93.3,operational,0.051,False
2026-09-18 01:50:22.400462,vehicle_000,vehicle,Garbage Truck,main_office,Main Office,1.6,2.36,54.7,6075.0,13.2,31.08,0.932,87.8,operational,0.052,False
2026-09-19 01:50:22.400462,vehicle_000,vehicle,Garbage Truck,main_office,Main Office,1.6,2.5,51.4,5570.0,6.3,34.22,0.932,87.7,operational,0.052,False
2026-09-20 01:50:22.400462,vehicle_000,vehicle,Garbage Truck,main_office,Main Office,1.6,2.67,48.0,5610.0,6.8,47.78,0.931,92.1,operational,0.053,False
2026-09-21 01:50:22.400462,vehicle_000,vehicle,Garbage Truck,main_office,Main Office,1.61,3.18,49.9,5621.0,6.8,19.25,0.93,93.0,operational,0.054,False
2026-09-22 01:50:22.400462,vehicle_000,vehicle,Garbage Truck,main_office,Main Office,1.61,3.1,42.1,6214.0,14.3,45.26,0.929,90.5,operational,0.054,False
2026-09-23 01:50:22.400462,vehicle_000,vehicle,Garbage Truck,main_office,Main Office,1.61,2.76,48.8,6110.0,12.8,51.33,0.929,90.5,operational,0.055,False
2026-09-24 01:50:22.400462,vehicle_000,vehicle,Garbage Truck,main_office,Main Office,1.62,2.6,49.4,6043.0,11.8,12.15,0.928,90.1,operational,0.056,False
2026-09-25 01:50:22.400462,vehicle_000,vehicle,Garbage Truck,main_office,Main Office,1.62,2.44,49.9,5618.0,6.4,30.04,0.927,89.1,operational,0.057,False
2026-09-26 01:50:22.400462,vehicle_000,vehicle,Garbage Truck,main_office,Main Office,1.62,2.88,44.4,5606.0,6.2,10.3,0.927,89.4,operational,0.057,False
2026-09-27 01:50:22.400462,vehicle_000,vehicle,Garbage Truck,main_office,Main Office,1.62,2.02,45.8,5606.0,6.1,30.59,0.926,89.2,operational,0.058,False
2026-09-28 01:50:22.400462,vehicle_000,vehicle,Garbage Truck,main_office,Main Office,1.63,2.78,48.5,6599.0,17.9,49.12,0.925,86.6,operational,0.059,False
2026-09-29 01:50:22.400462,vehicle_000,vehicle,Garbage Truck,main_office,Main Office,1.63,2.38,47.2,6582.0,17.5,33.47,0.924,82.3,operational,0.059,False
2026-09-30 01:50:22.400462,vehicle_000,vehicle,Garbage Truck,main_office,Main Office,1.63,2.87,44.4,5985.0,10.3,23.59,0.924,85.9,operational,0.06,False
2026-10-01 01:50:22.400462,vehicle_000,vehicle,Garbage Truck,main_office,Main Office,1.63,3.05,53.5,5891.0,9.1,32.01,0.923,91.1,operational,0.061,False
2026-10-02 01:50:22.400462,vehicle_000,vehicle,Garbage Truck,main_office,Main Office,1.64,3.1,50.1,6148.0,11.9,24.58,0.922,89.2,operational,0.061,False
2026-10-03 01:50:22.400462,vehicle_000,vehicle,Garbage Truck,main_office,Main Office,1.64,2.56,40.7,5818.0,8.1,36.79,0.921,89.9,operational,0.062,False
2026-07-06 01:50:22.400462,vehicle_001,vehicle,Water Tanker,public_hall,Public Hall,8.76,5.22,62.3,31964.0,17.7,25.55,0.912,72.6,operational,0.002,False
2026-07-07 01:50:22.400462,vehicle_001,vehicle,Water Tanker,public_hall,Public Hall,8.76,3.58,60.8,31981.0,17.9,28.53,0.908,73.5,operational,0.004,False
2026-07-08 01:50:22.400462,vehicle_001,vehicle,Water Tanker,public_hall,Public Hall,8.76,4.82,63.4,31985.0,10.6,20.38,0.904,69.1,operational,0.009,False
2026-07-09 01:50:22.400462,vehicle_001,vehicle,Water Tanker,public_hall,Public Hall,8.77,4.4,60.2,31988.0,8.3,7.7,0.899,82.3,operational,0.013,False
2026-07-10 01:50:22.400462,vehicle_001,vehicle,Water Tanker,public_hall,Public Hall,8.77,4.85,62.8,31993.0,7.5,31.73,0.895,71.9,operational,0.018,False
2026-07-11 01:50:22.400462,vehicle_001,vehicle,Water Tanker,public_hall,Public Hall,8.77,4.33,58.9,32028.0,12.9,29.68,0.89,71.7,operational,0.022,False
2026-07-12 01:50:22.400462,vehicle_001,vehicle,Water Tanker,public_hall,Public Hall,8.77,3.89,60.6,32014.0,8.4,36.16,0.886,70.8,operational,0.026,False
2026-07-13 01:50:22.400462,vehicle_001,vehicle,Water Tanker,public_hall,Public Hall,8.78,3.81,59.2,32030.0,9.5,2.54,0.882,70.2,operational,0.031,False
2026-07-14 01:50:22.400462,vehicle_001,vehicle,Water Tanker,public_hall,Public Hall,8.78,4.56,61.6,32091.0,16.0,39.07,0.877,70.4,operational,0.035,False
2026-07-15 01:50:22.400462,vehicle_001,vehicle,Water Tanker,public_hall,Public Hall,8.78,5.55,64.9,32096.0,14.8,7.12,0.873,65.9,operational,0.045,False
2026-07-16 01:50:22.400462,vehicle_001,vehicle,Water Tanker,public_hall,Public Hall,8.78,5.26,59.1,32100.0,13.7,5.58,0.868,66.2,operational,0.046,False
2026-07-17 01:50:22.400462,vehicle_001,vehicle,Water Tanker,public_hall,Public Hall,8.79,4.36,60.7,32102.0,12.6,5.3,0.864,72.0,operational,0.048,False
2026-07-18 01:50:22.400462,vehicle_001,vehicle,Water Tanker,public_hall,Public Hall,8.79,4.42,63.4,32068.0,8.7,30.42,0.86,66.0,operational,0.053,False
2026-07-19 01:50:22.400462,vehicle_001,vehicle,Water Tanker,public_hall,Public Hall,8.79,5.19,56.7,32098.0,10.4,25.81,0.855,70.2,operational,0.059,False
2026-07-20 01:50:22.400462,vehicle_001,vehicle,Water Tanker,public_hall,Public Hall,8.8,4.66,67.1,32211.0,17.6,27.86,0.851,66.9,operational,0.061,False
2026-07-21 01:50:22.400462,vehicle_001,vehicle,Water Tanker,public_hall,Public Hall,8.8,5.17,64.0,32217.0,16.9,38.59,0.846,70.4,operational,0.067,False
2026-07-22 01:50:22.400462,vehicle_001,vehicle,Water Tanker,public_hall,Public Hall,8.8,5.15,60.3,32120.0,9.8,4.11,0.842,69.9,operational,0.072,False
2026-07-23 01:50:22.400462,vehicle_001,vehicle,Water Tanker,public_hall,Public Hall,8.8,4.69,65.0,32234.0,15.9,27.08,0.838,69.4,operational,0.074,False
2026-07-24 01:50:22.400462,vehicle_001,vehicle,Water Tanker,public_hall,Public Hall,8.81,5.27,64.6,32183.0,12.2,48.3,0.833,65.9,operational,0.081,False
2026-07-25 01:50:22.400462,vehicle_001,vehicle,Water Tanker,public_hall,Public Hall,8.81,3.98,55.5,32297.0,17.5,8.86,0.829,68.3,operational,0.083,False
2026-07-26 01:50:22.400462,vehicle_001,vehicle,Water Tanker,public_hall,Public Hall,8.81,4.77,65.3,32162.0,9.9,44.81,0.824,68.4,operational,0.088,False
2026-07-27 01:50:22.400462,vehicle_001,vehicle,Water Tanker,public_hall,Public Hall,8.81,4.61,59.4,32164.0,9.5,6.52,0.82,67.6,operational,0.092,False
2026-07-28 01:50:22.400462,vehicle_001,vehicle,Water Tanker,public_hall,Public Hall,8.82,4.37,62.5,32343.0,17.2,35.81,0.815,61.3,operational,0.096,False
2026-07-29 01:50:22.400462,vehicle_001,vehicle,Water Tanker,public_hall,Public Hall,8.82,4.78,61.7,32363.0,17.4,12.65,0.811,68.0,operational,0.101,False
2026-07-30 01:50:22.400462,vehicle_001,vehicle,Water Tanker,public_hall,Public Hall,8.82,3.88,61.5,32114.0,6.3,37.93,0.807,58.2,maintenance_needed,0.105,True
2026-07-31 01:50:22.400462,vehicle_001,vehicle,Water Tanker,public_hall,Public Hall,8.83,4.44,60.7,32238.0,11.0,16.12,0.802,68.6,operational,0.109,False
2026-08-01 01:50:22.400462,vehicle_001,vehicle,Water Tanker,public_hall,Public Hall,8.83,4.45,62.6,32235.0,10.4,34.67,0.798,57.2,maintenance_needed,0.114,True
2026-08-02 01:50:22.400462,vehicle_001,vehicle,Water Tanker,public_hall,Public Hall,8.83,5.95,59.9,32302.0,12.5,3.68,0.793,53.1,maintenance_needed,0.128,True
2026-08-03 01:50:22.400462,vehicle_001,vehicle,Water Tanker,public_hall,Public Hall,8.83,5.24,63.1,32440.0,17.0,21.47,0.789,58.8,maintenance_needed,0.125,True
2026-08-04 01:50:22.400462,vehicle_001,vehicle,Water Tanker,public_hall,Public Hall,8.84,3.85,63.6,32168.0,7.1,55.12,0.785,60.3,operational,0.127,False
2026-08-05 01:50:22.400462,vehicle_001,vehicle,Water Tanker,public_hall,Public Hall,8.84,4.39,58.2,32336.0,12.4,61.48,0.78,60.4,operational,0.131,False
2026-08-06 01:50:22.400462,vehicle_001,vehicle,Water Tanker,public_hall,Public Hall,8.84,5.66,64.0,32264.0,9.7,26.47,0.776,50.6,maintenance_needed,0.142,True
2026-08-07 01:50:22.400462,vehicle_001,vehicle,Water Tanker,public_hall,Public Hall,8.84,4.76,64.4,32171.0,6.5,32.67,0.771,61.4,operational,0.14,False
2026-08-08 01:50:22.400462,vehicle_001,vehicle,Water Tanker,public_hall,Public Hall,8.85,5.12,60.6,32341.0,11.4,64.98,0.767,62.8,operational,0.146,False
2026-08-09 01:50:22.400462,vehicle_001,vehicle,Water Tanker,public_hall,Public Hall,8.85,4.82,66.8,32177.0,6.3,23.98,0.763,57.0,maintenance_needed,0.149,True
2026-08-10 01:50:22.400462,vehicle_001,vehicle,Water Tanker,public_hall,Public Hall,8.85,4.76,61.6,32232.0,7.7,38.1,0.758,58.3,maintenance_needed,0.15,True
2026-08-11 01:50:22.400462,vehicle_001,vehicle,Water Tanker,public_hall,Public Hall,8.86,4.36,69.8,32434.0,13.1,62.92,0.754,58.8,maintenance_needed,0.15,True
2026-08-12 01:50:22.400462,vehicle_001,vehicle,Water Tanker,public_hall,Public Hall,8.86,4.44,62.4,32520.0,15.0,40.57,0.749,58.2,maintenance_needed,0.15,True
2026-08-13 01:50:22.400462,vehicle_001,vehicle,Water Tanker,public_hall,Public Hall,8.86,4.91,65.2,32439.0,12.5,37.16,0.745,56.7,maintenance_needed,0.15,True
2026-08-14 01:50:22.400462,vehicle_001,vehicle,Water Tanker,public_hall,Public Hall,8.86,4.62,66.1,32524.0,14.4,48.44,0.741,58.7,maintenance_needed,0.15,True
2026-08-15 01:50:22.400462,vehicle_001,vehicle,Water Tanker,public_hall,Public Hall,8.87,4.87,61.5,32395.0,10.8,24.1,0.736,53.3,maintenance_needed,0.15,True
2026-08-16 01:50:22.400462,vehicle_001,vehicle,Water Tanker,public_hall,Public Hall,8.87,3.83,66.0,32279.0,7.7,52.88,0.732,57.1,maintenance_needed,0.15,True
2026-08-17 01:50:22.400462,vehicle_001,vehicle,Water Tanker,public_hall,Public Hall,8.87,4.54,64.4,32550.0,14.0,8.53,0.727,53.8,maintenance_needed,0.15,True
2026-08-18 01:50:22.400462,vehicle_001,vehicle,Water Tanker,public_hall,Public Hall,8.87,5.01,64.0,32294.0,7.7,46.69,0.723,52.9,maintenance_needed,0.15,True
2026-08-19 01:50:22.400462,vehicle_001,vehicle,Water Tanker,public_hall,Public Hall,8.88,5.5,61.1,32590.0,14.2,60.64,0.719,50.8,maintenance_needed,0.15,True
2026-08-20 01:50:22.400462,vehicle_001,vehicle,Water Tanker,public_hall,Public Hall,8.88,4.51,59.9,32383.0,9.3,41.42,0.714,59.4,maintenance_needed,0.15,True
2026-08-21 01:50:22.400462,vehicle_001,vehicle,Water Tanker,public_hall,Public Hall,8.88,5.33,66.1,32620.0,14.3,70.21,0.71,44.2,maintenance_needed,0.15,True
2026-08-22 01:50:22.400462,vehicle_001,vehicle,Water Tanker,public_hall,Public Hall,8.89,4.1,65.6,32613.0,13.8,61.09,0.705,55.1,maintenance_needed,0.15,True
2026-08-23 01:50:22.400462,vehicle_001,vehicle,Water Tanker,public_hall,Public Hall,8.89,4.8,63.0,32370.0,8.5,24.24,0.701,51.5,maintenance_needed,0.15,True
2026-08-24 01:50:22.400462,vehicle_001,vehicle,Water Tanker,public_hall,Public Hall,8.89,4.72,59.9,32614.0,13.3,12.35,0.697,55.2,maintenance_needed,0.15,True
2026-08-25 01:50:22.400462,vehicle_001,vehicle,Water Tanker,public_hall,Public Hall,8.89,4.46,60.3,32593.0,12.6,27.29,0.692,48.9,maintenance_needed,0.15,True
2026-08-26 01:50:22.400462,vehicle_001,vehicle,Water Tanker,public_hall,Public Hall,8.9,4.85,66.1,32532.0,11.1,61.31,0.688,49.6,maintenance_needed,0.15,True
2026-08-27 01:50:22.400462,vehicle_001,vehicle,Water Tanker,public_hall,Public Hall,8.9,5.22,63.6,32445.0,9.3,63.08,0.683,44.7,maintenance_needed,0.15,True
2026-08-28 01:50:22.400462,vehicle_001,vehicle,Water Tanker,public_hall,Public Hall,8.9,5.6,61.7,32595.0,11.9,12.34,0.679,47.9,maintenance_needed,0.15,True
2026-08-29 01:50:22.400462,vehicle_001,vehicle,Water Tanker,public_hall,Public Hall,8.91,4.91,59.2,32387.0,7.8,16.16,0.675,47.4,maintenance_needed,0.15,True
2026-08-30 01:50:22.400462,vehicle_001,vehicle,Water Tanker,public_hall,Public Hall,8.91,4.85,57.4,32495.0,9.7,24.68,0.67,52.8,maintenance_needed,0.15,True
2026-08-31 01:50:22.400462,vehicle_001,vehicle,Water Tanker,public_hall,Public Hall,8.91,4.47,63.1,32615.0,11.6,11.09,0.666,48.2,maintenance_needed,0.15,True
2026-09-01 01:50:22.400462,vehicle_001,vehicle,Water Tanker,public_hall,Public Hall,8.91,4.43,63.4,32885.0,16.2,72.65,0.661,47.3,maintenance_needed,0.15,True
2026-09-02 01:50:22.400462,vehicle_001,vehicle,Water Tanker,public_hall,Public Hall,8.92,3.74,60.3,32867.0,15.6,18.23,0.657,49.2,maintenance_needed,0.15,True
2026-09-03 01:50:22.400462,vehicle_001,vehicle,Water Tanker,public_hall,Public Hall,8.92,3.6,63.9,32613.0,11.0,10.7,0.652,42.9,maintenance_needed,0.15,True
2026-09-04 01:50:22.400462,vehicle_001,vehicle,Water Tanker,public_hall,Public Hall,8.92,4.48,62.4,32578.0,10.2,40.31,0.648,53.9,maintenance_needed,0.15,True
2026-09-05 01:50:22.400462,vehicle_001,vehicle,Water Tanker,public_hall,Public Hall,8.92,5.16,62.5,32406.0,7.3,36.73,0.644,44.3,maintenance_needed,0.15,True
2026-09-06 01:50:22.400462,vehicle_001,vehicle,Water Tanker,public_hall,Public Hall,8.93,4.09,55.8,32457.0,8.0,55.45,0.639,44.2,maintenance_needed,0.15,True
2026-09-07 01:50:22.400462,vehicle_001,vehicle,Water Tanker,public_hall,Public Hall,8.93,4.89,64.6,32650.0,10.9,64.11,0.635,40.8,maintenance_needed,0.15,True
2026-09-08 01:50:22.400462,vehicle_001,vehicle,Water Tanker,public_hall,Public Hall,8.93,4.9,60.3,32717.0,11.8,74.72,0.63,49.0,maintenance_needed,0.15,True
2026-09-09 01:50:22.400462,vehicle_001,vehicle,Water Tanker,public_hall,Public Hall,8.94,4.26,63.0,32896.0,14.3,20.23,0.626,46.7,maintenance_needed,0.15,True
2026-09-10 01:50:22.400462,vehicle_001,vehicle,Water Tanker,public_hall,Public Hall,8.94,4.77,59.5,32529.0,8.6,47.28,0.622,47.4,maintenance_needed,0.15,True
2026-09-11 01:50:22.400462,vehicle_001,vehicle,Water Tanker,public_hall,Public Hall,8.94,4.33,65.1,33024.0,15.8,41.79,0.617,48.2,maintenance_needed,0.15,True
2026-09-12 01:50:22.400462,vehicle_001,vehicle,Water Tanker,public_hall,Public Hall,8.94,4.23,63.0,32630.0,9.8,83.22,0.613,38.6,maintenance_needed,0.15,True
2026-09-13 01:50:22.400462,vehicle_001,vehicle,Water Tanker,public_hall,Public Hall,8.95,5.35,63.6,32620.0,9.5,47.93,0.608,37.2,maintenance_needed,0.15,True
2026-09-14 01:50:22.400462,vehicle_001,vehicle,Water Tanker,public_hall,Public Hall,8.95,4.94,65.5,32694.0,10.4,83.75,0.604,45.8,maintenance_needed,0.15,True
2026-09-15 01:50:22.400462,vehicle_001,vehicle,Water Tanker,public_hall,Public Hall,8.95,4.23,63.5,33079.0,15.7,9.9,0.6,40.2,maintenance_needed,0.15,True
2026-09-16 01:50:22.400462,vehicle_001,vehicle,Water Tanker,public_hall,Public Hall,8.95,4.51,63.6,32679.0,9.9,46.74,0.595,38.0,maintenance_needed,0.15,True
2026-09-17 01:50:22.400462,vehicle_001,vehicle,Water Tanker,public_hall,Public Hall,8.96,4.4,64.2,32791.0,11.3,17.63,0.591,42.3,maintenance_needed,0.15,True
2026-09-18 01:50:22.400462,vehicle_001,vehicle,Water Tanker,public_hall,Public Hall,8.96,4.31,58.0,32516.0,7.5,14.79,0.586,43.5,maintenance_needed,0.15,True
2026-09-19 01:50:22.400462,vehicle_001,vehicle,Water Tanker,public_hall,Public Hall,8.96,4.7,60.8,33221.0,16.8,15.79,0.582,33.3,maintenance_needed,0.15,True
2026-09-20 01:50:22.400462,vehicle_001,vehicle,Water Tanker,public_hall,Public Hall,8.97,5.44,54.6,32812.0,11.2,86.05,0.578,40.7,maintenance_needed,0.15,True
2026-09-21 01:50:22.400462,vehicle_001,vehicle,Water Tanker,public_hall,Public Hall,8.97,5.03,65.3,33324.0,17.7,7.83,0.573,38.0,maintenance_needed,0.15,True
2026-09-22 01:50:22.400462,vehicle_001,vehicle,Water Tanker,public_hall,Public Hall,8.97,5.17,63.5,32750.0,10.1,75.13,0.569,36.2,maintenance_needed,0.15,True
2026-09-23 01:50:22.400462,vehicle_001,vehicle,Water Tanker,public_hall,Public Hall,8.97,4.72,62.9,32458.0,6.3,65.41,0.564,37.8,maintenance_needed,0.15,True
2026-09-24 01:50:22.400462,vehicle_001,vehicle,Water Tanker,public_hall,Public Hall,8.98,5.31,59.9,33175.0,15.1,86.83,0.56,38.9,maintenance_needed,0.15,True
2026-09-25 01:50:22.400462,vehicle_001,vehicle,Water Tanker,public_hall,Public Hall,8.98,5.33,56.4,33043.0,13.3,70.38,0.556,41.0,maintenance_needed,0.15,True
2026-09-26 01:50:22.400462,vehicle_001,vehicle,Water Tanker,public_hall,Public Hall,8.98,5.6,64.4,33214.0,15.3,23.43,0.551,34.2,maintenance_needed,0.15,True
2026-09-27 01:50:22.400462,vehicle_001,vehicle,Water Tanker,public_hall,Public Hall,8.98,4.43,60.3,32540.0,6.9,75.78,0.547,44.8,maintenance_needed,0.15,True
2026-09-28 01:50:22.400462,vehicle_001,vehicle,Water Tanker,public_hall,Public Hall,8.99,4.59,62.1,32675.0,8.5,14.5,0.542,35.6,maintenance_needed,0.15,True
2026-09-29 01:50:22.400462,vehicle_001,vehicle,Water Tanker,public_hall,Public Hall,8.99,4.28,61.2,32498.0,6.3,43.12,0.538,36.4,maintenance_needed,0.15,True
2026-09-30 01:50:22.400462,vehicle_001,vehicle,Water Tanker,public_hall,Public Hall,8.99,5.48,58.6,33165.0,14.0,62.63,0.534,35.1,maintenance_needed,0.15,True
2026-10-01 01:50:22.400462,vehicle_001,vehicle,Water Tanker,public_hall,Public Hall,9.0,4.97,64.6,32605.0,7.4,77.11,0.529,31.0,maintenance_needed,0.15,True
2026-10-02 01:50:22.400462,vehicle_001,vehicle,Water Tanker,public_hall,Public Hall,9.0,4.93,63.2,32908.0,10.7,33.38,0.525,39.0,maintenance_needed,0.15,True
2026-10-03 01:50:22.400462,vehicle_001,vehicle,Water Tanker,public_hall,Public Hall,9.0,3.8,63.3,33331.0,15.4,39.94,0.52,35.5,maintenance_needed,0.15,True
2026-07-06 01:50:22.400462,vehicle_002,vehicle,Inspection Van,records_room,Records & Archives,5.71,3.92,59.3,20859.0,13.3,20.04,0.943,82.2,operational,0.0,False
2026-07-07 01:50:22.400462,vehicle_002,vehicle,Inspection Van,records_room,Records & Archives,5.72,4.02,53.6,20873.0,13.7,35.18,0.94,79.9,operational,0.003,False
2026-07-08 01:50:22.400462,vehicle_002,vehicle,Inspection Van,records_room,Records & Archives,5.72,3.43,55.1,20877.0,8.9,43.87,0.937,80.6,operational,0.006,False
2026-07-09 01:50:22.400462,vehicle_002,vehicle,Inspection Van,records_room,Records & Archives,5.72,2.54,57.6,20912.0,17.7,29.18,0.934,84.0,operational,0.009,False
2026-07-10 01:50:22.400462,vehicle_002,vehicle,Inspection Van,records_room,Records & Archives,5.73,4.29,57.7,20922.0,15.8,7.49,0.931,77.5,operational,0.011,False
2026-07-11 01:50:22.400462,vehicle_002,vehicle,Inspection Van,records_room,Records & Archives,5.73,4.02,57.5,20917.0,11.7,14.26,0.928,92.3,operational,0.014,False
2026-07-12 01:50:22.400462,vehicle_002,vehicle,Inspection Van,records_room,Records & Archives,5.73,3.3,58.6,20954.0,15.9,7.71,0.926,82.7,operational,0.017,False
2026-07-13 01:50:22.400462,vehicle_002,vehicle,Inspection Van,records_room,Records & Archives,5.73,3.81,56.6,20962.0,14.7,18.35,0.923,84.0,operational,0.02,False
2026-07-14 01:50:22.400462,vehicle_002,vehicle,Inspection Van,records_room,Records & Archives,5.74,4.34,56.0,20935.0,9.5,50.69,0.92,75.5,operational,0.023,False
2026-07-15 01:50:22.400462,vehicle_002,vehicle,Inspection Van,records_room,Records & Archives,5.74,3.61,56.7,20985.0,14.0,24.15,0.917,79.3,operational,0.026,False
2026-07-16 01:50:22.400462,vehicle_002,vehicle,Inspection Van,records_room,Records & Archives,5.74,3.56,58.1,21007.0,14.8,30.45,0.914,81.2,operational,0.029,False
2026-07-17 01:50:22.400462,vehicle_002,vehicle,Inspection Van,records_room,Records & Archives,5.74,4.14,52.0,20950.0,8.3,17.92,0.911,80.3,operational,0.031,False
2026-07-18 01:50:22.400462,vehicle_002,vehicle,Inspection Van,records_room,Records & Archives,5.75,3.44,56.4,21022.0,13.6,45.53,0.908,81.1,operational,0.034,False
2026-07-19 01:50:22.400462,vehicle_002,vehicle,Inspection Van,records_room,Records & Archives,5.75,3.4,54.8,21032.0,13.3,24.45,0.905,74.9,operational,0.037,False
2026-07-20 01:50:22.400462,vehicle_002,vehicle,Inspection Van,records_room,Records & Archives,5.75,3.74,61.4,20962.0,7.4,19.47,0.902,75.6,operational,0.04,False
2026-07-21 01:50:22.400462,vehicle_002,vehicle,Inspection Van,records_room,Records & Archives,5.76,3.59,55.6,21050.0,12.7,25.26,0.9,80.9,operational,0.043,False
2026-07-22 01:50:22.400462,vehicle_002,vehicle,Inspection Van,records_room,Records & Archives,5.76,3.98,52.8,20959.0,6.3,42.14,0.897,80.1,operational,0.046,False
2026-07-23 01:50:22.400462,vehicle_002,vehicle,Inspection Van,records_room,Records & Archives,5.76,3.23,57.4,21033.0,10.2,6.38,0.894,79.9,operational,0.049,False
2026-07-24 01:50:22.400462,vehicle_002,vehicle,Inspection Van,records_room,Records & Archives,5.76,3.47,57.3,21171.0,17.3,32.62,0.891,76.9,operational,0.051,False
2026-07-25 01:50:22.400462,vehicle_002,vehicle,Inspection Van,records_room,Records & Archives,5.77,4.05,52.4,21187.0,17.3,39.45,0.888,78.8,operational,0.054,False
2026-07-26 01:50:22.400462,vehicle_002,vehicle,Inspection Van,records_room,Records & Archives,5.77,2.86,56.4,21003.0,7.2,38.88,0.885,79.4,operational,0.057,False
2026-07-27 01:50:22.400462,vehicle_002,vehicle,Inspection Van,records_room,Records & Archives,5.77,3.85,58.4,21169.0,14.8,39.96,0.882,74.8,operational,0.06,False
2026-07-28 01:50:22.400462,vehicle_002,vehicle,Inspection Van,records_room,Records & Archives,5.78,4.33,56.2,21102.0,11.0,39.91,0.879,75.4,operational,0.063,False
2026-07-29 01:50:22.400462,vehicle_002,vehicle,Inspection Van,records_room,Records & Archives,5.78,3.92,56.9,21198.0,14.7,25.63,0.877,71.4,operational,0.066,False
2026-07-30 01:50:22.400462,vehicle_002,vehicle,Inspection Van,records_room,Records & Archives,5.78,3.29,57.6,21267.0,17.0,3.06,0.874,76.5,operational,0.069,False
2026-07-31 01:50:22.400462,vehicle_002,vehicle,Inspection Van,records_room,Records & Archives,5.78,4.41,51.8,21126.0,10.7,23.85,0.871,76.3,operational,0.071,False
2026-08-01 01:50:22.400462,vehicle_002,vehicle,Inspection Van,records_room,Records & Archives,5.79,2.91,55.4,21277.0,16.1,33.55,0.868,77.6,operational,0.074,False
2026-08-02 01:50:22.400462,vehicle_002,vehicle,Inspection Van,records_room,Records & Archives,5.79,3.89,61.1,21149.0,10.8,37.01,0.865,75.5,operational,0.077,False
2026-08-03 01:50:22.400462,vehicle_002,vehicle,Inspection Van,records_room,Records & Archives,5.79,3.37,59.8,21288.0,15.3,22.8,0.862,72.1,operational,0.08,False
2026-08-04 01:50:22.400462,vehicle_002,vehicle,Inspection Van,records_room,Records & Archives,5.79,4.23,58.1,21349.0,16.9,30.2,0.859,74.9,operational,0.083,False
2026-08-05 01:50:22.400462,vehicle_002,vehicle,Inspection Van,records_room,Records & Archives,5.8,3.77,57.2,21311.0,15.1,12.73,0.856,71.6,operational,0.086,False
2026-08-06 01:50:22.400462,vehicle_002,vehicle,Inspection Van,records_room,Records & Archives,5.8,3.74,56.0,21224.0,11.8,29.43,0.853,71.9,operational,0.089,False
2026-08-07 01:50:22.400462,vehicle_002,vehicle,Inspection Van,records_room,Records & Archives,5.8,4.08,56.4,21433.0,17.9,32.73,0.851,78.6,operational,0.091,False
2026-08-08 01:50:22.400462,vehicle_002,vehicle,Inspection Van,records_room,Records & Archives,5.81,2.71,51.0,21183.0,9.8,15.85,0.848,71.3,operational,0.094,False
2026-08-09 01:50:22.400462,vehicle_002,vehicle,Inspection Van,records_room,Records & Archives,5.81,3.61,58.8,21418.0,16.4,24.34,0.845,75.2,operational,0.097,False
2026-08-10 01:50:22.400462,vehicle_002,vehicle,Inspection Van,records_room,Records & Archives,5.81,3.55,57.6,21134.0,7.9,3.3,0.842,75.4,operational,0.1,False
2026-08-11 01:50:22.400462,vehicle_002,vehicle,Inspection Van,records_room,Records & Archives,5.81,3.37,53.8,21326.0,13.0,42.39,0.839,73.5,operational,0.103,False
2026-08-12 01:50:22.400462,vehicle_002,vehicle,Inspection Van,records_room,Records & Archives,5.82,3.89,53.3,21222.0,9.8,30.51,0.836,73.0,operational,0.106,False
2026-08-13 01:50:22.400462,vehicle_002,vehicle,Inspection Van,records_room,Records & Archives,5.82,3.13,56.4,21286.0,11.2,5.82,0.833,72.5,operational,0.109,False
2026-08-14 01:50:22.400462,vehicle_002,vehicle,Inspection Van,records_room,Records & Archives,5.82,3.21,51.9,21271.0,10.6,36.97,0.83,69.4,operational,0.111,False
2026-08-15 01:50:22.400462,vehicle_002,vehicle,Inspection Van,records_room,Records & Archives,5.82,3.77,55.6,21225.0,9.1,40.16,0.827,74.3,operational,0.114,False
2026-08-16 01:50:22.400462,vehicle_002,vehicle,Inspection Van,records_room,Records & Archives,5.83,3.93,55.1,21470.0,14.9,44.85,0.825,72.1,operational,0.117,False
2026-08-17 01:50:22.400462,vehicle_002,vehicle,Inspection Van,records_room,Records & Archives,5.83,2.99,57.2,21141.0,6.7,11.51,0.822,68.1,operational,0.12,False
2026-08-18 01:50:22.400462,vehicle_002,vehicle,Inspection Van,records_room,Records & Archives,5.83,4.33,53.4,21576.0,16.7,50.37,0.819,67.8,operational,0.123,False
2026-08-19 01:50:22.400462,vehicle_002,vehicle,Inspection Van,records_room,Records & Archives,5.84,2.63,60.3,21417.0,12.7,44.47,0.816,65.7,operational,0.126,False
2026-08-20 01:50:22.400462,vehicle_002,vehicle,Inspection Van,records_room,Records & Archives,5.84,3.37,54.2,21238.0,8.4,15.99,0.813,69.2,operational,0.129,False
2026-08-21 01:50:22.400462,vehicle_002,vehicle,Inspection Van,records_room,Records & Archives,5.84,3.89,53.2,21429.0,12.4,39.52,0.81,72.4,operational,0.131,False
2026-08-22 01:50:22.400462,vehicle_002,vehicle,Inspection Van,records_room,Records & Archives,5.84,4.47,53.4,21521.0,14.1,4.61,0.807,73.2,operational,0.134,False
2026-08-23 01:50:22.400462,vehicle_002,vehicle,Inspection Van,records_room,Records & Archives,5.85,3.94,52.6,21275.0,8.7,9.26,0.804,70.1,operational,0.137,False
2026-08-24 01:50:22.400462,vehicle_002,vehicle,Inspection Van,records_room,Records & Archives,5.85,3.73,58.7,21293.0,8.9,38.92,0.801,69.2,operational,0.14,False
2026-08-25 01:50:22.400462,vehicle_002,vehicle,Inspection Van,records_room,Records & Archives,5.85,3.34,60.4,21652.0,15.9,3.95,0.799,72.6,operational,0.143,False
2026-08-26 01:50:22.400462,vehicle_002,vehicle,Inspection Van,records_room,Records & Archives,5.85,3.73,54.7,21776.0,18.0,31.51,0.796,71.9,operational,0.146,False
2026-08-27 01:50:22.400462,vehicle_002,vehicle,Inspection Van,records_room,Records & Archives,5.86,3.55,54.9,21569.0,13.7,20.6,0.793,64.1,operational,0.149,False
2026-08-28 01:50:22.400462,vehicle_002,vehicle,Inspection Van,records_room,Records & Archives,5.86,3.04,55.9,21745.0,16.7,40.06,0.79,70.9,operational,0.15,False
2026-08-29 01:50:22.400462,vehicle_002,vehicle,Inspection Van,records_room,Records & Archives,5.86,3.62,61.5,21263.0,7.5,67.05,0.787,65.5,operational,0.15,False
2026-08-30 01:50:22.400462,vehicle_002,vehicle,Inspection Van,records_room,Records & Archives,5.87,2.89,63.9,21461.0,10.9,58.51,0.784,71.6,operational,0.15,False
2026-08-31 01:50:22.400462,vehicle_002,vehicle,Inspection Van,records_room,Records & Archives,5.87,4.07,54.6,21585.0,13.0,5.49,0.781,64.2,operational,0.15,False
2026-09-01 01:50:22.400462,vehicle_002,vehicle,Inspection Van,records_room,Records & Archives,5.87,3.35,51.7,21503.0,11.3,30.02,0.778,66.8,operational,0.15,False
2026-09-02 01:50:22.400462,vehicle_002,vehicle,Inspection Van,records_room,Records & Archives,5.87,4.24,55.0,21834.0,16.8,22.18,0.776,64.2,operational,0.15,False
2026-09-03 01:50:22.400462,vehicle_002,vehicle,Inspection Van,records_room,Records & Archives,5.88,4.83,55.1,21663.0,13.6,10.38,0.773,67.0,operational,0.15,False
2026-09-04 01:50:22.400462,vehicle_002,vehicle,Inspection Van,records_room,Records & Archives,5.88,3.65,59.4,21460.0,10.0,60.7,0.77,63.3,operational,0.15,False
2026-09-05 01:50:22.400462,vehicle_002,vehicle,Inspection Van,records_room,Records & Archives,5.88,4.15,59.5,21411.0,9.0,38.32,0.767,66.1,operational,0.15,False
2026-09-06 01:50:22.400462,vehicle_002,vehicle,Inspection Van,records_room,Records & Archives,5.88,4.24,57.8,21429.0,9.2,50.73,0.764,62.6,operational,0.15,False
2026-09-07 01:50:22.400462,vehicle_002,vehicle,Inspection Van,records_room,Records & Archives,5.89,3.02,50.8,21727.0,13.8,12.15,0.761,65.4,operational,0.15,False
2026-09-08 01:50:22.400462,vehicle_002,vehicle,Inspection Van,records_room,Records & Archives,5.89,3.68,58.8,21428.0,8.9,10.56,0.758,68.1,operational,0.15,False
2026-09-09 01:50:22.400462,vehicle_002,vehicle,Inspection Van,records_room,Records & Archives,5.89,4.45,54.6,21300.0,6.8,29.51,0.755,60.1,operational,0.15,False
2026-09-10 01:50:22.400462,vehicle_002,vehicle,Inspection Van,records_room,Records & Archives,5.9,3.83,59.1,21669.0,12.3,14.59,0.752,65.3,operational,0.15,False
2026-09-11 01:50:22.400462,vehicle_002,vehicle,Inspection Van,records_room,Records & Archives,5.9,4.06,57.6,21688.0,12.4,9.97,0.75,61.9,operational,0.15,False
2026-09-12 01:50:22.400462,vehicle_002,vehicle,Inspection Van,records_room,Records & Archives,5.9,4.53,52.8,21927.0,15.7,25.18,0.747,69.6,operational,0.15,False
2026-09-13 01:50:22.400462,vehicle_002,vehicle,Inspection Van,records_room,Records & Archives,5.9,4.12,57.7,21416.0,8.1,34.32,0.744,59.3,maintenance_needed,0.15,True
2026-09-14 01:50:22.400462,vehicle_002,vehicle,Inspection Van,records_room,Records & Archives,5.91,4.04,59.1,21909.0,15.0,49.57,0.741,67.3,operational,0.15,False
2026-09-15 01:50:22.400462,vehicle_002,vehicle,Inspection Van,records_room,Records & Archives,5.91,3.76,59.1,22049.0,16.8,52.78,0.738,62.4,operational,0.15,False
2026-09-16 01:50:22.400462,vehicle_002,vehicle,Inspection Van,records_room,Records & Archives,5.91,5.24,59.8,21670.0,11.3,28.19,0.735,58.5,maintenance_needed,0.15,True
2026-09-17 01:50:22.400462,vehicle_002,vehicle,Inspection Van,records_room,Records & Archives,5.91,3.88,56.3,21661.0,11.0,4.83,0.732,62.5,operational,0.15,False
2026-09-18 01:50:22.400462,vehicle_002,vehicle,Inspection Van,records_room,Records & Archives,5.92,4.06,54.4,21972.0,15.0,4.6,0.729,59.4,maintenance_needed,0.15,True
2026-09-19 01:50:22.400462,vehicle_002,vehicle,Inspection Van,records_room,Records & Archives,5.92,3.26,57.8,21965.0,14.8,39.93,0.726,65.4,operational,0.15,False
2026-09-20 01:50:22.400462,vehicle_002,vehicle,Inspection Van,records_room,Records & Archives,5.92,4.12,53.8,21818.0,12.6,3.01,0.724,55.7,maintenance_needed,0.15,True
2026-09-21 01:50:22.400462,vehicle_002,vehicle,Inspection Van,records_room,Records & Archives,5.93,3.77,52.8,22000.0,14.8,5.29,0.721,61.2,operational,0.15,False
2026-09-22 01:50:22.400462,vehicle_002,vehicle,Inspection Van,records_room,Records & Archives,5.93,3.19,56.2,22251.0,17.8,22.51,0.718,54.9,maintenance_needed,0.15,True
2026-09-23 01:50:22.400462,vehicle_002,vehicle,Inspection Van,records_room,Records & Archives,5.93,4.2,54.8,22264.0,17.8,8.8,0.715,61.7,operational,0.15,False
2026-09-24 01:50:22.400462,vehicle_002,vehicle,Inspection Van,records_room,Records & Archives,5.93,3.0,57.5,21911.0,13.2,52.63,0.712,62.6,operational,0.15,False
2026-09-25 01:50:22.400462,vehicle_002,vehicle,Inspection Van,records_room,Records & Archives,5.94,3.66,61.2,21639.0,9.6,55.65,0.709,55.1,maintenance_needed,0.15,True
2026-09-26 01:50:22.400462,vehicle_002,vehicle,Inspection Van,records_room,Records & Archives,5.94,4.14,61.2,22327.0,17.9,65.49,0.706,59.7,maintenance_needed,0.15,True
2026-09-27 01:50:22.400462,vehicle_002,vehicle,Inspection Van,records_room,Records & Archives,5.94,4.57,58.1,21801.0,11.3,46.2,0.703,66.2,operational,0.15,False
2026-09-28 01:50:22.400462,vehicle_002,vehicle,Inspection Van,records_room,Records & Archives,5.94,4.22,53.1,21791.0,11.1,15.68,0.701,56.3,maintenance_needed,0.15,True
2026-09-29 01:50:22.400462,vehicle_002,vehicle,Inspection Van,records_room,Records & Archives,5.95,4.04,54.4,21519.0,7.8,39.83,0.698,62.6,operational,0.15,False
2026-09-30 01:50:22.400462,vehicle_002,vehicle,Inspection Van,records_room,Records & Archives,5.95,3.76,55.9,21498.0,7.4,12.72,0.695,59.0,maintenance_needed,0.15,True
2026-10-01 01:50:22.400462,vehicle_002,vehicle,Inspection Van,records_room,Records & Archives,5.95,3.49,62.4,22055.0,13.8,50.02,0.692,56.7,maintenance_needed,0.15,True
2026-10-02 01:50:22.400462,vehicle_002,vehicle,Inspection Van,records_room,Records & Archives,5.96,3.8,55.3,22440.0,18.0,24.12,0.689,53.3,maintenance_needed,0.15,True
2026-10-03 01:50:22.400462,vehicle_002,vehicle,Inspection Van,records_room,Records & Archives,5.96,2.68,58.7,22401.0,17.3,30.24,0.686,53.6,maintenance_needed,0.15,True
2026-07-06 01:50:22.400462,vehicle_003,vehicle,Garbage Truck,water_supply,Water Supply Office,11.55,5.33,64.2,42172.0,7.5,2.46,0.884,66.3,operational,0.003,False
2026-07-07 01:50:22.400462,vehicle_003,vehicle,Garbage Truck,water_supply,Water Supply Office,11.56,6.67,66.0,42181.0,8.7,46.75,0.879,57.7,maintenance_needed,0.022,True
2026-07-08 01:50:22.400462,vehicle_003,vehicle,Garbage Truck,water_supply,Water Supply Office,11.56,4.36,67.1,42190.0,9.2,26.72,0.873,63.4,operational,0.012,False
2026-07-09 01:50:22.400462,vehicle_003,vehicle,Garbage Truck,water_supply,Water Supply Office,11.56,5.3,71.5,42192.0,6.6,35.62,0.867,63.1,operational,0.02,False
2026-07-10 01:50:22.400462,vehicle_003,vehicle,Garbage Truck,water_supply,Water Supply Office,11.56,5.21,63.4,42239.0,16.8,13.25,0.861,61.7,operational,0.025,False
2026-07-11 01:50:22.400462,vehicle_003,vehicle,Garbage Truck,water_supply,Water Supply Office,11.57,6.03,69.7,42254.0,16.4,5.94,0.855,56.5,maintenance_needed,0.039,True
2026-07-12 01:50:22.400462,vehicle_003,vehicle,Garbage Truck,water_supply,Water Supply Office,11.57,6.11,73.5,42263.0,15.1,49.36,0.85,55.9,maintenance_needed,0.046,True
2026-07-13 01:50:22.400462,vehicle_003,vehicle,Garbage Truck,water_supply,Water Supply Office,11.57,5.8,70.0,42236.0,9.1,27.46,0.844,52.3,maintenance_needed,0.048,True
2026-07-14 01:50:22.400462,vehicle_003,vehicle,Garbage Truck,water_supply,Water Supply Office,11.58,5.62,63.5,42232.0,7.6,50.12,0.838,52.4,maintenance_needed,0.052,True
2026-07-15 01:50:22.400462,vehicle_003,vehicle,Garbage Truck,water_supply,Water Supply Office,11.58,5.49,62.7,42254.0,9.1,16.87,0.832,58.3,maintenance_needed,0.057,True
2026-07-16 01:50:22.400462,vehicle_003,vehicle,Garbage Truck,water_supply,Water Supply Office,11.58,5.99,68.8,42285.0,11.3,50.9,0.826,53.2,maintenance_needed,0.068,True
2026-07-17 01:50:22.400462,vehicle_003,vehicle,Garbage Truck,water_supply,Water Supply Office,11.58,5.46,64.7,42340.0,15.3,10.64,0.821,53.3,maintenance_needed,0.068,True
2026-07-18 01:50:22.400462,vehicle_003,vehicle,Garbage Truck,water_supply,Water Supply Office,11.59,5.22,64.4,42377.0,17.1,59.89,0.815,59.4,maintenance_needed,0.072,True
2026-07-19 01:50:22.400462,vehicle_003,vehicle,Garbage Truck,water_supply,Water Supply Office,11.59,5.8,66.3,42260.0,6.8,27.15,0.809,53.9,maintenance_needed,0.083,True
2026-07-20 01:50:22.400462,vehicle_003,vehicle,Garbage Truck,water_supply,Water Supply Office,11.59,5.4,72.1,42330.0,11.3,47.14,0.803,56.3,maintenance_needed,0.085,True
2026-07-21 01:50:22.400462,vehicle_003,vehicle,Garbage Truck,water_supply,Water Supply Office,11.6,5.6,69.6,42439.0,17.8,46.89,0.797,51.8,maintenance_needed,0.093,True
2026-07-22 01:50:22.400462,vehicle_003,vehicle,Garbage Truck,water_supply,Water Supply Office,11.6,5.87,64.6,42269.0,6.1,42.96,0.792,50.9,maintenance_needed,0.101,True
2026-07-23 01:50:22.400462,vehicle_003,vehicle,Garbage Truck,water_supply,Water Supply Office,11.6,4.63,70.2,42374.0,11.9,42.24,0.786,54.3,maintenance_needed,0.098,True
2026-07-24 01:50:22.400462,vehicle_003,vehicle,Garbage Truck,water_supply,Water Supply Office,11.6,5.42,67.8,42367.0,10.9,47.03,0.78,50.5,maintenance_needed,0.108,True
2026-07-25 01:50:22.400462,vehicle_003,vehicle,Garbage Truck,water_supply,Water Supply Office,11.61,4.94,71.3,42364.0,10.1,63.66,0.774,54.1,maintenance_needed,0.11,True
2026-07-26 01:50:22.400462,vehicle_003,vehicle,Garbage Truck,water_supply,Water Supply Office,11.61,6.22,65.9,42323.0,7.6,19.89,0.768,50.8,maintenance_needed,0.128,True
2026-07-27 01:50:22.400462,vehicle_003,vehicle,Garbage Truck,water_supply,Water Supply Office,11.61,4.61,66.8,42317.0,6.9,14.36,0.763,55.3,maintenance_needed,0.121,True
2026-07-28 01:50:22.400462,vehicle_003,vehicle,Garbage Truck,water_supply,Water Supply Office,11.61,5.05,67.1,42520.0,15.8,34.69,0.757,54.6,maintenance_needed,0.128,True
2026-07-29 01:50:22.400462,vehicle_003,vehicle,Garbage Truck,water_supply,Water Supply Office,11.62,6.22,65.0,42417.0,10.7,13.24,0.751,46.9,maintenance_needed,0.145,True
2026-07-30 01:50:22.400462,vehicle_003,vehicle,Garbage Truck,water_supply,Water Supply Office,11.62,5.37,66.9,42495.0,13.5,32.36,0.745,42.6,maintenance_needed,0.142,True
2026-07-31 01:50:22.400462,vehicle_003,vehicle,Garbage Truck,water_supply,Water Supply Office,11.62,5.89,64.2,42348.0,7.1,55.44,0.739,41.2,maintenance_needed,0.15,True
2026-08-01 01:50:22.400462,vehicle_003,vehicle,Garbage Truck,water_supply,Water Supply Office,11.63,5.69,70.7,42436.0,10.2,38.1,0.734,46.4,maintenance_needed,0.15,True
2026-08-02 01:50:22.400462,vehicle_003,vehicle,Garbage Truck,water_supply,Water Supply Office,11.63,5.53,71.9,42421.0,9.2,59.48,0.728,43.8,maintenance_needed,0.15,True
2026-08-03 01:50:22.400462,vehicle_003,vehicle,Garbage Truck,water_supply,Water Supply Office,11.63,5.56,66.7,42468.0,10.6,35.2,0.722,47.9,maintenance_needed,0.15,True
2026-08-04 01:50:22.400462,vehicle_003,vehicle,Garbage Truck,water_supply,Water Supply Office,11.63,5.79,72.5,42595.0,14.6,13.46,0.716,43.8,maintenance_needed,0.15,True
2026-08-05 01:50:22.400462,vehicle_003,vehicle,Garbage Truck,water_supply,Water Supply Office,11.64,5.58,62.5,42622.0,15.0,66.08,0.71,42.2,maintenance_needed,0.15,True
2026-08-06 01:50:22.400462,vehicle_003,vehicle,Garbage Truck,water_supply,Water Supply Office,11.64,4.9,68.0,42672.0,16.1,60.53,0.705,46.8,maintenance_needed,0.15,True
2026-08-07 01:50:22.400462,vehicle_003,vehicle,Garbage Truck,water_supply,Water Supply Office,11.64,5.34,67.3,42476.0,9.5,68.92,0.699,47.4,maintenance_needed,0.15,True
2026-08-08 01:50:22.400462,vehicle_003,vehicle,Garbage Truck,water_supply,Water Supply Office,11.64,5.82,70.7,42389.0,6.6,31.4,0.693,37.8,maintenance_needed,0.15,True
2026-08-09 01:50:22.400462,vehicle_003,vehicle,Garbage Truck,water_supply,Water Supply Office,11.65,5.16,68.5,42689.0,15.2,63.23,0.687,46.1,maintenance_needed,0.15,True
2026-08-10 01:50:22.400462,vehicle_003,vehicle,Garbage Truck,water_supply,Water Supply Office,11.65,5.04,67.9,42582.0,11.7,10.89,0.681,44.1,maintenance_needed,0.15,True
2026-08-11 01:50:22.400462,vehicle_003,vehicle,Garbage Truck,water_supply,Water Supply Office,11.65,5.48,72.1,42773.0,16.7,74.06,0.676,41.1,maintenance_needed,0.15,True
2026-08-12 01:50:22.400462,vehicle_003,vehicle,Garbage Truck,water_supply,Water Supply Office,11.66,5.11,65.6,42836.0,18.0,71.83,0.67,42.0,maintenance_needed,0.15,True
2026-08-13 01:50:22.400462,vehicle_003,vehicle,Garbage Truck,water_supply,Water Supply Office,11.66,5.77,68.1,42420.0,6.5,44.15,0.664,38.2,maintenance_needed,0.15,True
2026-08-14 01:50:22.400462,vehicle_003,vehicle,Garbage Truck,water_supply,Water Supply Office,11.66,5.1,68.9,42472.0,7.7,32.66,0.658,43.5,maintenance_needed,0.15,True
2026-08-15 01:50:22.400462,vehicle_003,vehicle,Garbage Truck,water_supply,Water Supply Office,11.66,5.92,65.2,42693.0,13.0,11.7,0.652,38.4,maintenance_needed,0.15,True
2026-08-16 01:50:22.400462,vehicle_003,vehicle,Garbage Truck,water_supply,Water Supply Office,11.67,5.84,67.3,42707.0,13.1,44.48,0.646,34.6,maintenance_needed,0.15,True
2026-08-17 01:50:22.400462,vehicle_003,vehicle,Garbage Truck,water_supply,Water Supply Office,11.67,4.59,70.4,42481.0,7.3,43.45,0.641,41.2,maintenance_needed,0.15,True
2026-08-18 01:50:22.400462,vehicle_003,vehicle,Garbage Truck,water_supply,Water Supply Office,11.67,5.48,70.7,42614.0,10.3,48.2,0.635,32.7,maintenance_needed,0.15,True
2026-08-19 01:50:22.400462,vehicle_003,vehicle,Garbage Truck,water_supply,Water Supply Office,11.67,5.28,72.9,42630.0,10.4,11.54,0.629,34.3,maintenance_needed,0.15,True
2026-08-20 01:50:22.400462,vehicle_003,vehicle,Garbage Truck,water_supply,Water Supply Office,11.68,5.86,69.1,42569.0,8.8,38.62,0.623,37.6,maintenance_needed,0.15,True
2026-08-21 01:50:22.400462,vehicle_003,vehicle,Garbage Truck,water_supply,Water Supply Office,11.68,5.45,71.0,42697.0,11.4,41.19,0.617,32.1,maintenance_needed,0.15,True
2026-08-22 01:50:22.400462,vehicle_003,vehicle,Garbage Truck,water_supply,Water Supply Office,11.68,5.98,68.8,42625.0,9.6,20.98,0.612,30.9,maintenance_needed,0.15,True
2026-08-23 01:50:22.400462,vehicle_003,vehicle,Garbage Truck,water_supply,Water Supply Office,11.69,5.43,67.3,42628.0,9.5,64.35,0.606,31.5,maintenance_needed,0.15,True
2026-08-24 01:50:22.400462,vehicle_003,vehicle,Garbage Truck,water_supply,Water Supply Office,11.69,5.19,73.2,42877.0,14.4,61.42,0.6,31.6,maintenance_needed,0.15,True
2026-08-25 01:50:22.400462,vehicle_003,vehicle,Garbage Truck,water_supply,Water Supply Office,11.69,5.39,68.1,42484.0,6.2,71.27,0.594,34.3,maintenance_needed,0.15,True
2026-08-26 01:50:22.400462,vehicle_003,vehicle,Garbage Truck,water_supply,Water Supply Office,11.69,5.23,68.1,42521.0,6.8,16.94,0.588,33.3,maintenance_needed,0.15,True
2026-08-27 01:50:22.400462,vehicle_003,vehicle,Garbage Truck,water_supply,Water Supply Office,11.7,5.77,70.7,42528.0,6.8,61.13,0.583,29.2,critical,0.15,True
2026-08-28 01:50:22.400462,vehicle_003,vehicle,Garbage Truck,water_supply,Water Supply Office,11.7,5.25,68.0,42983.0,15.3,61.5,0.577,32.4,maintenance_needed,0.15,True
2026-08-29 01:50:22.400462,vehicle_003,vehicle,Garbage Truck,water_supply,Water Supply Office,11.7,6.15,65.7,42791.0,11.5,33.72,0.571,26.9,critical,0.15,True
2026-08-30 01:50:22.400462,vehicle_003,vehicle,Garbage Truck,water_supply,Water Supply Office,11.7,5.65,62.5,43129.0,17.4,37.82,0.565,36.0,maintenance_needed,0.15,True
2026-08-31 01:50:22.400462,vehicle_003,vehicle,Garbage Truck,water_supply,Water Supply Office,11.71,5.77,67.1,42904.0,13.1,57.7,0.559,27.9,critical,0.15,True
2026-09-01 01:50:22.400462,vehicle_003,vehicle,Garbage Truck,water_supply,Water Supply Office,11.71,5.93,66.1,42677.0,8.9,71.64,0.554,24.5,critical,0.15,True
2026-09-02 01:50:22.400462,vehicle_003,vehicle,Garbage Truck,water_supply,Water Supply Office,11.71,5.38,66.3,42653.0,8.3,84.87,0.548,25.8,critical,0.15,True
2026-09-03 01:50:22.400462,vehicle_003,vehicle,Garbage Truck,water_supply,Water Supply Office,11.72,5.84,67.8,42905.0,12.4,31.08,0.542,28.0,critical,0.15,True
2026-09-04 01:50:22.400462,vehicle_003,vehicle,Garbage Truck,water_supply,Water Supply Office,11.72,4.89,63.3,42896.0,12.1,7.42,0.536,27.0,critical,0.15,True
2026-09-05 01:50:22.400462,vehicle_003,vehicle,Garbage Truck,water_supply,Water Supply Office,11.72,5.97,72.6,43043.0,14.3,37.99,0.53,21.2,critical,0.15,True
2026-09-06 01:50:22.400462,vehicle_003,vehicle,Garbage Truck,water_supply,Water Supply Office,11.72,5.72,65.6,43012.0,13.5,18.46,0.525,24.3,critical,0.15,True
2026-09-07 01:50:22.400462,vehicle_003,vehicle,Garbage Truck,water_supply,Water Supply Office,11.73,5.18,70.0,43114.0,15.0,67.08,0.519,32.7,maintenance_needed,0.15,True
2026-09-08 01:50:22.400462,vehicle_003,vehicle,Garbage Truck,water_supply,Water Supply Office,11.73,5.76,69.3,43063.0,13.9,24.84,0.513,22.4,critical,0.15,True
2026-09-09 01:50:22.400462,vehicle_003,vehicle,Garbage Truck,water_supply,Water Supply Office,11.73,5.3,69.7,42723.0,8.5,90.85,0.507,22.8,critical,0.15,True
2026-09-10 01:50:22.400462,vehicle_003,vehicle,Garbage Truck,water_supply,Water Supply Office,11.73,5.83,68.6,42782.0,9.2,39.51,0.501,20.0,critical,0.15,True
2026-09-11 01:50:22.400462,vehicle_003,vehicle,Garbage Truck,water_supply,Water Supply Office,11.74,4.85,64.9,43148.0,14.6,86.67,0.5,29.0,critical,0.15,True
2026-09-12 01:50:22.400462,vehicle_003,vehicle,Garbage Truck,water_supply,Water Supply Office,11.74,5.75,66.4,42795.0,9.2,26.02,0.5,19.3,critical,0.15,True
2026-09-13 01:50:22.400462,vehicle_003,vehicle,Garbage Truck,water_supply,Water Supply Office,11.74,5.22,68.7,43030.0,12.4,38.9,0.5,23.6,critical,0.15,True
2026-09-14 01:50:22.400462,vehicle_003,vehicle,Garbage Truck,water_supply,Water Supply Office,11.75,5.98,69.5,42618.0,6.4,65.88,0.5,17.8,critical,0.15,True
2026-09-15 01:50:22.400462,vehicle_003,vehicle,Garbage Truck,water_supply,Water Supply Office,11.75,5.27,69.7,43138.0,13.6,27.92,0.5,22.2,critical,0.15,True
2026-09-16 01:50:22.400462,vehicle_003,vehicle,Garbage Truck,water_supply,Water Supply Office,11.75,5.44,65.0,42704.0,7.4,5.0,0.5,19.7,critical,0.15,True
2026-09-17 01:50:22.400462,vehicle_003,vehicle,Garbage Truck,water_supply,Water Supply Office,11.75,5.94,66.6,43444.0,17.4,79.4,0.5,13.3,critical,0.15,True
2026-09-18 01:50:22.400462,vehicle_003,vehicle,Garbage Truck,water_supply,Water Supply Office,11.76,5.6,64.8,43211.0,14.0,16.91,0.5,17.2,critical,0.15,True
2026-09-19 01:50:22.400462,vehicle_003,vehicle,Garbage Truck,water_supply,Water Supply Office,11.76,5.88,75.1,42636.0,6.2,4.83,0.5,19.4,critical,0.15,True
2026-09-20 01:50:22.400462,vehicle_003,vehicle,Garbage Truck,water_supply,Water Supply Office,11.76,6.87,72.5,42943.0,10.1,37.39,0.5,12.6,critical,0.15,True
2026-09-21 01:50:22.400462,vehicle_003,vehicle,Garbage Truck,water_supply,Water Supply Office,11.76,4.87,68.1,43403.0,16.0,86.52,0.5,19.1,critical,0.15,True
2026-09-22 01:50:22.400462,vehicle_003,vehicle,Garbage Truck,water_supply,Water Supply Office,11.77,5.88,65.9,43443.0,16.3,5.46,0.5,13.4,critical,0.15,True
2026-09-23 01:50:22.400462,vehicle_003,vehicle,Garbage Truck,water_supply,Water Supply Office,11.77,5.61,70.4,43415.0,15.7,16.15,0.5,15.3,critical,0.15,True
2026-09-24 01:50:22.400462,vehicle_003,vehicle,Garbage Truck,water_supply,Water Supply Office,11.77,5.58,68.7,42751.0,7.2,84.22,0.5,13.6,critical,0.15,True
2026-09-25 01:50:22.400462,vehicle_003,vehicle,Garbage Truck,water_supply,Water Supply Office,11.78,6.38,62.2,43421.0,15.4,8.97,0.5,6.6,critical,0.15,True
2026-09-26 01:50:22.400462,vehicle_003,vehicle,Garbage Truck,water_supply,Water Supply Office,11.78,5.23,71.3,43172.0,12.2,90.61,0.5,16.5,critical,0.15,True
2026-09-27 01:50:22.400462,vehicle_003,vehicle,Garbage Truck,water_supply,Water Supply Office,11.78,5.26,69.2,43215.0,12.6,9.4,0.5,14.0,critical,0.15,True
2026-09-28 01:50:22.400462,vehicle_003,vehicle,Garbage Truck,water_supply,Water Supply Office,11.78,5.45,69.0,43378.0,14.4,77.07,0.5,8.8,critical,0.15,True
2026-09-29 01:50:22.400462,vehicle_003,vehicle,Garbage Truck,water_supply,Water Supply Office,11.79,5.66,68.8,42831.0,7.8,92.7,0.5,11.3,critical,0.15,True
2026-09-30 01:50:22.400462,vehicle_003,vehicle,Garbage Truck,water_supply,Water Supply Office,11.79,5.92,67.4,43164.0,11.5,10.31,0.5,15.3,critical,0.15,True
2026-10-01 01:50:22.400462,vehicle_003,vehicle,Garbage Truck,water_supply,Water Supply Office,11.79,5.89,67.7,42770.0,6.9,34.91,0.5,4.2,critical,0.15,True
2026-10-02 01:50:22.400462,vehicle_003,vehicle,Garbage Truck,water_supply,Water Supply Office,11.8,5.21,72.9,43166.0,11.3,18.13,0.5,18.7,critical,0.15,True
2026-10-03 01:50:22.400462,vehicle_003,vehicle,Garbage Truck,water_supply,Water Supply Office,11.8,5.48,65.8,43291.0,12.6,84.77,0.5,9.2,critical,0.15,True
2026-07-06 01:50:22.400462,vehicle_004,vehicle,Water Tanker,workshop,Maintenance Workshop,4.6,2.77,50.1,16783.0,8.0,44.41,0.954,86.5,operational,0.0,False
2026-07-07 01:50:22.400462,vehicle_004,vehicle,Water Tanker,workshop,Maintenance Workshop,4.6,2.65,53.7,16796.0,13.4,27.79,0.952,82.3,operational,0.002,False
2026-07-08 01:50:22.400462,vehicle_004,vehicle,Water Tanker,workshop,Maintenance Workshop,4.6,2.48,55.7,16798.0,7.9,18.99,0.949,83.7,operational,0.005,False
2026-07-09 01:50:22.400462,vehicle_004,vehicle,Water Tanker,workshop,Maintenance Workshop,4.61,3.4,52.9,16808.0,8.5,28.81,0.947,83.6,operational,0.007,False
2026-07-10 01:50:22.400462,vehicle_004,vehicle,Water Tanker,workshop,Maintenance Workshop,4.61,4.43,56.0,16815.0,8.2,36.36,0.945,84.1,operational,0.009,False
2026-07-11 01:50:22.400462,vehicle_004,vehicle,Water Tanker,workshop,Maintenance Workshop,4.61,2.9,55.4,16858.0,15.2,28.22,0.942,86.8,operational,0.011,False
2026-07-12 01:50:22.400462,vehicle_004,vehicle,Water Tanker,workshop,Maintenance Workshop,4.61,3.38,50.4,16869.0,14.4,43.59,0.94,88.6,operational,0.014,False
2026-07-13 01:50:22.400462,vehicle_004,vehicle,Water Tanker,workshop,Maintenance Workshop,4.62,2.4,50.6,16840.0,8.2,28.07,0.938,82.6,operational,0.016,False
2026-07-14 01:50:22.400462,vehicle_004,vehicle,Water Tanker,workshop,Maintenance Workshop,4.62,3.19,58.3,16865.0,10.4,33.33,0.935,83.4,operational,0.018,False
2026-07-15 01:50:22.400462,vehicle_004,vehicle,Water Tanker,workshop,Maintenance Workshop,4.62,3.41,51.9,16905.0,13.6,40.53,0.933,84.3,operational,0.021,False
2026-07-16 01:50:22.400462,vehicle_004,vehicle,Water Tanker,workshop,Maintenance Workshop,4.63,2.86,53.1,16845.0,6.2,54.21,0.931,86.9,operational,0.023,False
2026-07-17 01:50:22.400462,vehicle_004,vehicle,Water Tanker,workshop,Maintenance Workshop,4.63,2.62,55.8,16879.0,8.7,17.53,0.928,88.4,operational,0.025,False
2026-07-18 01:50:22.400462,vehicle_004,vehicle,Water Tanker,workshop,Maintenance Workshop,4.63,3.54,50.1,16900.0,9.8,52.04,0.926,82.2,operational,0.028,False
2026-07-19 01:50:22.400462,vehicle_004,vehicle,Water Tanker,workshop,Maintenance Workshop,4.63,3.35,56.8,16985.0,15.5,6.47,0.924,84.3,operational,0.03,False
2026-07-20 01:50:22.400462,vehicle_004,vehicle,Water Tanker,workshop,Maintenance Workshop,4.64,3.85,50.5,16935.0,10.9,14.71,0.921,79.8,operational,0.032,False
2026-07-21 01:50:22.400462,vehicle_004,vehicle,Water Tanker,workshop,Maintenance Workshop,4.64,4.19,55.4,16946.0,10.9,51.23,0.919,82.2,operational,0.034,False
2026-07-22 01:50:22.400462,vehicle_004,vehicle,Water Tanker,workshop,Maintenance Workshop,4.64,2.36,53.9,17062.0,17.5,42.25,0.917,87.7,operational,0.037,False
2026-07-23 01:50:22.400462,vehicle_004,vehicle,Water Tanker,workshop,Maintenance Workshop,4.64,2.22,48.9,16996.0,12.5,54.03,0.914,85.8,operational,0.039,False
2026-07-24 01:50:22.400462,vehicle_004,vehicle,Water Tanker,workshop,Maintenance Workshop,4.65,3.84,51.9,17072.0,16.1,5.72,0.912,88.2,operational,0.041,False
2026-07-25 01:50:22.400462,vehicle_004,vehicle,Water Tanker,workshop,Maintenance Workshop,4.65,3.06,51.7,17016.0,12.3,28.18,0.91,75.7,operational,0.044,False
2026-07-26 01:50:22.400462,vehicle_004,vehicle,Water Tanker,workshop,Maintenance Workshop,4.65,3.13,52.2,17027.0,12.2,23.27,0.907,80.4,operational,0.046,False
2026-07-27 01:50:22.400462,vehicle_004,vehicle,Water Tanker,workshop,Maintenance Workshop,4.66,3.03,54.4,16985.0,9.7,7.62,0.905,78.4,operational,0.048,False
2026-07-28 01:50:22.400462,vehicle_004,vehicle,Water Tanker,workshop,Maintenance Workshop,4.66,2.99,56.8,17025.0,11.0,10.43,0.903,82.5,operational,0.051,False
2026-07-29 01:50:22.400462,vehicle_004,vehicle,Water Tanker,workshop,Maintenance Workshop,4.66,3.19,51.9,17053.0,11.8,47.52,0.901,75.1,operational,0.053,False
2026-07-30 01:50:22.400462,vehicle_004,vehicle,Water Tanker,workshop,Maintenance Workshop,4.66,2.73,55.4,17081.0,12.4,16.77,0.898,78.6,operational,0.055,False
2026-07-31 01:50:22.400462,vehicle_004,vehicle,Water Tanker,workshop,Maintenance Workshop,4.67,3.31,56.7,16951.0,6.8,41.89,0.896,77.7,operational,0.057,False
2026-08-01 01:50:22.400462,vehicle_004,vehicle,Water Tanker,workshop,Maintenance Workshop,4.67,3.24,55.4,17186.0,15.5,49.15,0.894,83.7,operational,0.06,False
2026-08-02 01:50:22.400462,vehicle_004,vehicle,Water Tanker,workshop,Maintenance Workshop,4.67,3.29,60.6,17228.0,16.5,46.35,0.891,73.9,operational,0.062,False
2026-08-03 01:50:22.400462,vehicle_004,vehicle,Water Tanker,workshop,Maintenance Workshop,4.67,3.17,50.5,17133.0,12.5,34.38,0.889,77.4,operational,0.064,False
2026-08-04 01:50:22.400462,vehicle_004,vehicle,Water Tanker,workshop,Maintenance Workshop,4.68,3.76,52.5,17051.0,9.3,47.79,0.887,77.0,operational,0.067,False
2026-08-05 01:50:22.400462,vehicle_004,vehicle,Water Tanker,workshop,Maintenance Workshop,4.68,2.07,55.7,17123.0,11.3,11.83,0.884,76.0,operational,0.069,False
2026-08-06 01:50:22.400462,vehicle_004,vehicle,Water Tanker,workshop,Maintenance Workshop,4.68,4.14,53.3,17086.0,9.8,32.28,0.882,77.7,operational,0.071,False
2026-08-07 01:50:22.400462,vehicle_004,vehicle,Water Tanker,workshop,Maintenance Workshop,4.69,2.93,53.8,17126.0,10.7,23.3,0.88,78.0,operational,0.074,False
2026-08-08 01:50:22.400462,vehicle_004,vehicle,Water Tanker,workshop,Maintenance Workshop,4.69,2.96,50.6,17089.0,9.3,2.21,0.877,79.3,operational,0.076,False
2026-08-09 01:50:22.400462,vehicle_004,vehicle,Water Tanker,workshop,Maintenance Workshop,4.69,3.83,50.5,17120.0,9.9,11.42,0.875,76.3,operational,0.078,False
2026-08-10 01:50:22.400462,vehicle_004,vehicle,Water Tanker,workshop,Maintenance Workshop,4.69,3.53,49.8,17086.0,8.7,21.64,0.873,78.9,operational,0.08,False
2026-08-11 01:50:22.400462,vehicle_004,vehicle,Water Tanker,workshop,Maintenance Workshop,4.7,2.92,58.8,17398.0,17.1,37.54,0.87,82.7,operational,0.083,False
2026-08-12 01:50:22.400462,vehicle_004,vehicle,Water Tanker,workshop,Maintenance Workshop,4.7,3.26,52.6,17289.0,13.7,6.44,0.868,75.7,operational,0.085,False
2026-08-13 01:50:22.400462,vehicle_004,vehicle,Water Tanker,workshop,Maintenance Workshop,4.7,2.93,55.7,17212.0,11.3,11.65,0.866,72.6,operational,0.087,False
2026-08-14 01:50:22.400462,vehicle_004,vehicle,Water Tanker,workshop,Maintenance Workshop,4.7,3.73,59.0,17314.0,13.6,19.64,0.863,78.6,operational,0.09,False
2026-08-15 01:50:22.400462,vehicle_004,vehicle,Water Tanker,workshop,Maintenance Workshop,4.71,2.74,61.3,17500.0,17.9,24.95,0.861,76.0,operational,0.092,False
2026-08-16 01:50:22.400462,vehicle_004,vehicle,Water Tanker,workshop,Maintenance Workshop,4.71,2.78,55.9,17349.0,13.8,57.76,0.859,76.8,operational,0.094,False
2026-08-17 01:50:22.400462,vehicle_004,vehicle,Water Tanker,workshop,Maintenance Workshop,4.71,2.94,53.8,17479.0,16.6,25.05,0.856,75.0,operational,0.097,False
2026-08-18 01:50:22.400462,vehicle_004,vehicle,Water Tanker,workshop,Maintenance Workshop,4.72,3.35,54.9,17146.0,8.4,35.82,0.854,76.6,operational,0.099,False
2026-08-19 01:50:22.400462,vehicle_004,vehicle,Water Tanker,workshop,Maintenance Workshop,4.72,2.85,49.3,17554.0,17.5,51.42,0.852,78.3,operational,0.101,False
2026-08-20 01:50:22.400462,vehicle_004,vehicle,Water Tanker,workshop,Maintenance Workshop,4.72,4.13,51.3,17318.0,11.9,48.31,0.849,76.3,operational,0.103,False
2026-08-21 01:50:22.400462,vehicle_004,vehicle,Water Tanker,workshop,Maintenance Workshop,4.72,3.56,50.9,17399.0,13.4,24.04,0.847,74.5,operational,0.106,False
2026-08-22 01:50:22.400462,vehicle_004,vehicle,Water Tanker,workshop,Maintenance Workshop,4.73,3.55,55.1,17395.0,13.0,18.03,0.845,76.0,operational,0.108,False
2026-08-23 01:50:22.400462,vehicle_004,vehicle,Water Tanker,workshop,Maintenance Workshop,4.73,4.22,59.5,17076.0,6.1,47.01,0.842,77.0,operational,0.11,False
2026-08-24 01:50:22.400462,vehicle_004,vehicle,Water Tanker,workshop,Maintenance Workshop,4.73,2.83,51.9,17605.0,16.8,45.25,0.84,78.0,operational,0.113,False
2026-08-25 01:50:22.400462,vehicle_004,vehicle,Water Tanker,workshop,Maintenance Workshop,4.73,3.41,59.2,17614.0,16.6,38.71,0.838,76.4,operational,0.115,False
2026-08-26 01:50:22.400462,vehicle_004,vehicle,Water Tanker,workshop,Maintenance Workshop,4.74,3.57,53.4,17671.0,17.4,3.14,0.835,73.4,operational,0.117,False
2026-08-27 01:50:22.400462,vehicle_004,vehicle,Water Tanker,workshop,Maintenance Workshop,4.74,4.06,55.0,17623.0,16.2,12.66,0.833,78.2,operational,0.12,False
2026-08-28 01:50:22.400462,vehicle_004,vehicle,Water Tanker,workshop,Maintenance Workshop,4.74,3.41,55.7,17139.0,6.7,10.25,0.831,75.9,operational,0.122,False
2026-08-29 01:50:22.400462,vehicle_004,vehicle,Water Tanker,workshop,Maintenance Workshop,4.75,3.52,55.5,17551.0,14.2,16.02,0.828,71.2,operational,0.124,False
2026-08-30 01:50:22.400462,vehicle_004,vehicle,Water Tanker,workshop,Maintenance Workshop,4.75,3.01,57.9,17126.0,6.2,17.49,0.826,74.1,operational,0.126,False
2026-08-31 01:50:22.400462,vehicle_004,vehicle,Water Tanker,workshop,Maintenance Workshop,4.75,3.12,51.0,17367.0,10.4,32.26,0.824,74.4,operational,0.129,False
2026-09-01 01:50:22.400462,vehicle_004,vehicle,Water Tanker,workshop,Maintenance Workshop,4.75,4.26,58.5,17334.0,9.7,12.57,0.821,74.1,operational,0.131,False
2026-09-02 01:50:22.400462,vehicle_004,vehicle,Water Tanker,workshop,Maintenance Workshop,4.76,2.99,52.0,17508.0,12.5,51.82,0.819,74.3,operational,0.133,False
2026-09-03 01:50:22.400462,vehicle_004,vehicle,Water Tanker,workshop,Maintenance Workshop,4.76,2.98,56.4,17233.0,7.6,35.88,0.817,70.6,operational,0.136,False
2026-09-04 01:50:22.400462,vehicle_004,vehicle,Water Tanker,workshop,Maintenance Workshop,4.76,3.4,55.5,17694.0,15.2,43.44,0.814,70.6,operational,0.138,False
2026-09-05 01:50:22.400462,vehicle_004,vehicle,Water Tanker,workshop,Maintenance Workshop,4.77,3.75,56.2,17719.0,15.3,17.0,0.812,70.0,operational,0.14,False
2026-09-06 01:50:22.400462,vehicle_004,vehicle,Water Tanker,workshop,Maintenance Workshop,4.77,3.37,51.3,17698.0,14.8,32.97,0.81,71.8,operational,0.143,False
2026-09-07 01:50:22.400462,vehicle_004,vehicle,Water Tanker,workshop,Maintenance Workshop,4.77,3.6,50.9,17202.0,6.7,21.94,0.807,73.6,operational,0.145,False
2026-09-08 01:50:22.400462,vehicle_004,vehicle,Water Tanker,workshop,Maintenance Workshop,4.77,3.23,52.2,17586.0,12.6,47.63,0.805,71.2,operational,0.147,False
2026-09-09 01:50:22.400462,vehicle_004,vehicle,Water Tanker,workshop,Maintenance Workshop,4.78,4.04,54.5,17465.0,10.5,56.5,0.803,72.3,operational,0.149,False
2026-09-10 01:50:22.400462,vehicle_004,vehicle,Water Tanker,workshop,Maintenance Workshop,4.78,3.45,59.8,17896.0,16.9,47.45,0.8,69.2,operational,0.15,False
2026-09-11 01:50:22.400462,vehicle_004,vehicle,Water Tanker,workshop,Maintenance Workshop,4.78,3.28,54.6,17728.0,14.1,12.66,0.798,70.0,operational,0.15,False
2026-09-12 01:50:22.400462,vehicle_004,vehicle,Water Tanker,workshop,Maintenance Workshop,4.78,4.12,52.3,17764.0,14.4,25.18,0.796,73.1,operational,0.15,False
2026-09-13 01:50:22.400462,vehicle_004,vehicle,Water Tanker,workshop,Maintenance Workshop,4.79,3.71,49.9,17553.0,11.2,12.88,0.794,73.6,operational,0.15,False
2026-09-14 01:50:22.400462,vehicle_004,vehicle,Water Tanker,workshop,Maintenance Workshop,4.79,3.45,51.1,17358.0,8.2,3.8,0.791,68.0,operational,0.15,False
2026-09-15 01:50:22.400462,vehicle_004,vehicle,Water Tanker,workshop,Maintenance Workshop,4.79,2.98,59.5,17395.0,8.6,6.44,0.789,67.0,operational,0.15,False
2026-09-16 01:50:22.400462,vehicle_004,vehicle,Water Tanker,workshop,Maintenance Workshop,4.8,3.15,51.5,17859.0,14.9,28.63,0.787,71.7,operational,0.15,False
2026-09-17 01:50:22.400462,vehicle_004,vehicle,Water Tanker,workshop,Maintenance Workshop,4.8,3.57,52.9,17781.0,13.7,42.13,0.784,68.9,operational,0.15,False
2026-09-18 01:50:22.400462,vehicle_004,vehicle,Water Tanker,workshop,Maintenance Workshop,4.8,3.23,52.8,17929.0,15.5,17.44,0.782,70.4,operational,0.15,False
2026-09-19 01:50:22.400462,vehicle_004,vehicle,Water Tanker,workshop,Maintenance Workshop,4.8,3.72,51.7,17274.0,6.6,40.53,0.78,67.5,operational,0.15,False
2026-09-20 01:50:22.400462,vehicle_004,vehicle,Water Tanker,workshop,Maintenance Workshop,4.81,3.81,58.6,17322.0,7.1,26.39,0.777,65.4,operational,0.15,False
2026-09-21 01:50:22.400462,vehicle_004,vehicle,Water Tanker,workshop,Maintenance Workshop,4.81,3.34,52.9,17729.0,12.3,16.15,0.775,65.8,operational,0.15,False
2026-09-22 01:50:22.400462,vehicle_004,vehicle,Water Tanker,workshop,Maintenance Workshop,4.81,3.45,51.9,17822.0,13.3,16.03,0.773,64.1,operational,0.15,False
2026-09-23 01:50:22.400462,vehicle_004,vehicle,Water Tanker,workshop,Maintenance Workshop,4.81,2.97,54.5,17541.0,9.6,58.51,0.77,69.8,operational,0.15,False
2026-09-24 01:50:22.400462,vehicle_004,vehicle,Water Tanker,workshop,Maintenance Workshop,4.82,2.56,53.9,17946.0,14.5,6.47,0.768,65.9,operational,0.15,False
2026-09-25 01:50:22.400462,vehicle_004,vehicle,Water Tanker,workshop,Maintenance Workshop,4.82,3.41,53.7,18127.0,16.6,11.36,0.766,64.7,operational,0.15,False
2026-09-26 01:50:22.400462,vehicle_004,vehicle,Water Tanker,workshop,Maintenance Workshop,4.82,2.8,53.8,17615.0,10.1,25.41,0.763,65.0,operational,0.15,False
2026-09-27 01:50:22.400462,vehicle_004,vehicle,Water Tanker,workshop,Maintenance Workshop,4.83,2.85,54.0,17479.0,8.4,24.01,0.761,69.0,operational,0.15,False
2026-09-28 01:50:22.400462,vehicle_004,vehicle,Water Tanker,workshop,Maintenance Workshop,4.83,2.8,54.9,18241.0,17.4,30.95,0.759,62.8,operational,0.15,False
2026-09-29 01:50:22.400462,vehicle_004,vehicle,Water Tanker,workshop,Maintenance Workshop,4.83,4.1,56.8,17572.0,9.3,8.79,0.756,66.7,operational,0.15,False
2026-09-30 01:50:22.400462,vehicle_004,vehicle,Water Tanker,workshop,Maintenance Workshop,4.83,3.44,56.8,18253.0,17.1,45.24,0.754,69.2,operational,0.15,False
2026-10-01 01:50:22.400462,vehicle_004,vehicle,Water Tanker,workshop,Maintenance Workshop,4.84,3.91,57.1,17342.0,6.4,3.07,0.752,68.0,operational,0.15,False
2026-10-02 01:50:22.400462,vehicle_004,vehicle,Water Tanker,workshop,Maintenance Workshop,4.84,3.41,56.3,17693.0,10.3,49.53,0.749,66.4,operational,0.15,False
2026-10-03 01:50:22.400462,vehicle_004,vehicle,Water Tanker,workshop,Maintenance Workshop,4.84,4.35,59.3,17558.0,8.7,15.15,0.747,63.2,operational,0.15,False
2026-07-06 01:50:22.400462,vehicle_005,vehicle,Inspection Van,parking_complex,Parking Complex,3.92,3.07,48.5,14315.0,14.4,16.54,0.961,89.9,operational,0.0,False
2026-07-07 01:50:22.400462,vehicle_005,vehicle,Inspection Van,parking_complex,Parking Complex,3.92,3.94,56.5,14327.0,11.6,12.46,0.959,83.6,operational,0.002,False
2026-07-08 01:50:22.400462,vehicle_005,vehicle,Inspection Van,parking_complex,Parking Complex,3.93,4.04,52.3,14346.0,15.2,46.0,0.957,93.0,operational,0.004,False
2026-07-09 01:50:22.400462,vehicle_005,vehicle,Inspection Van,parking_complex,Parking Complex,3.93,4.22,61.4,14341.0,8.5,8.76,0.955,84.6,operational,0.006,False
2026-07-10 01:50:22.400462,vehicle_005,vehicle,Inspection Van,parking_complex,Parking Complex,3.93,4.07,56.3,14385.0,17.5,12.82,0.953,83.7,operational,0.008,False
2026-07-11 01:50:22.400462,vehicle_005,vehicle,Inspection Van,parking_complex,Parking Complex,3.94,2.73,52.8,14374.0,11.8,13.74,0.951,86.9,operational,0.01,False
2026-07-12 01:50:22.400462,vehicle_005,vehicle,Inspection Van,parking_complex,Parking Complex,3.94,3.3,50.5,14393.0,12.9,37.39,0.949,87.5,operational,0.012,False
2026-07-13 01:50:22.400462,vehicle_005,vehicle,Inspection Van,parking_complex,Parking Complex,3.94,2.86,52.5,14414.0,14.1,29.35,0.947,84.0,operational,0.014,False
2026-07-14 01:50:22.400462,vehicle_005,vehicle,Inspection Van,parking_complex,Parking Complex,3.94,2.16,53.5,14434.0,14.9,39.56,0.945,83.5,operational,0.016,False
2026-07-15 01:50:22.400462,vehicle_005,vehicle,Inspection Van,parking_complex,Parking Complex,3.95,2.6,49.8,14471.0,17.3,21.0,0.943,88.1,operational,0.018,False
2026-07-16 01:50:22.400462,vehicle_005,vehicle,Inspection Van,parking_complex,Parking Complex,3.95,3.79,52.3,14471.0,15.6,9.29,0.941,85.1,operational,0.02,False
2026-07-17 01:50:22.400462,vehicle_005,vehicle,Inspection Van,parking_complex,Parking Complex,3.95,2.5,53.6,14432.0,10.7,53.03,0.939,84.1,operational,0.022,False
2026-07-18 01:50:22.400462,vehicle_005,vehicle,Inspection Van,parking_complex,Parking Complex,3.95,3.69,53.8,14455.0,11.6,18.91,0.937,87.2,operational,0.024,False
2026-07-19 01:50:22.400462,vehicle_005,vehicle,Inspection Van,parking_complex,Parking Complex,3.96,3.68,50.9,14443.0,9.8,27.92,0.935,87.7,operational,0.025,False
2026-07-20 01:50:22.400462,vehicle_005,vehicle,Inspection Van,parking_complex,Parking Complex,3.96,3.55,58.4,14443.0,9.1,47.88,0.933,88.7,operational,0.027,False
2026-07-21 01:50:22.400462,vehicle_005,vehicle,Inspection Van,parking_complex,Parking Complex,3.96,3.1,47.3,14484.0,11.2,30.53,0.931,87.1,operational,0.029,False
2026-07-22 01:50:22.400462,vehicle_005,vehicle,Inspection Van,parking_complex,Parking Complex,3.97,2.91,56.7,14581.0,16.6,21.88,0.929,82.3,operational,0.031,False
2026-07-23 01:50:22.400462,vehicle_005,vehicle,Inspection Van,parking_complex,Parking Complex,3.97,2.02,44.9,14451.0,8.0,44.75,0.927,87.9,operational,0.033,False
2026-07-24 01:50:22.400462,vehicle_005,vehicle,Inspection Van,parking_complex,Parking Complex,3.97,4.08,55.6,14574.0,14.4,46.48,0.925,83.6,operational,0.035,False
2026-07-25 01:50:22.400462,vehicle_005,vehicle,Inspection Van,parking_complex,Parking Complex,3.97,3.2,53.7,14486.0,9.0,8.46,0.923,75.5,operational,0.037,False
2026-07-26 01:50:22.400462,vehicle_005,vehicle,Inspection Van,parking_complex,Parking Complex,3.98,2.3,54.8,14617.0,15.1,3.38,0.921,84.7,operational,0.039,False
2026-07-27 01:50:22.400462,vehicle_005,vehicle,Inspection Van,parking_complex,Parking Complex,3.98,3.35,48.8,14615.0,14.3,49.06,0.919,85.1,operational,0.041,False
2026-07-28 01:50:22.400462,vehicle_005,vehicle,Inspection Van,parking_complex,Parking Complex,3.98,2.94,51.7,14468.0,6.9,24.75,0.917,85.2,operational,0.043,False
2026-07-29 01:50:22.400462,vehicle_005,vehicle,Inspection Van,parking_complex,Parking Complex,3.98,2.7,49.7,14511.0,8.5,22.48,0.915,80.7,operational,0.045,False
2026-07-30 01:50:22.400462,vehicle_005,vehicle,Inspection Van,parking_complex,Parking Complex,3.99,3.59,56.9,14580.0,11.0,55.69,0.913,81.1,operational,0.047,False
2026-07-31 01:50:22.400462,vehicle_005,vehicle,Inspection Van,parking_complex,Parking Complex,3.99,2.63,57.3,14489.0,6.9,44.62,0.911,84.1,operational,0.049,False
2026-08-01 01:50:22.400462,vehicle_005,vehicle,Inspection Van,parking_complex,Parking Complex,3.99,2.4,51.9,14688.0,14.4,25.79,0.909,79.3,operational,0.051,False
2026-08-02 01:50:22.400462,vehicle_005,vehicle,Inspection Van,parking_complex,Parking Complex,4.0,3.6,57.3,14544.0,8.5,49.62,0.907,84.9,operational,0.053,False
2026-08-03 01:50:22.400462,vehicle_005,vehicle,Inspection Van,parking_complex,Parking Complex,4.0,3.04,48.8,14623.0,11.0,6.89,0.905,83.7,operational,0.055,False
2026-08-04 01:50:22.400462,vehicle_005,vehicle,Inspection Van,parking_complex,Parking Complex,4.0,3.09,56.0,14568.0,8.7,2.61,0.903,78.3,operational,0.057,False
2026-08-05 01:50:22.400462,vehicle_005,vehicle,Inspection Van,parking_complex,Parking Complex,4.0,2.23,53.7,14590.0,9.2,23.33,0.901,84.9,operational,0.059,False
2026-08-06 01:50:22.400462,vehicle_005,vehicle,Inspection Van,parking_complex,Parking Complex,4.01,2.87,53.3,14614.0,9.6,18.33,0.899,78.2,operational,0.061,False
2026-08-07 01:50:22.400462,vehicle_005,vehicle,Inspection Van,parking_complex,Parking Complex,4.01,3.64,52.1,14830.0,16.1,17.81,0.897,83.2,operational,0.063,False
2026-08-08 01:50:22.400462,vehicle_005,vehicle,Inspection Van,parking_complex,Parking Complex,4.01,3.08,52.7,14774.0,13.9,34.28,0.895,82.5,operational,0.065,False
2026-08-09 01:50:22.400462,vehicle_005,vehicle,Inspection Van,parking_complex,Parking Complex,4.02,2.99,50.1,14643.0,9.7,21.95,0.893,83.8,operational,0.067,False
2026-08-10 01:50:22.400462,vehicle_005,vehicle,Inspection Van,parking_complex,Parking Complex,4.02,3.16,52.6,14637.0,9.2,18.97,0.891,77.5,operational,0.069,False
2026-08-11 01:50:22.400462,vehicle_005,vehicle,Inspection Van,parking_complex,Parking Complex,4.02,3.35,53.8,14754.0,12.2,4.97,0.889,78.6,operational,0.071,False
2026-08-12 01:50:22.400462,vehicle_005,vehicle,Inspection Van,parking_complex,Parking Complex,4.02,3.73,52.4,14601.0,7.7,55.24,0.887,79.8,operational,0.073,False
2026-08-13 01:50:22.400462,vehicle_005,vehicle,Inspection Van,parking_complex,Parking Complex,4.03,2.67,55.7,14951.0,16.7,15.37,0.885,81.0,operational,0.075,False
2026-08-14 01:50:22.400462,vehicle_005,vehicle,Inspection Van,parking_complex,Parking Complex,4.03,2.64,59.6,14903.0,15.1,7.71,0.883,82.4,operational,0.076,False
2026-08-15 01:50:22.400462,vehicle_005,vehicle,Inspection Van,parking_complex,Parking Complex,4.03,2.5,49.3,14817.0,12.5,11.86,0.881,81.5,operational,0.078,False
2026-08-16 01:50:22.400462,vehicle_005,vehicle,Inspection Van,parking_complex,Parking Complex,4.03,4.36,53.9,14954.0,15.6,14.56,0.879,76.2,operational,0.08,False
2026-08-17 01:50:22.400462,vehicle_005,vehicle,Inspection Van,parking_complex,Parking Complex,4.04,3.17,50.9,14741.0,10.1,57.93,0.877,77.8,operational,0.082,False
2026-08-18 01:50:22.400462,vehicle_005,vehicle,Inspection Van,parking_complex,Parking Complex,4.04,4.03,48.7,15067.0,17.5,47.45,0.875,82.1,operational,0.084,False
2026-08-19 01:50:22.400462,vehicle_005,vehicle,Inspection Van,parking_complex,Parking Complex,4.04,2.9,52.9,14669.0,8.0,45.37,0.873,81.3,operational,0.086,False
2026-08-20 01:50:22.400462,vehicle_005,vehicle,Inspection Van,parking_complex,Parking Complex,4.05,3.0,55.5,14953.0,14.2,5.1,0.871,83.7,operational,0.088,False
2026-08-21 01:50:22.400462,vehicle_005,vehicle,Inspection Van,parking_complex,Parking Complex,4.05,3.22,51.1,14966.0,14.2,32.86,0.869,74.8,operational,0.09,False
2026-08-22 01:50:22.400462,vehicle_005,vehicle,Inspection Van,parking_complex,Parking Complex,4.05,3.35,56.2,15092.0,16.5,52.7,0.867,80.6,operational,0.092,False
2026-08-23 01:50:22.400462,vehicle_005,vehicle,Inspection Van,parking_complex,Parking Complex,4.05,3.35,58.2,14945.0,13.1,20.94,0.865,75.5,operational,0.094,False
2026-08-24 01:50:22.400462,vehicle_005,vehicle,Inspection Van,parking_complex,Parking Complex,4.06,2.65,51.9,14759.0,9.0,19.51,0.863,76.9,operational,0.096,False
2026-08-25 01:50:22.400462,vehicle_005,vehicle,Inspection Van,parking_complex,Parking Complex,4.06,3.5,55.1,15025.0,14.2,48.26,0.861,76.8,operational,0.098,False
2026-08-26 01:50:22.400462,vehicle_005,vehicle,Inspection Van,parking_complex,Parking Complex,4.06,2.6,56.5,14943.0,12.3,55.3,0.859,77.2,operational,0.1,False
2026-08-27 01:50:22.400462,vehicle_005,vehicle,Inspection Van,parking_complex,Parking Complex,4.06,4.5,52.2,15078.0,14.7,41.38,0.857,76.6,operational,0.102,False
2026-08-28 01:50:22.400462,vehicle_005,vehicle,Inspection Van,parking_complex,Parking Complex,4.07,2.62,49.7,15261.0,17.8,24.39,0.855,80.1,operational,0.104,False
2026-08-29 01:50:22.400462,vehicle_005,vehicle,Inspection Van,parking_complex,Parking Complex,4.07,3.05,51.4,14976.0,12.2,7.05,0.853,76.6,operational,0.106,False
2026-08-30 01:50:22.400462,vehicle_005,vehicle,Inspection Van,parking_complex,Parking Complex,4.07,2.62,54.4,15005.0,12.5,32.87,0.851,76.2,operational,0.108,False
2026-08-31 01:50:22.400462,vehicle_005,vehicle,Inspection Van,parking_complex,Parking Complex,4.08,3.17,51.3,14737.0,7.5,12.73,0.849,79.4,operational,0.11,False
2026-09-01 01:50:22.400462,vehicle_005,vehicle,Inspection Van,parking_complex,Parking Complex,4.08,3.31,53.5,14753.0,7.7,6.49,0.847,70.7,operational,0.112,False
2026-09-02 01:50:22.400462,vehicle_005,vehicle,Inspection Van,parking_complex,Parking Complex,4.08,3.96,57.1,15018.0,12.1,24.84,0.845,73.6,operational,0.114,False
2026-09-03 01:50:22.400462,vehicle_005,vehicle,Inspection Van,parking_complex,Parking Complex,4.08,3.41,50.2,14819.0,8.5,7.01,0.843,67.7,operational,0.116,False
2026-09-04 01:50:22.400462,vehicle_005,vehicle,Inspection Van,parking_complex,Parking Complex,4.09,4.47,54.5,15233.0,15.3,13.24,0.841,68.7,operational,0.118,False
2026-09-05 01:50:22.400462,vehicle_005,vehicle,Inspection Van,parking_complex,Parking Complex,4.09,2.7,55.6,14892.0,9.4,30.21,0.839,73.7,operational,0.12,False
2026-09-06 01:50:22.400462,vehicle_005,vehicle,Inspection Van,parking_complex,Parking Complex,4.09,4.41,54.1,15426.0,17.9,15.56,0.838,75.1,operational,0.122,False
2026-09-07 01:50:22.400462,vehicle_005,vehicle,Inspection Van,parking_complex,Parking Complex,4.09,3.56,51.1,14758.0,7.0,22.31,0.836,70.4,operational,0.124,False
2026-09-08 01:50:22.400462,vehicle_005,vehicle,Inspection Van,parking_complex,Parking Complex,4.1,2.85,50.9,15340.0,16.0,51.31,0.834,75.9,operational,0.126,False
2026-09-09 01:50:22.400462,vehicle_005,vehicle,Inspection Van,parking_complex,Parking Complex,4.1,3.18,56.6,15200.0,13.6,22.14,0.832,76.3,operational,0.127,False
2026-09-10 01:50:22.400462,vehicle_005,vehicle,Inspection Van,parking_complex,Parking Complex,4.1,3.5,54.0,15366.0,15.9,28.76,0.83,69.6,operational,0.129,False
2026-09-11 01:50:22.400462,vehicle_005,vehicle,Inspection Van,parking_complex,Parking Complex,4.11,3.49,52.3,14899.0,8.7,21.81,0.828,73.8,operational,0.131,False
2026-09-12 01:50:22.400462,vehicle_005,vehicle,Inspection Van,parking_complex,Parking Complex,4.11,3.73,54.8,15496.0,17.4,35.57,0.826,72.9,operational,0.133,False
2026-09-13 01:50:22.400462,vehicle_005,vehicle,Inspection Van,parking_complex,Parking Complex,4.11,3.27,54.1,15200.0,12.8,31.92,0.824,76.1,operational,0.135,False
2026-09-14 01:50:22.400462,vehicle_005,vehicle,Inspection Van,parking_complex,Parking Complex,4.11,3.11,59.6,15529.0,17.3,28.29,0.822,74.8,operational,0.137,False
2026-09-15 01:50:22.400462,vehicle_005,vehicle,Inspection Van,parking_complex,Parking Complex,4.12,2.58,47.5,14986.0,9.4,21.6,0.82,73.6,operational,0.139,False
2026-09-16 01:50:22.400462,vehicle_005,vehicle,Inspection Van,parking_complex,Parking Complex,4.12,4.88,55.2,15215.0,12.5,56.57,0.818,75.7,operational,0.141,False
2026-09-17 01:50:22.400462,vehicle_005,vehicle,Inspection Van,parking_complex,Parking Complex,4.12,2.89,54.0,15355.0,14.3,17.55,0.816,76.1,operational,0.143,False
2026-09-18 01:50:22.400462,vehicle_005,vehicle,Inspection Van,parking_complex,Parking Complex,4.12,3.53,57.9,15501.0,16.0,7.2,0.814,76.7,operational,0.145,False
2026-09-19 01:50:22.400462,vehicle_005,vehicle,Inspection Van,parking_complex,Parking Complex,4.13,3.29,54.5,15390.0,14.3,9.1,0.812,67.4,operational,0.147,False
2026-09-20 01:50:22.400462,vehicle_005,vehicle,Inspection Van,parking_complex,Parking Complex,4.13,2.85,56.7,14857.0,7.1,20.9,0.81,73.6,operational,0.149,False
2026-09-21 01:50:22.400462,vehicle_005,vehicle,Inspection Van,parking_complex,Parking Complex,4.13,2.71,51.6,15382.0,13.8,3.11,0.808,70.1,operational,0.15,False
2026-09-22 01:50:22.400462,vehicle_005,vehicle,Inspection Van,parking_complex,Parking Complex,4.14,3.04,52.0,15467.0,14.8,25.32,0.806,75.0,operational,0.15,False
2026-09-23 01:50:22.400462,vehicle_005,vehicle,Inspection Van,parking_complex,Parking Complex,4.14,3.55,52.8,15185.0,11.0,58.47,0.804,74.0,operational,0.15,False
2026-09-24 01:50:22.400462,vehicle_005,vehicle,Inspection Van,parking_complex,Parking Complex,4.14,2.94,53.5,15183.0,10.9,33.15,0.802,68.0,operational,0.15,False
2026-09-25 01:50:22.400462,vehicle_005,vehicle,Inspection Van,parking_complex,Parking Complex,4.14,2.95,54.7,15086.0,9.5,6.0,0.8,72.6,operational,0.15,False
2026-09-26 01:50:22.400462,vehicle_005,vehicle,Inspection Van,parking_complex,Parking Complex,4.15,3.02,52.2,15482.0,14.2,44.14,0.798,77.3,operational,0.15,False
2026-09-27 01:50:22.400462,vehicle_005,vehicle,Inspection Van,parking_complex,Parking Complex,4.15,3.83,48.3,15572.0,15.1,11.19,0.796,68.9,operational,0.15,False
2026-09-28 01:50:22.400462,vehicle_005,vehicle,Inspection Van,parking_complex,Parking Complex,4.15,3.4,52.1,15016.0,8.3,60.56,0.794,69.4,operational,0.15,False
2026-09-29 01:50:22.400462,vehicle_005,vehicle,Inspection Van,parking_complex,Parking Complex,4.15,2.21,50.0,15562.0,14.7,25.4,0.792,67.7,operational,0.15,False
2026-09-30 01:50:22.400462,vehicle_005,vehicle,Inspection Van,parking_complex,Parking Complex,4.16,2.81,49.1,15555.0,14.4,56.23,0.79,73.0,operational,0.15,False
2026-10-01 01:50:22.400462,vehicle_005,vehicle,Inspection Van,parking_complex,Parking Complex,4.16,3.25,46.5,15819.0,17.3,36.08,0.788,69.5,operational,0.15,False
2026-10-02 01:50:22.400462,vehicle_005,vehicle,Inspection Van,parking_complex,Parking Complex,4.16,3.0,55.8,15409.0,12.4,38.9,0.786,69.3,operational,0.15,False
2026-10-03 01:50:22.400462,vehicle_005,vehicle,Inspection Van,parking_complex,Parking Complex,4.17,2.86,52.2,15651.0,15.0,49.46,0.784,71.0,operational,0.15,False
2026-07-06 01:50:22.400462,vehicle_006,vehicle,Garbage Truck,main_office,Main Office,6.82,3.34,61.3,24881.0,13.6,22.97,0.932,82.2,operational,0.0,False
2026-07-07 01:50:22.400462,vehicle_006,vehicle,Garbage Truck,main_office,Main Office,6.82,3.83,59.3,24893.0,12.1,10.24,0.928,80.0,operational,0.003,False
2026-07-08 01:50:22.400462,vehicle_006,vehicle,Garbage Truck,main_office,Main Office,6.82,3.63,61.0,24901.0,10.0,24.18,0.925,78.0,operational,0.007,False
2026-07-09 01:50:22.400462,vehicle_006,vehicle,Garbage Truck,main_office,Main Office,6.82,3.75,55.8,24909.0,9.2,11.51,0.922,78.0,operational,0.01,False
2026-07-10 01:50:22.400462,vehicle_006,vehicle,Garbage Truck,main_office,Main Office,6.83,3.72,57.3,24907.0,6.4,2.12,0.918,73.0,operational,0.014,False
2026-07-11 01:50:22.400462,vehicle_006,vehicle,Garbage Truck,main_office,Main Office,6.83,5.17,53.8,24963.0,16.4,36.06,0.915,78.0,operational,0.019,False
2026-07-12 01:50:22.400462,vehicle_006,vehicle,Garbage Truck,main_office,Main Office,6.83,4.35,57.3,24961.0,13.2,25.92,0.911,77.7,operational,0.02,False
2026-07-13 01:50:22.400462,vehicle_006,vehicle,Garbage Truck,main_office,Main Office,6.84,3.35,59.7,24939.0,8.3,15.31,0.908,68.8,operational,0.024,False
2026-07-14 01:50:22.400462,vehicle_006,vehicle,Garbage Truck,main_office,Main Office,6.84,3.78,60.1,25020.0,17.4,20.48,0.904,72.5,operational,0.027,False
2026-07-15 01:50:22.400462,vehicle_006,vehicle,Garbage Truck,main_office,Main Office,6.84,3.92,57.0,24978.0,10.7,54.22,0.901,78.2,operational,0.031,False
2026-07-16 01:50:22.400462,vehicle_006,vehicle,Garbage Truck,main_office,Main Office,6.84,3.71,59.6,25013.0,13.1,8.49,0.897,74.3,operational,0.034,False
2026-07-17 01:50:22.400462,vehicle_006,vehicle,Garbage Truck,main_office,Main Office,6.85,4.6,58.7,24975.0,8.5,17.09,0.894,76.4,operational,0.037,False
2026-07-18 01:50:22.400462,vehicle_006,vehicle,Garbage Truck,main_office,Main Office,6.85,3.64,58.2,25022.0,11.7,54.4,0.891,77.5,operational,0.041,False
2026-07-19 01:50:22.400462,vehicle_006,vehicle,Garbage Truck,main_office,Main Office,6.85,4.67,57.3,24985.0,8.0,19.08,0.887,75.7,operational,0.044,False
2026-07-20 01:50:22.400462,vehicle_006,vehicle,Garbage Truck,main_office,Main Office,6.86,3.84,59.0,25032.0,10.8,21.87,0.884,76.4,operational,0.048,False
2026-07-21 01:50:22.400462,vehicle_006,vehicle,Garbage Truck,main_office,Main Office,6.86,3.66,56.4,25033.0,10.1,44.54,0.88,73.7,operational,0.051,False
2026-07-22 01:50:22.400462,vehicle_006,vehicle,Garbage Truck,main_office,Main Office,6.86,3.78,61.9,25044.0,10.1,7.1,0.877,72.8,operational,0.055,False
2026-07-23 01:50:22.400462,vehicle_006,vehicle,Garbage Truck,main_office,Main Office,6.86,3.78,54.4,25172.0,17.1,20.04,0.873,75.6,operational,0.058,False
2026-07-24 01:50:22.400462,vehicle_006,vehicle,Garbage Truck,main_office,Main Office,6.87,4.28,59.8,25013.0,7.3,40.55,0.87,76.7,operational,0.061,False
2026-07-25 01:50:22.400462,vehicle_006,vehicle,Garbage Truck,main_office,Main Office,6.87,4.66,54.8,25137.0,13.5,42.31,0.867,77.1,operational,0.065,False
2026-07-26 01:50:22.400462,vehicle_006,vehicle,Garbage Truck,main_office,Main Office,6.87,3.85,58.0,25100.0,10.9,43.89,0.863,70.7,operational,0.068,False
2026-07-27 01:50:22.400462,vehicle_006,vehicle,Garbage Truck,main_office,Main Office,6.87,4.93,59.8,25054.0,8.2,13.18,0.86,76.9,operational,0.072,False
2026-07-28 01:50:22.400462,vehicle_006,vehicle,Garbage Truck,main_office,Main Office,6.88,4.71,56.7,25028.0,6.7,16.93,0.856,72.5,operational,0.075,False
2026-07-29 01:50:22.400462,vehicle_006,vehicle,Garbage Truck,main_office,Main Office,6.88,3.82,61.1,25131.0,10.8,24.25,0.853,73.5,operational,0.078,False
2026-07-30 01:50:22.400462,vehicle_006,vehicle,Garbage Truck,main_office,Main Office,6.88,3.75,59.1,25167.0,11.9,51.99,0.849,73.3,operational,0.082,False
2026-07-31 01:50:22.400462,vehicle_006,vehicle,Garbage Truck,main_office,Main Office,6.89,3.29,57.5,25202.0,12.8,12.29,0.846,71.5,operational,0.085,False
2026-08-01 01:50:22.400462,vehicle_006,vehicle,Garbage Truck,main_office,Main Office,6.89,4.19,54.3,25065.0,7.1,2.51,0.843,72.7,operational,0.089,False
2026-08-02 01:50:22.400462,vehicle_006,vehicle,Garbage Truck,main_office,Main Office,6.89,4.43,63.0,25136.0,9.5,51.07,0.839,72.3,operational,0.092,False
2026-08-03 01:50:22.400462,vehicle_006,vehicle,Garbage Truck,main_office,Main Office,6.89,3.98,57.0,25338.0,16.3,7.04,0.836,66.3,operational,0.095,False
2026-08-04 01:50:22.400462,vehicle_006,vehicle,Garbage Truck,main_office,Main Office,6.9,3.61,57.4,25114.0,8.0,49.89,0.832,72.9,operational,0.099,False
2026-08-05 01:50:22.400462,vehicle_006,vehicle,Garbage Truck,main_office,Main Office,6.9,4.31,62.8,25419.0,17.9,46.46,0.829,70.8,operational,0.102,False
2026-08-06 01:50:22.400462,vehicle_006,vehicle,Garbage Truck,main_office,Main Office,6.9,3.94,58.5,25321.0,14.2,38.86,0.825,68.5,operational,0.106,False
2026-08-07 01:50:22.400462,vehicle_006,vehicle,Garbage Truck,main_office,Main Office,6.9,4.05,60.6,25350.0,14.7,42.14,0.822,70.7,operational,0.109,False
2026-08-08 01:50:22.400462,vehicle_006,vehicle,Garbage Truck,main_office,Main Office,6.91,5.01,57.9,25300.0,12.7,14.22,0.818,65.0,operational,0.113,False
2026-08-09 01:50:22.400462,vehicle_006,vehicle,Garbage Truck,main_office,Main Office,6.91,3.25,62.7,25201.0,9.4,56.82,0.815,67.8,operational,0.116,False
2026-08-10 01:50:22.400462,vehicle_006,vehicle,Garbage Truck,main_office,Main Office,6.91,4.7,57.8,25475.0,17.0,41.11,0.812,69.0,operational,0.119,False
2026-08-11 01:50:22.400462,vehicle_006,vehicle,Garbage Truck,main_office,Main Office,6.92,3.64,56.5,25337.0,12.7,51.05,0.808,63.4,operational,0.123,False
2026-08-12 01:50:22.400462,vehicle_006,vehicle,Garbage Truck,main_office,Main Office,6.92,4.19,62.5,25299.0,11.3,38.85,0.805,63.7,operational,0.126,False
2026-08-13 01:50:22.400462,vehicle_006,vehicle,Garbage Truck,main_office,Main Office,6.92,4.09,58.4,25384.0,13.2,4.32,0.801,63.2,operational,0.13,False
2026-08-14 01:50:22.400462,vehicle_006,vehicle,Garbage Truck,main_office,Main Office,6.92,4.3,60.2,25183.0,7.7,6.57,0.798,61.4,operational,0.133,False
2026-08-15 01:50:22.400462,vehicle_006,vehicle,Garbage Truck,main_office,Main Office,6.93,4.14,58.6,25439.0,13.9,23.41,0.794,62.6,operational,0.136,False
2026-08-16 01:50:22.400462,vehicle_006,vehicle,Garbage Truck,main_office,Main Office,6.93,4.59,61.5,25324.0,10.8,55.89,0.791,67.0,operational,0.14,False
2026-08-17 01:50:22.400462,vehicle_006,vehicle,Garbage Truck,main_office,Main Office,6.93,4.26,60.4,25553.0,16.0,16.84,0.788,61.5,operational,0.143,False
2026-08-18 01:50:22.400462,vehicle_006,vehicle,Garbage Truck,main_office,Main Office,6.93,3.97,58.5,25221.0,7.9,14.99,0.784,66.7,operational,0.147,False
2026-08-19 01:50:22.400462,vehicle_006,vehicle,Garbage Truck,main_office,Main Office,6.94,3.86,64.0,25540.0,15.0,13.25,0.781,65.3,operational,0.15,False
2026-08-20 01:50:22.400462,vehicle_006,vehicle,Garbage Truck,main_office,Main Office,6.94,4.82,52.5,25227.0,7.7,28.61,0.777,64.1,operational,0.15,False
2026-08-21 01:50:22.400462,vehicle_006,vehicle,Garbage Truck,main_office,Main Office,6.94,4.06,58.4,25217.0,7.3,37.65,0.774,65.3,operational,0.15,False
2026-08-22 01:50:22.400462,vehicle_006,vehicle,Garbage Truck,main_office,Main Office,6.95,3.61,57.0,25234.0,7.5,14.49,0.77,63.5,operational,0.15,False
2026-08-23 01:50:22.400462,vehicle_006,vehicle,Garbage Truck,main_office,Main Office,6.95,3.59,59.1,25649.0,16.0,25.03,0.767,60.9,operational,0.15,False
2026-08-24 01:50:22.400462,vehicle_006,vehicle,Garbage Truck,main_office,Main Office,6.95,4.67,56.6,25587.0,14.4,37.17,0.763,62.9,operational,0.15,False
2026-08-25 01:50:22.400462,vehicle_006,vehicle,Garbage Truck,main_office,Main Office,6.95,3.92,63.9,25476.0,11.9,65.65,0.76,59.7,maintenance_needed,0.15,True
2026-08-26 01:50:22.400462,vehicle_006,vehicle,Garbage Truck,main_office,Main Office,6.96,4.85,61.3,25667.0,15.4,43.93,0.757,61.2,operational,0.15,False
2026-08-27 01:50:22.400462,vehicle_006,vehicle,Garbage Truck,main_office,Main Office,6.96,3.38,61.1,25264.0,7.4,46.75,0.753,59.7,maintenance_needed,0.15,True
2026-08-28 01:50:22.400462,vehicle_006,vehicle,Garbage Truck,main_office,Main Office,6.96,4.96,63.0,25468.0,11.1,14.81,0.75,60.4,operational,0.15,False
2026-08-29 01:50:22.400462,vehicle_006,vehicle,Garbage Truck,main_office,Main Office,6.96,3.97,59.6,25330.0,8.3,25.44,0.746,60.5,operational,0.15,False
2026-08-30 01:50:22.400462,vehicle_006,vehicle,Garbage Truck,main_office,Main Office,6.97,4.78,60.0,25391.0,9.3,22.15,0.743,60.3,operational,0.15,False
2026-08-31 01:50:22.400462,vehicle_006,vehicle,Garbage Truck,main_office,Main Office,6.97,3.88,60.0,25712.0,14.8,42.27,0.739,64.4,operational,0.15,False
2026-09-01 01:50:22.400462,vehicle_006,vehicle,Garbage Truck,main_office,Main Office,6.97,3.37,53.7,25638.0,13.3,46.96,0.736,63.8,operational,0.15,False
2026-09-02 01:50:22.400462,vehicle_006,vehicle,Garbage Truck,main_office,Main Office,6.98,4.18,61.7,25516.0,10.9,10.25,0.733,60.1,operational,0.15,False
2026-09-03 01:50:22.400462,vehicle_006,vehicle,Garbage Truck,main_office,Main Office,6.98,3.44,57.6,25546.0,11.3,22.84,0.729,58.7,maintenance_needed,0.15,True
2026-09-04 01:50:22.400462,vehicle_006,vehicle,Garbage Truck,main_office,Main Office,6.98,3.5,60.9,25580.0,11.6,46.15,0.726,64.4,operational,0.15,False
2026-09-05 01:50:22.400462,vehicle_006,vehicle,Garbage Truck,main_office,Main Office,6.98,3.8,56.5,25725.0,13.8,44.23,0.722,59.8,maintenance_needed,0.15,True
2026-09-06 01:50:22.400462,vehicle_006,vehicle,Garbage Truck,main_office,Main Office,6.99,3.78,57.0,25407.0,8.5,16.76,0.719,55.6,maintenance_needed,0.15,True
2026-09-07 01:50:22.400462,vehicle_006,vehicle,Garbage Truck,main_office,Main Office,6.99,4.57,60.1,25951.0,17.0,46.7,0.715,57.8,maintenance_needed,0.15,True
2026-09-08 01:50:22.400462,vehicle_006,vehicle,Garbage Truck,main_office,Main Office,6.99,4.34,62.6,25726.0,13.2,53.73,0.712,56.4,maintenance_needed,0.15,True
2026-09-09 01:50:22.400462,vehicle_006,vehicle,Garbage Truck,main_office,Main Office,6.99,4.19,58.3,25478.0,9.2,10.21,0.709,58.2,maintenance_needed,0.15,True
2026-09-10 01:50:22.400462,vehicle_006,vehicle,Garbage Truck,main_office,Main Office,7.0,4.22,53.9,25376.0,7.5,42.18,0.705,56.2,maintenance_needed,0.15,True
2026-09-11 01:50:22.400462,vehicle_006,vehicle,Garbage Truck,main_office,Main Office,7.0,3.98,59.5,25351.0,7.0,11.47,0.702,55.8,maintenance_needed,0.15,True
2026-09-12 01:50:22.400462,vehicle_006,vehicle,Garbage Truck,main_office,Main Office,7.0,3.97,64.0,25904.0,15.0,21.53,0.698,56.9,maintenance_needed,0.15,True
2026-09-13 01:50:22.400462,vehicle_006,vehicle,Garbage Truck,main_office,Main Office,7.01,3.66,62.7,26049.0,16.9,18.74,0.695,61.8,operational,0.15,False
2026-09-14 01:50:22.400462,vehicle_006,vehicle,Garbage Truck,main_office,Main Office,7.01,4.68,58.9,25983.0,15.7,11.04,0.691,57.9,maintenance_needed,0.15,True
2026-09-15 01:50:22.400462,vehicle_006,vehicle,Garbage Truck,main_office,Main Office,7.01,4.06,53.3,25326.0,6.3,3.97,0.688,56.5,maintenance_needed,0.15,True
2026-09-16 01:50:22.400462,vehicle_006,vehicle,Garbage Truck,main_office,Main Office,7.01,4.79,60.4,25590.0,9.8,16.74,0.684,57.2,maintenance_needed,0.15,True
2026-09-17 01:50:22.400462,vehicle_006,vehicle,Garbage Truck,main_office,Main Office,7.02,3.75,55.8,25599.0,9.8,53.18,0.681,53.1,maintenance_needed,0.15,True
2026-09-18 01:50:22.400462,vehicle_006,vehicle,Garbage Truck,main_office,Main Office,7.02,3.95,56.8,25951.0,14.5,29.02,0.678,58.8,maintenance_needed,0.15,True
2026-09-19 01:50:22.400462,vehicle_006,vehicle,Garbage Truck,main_office,Main Office,7.02,3.24,57.8,25386.0,6.7,57.79,0.674,56.6,maintenance_needed,0.15,True
2026-09-20 01:50:22.400462,vehicle_006,vehicle,Garbage Truck,main_office,Main Office,7.02,5.23,64.6,25759.0,11.6,34.51,0.671,52.9,maintenance_needed,0.15,True
2026-09-21 01:50:22.400462,vehicle_006,vehicle,Garbage Truck,main_office,Main Office,7.03,4.8,54.4,25874.0,12.9,50.91,0.667,52.4,maintenance_needed,0.15,True
2026-09-22 01:50:22.400462,vehicle_006,vehicle,Garbage Truck,main_office,Main Office,7.03,4.59,56.6,25576.0,8.9,27.99,0.664,57.1,maintenance_needed,0.15,True
2026-09-23 01:50:22.400462,vehicle_006,vehicle,Garbage Truck,main_office,Main Office,7.03,3.52,60.7,25377.0,6.3,22.23,0.66,50.1,maintenance_needed,0.15,True
2026-09-24 01:50:22.400462,vehicle_006,vehicle,Garbage Truck,main_office,Main Office,7.04,3.77,64.4,25842.0,12.0,59.93,0.657,51.8,maintenance_needed,0.15,True
2026-09-25 01:50:22.400462,vehicle_006,vehicle,Garbage Truck,main_office,Main Office,7.04,3.77,55.0,25919.0,12.8,54.21,0.654,53.3,maintenance_needed,0.15,True
2026-09-26 01:50:22.400462,vehicle_006,vehicle,Garbage Truck,main_office,Main Office,7.04,4.19,58.0,25588.0,8.6,77.99,0.65,49.6,maintenance_needed,0.15,True
2026-09-27 01:50:22.400462,vehicle_006,vehicle,Garbage Truck,main_office,Main Office,7.04,4.8,58.4,25484.0,7.3,38.93,0.647,47.4,maintenance_needed,0.15,True
2026-09-28 01:50:22.400462,vehicle_006,vehicle,Garbage Truck,main_office,Main Office,7.05,5.38,63.0,26313.0,17.0,28.41,0.643,48.4,maintenance_needed,0.15,True
2026-09-29 01:50:22.400462,vehicle_006,vehicle,Garbage Truck,main_office,Main Office,7.05,4.12,54.7,25472.0,6.9,57.56,0.64,49.3,maintenance_needed,0.15,True
2026-09-30 01:50:22.400462,vehicle_006,vehicle,Garbage Truck,main_office,Main Office,7.05,4.51,54.7,26226.0,15.6,18.48,0.636,48.1,maintenance_needed,0.15,True
2026-10-01 01:50:22.400462,vehicle_006,vehicle,Garbage Truck,main_office,Main Office,7.06,4.23,60.2,26350.0,16.9,45.95,0.633,51.0,maintenance_needed,0.15,True
2026-10-02 01:50:22.400462,vehicle_006,vehicle,Garbage Truck,main_office,Main Office,7.06,4.09,59.9,26050.0,13.3,41.86,0.629,56.7,maintenance_needed,0.15,True
2026-10-03 01:50:22.400462,vehicle_006,vehicle,Garbage Truck,main_office,Main Office,7.06,4.66,65.5,26384.0,16.9,7.43,0.626,49.8,maintenance_needed,0.15,True
2026-07-06 01:50:22.400462,vehicle_007,vehicle,Water Tanker,public_hall,Public Hall,5.77,4.45,57.1,21058.0,16.0,44.45,0.942,83.5,operational,0.0,False
2026-07-07 01:50:22.400462,vehicle_007,vehicle,Water Tanker,public_hall,Public Hall,5.77,4.01,56.1,21069.0,10.8,10.84,0.939,85.2,operational,0.003,False
2026-07-08 01:50:22.400462,vehicle_007,vehicle,Water Tanker,public_hall,Public Hall,5.77,3.51,62.0,21089.0,15.4,28.69,0.936,83.5,operational,0.006,False
2026-07-09 01:50:22.400462,vehicle_007,vehicle,Water Tanker,public_hall,Public Hall,5.78,4.7,64.3,21079.0,6.9,44.24,0.934,78.9,operational,0.009,False
2026-07-10 01:50:22.400462,vehicle_007,vehicle,Water Tanker,public_hall,Public Hall,5.78,3.04,62.9,21127.0,17.1,9.81,0.931,80.6,operational,0.012,False
2026-07-11 01:50:22.400462,vehicle_007,vehicle,Water Tanker,public_hall,Public Hall,5.78,4.22,53.6,21123.0,12.9,2.27,0.928,81.4,operational,0.014,False
2026-07-12 01:50:22.400462,vehicle_007,vehicle,Water Tanker,public_hall,Public Hall,5.79,3.75,51.9,21164.0,17.7,53.44,0.925,81.8,operational,0.017,False
2026-07-13 01:50:22.400462,vehicle_007,vehicle,Water Tanker,public_hall,Public Hall,5.79,2.85,53.5,21158.0,14.3,24.46,0.922,86.4,operational,0.02,False
2026-07-14 01:50:22.400462,vehicle_007,vehicle,Water Tanker,public_hall,Public Hall,5.79,3.77,56.9,21186.0,15.9,43.82,0.919,81.0,operational,0.023,False
2026-07-15 01:50:22.400462,vehicle_007,vehicle,Water Tanker,public_hall,Public Hall,5.79,2.25,65.4,21115.0,6.3,8.25,0.916,80.2,operational,0.026,False
2026-07-16 01:50:22.400462,vehicle_007,vehicle,Water Tanker,public_hall,Public Hall,5.8,3.49,55.7,21121.0,6.3,49.41,0.913,77.0,operational,0.029,False
2026-07-17 01:50:22.400462,vehicle_007,vehicle,Water Tanker,public_hall,Public Hall,5.8,3.26,55.1,21211.0,13.9,39.52,0.91,76.1,operational,0.032,False
2026-07-18 01:50:22.400462,vehicle_007,vehicle,Water Tanker,public_hall,Public Hall,5.8,4.39,55.1,21215.0,13.0,15.98,0.907,76.5,operational,0.035,False
2026-07-19 01:50:22.400462,vehicle_007,vehicle,Water Tanker,public_hall,Public Hall,5.81,3.6,49.8,21260.0,15.5,19.87,0.904,74.5,operational,0.038,False
2026-07-20 01:50:22.400462,vehicle_007,vehicle,Water Tanker,public_hall,Public Hall,5.81,4.21,51.4,21237.0,12.8,15.62,0.902,81.7,operational,0.04,False
2026-07-21 01:50:22.400462,vehicle_007,vehicle,Water Tanker,public_hall,Public Hall,5.81,3.86,52.2,21199.0,9.4,3.11,0.899,79.2,operational,0.043,False
2026-07-22 01:50:22.400462,vehicle_007,vehicle,Water Tanker,public_hall,Public Hall,5.81,3.92,59.0,21258.0,12.5,46.33,0.896,80.8,operational,0.046,False
2026-07-23 01:50:22.400462,vehicle_007,vehicle,Water Tanker,public_hall,Public Hall,5.82,3.98,55.5,21206.0,8.7,12.05,0.893,75.7,operational,0.049,False
2026-07-24 01:50:22.400462,vehicle_007,vehicle,Water Tanker,public_hall,Public Hall,5.82,2.99,55.9,21361.0,16.8,26.45,0.89,72.8,operational,0.052,False
2026-07-25 01:50:22.400462,vehicle_007,vehicle,Water Tanker,public_hall,Public Hall,5.82,2.65,55.2,21365.0,16.1,4.22,0.887,76.1,operational,0.055,False
2026-07-26 01:50:22.400462,vehicle_007,vehicle,Water Tanker,public_hall,Public Hall,5.82,4.05,60.8,21222.0,8.2,21.06,0.884,73.9,operational,0.058,False
2026-07-27 01:50:22.400462,vehicle_007,vehicle,Water Tanker,public_hall,Public Hall,5.83,3.87,52.5,21200.0,6.8,12.12,0.881,74.0,operational,0.061,False
2026-07-28 01:50:22.400462,vehicle_007,vehicle,Water Tanker,public_hall,Public Hall,5.83,3.35,57.1,21252.0,8.8,27.26,0.878,78.4,operational,0.063,False
2026-07-29 01:50:22.400462,vehicle_007,vehicle,Water Tanker,public_hall,Public Hall,5.83,3.38,55.5,21256.0,8.6,19.55,0.875,72.4,operational,0.066,False
2026-07-30 01:50:22.400462,vehicle_007,vehicle,Water Tanker,public_hall,Public Hall,5.84,3.78,52.6,21318.0,10.8,23.43,0.872,74.2,operational,0.069,False
2026-07-31 01:50:22.400462,vehicle_007,vehicle,Water Tanker,public_hall,Public Hall,5.84,4.72,55.6,21481.0,16.9,9.03,0.87,72.0,operational,0.072,False
2026-08-01 01:50:22.400462,vehicle_007,vehicle,Water Tanker,public_hall,Public Hall,5.84,3.31,56.0,21437.0,14.6,2.37,0.867,79.9,operational,0.075,False
2026-08-02 01:50:22.400462,vehicle_007,vehicle,Water Tanker,public_hall,Public Hall,5.84,4.27,50.5,21541.0,17.9,41.97,0.864,73.1,operational,0.078,False
2026-08-03 01:50:22.400462,vehicle_007,vehicle,Water Tanker,public_hall,Public Hall,5.85,3.6,55.2,21253.0,6.9,34.75,0.861,72.2,operational,0.081,False
2026-08-04 01:50:22.400462,vehicle_007,vehicle,Water Tanker,public_hall,Public Hall,5.85,3.83,53.1,21477.0,14.4,31.69,0.858,69.0,operational,0.084,False
2026-08-05 01:50:22.400462,vehicle_007,vehicle,Water Tanker,public_hall,Public Hall,5.85,3.53,57.1,21472.0,13.8,26.01,0.855,71.3,operational,0.087,False
2026-08-06 01:50:22.400462,vehicle_007,vehicle,Water Tanker,public_hall,Public Hall,5.85,3.3,57.6,21555.0,16.0,36.42,0.852,75.8,operational,0.089,False
2026-08-07 01:50:22.400462,vehicle_007,vehicle,Water Tanker,public_hall,Public Hall,5.86,3.27,53.2,21313.0,8.0,5.81,0.849,67.4,operational,0.092,False
2026-08-08 01:50:22.400462,vehicle_007,vehicle,Water Tanker,public_hall,Public Hall,5.86,3.64,58.3,21574.0,15.6,8.18,0.846,72.4,operational,0.095,False
2026-08-09 01:50:22.400462,vehicle_007,vehicle,Water Tanker,public_hall,Public Hall,5.86,4.38,57.8,21469.0,12.1,29.2,0.843,72.2,operational,0.098,False
2026-08-10 01:50:22.400462,vehicle_007,vehicle,Water Tanker,public_hall,Public Hall,5.87,3.63,56.7,21593.0,15.3,41.79,0.84,74.0,operational,0.101,False
2026-08-11 01:50:22.400462,vehicle_007,vehicle,Water Tanker,public_hall,Public Hall,5.87,3.85,56.4,21698.0,17.8,25.91,0.837,72.7,operational,0.104,False
2026-08-12 01:50:22.400462,vehicle_007,vehicle,Water Tanker,public_hall,Public Hall,5.87,3.71,58.5,21347.0,7.8,14.02,0.835,72.8,operational,0.107,False
2026-08-13 01:50:22.400462,vehicle_007,vehicle,Water Tanker,public_hall,Public Hall,5.87,3.03,60.1,21648.0,15.5,49.69,0.832,72.4,operational,0.11,False
2026-08-14 01:50:22.400462,vehicle_007,vehicle,Water Tanker,public_hall,Public Hall,5.88,3.96,60.7,21418.0,9.2,10.33,0.829,73.7,operational,0.113,False
2026-08-15 01:50:22.400462,vehicle_007,vehicle,Water Tanker,public_hall,Public Hall,5.88,3.47,59.7,21710.0,16.3,49.8,0.826,71.5,operational,0.115,False
2026-08-16 01:50:22.400462,vehicle_007,vehicle,Water Tanker,public_hall,Public Hall,5.88,3.01,57.0,21366.0,7.5,38.95,0.823,67.5,operational,0.118,False
2026-08-17 01:50:22.400462,vehicle_007,vehicle,Water Tanker,public_hall,Public Hall,5.88,3.63,59.9,21694.0,15.1,61.8,0.82,69.4,operational,0.121,False
2026-08-18 01:50:22.400462,vehicle_007,vehicle,Water Tanker,public_hall,Public Hall,5.89,3.21,54.3,21723.0,15.5,10.22,0.817,73.6,operational,0.124,False
2026-08-19 01:50:22.400462,vehicle_007,vehicle,Water Tanker,public_hall,Public Hall,5.89,3.63,58.7,21736.0,15.4,38.57,0.814,66.3,operational,0.127,False
2026-08-20 01:50:22.400462,vehicle_007,vehicle,Water Tanker,public_hall,Public Hall,5.89,3.63,58.3,21332.0,6.1,10.1,0.811,71.5,operational,0.13,False
2026-08-21 01:50:22.400462,vehicle_007,vehicle,Water Tanker,public_hall,Public Hall,5.9,4.55,55.7,21654.0,13.0,48.83,0.808,70.7,operational,0.133,False
2026-08-22 01:50:22.400462,vehicle_007,vehicle,Water Tanker,public_hall,Public Hall,5.9,4.37,56.2,21440.0,8.1,39.48,0.805,69.8,operational,0.136,False
2026-08-23 01:50:22.400462,vehicle_007,vehicle,Water Tanker,public_hall,Public Hall,5.9,3.21,56.2,21532.0,9.9,46.01,0.803,69.2,operational,0.138,False
2026-08-24 01:50:22.400462,vehicle_007,vehicle,Water Tanker,public_hall,Public Hall,5.9,4.46,57.8,21737.0,13.9,25.72,0.8,73.1,operational,0.141,False
2026-08-25 01:50:22.400462,vehicle_007,vehicle,Water Tanker,public_hall,Public Hall,5.91,4.24,53.9,21898.0,16.8,19.46,0.797,69.4,operational,0.144,False
2026-08-26 01:50:22.400462,vehicle_007,vehicle,Water Tanker,public_hall,Public Hall,5.91,4.27,54.3,21463.0,7.9,29.17,0.794,71.3,operational,0.147,False
2026-08-27 01:50:22.400462,vehicle_007,vehicle,Water Tanker,public_hall,Public Hall,5.91,4.39,61.9,21453.0,7.6,44.86,0.791,64.4,operational,0.15,False
2026-08-28 01:50:22.400462,vehicle_007,vehicle,Water Tanker,public_hall,Public Hall,5.91,3.76,59.8,21398.0,6.4,31.59,0.788,63.0,operational,0.15,False
2026-08-29 01:50:22.400462,vehicle_007,vehicle,Water Tanker,public_hall,Public Hall,5.92,3.73,55.3,21976.0,17.0,55.92,0.785,68.5,operational,0.15,False
2026-08-30 01:50:22.400462,vehicle_007,vehicle,Water Tanker,public_hall,Public Hall,5.92,4.33,58.8,21695.0,11.6,42.76,0.782,66.5,operational,0.15,False
2026-08-31 01:50:22.400462,vehicle_007,vehicle,Water Tanker,public_hall,Public Hall,5.92,3.51,59.0,21694.0,11.4,24.2,0.779,63.7,operational,0.15,False
2026-09-01 01:50:22.400462,vehicle_007,vehicle,Water Tanker,public_hall,Public Hall,5.93,4.14,56.2,21811.0,13.2,50.94,0.776,61.5,operational,0.15,False
2026-09-02 01:50:22.400462,vehicle_007,vehicle,Water Tanker,public_hall,Public Hall,5.93,4.51,61.3,21487.0,7.4,50.24,0.773,66.9,operational,0.15,False
2026-09-03 01:50:22.400462,vehicle_007,vehicle,Water Tanker,public_hall,Public Hall,5.93,4.6,54.8,21504.0,7.6,43.9,0.77,63.4,operational,0.15,False
2026-09-04 01:50:22.400462,vehicle_007,vehicle,Water Tanker,public_hall,Public Hall,5.93,4.12,60.2,21665.0,10.1,18.54,0.768,70.6,operational,0.15,False
2026-09-05 01:50:22.400462,vehicle_007,vehicle,Water Tanker,public_hall,Public Hall,5.94,4.41,54.6,21468.0,6.7,44.38,0.765,59.5,maintenance_needed,0.15,True
2026-09-06 01:50:22.400462,vehicle_007,vehicle,Water Tanker,public_hall,Public Hall,5.94,4.28,55.3,22125.0,17.2,18.15,0.762,66.4,operational,0.15,False
2026-09-07 01:50:22.400462,vehicle_007,vehicle,Water Tanker,public_hall,Public Hall,5.94,3.6,61.0,22017.0,15.2,49.85,0.759,63.5,operational,0.15,False
2026-09-08 01:50:22.400462,vehicle_007,vehicle,Water Tanker,public_hall,Public Hall,5.94,3.55,57.9,21944.0,13.8,2.69,0.756,64.2,operational,0.15,False
2026-09-09 01:50:22.400462,vehicle_007,vehicle,Water Tanker,public_hall,Public Hall,5.95,4.13,57.2,22020.0,14.8,9.02,0.753,62.8,operational,0.15,False
2026-09-10 01:50:22.400462,vehicle_007,vehicle,Water Tanker,public_hall,Public Hall,5.95,3.25,53.9,22121.0,16.1,27.49,0.75,64.8,operational,0.15,False
2026-09-11 01:50:22.400462,vehicle_007,vehicle,Water Tanker,public_hall,Public Hall,5.95,4.17,58.2,21514.0,6.8,31.6,0.747,60.3,operational,0.15,False
2026-09-12 01:50:22.400462,vehicle_007,vehicle,Water Tanker,public_hall,Public Hall,5.96,4.46,59.0,22079.0,15.0,61.0,0.744,67.0,operational,0.15,False
2026-09-13 01:50:22.400462,vehicle_007,vehicle,Water Tanker,public_hall,Public Hall,5.96,4.38,49.8,22088.0,14.9,23.26,0.741,61.9,operational,0.15,False
2026-09-14 01:50:22.400462,vehicle_007,vehicle,Water Tanker,public_hall,Public Hall,5.96,4.75,59.9,21886.0,11.8,54.01,0.738,57.9,maintenance_needed,0.15,True
2026-09-15 01:50:22.400462,vehicle_007,vehicle,Water Tanker,public_hall,Public Hall,5.96,3.77,50.1,21804.0,10.5,10.49,0.736,59.7,maintenance_needed,0.15,True
2026-09-16 01:50:22.400462,vehicle_007,vehicle,Water Tanker,public_hall,Public Hall,5.97,3.83,59.4,22145.0,15.1,59.84,0.733,63.7,operational,0.15,False
2026-09-17 01:50:22.400462,vehicle_007,vehicle,Water Tanker,public_hall,Public Hall,5.97,4.95,52.2,21693.0,8.7,26.84,0.73,63.6,operational,0.15,False
2026-09-18 01:50:22.400462,vehicle_007,vehicle,Water Tanker,public_hall,Public Hall,5.97,4.87,59.7,22292.0,16.7,4.16,0.727,61.3,operational,0.15,False
2026-09-19 01:50:22.400462,vehicle_007,vehicle,Water Tanker,public_hall,Public Hall,5.97,3.36,56.0,22283.0,16.3,16.8,0.724,55.3,maintenance_needed,0.15,True
2026-09-20 01:50:22.400462,vehicle_007,vehicle,Water Tanker,public_hall,Public Hall,5.98,5.35,54.0,21609.0,7.2,17.37,0.721,59.1,maintenance_needed,0.15,True
2026-09-21 01:50:22.400462,vehicle_007,vehicle,Water Tanker,public_hall,Public Hall,5.98,3.72,56.2,22247.0,15.4,69.46,0.718,56.3,maintenance_needed,0.15,True
2026-09-22 01:50:22.400462,vehicle_007,vehicle,Water Tanker,public_hall,Public Hall,5.98,3.74,55.6,22382.0,17.0,36.46,0.715,62.1,operational,0.15,False
2026-09-23 01:50:22.400462,vehicle_007,vehicle,Water Tanker,public_hall,Public Hall,5.99,3.64,62.0,22042.0,12.5,43.68,0.712,56.1,maintenance_needed,0.15,True
2026-09-24 01:50:22.400462,vehicle_007,vehicle,Water Tanker,public_hall,Public Hall,5.99,4.04,57.8,22286.0,15.3,9.49,0.709,60.8,operational,0.15,False
2026-09-25 01:50:22.400462,vehicle_007,vehicle,Water Tanker,public_hall,Public Hall,5.99,3.44,55.4,21717.0,8.1,8.72,0.706,60.6,operational,0.15,False
2026-09-26 01:50:22.400462,vehicle_007,vehicle,Water Tanker,public_hall,Public Hall,5.99,4.43,56.5,22379.0,16.1,69.08,0.704,57.0,maintenance_needed,0.15,True
2026-09-27 01:50:22.400462,vehicle_007,vehicle,Water Tanker,public_hall,Public Hall,6.0,3.56,63.4,21783.0,8.7,5.46,0.701,59.4,maintenance_needed,0.15,True
2026-09-28 01:50:22.400462,vehicle_007,vehicle,Water Tanker,public_hall,Public Hall,6.0,4.25,55.9,22343.0,15.3,20.51,0.698,59.1,maintenance_needed,0.15,True
2026-09-29 01:50:22.400462,vehicle_007,vehicle,Water Tanker,public_hall,Public Hall,6.0,3.09,59.6,21908.0,10.0,36.52,0.695,57.8,maintenance_needed,0.15,True
2026-09-30 01:50:22.400462,vehicle_007,vehicle,Water Tanker,public_hall,Public Hall,6.01,4.0,59.1,22477.0,16.5,10.15,0.692,54.2,maintenance_needed,0.15,True
2026-10-01 01:50:22.400462,vehicle_007,vehicle,Water Tanker,public_hall,Public Hall,6.01,3.73,59.6,21978.0,10.6,56.93,0.689,58.7,maintenance_needed,0.15,True
2026-10-02 01:50:22.400462,vehicle_007,vehicle,Water Tanker,public_hall,Public Hall,6.01,4.65,57.8,21943.0,10.1,37.24,0.686,63.0,operational,0.15,False
2026-10-03 01:50:22.400462,vehicle_007,vehicle,Water Tanker,public_hall,Public Hall,6.01,2.95,57.8,22262.0,13.5,30.71,0.683,56.4,maintenance_needed,0.15,True
2026-07-06 01:50:22.400462,vehicle_008,vehicle,Inspection Van,records_room,Records & Archives,8.19,3.8,59.4,29907.0,9.0,3.29,0.918,76.5,operational,0.0,False
2026-07-07 01:50:22.400462,vehicle_008,vehicle,Inspection Van,records_room,Records & Archives,8.2,4.85,65.5,29917.0,10.3,44.41,0.914,76.5,operational,0.004,False
2026-07-08 01:50:22.400462,vehicle_008,vehicle,Inspection Van,records_room,Records & Archives,8.2,4.54,56.7,29927.0,10.4,39.64,0.91,71.8,operational,0.008,False
2026-07-09 01:50:22.400462,vehicle_008,vehicle,Inspection Van,records_room,Records & Archives,8.2,3.83,59.8,29950.0,14.5,39.48,0.906,72.5,operational,0.012,False
2026-07-10 01:50:22.400462,vehicle_008,vehicle,Inspection Van,records_room,Records & Archives,8.2,4.35,62.2,29967.0,15.1,6.16,0.902,73.3,operational,0.016,False
2026-07-11 01:50:22.400462,vehicle_008,vehicle,Inspection Van,records_room,Records & Archives,8.21,4.42,61.2,29979.0,14.5,35.22,0.897,72.7,operational,0.02,False
2026-07-12 01:50:22.400462,vehicle_008,vehicle,Inspection Van,records_room,Records & Archives,8.21,4.53,58.6,29944.0,6.3,5.22,0.893,69.3,operational,0.025,False
2026-07-13 01:50:22.400462,vehicle_008,vehicle,Inspection Van,records_room,Records & Archives,8.21,4.59,56.7,30019.0,16.1,51.41,0.889,71.6,operational,0.029,False
2026-07-14 01:50:22.400462,vehicle_008,vehicle,Inspection Van,records_room,Records & Archives,8.22,5.07,61.5,29959.0,6.6,10.78,0.885,67.3,operational,0.034,False
2026-07-15 01:50:22.400462,vehicle_008,vehicle,Inspection Van,records_room,Records & Archives,8.22,4.39,65.1,30051.0,16.0,9.31,0.881,71.6,operational,0.037,False
2026-07-16 01:50:22.400462,vehicle_008,vehicle,Inspection Van,records_room,Records & Archives,8.22,4.9,59.9,30046.0,13.9,20.05,0.877,75.9,operational,0.041,False
2026-07-17 01:50:22.400462,vehicle_008,vehicle,Inspection Van,records_room,Records & Archives,8.22,3.91,65.9,30017.0,10.0,25.88,0.873,73.3,operational,0.045,False
2026-07-18 01:50:22.400462,vehicle_008,vehicle,Inspection Van,records_room,Records & Archives,8.23,4.59,59.0,30059.0,12.7,6.36,0.869,67.2,operational,0.049,False
2026-07-19 01:50:22.400462,vehicle_008,vehicle,Inspection Van,records_room,Records & Archives,8.23,4.98,59.4,30045.0,10.7,52.6,0.864,67.3,operational,0.053,False
2026-07-20 01:50:22.400462,vehicle_008,vehicle,Inspection Van,records_room,Records & Archives,8.23,4.57,59.9,30111.0,14.6,6.26,0.86,68.8,operational,0.057,False
2026-07-21 01:50:22.400462,vehicle_008,vehicle,Inspection Van,records_room,Records & Archives,8.23,3.49,57.1,30046.0,9.3,28.36,0.856,71.1,operational,0.061,False
2026-07-22 01:50:22.400462,vehicle_008,vehicle,Inspection Van,records_room,Records & Archives,8.24,2.98,57.8,30161.0,15.9,13.67,0.852,65.3,operational,0.066,False
2026-07-23 01:50:22.400462,vehicle_008,vehicle,Inspection Van,records_room,Records & Archives,8.24,5.28,60.5,30015.0,6.4,8.76,0.848,68.5,operational,0.072,False
2026-07-24 01:50:22.400462,vehicle_008,vehicle,Inspection Van,records_room,Records & Archives,8.24,4.78,65.0,30183.0,15.4,27.56,0.844,67.6,operational,0.074,False
2026-07-25 01:50:22.400462,vehicle_008,vehicle,Inspection Van,records_room,Records & Archives,8.25,4.34,65.5,30142.0,12.4,7.05,0.84,65.9,operational,0.078,False
2026-07-26 01:50:22.400462,vehicle_008,vehicle,Inspection Van,records_room,Records & Archives,8.25,5.42,60.9,30232.0,16.3,42.2,0.836,67.3,operational,0.086,False
2026-07-27 01:50:22.400462,vehicle_008,vehicle,Inspection Van,records_room,Records & Archives,8.25,3.68,61.5,30033.0,6.0,56.51,0.831,67.3,operational,0.086,False
2026-07-28 01:50:22.400462,vehicle_008,vehicle,Inspection Van,records_room,Records & Archives,8.25,5.43,65.8,30190.0,12.9,47.33,0.827,65.5,operational,0.094,False
2026-07-29 01:50:22.400462,vehicle_008,vehicle,Inspection Van,records_room,Records & Archives,8.26,5.0,56.8,30172.0,11.5,11.84,0.823,65.5,operational,0.094,False
2026-07-30 01:50:22.400462,vehicle_008,vehicle,Inspection Van,records_room,Records & Archives,8.26,3.6,56.8,30086.0,7.5,28.86,0.819,60.7,operational,0.098,False
2026-07-31 01:50:22.400462,vehicle_008,vehicle,Inspection Van,records_room,Records & Archives,8.26,4.32,62.3,30135.0,9.1,20.2,0.815,63.5,operational,0.102,False
2026-08-01 01:50:22.400462,vehicle_008,vehicle,Inspection Van,records_room,Records & Archives,8.26,5.44,60.4,30077.0,6.6,26.26,0.811,63.9,operational,0.111,False
2026-08-02 01:50:22.400462,vehicle_008,vehicle,Inspection Van,records_room,Records & Archives,8.27,4.5,64.1,30338.0,16.0,33.33,0.807,61.8,operational,0.111,False
2026-08-03 01:50:22.400462,vehicle_008,vehicle,Inspection Van,records_room,Records & Archives,8.27,5.16,59.2,30370.0,16.5,36.55,0.803,61.5,operational,0.116,False
2026-08-04 01:50:22.400462,vehicle_008,vehicle,Inspection Van,records_room,Records & Archives,8.27,4.98,62.5,30295.0,13.4,39.91,0.798,61.7,operational,0.119,False
2026-08-05 01:50:22.400462,vehicle_008,vehicle,Inspection Van,records_room,Records & Archives,8.28,4.98,60.6,30181.0,9.2,55.96,0.794,68.0,operational,0.123,False
2026-08-06 01:50:22.400462,vehicle_008,vehicle,Inspection Van,records_room,Records & Archives,8.28,3.86,64.7,30285.0,12.2,22.92,0.79,58.9,maintenance_needed,0.127,True
2026-08-07 01:50:22.400462,vehicle_008,vehicle,Inspection Van,records_room,Records & Archives,8.28,4.84,60.9,30139.0,7.3,54.27,0.786,64.1,operational,0.131,False
2026-08-08 01:50:22.400462,vehicle_008,vehicle,Inspection Van,records_room,Records & Archives,8.28,4.07,60.4,30341.0,13.2,39.94,0.782,62.3,operational,0.135,False
2026-08-09 01:50:22.400462,vehicle_008,vehicle,Inspection Van,records_room,Records & Archives,8.29,5.06,60.3,30259.0,10.4,42.01,0.778,58.7,maintenance_needed,0.14,True
2026-08-10 01:50:22.400462,vehicle_008,vehicle,Inspection Van,records_room,Records & Archives,8.29,4.83,65.5,30175.0,7.7,47.65,0.774,57.1,maintenance_needed,0.143,True
2026-08-11 01:50:22.400462,vehicle_008,vehicle,Inspection Van,records_room,Records & Archives,8.29,5.4,61.7,30272.0,10.2,13.93,0.77,56.9,maintenance_needed,0.15,True
2026-08-12 01:50:22.400462,vehicle_008,vehicle,Inspection Van,records_room,Records & Archives,8.29,4.09,63.0,30492.0,15.8,62.11,0.765,55.5,maintenance_needed,0.15,True
2026-08-13 01:50:22.400462,vehicle_008,vehicle,Inspection Van,records_room,Records & Archives,8.3,5.37,61.6,30307.0,10.5,23.29,0.761,58.0,maintenance_needed,0.15,True
2026-08-14 01:50:22.400462,vehicle_008,vehicle,Inspection Van,records_room,Records & Archives,8.3,4.92,60.1,30146.0,6.1,29.97,0.757,62.6,operational,0.15,False
2026-08-15 01:50:22.400462,vehicle_008,vehicle,Inspection Van,records_room,Records & Archives,8.3,4.13,60.9,30578.0,16.8,34.35,0.753,58.6,maintenance_needed,0.15,True
2026-08-16 01:50:22.400462,vehicle_008,vehicle,Inspection Van,records_room,Records & Archives,8.31,4.13,57.4,30623.0,17.5,17.56,0.749,61.1,operational,0.15,False
2026-08-17 01:50:22.400462,vehicle_008,vehicle,Inspection Van,records_room,Records & Archives,8.31,4.6,59.3,30615.0,16.9,23.74,0.745,50.0,maintenance_needed,0.15,True
2026-08-18 01:50:22.400462,vehicle_008,vehicle,Inspection Van,records_room,Records & Archives,8.31,4.46,55.1,30554.0,15.1,55.88,0.741,58.9,maintenance_needed,0.15,True
2026-08-19 01:50:22.400462,vehicle_008,vehicle,Inspection Van,records_room,Records & Archives,8.31,4.89,60.2,30436.0,12.0,37.84,0.737,57.6,maintenance_needed,0.15,True
2026-08-20 01:50:22.400462,vehicle_008,vehicle,Inspection Van,records_room,Records & Archives,8.32,3.75,60.5,30432.0,11.7,41.2,0.732,56.5,maintenance_needed,0.15,True
2026-08-21 01:50:22.400462,vehicle_008,vehicle,Inspection Van,records_room,Records & Archives,8.32,5.57,57.2,30652.0,16.2,8.7,0.728,55.9,maintenance_needed,0.15,True
2026-08-22 01:50:22.400462,vehicle_008,vehicle,Inspection Van,records_room,Records & Archives,8.32,4.86,54.0,30588.0,14.5,29.79,0.724,63.8,operational,0.15,False
2026-08-23 01:50:22.400462,vehicle_008,vehicle,Inspection Van,records_room,Records & Archives,8.33,4.81,56.0,30432.0,10.9,31.01,0.72,54.0,maintenance_needed,0.15,True
2026-08-24 01:50:22.400462,vehicle_008,vehicle,Inspection Van,records_room,Records & Archives,8.33,4.26,67.5,30511.0,12.3,57.6,0.716,56.1,maintenance_needed,0.15,True
2026-08-25 01:50:22.400462,vehicle_008,vehicle,Inspection Van,records_room,Records & Archives,8.33,4.28,57.4,30461.0,11.1,20.09,0.712,50.1,maintenance_needed,0.15,True
2026-08-26 01:50:22.400462,vehicle_008,vehicle,Inspection Van,records_room,Records & Archives,8.33,4.11,64.8,30295.0,7.6,21.43,0.708,58.7,maintenance_needed,0.15,True
2026-08-27 01:50:22.400462,vehicle_008,vehicle,Inspection Van,records_room,Records & Archives,8.34,5.63,59.6,30687.0,15.0,24.15,0.704,53.0,maintenance_needed,0.15,True
2026-08-28 01:50:22.400462,vehicle_008,vehicle,Inspection Van,records_room,Records & Archives,8.34,3.37,65.1,30772.0,16.3,53.35,0.699,49.8,maintenance_needed,0.15,True
2026-08-29 01:50:22.400462,vehicle_008,vehicle,Inspection Van,records_room,Records & Archives,8.34,4.41,61.6,30716.0,15.0,44.22,0.695,48.8,maintenance_needed,0.15,True
2026-08-30 01:50:22.400462,vehicle_008,vehicle,Inspection Van,records_room,Records & Archives,8.34,5.06,60.9,30863.0,17.4,36.77,0.691,53.3,maintenance_needed,0.15,True
2026-08-31 01:50:22.400462,vehicle_008,vehicle,Inspection Van,records_room,Records & Archives,8.35,4.37,61.9,30894.0,17.6,7.93,0.687,48.2,maintenance_needed,0.15,True
2026-09-01 01:50:22.400462,vehicle_008,vehicle,Inspection Van,records_room,Records & Archives,8.35,3.58,59.1,30704.0,14.0,7.2,0.683,44.6,maintenance_needed,0.15,True
2026-09-02 01:50:22.400462,vehicle_008,vehicle,Inspection Van,records_room,Records & Archives,8.35,5.29,57.0,30809.0,15.6,47.4,0.679,44.7,maintenance_needed,0.15,True
2026-09-03 01:50:22.400462,vehicle_008,vehicle,Inspection Van,records_room,Records & Archives,8.36,4.52,59.6,30534.0,10.6,69.63,0.675,53.7,maintenance_needed,0.15,True
2026-09-04 01:50:22.400462,vehicle_008,vehicle,Inspection Van,records_room,Records & Archives,8.36,4.95,65.9,30611.0,11.7,57.66,0.671,53.6,maintenance_needed,0.15,True
2026-09-05 01:50:22.400462,vehicle_008,vehicle,Inspection Van,records_room,Records & Archives,8.36,4.15,66.8,30404.0,8.2,62.72,0.666,51.0,maintenance_needed,0.15,True
2026-09-06 01:50:22.400462,vehicle_008,vehicle,Inspection Van,records_room,Records & Archives,8.36,5.23,59.2,30904.0,16.1,53.34,0.662,49.8,maintenance_needed,0.15,True
2026-09-07 01:50:22.400462,vehicle_008,vehicle,Inspection Van,records_room,Records & Archives,8.37,4.7,59.1,30914.0,16.0,39.08,0.658,47.9,maintenance_needed,0.15,True
2026-09-08 01:50:22.400462,vehicle_008,vehicle,Inspection Van,records_room,Records & Archives,8.37,4.1,60.6,30468.0,8.8,15.44,0.654,54.0,maintenance_needed,0.15,True
2026-09-09 01:50:22.400462,vehicle_008,vehicle,Inspection Van,records_room,Records & Archives,8.37,5.03,63.6,30889.0,15.1,36.74,0.65,44.5,maintenance_needed,0.15,True
2026-09-10 01:50:22.400462,vehicle_008,vehicle,Inspection Van,records_room,Records & Archives,8.37,4.06,60.1,30749.0,12.8,27.27,0.646,48.9,maintenance_needed,0.15,True
2026-09-11 01:50:22.400462,vehicle_008,vehicle,Inspection Van,records_room,Records & Archives,8.38,4.56,64.1,31081.0,17.5,7.39,0.642,48.9,maintenance_needed,0.15,True
2026-09-12 01:50:22.400462,vehicle_008,vehicle,Inspection Van,records_room,Records & Archives,8.38,4.38,54.5,30931.0,15.1,57.63,0.638,51.3,maintenance_needed,0.15,True
2026-09-13 01:50:22.400462,vehicle_008,vehicle,Inspection Van,records_room,Records & Archives,8.38,4.63,62.9,30475.0,8.2,10.04,0.633,52.3,maintenance_needed,0.15,True
2026-09-14 01:50:22.400462,vehicle_008,vehicle,Inspection Van,records_room,Records & Archives,8.39,4.57,64.7,30446.0,7.7,14.36,0.629,47.2,maintenance_needed,0.15,True
2026-09-15 01:50:22.400462,vehicle_008,vehicle,Inspection Van,records_room,Records & Archives,8.39,4.61,59.0,30405.0,7.0,70.45,0.625,50.5,maintenance_needed,0.15,True
2026-09-16 01:50:22.400462,vehicle_008,vehicle,Inspection Van,records_room,Records & Archives,8.39,4.82,65.1,30418.0,7.1,63.48,0.621,40.4,maintenance_needed,0.15,True
2026-09-17 01:50:22.400462,vehicle_008,vehicle,Inspection Van,records_room,Records & Archives,8.39,3.7,61.5,31080.0,16.1,41.14,0.617,44.7,maintenance_needed,0.15,True
2026-09-18 01:50:22.400462,vehicle_008,vehicle,Inspection Van,records_room,Records & Archives,8.4,4.39,64.9,30402.0,6.7,50.01,0.613,47.3,maintenance_needed,0.15,True
2026-09-19 01:50:22.400462,vehicle_008,vehicle,Inspection Van,records_room,Records & Archives,8.4,4.97,56.9,30465.0,7.4,64.99,0.609,42.9,maintenance_needed,0.15,True
2026-09-20 01:50:22.400462,vehicle_008,vehicle,Inspection Van,records_room,Records & Archives,8.4,4.67,65.4,31189.0,16.9,61.93,0.605,44.5,maintenance_needed,0.15,True
2026-09-21 01:50:22.400462,vehicle_008,vehicle,Inspection Van,records_room,Records & Archives,8.4,4.2,62.1,30607.0,9.1,75.57,0.601,46.1,maintenance_needed,0.15,True
2026-09-22 01:50:22.400462,vehicle_008,vehicle,Inspection Van,records_room,Records & Archives,8.41,4.48,57.3,31226.0,16.9,79.21,0.596,40.6,maintenance_needed,0.15,True
2026-09-23 01:50:22.400462,vehicle_008,vehicle,Inspection Van,records_room,Records & Archives,8.41,5.18,60.6,30491.0,7.4,74.75,0.592,43.0,maintenance_needed,0.15,True
2026-09-24 01:50:22.400462,vehicle_008,vehicle,Inspection Van,records_room,Records & Archives,8.41,4.55,63.2,31087.0,14.8,44.9,0.588,41.4,maintenance_needed,0.15,True
2026-09-25 01:50:22.400462,vehicle_008,vehicle,Inspection Van,records_room,Records & Archives,8.42,4.83,59.3,31291.0,17.1,43.74,0.584,38.1,maintenance_needed,0.15,True
2026-09-26 01:50:22.400462,vehicle_008,vehicle,Inspection Van,records_room,Records & Archives,8.42,5.03,64.8,30866.0,11.7,50.42,0.58,37.3,maintenance_needed,0.15,True
2026-09-27 01:50:22.400462,vehicle_008,vehicle,Inspection Van,records_room,Records & Archives,8.42,5.04,67.6,30898.0,11.9,63.86,0.576,39.4,maintenance_needed,0.15,True
2026-09-28 01:50:22.400462,vehicle_008,vehicle,Inspection Van,records_room,Records & Archives,8.42,5.18,62.5,30540.0,7.5,39.42,0.572,37.7,maintenance_needed,0.15,True
2026-09-29 01:50:22.400462,vehicle_008,vehicle,Inspection Van,records_room,Records & Archives,8.43,4.08,63.6,31278.0,16.1,33.03,0.568,37.7,maintenance_needed,0.15,True
2026-09-30 01:50:22.400462,vehicle_008,vehicle,Inspection Van,records_room,Records & Archives,8.43,4.48,59.6,30891.0,11.5,54.32,0.563,38.9,maintenance_needed,0.15,True
2026-10-01 01:50:22.400462,vehicle_008,vehicle,Inspection Van,records_room,Records & Archives,8.43,4.83,62.2,31431.0,17.5,39.33,0.559,33.3,maintenance_needed,0.15,True
2026-10-02 01:50:22.400462,vehicle_008,vehicle,Inspection Van,records_room,Records & Archives,8.43,2.54,67.7,30470.0,6.4,43.31,0.555,41.6,maintenance_needed,0.15,True
2026-10-03 01:50:22.400462,vehicle_008,vehicle,Inspection Van,records_room,Records & Archives,8.44,4.55,61.0,31112.0,13.5,74.71,0.551,38.5,maintenance_needed,0.15,True
2026-07-06 01:50:22.400462,vehicle_009,vehicle,Garbage Truck,water_supply,Water Supply Office,5.74,3.02,58.9,20948.0,9.4,51.55,0.943,85.0,operational,0.0,False
2026-07-07 01:50:22.400462,vehicle_009,vehicle,Garbage Truck,water_supply,Water Supply Office,5.74,4.1,58.2,20959.0,10.9,31.86,0.94,78.8,operational,0.003,False
2026-07-08 01:50:22.400462,vehicle_009,vehicle,Garbage Truck,water_supply,Water Supply Office,5.74,3.55,56.0,20964.0,8.0,29.42,0.937,82.5,operational,0.006,False
2026-07-09 01:50:22.400462,vehicle_009,vehicle,Garbage Truck,water_supply,Water Supply Office,5.75,2.62,60.1,20967.0,6.4,37.37,0.934,84.4,operational,0.009,False
2026-07-10 01:50:22.400462,vehicle_009,vehicle,Garbage Truck,water_supply,Water Supply Office,5.75,3.99,55.3,20982.0,8.7,26.87,0.931,82.9,operational,0.011,False
2026-07-11 01:50:22.400462,vehicle_009,vehicle,Garbage Truck,water_supply,Water Supply Office,5.75,3.95,56.1,20991.0,8.7,52.27,0.928,79.1,operational,0.014,False
2026-07-12 01:50:22.400462,vehicle_009,vehicle,Garbage Truck,water_supply,Water Supply Office,5.76,3.5,56.5,21012.0,10.7,55.08,0.925,86.7,operational,0.017,False
2026-07-13 01:50:22.400462,vehicle_009,vehicle,Garbage Truck,water_supply,Water Supply Office,5.76,3.79,56.3,21015.0,9.6,31.57,0.922,81.8,operational,0.02,False
2026-07-14 01:50:22.400462,vehicle_009,vehicle,Garbage Truck,water_supply,Water Supply Office,5.76,3.6,53.7,21014.0,8.3,19.7,0.919,78.0,operational,0.023,False
2026-07-15 01:50:22.400462,vehicle_009,vehicle,Garbage Truck,water_supply,Water Supply Office,5.76,4.06,55.3,21035.0,9.6,26.06,0.917,79.7,operational,0.026,False
2026-07-16 01:50:22.400462,vehicle_009,vehicle,Garbage Truck,water_supply,Water Supply Office,5.77,3.38,60.9,21037.0,8.9,38.19,0.914,79.9,operational,0.029,False
2026-07-17 01:50:22.400462,vehicle_009,vehicle,Garbage Truck,water_supply,Water Supply Office,5.77,4.83,55.3,21082.0,12.2,22.91,0.911,82.7,operational,0.032,False
2026-07-18 01:50:22.400462,vehicle_009,vehicle,Garbage Truck,water_supply,Water Supply Office,5.77,3.95,53.7,21151.0,16.9,15.85,0.908,75.1,operational,0.034,False
2026-07-19 01:50:22.400462,vehicle_009,vehicle,Garbage Truck,water_supply,Water Supply Office,5.77,3.17,57.9,21122.0,13.4,43.86,0.905,81.3,operational,0.037,False
2026-07-20 01:50:22.400462,vehicle_009,vehicle,Garbage Truck,water_supply,Water Supply Office,5.78,4.0,52.0,21183.0,16.8,15.62,0.902,81.0,operational,0.04,False
2026-07-21 01:50:22.400462,vehicle_009,vehicle,Garbage Truck,water_supply,Water Supply Office,5.78,3.46,55.0,21039.0,6.1,29.43,0.899,75.8,operational,0.043,False
2026-07-22 01:50:22.400462,vehicle_009,vehicle,Garbage Truck,water_supply,Water Supply Office,5.78,2.98,58.4,21183.0,14.7,42.36,0.896,76.7,operational,0.046,False
2026-07-23 01:50:22.400462,vehicle_009,vehicle,Garbage Truck,water_supply,Water Supply Office,5.79,3.13,53.0,21128.0,10.6,46.58,0.893,80.0,operational,0.049,False
2026-07-24 01:50:22.400462,vehicle_009,vehicle,Garbage Truck,water_supply,Water Supply Office,5.79,4.67,55.1,21198.0,13.9,25.3,0.89,76.3,operational,0.052,False
2026-07-25 01:50:22.400462,vehicle_009,vehicle,Garbage Truck,water_supply,Water Supply Office,5.79,3.8,57.9,21086.0,7.3,3.93,0.888,74.5,operational,0.055,False
2026-07-26 01:50:22.400462,vehicle_009,vehicle,Garbage Truck,water_supply,Water Supply Office,5.79,3.14,60.0,21254.0,15.3,51.5,0.885,76.4,operational,0.057,False
2026-07-27 01:50:22.400462,vehicle_009,vehicle,Garbage Truck,water_supply,Water Supply Office,5.8,3.14,58.7,21220.0,13.0,12.32,0.882,75.5,operational,0.06,False
2026-07-28 01:50:22.400462,vehicle_009,vehicle,Garbage Truck,water_supply,Water Supply Office,5.8,3.25,56.3,21145.0,9.0,44.59,0.879,77.1,operational,0.063,False
2026-07-29 01:50:22.400462,vehicle_009,vehicle,Garbage Truck,water_supply,Water Supply Office,5.8,4.3,52.4,21198.0,10.9,6.54,0.876,78.2,operational,0.066,False
2026-07-30 01:50:22.400462,vehicle_009,vehicle,Garbage Truck,water_supply,Water Supply Office,5.8,4.24,59.1,21124.0,7.4,37.87,0.873,72.9,operational,0.069,False
2026-07-31 01:50:22.400462,vehicle_009,vehicle,Garbage Truck,water_supply,Water Supply Office,5.81,3.47,58.5,21187.0,9.6,27.65,0.87,77.0,operational,0.072,False
2026-08-01 01:50:22.400462,vehicle_009,vehicle,Garbage Truck,water_supply,Water Supply Office,5.81,3.36,61.3,21225.0,10.7,52.16,0.867,75.6,operational,0.075,False
2026-08-02 01:50:22.400462,vehicle_009,vehicle,Garbage Truck,water_supply,Water Supply Office,5.81,4.25,57.4,21328.0,14.1,48.02,0.864,71.8,operational,0.077,False
2026-08-03 01:50:22.400462,vehicle_009,vehicle,Garbage Truck,water_supply,Water Supply Office,5.82,3.57,64.5,21215.0,9.5,32.51,0.861,73.9,operational,0.08,False
2026-08-04 01:50:22.400462,vehicle_009,vehicle,Garbage Truck,water_supply,Water Supply Office,5.82,4.36,57.3,21242.0,10.1,42.41,0.859,76.5,operational,0.083,False
2026-08-05 01:50:22.400462,vehicle_009,vehicle,Garbage Truck,water_supply,Water Supply Office,5.82,4.03,57.7,21264.0,10.5,40.76,0.856,71.6,operational,0.086,False
2026-08-06 01:50:22.400462,vehicle_009,vehicle,Garbage Truck,water_supply,Water Supply Office,5.82,4.08,59.1,21293.0,11.1,39.44,0.853,70.3,operational,0.089,False
2026-08-07 01:50:22.400462,vehicle_009,vehicle,Garbage Truck,water_supply,Water Supply Office,5.83,4.0,58.0,21475.0,16.5,46.97,0.85,76.5,operational,0.092,False
2026-08-08 01:50:22.400462,vehicle_009,vehicle,Garbage Truck,water_supply,Water Supply Office,5.83,3.42,56.2,21261.0,9.5,6.0,0.847,72.4,operational,0.095,False
2026-08-09 01:50:22.400462,vehicle_009,vehicle,Garbage Truck,water_supply,Water Supply Office,5.83,3.64,59.9,21327.0,11.2,35.85,0.844,76.6,operational,0.098,False
2026-08-10 01:50:22.400462,vehicle_009,vehicle,Garbage Truck,water_supply,Water Supply Office,5.84,4.11,55.7,21179.0,6.6,50.02,0.841,72.0,operational,0.1,False
2026-08-11 01:50:22.400462,vehicle_009,vehicle,Garbage Truck,water_supply,Water Supply Office,5.84,3.54,55.5,21498.0,15.3,49.13,0.838,69.6,operational,0.103,False
2026-08-12 01:50:22.400462,vehicle_009,vehicle,Garbage Truck,water_supply,Water Supply Office,5.84,3.72,60.0,21332.0,10.4,31.73,0.835,76.0,operational,0.106,False
2026-08-13 01:50:22.400462,vehicle_009,vehicle,Garbage Truck,water_supply,Water Supply Office,5.84,4.03,57.5,21278.0,8.7,21.22,0.833,72.2,operational,0.109,False
2026-08-14 01:50:22.400462,vehicle_009,vehicle,Garbage Truck,water_supply,Water Supply Office,5.85,3.88,54.6,21610.0,17.0,31.92,0.83,72.8,operational,0.112,False
2026-08-15 01:50:22.400462,vehicle_009,vehicle,Garbage Truck,water_supply,Water Supply Office,5.85,3.09,53.7,21552.0,15.1,31.48,0.827,71.4,operational,0.115,False
2026-08-16 01:50:22.400462,vehicle_009,vehicle,Garbage Truck,water_supply,Water Supply Office,5.85,3.04,57.7,21448.0,12.2,23.57,0.824,73.9,operational,0.118,False
2026-08-17 01:50:22.400462,vehicle_009,vehicle,Garbage Truck,water_supply,Water Supply Office,5.85,4.25,51.8,21264.0,7.5,35.7,0.821,64.0,operational,0.121,False
2026-08-18 01:50:22.400462,vehicle_009,vehicle,Garbage Truck,water_supply,Water Supply Office,5.86,3.96,56.0,21432.0,11.3,24.6,0.818,75.2,operational,0.123,False
2026-08-19 01:50:22.400462,vehicle_009,vehicle,Garbage Truck,water_supply,Water Supply Office,5.86,3.46,60.5,21516.0,12.9,33.14,0.815,70.0,operational,0.126,False
2026-08-20 01:50:22.400462,vehicle_009,vehicle,Garbage Truck,water_supply,Water Supply Office,5.86,4.58,56.2,21390.0,9.8,32.98,0.812,70.2,operational,0.129,False
2026-08-21 01:50:22.400462,vehicle_009,vehicle,Garbage Truck,water_supply,Water Supply Office,5.87,3.57,55.6,21690.0,16.1,41.84,0.809,70.7,operational,0.132,False
2026-08-22 01:50:22.400462,vehicle_009,vehicle,Garbage Truck,water_supply,Water Supply Office,5.87,4.39,59.2,21427.0,10.2,32.56,0.806,74.5,operational,0.135,False
2026-08-23 01:50:22.400462,vehicle_009,vehicle,Garbage Truck,water_supply,Water Supply Office,5.87,3.12,60.4,21604.0,13.7,25.13,0.804,76.2,operational,0.138,False
2026-08-24 01:50:22.400462,vehicle_009,vehicle,Garbage Truck,water_supply,Water Supply Office,5.87,4.24,56.4,21710.0,15.6,19.26,0.801,67.6,operational,0.141,False
2026-08-25 01:50:22.400462,vehicle_009,vehicle,Garbage Truck,water_supply,Water Supply Office,5.88,3.59,59.8,21602.0,13.1,50.5,0.798,64.2,operational,0.143,False
2026-08-26 01:50:22.400462,vehicle_009,vehicle,Garbage Truck,water_supply,Water Supply Office,5.88,4.61,59.6,21464.0,10.1,36.27,0.795,68.1,operational,0.146,False
2026-08-27 01:50:22.400462,vehicle_009,vehicle,Garbage Truck,water_supply,Water Supply Office,5.88,4.0,60.8,21283.0,6.5,38.57,0.792,67.5,operational,0.149,False
2026-08-28 01:50:22.400462,vehicle_009,vehicle,Garbage Truck,water_supply,Water Supply Office,5.88,3.7,58.7,21277.0,6.2,39.36,0.789,67.0,operational,0.15,False
2026-08-29 01:50:22.400462,vehicle_009,vehicle,Garbage Truck,water_supply,Water Supply Office,5.89,3.14,53.0,21435.0,9.0,5.91,0.786,69.6,operational,0.15,False
2026-08-30 01:50:22.400462,vehicle_009,vehicle,Garbage Truck,water_supply,Water Supply Office,5.89,4.36,56.9,21792.0,15.4,34.08,0.783,71.3,operational,0.15,False
2026-08-31 01:50:22.400462,vehicle_009,vehicle,Garbage Truck,water_supply,Water Supply Office,5.89,3.72,57.0,21467.0,9.3,33.56,0.78,63.3,operational,0.15,False
2026-09-01 01:50:22.400462,vehicle_009,vehicle,Garbage Truck,water_supply,Water Supply Office,5.9,3.58,57.0,21294.0,6.1,12.73,0.777,63.5,operational,0.15,False
2026-09-02 01:50:22.400462,vehicle_009,vehicle,Garbage Truck,water_supply,Water Supply Office,5.9,3.29,50.1,21664.0,12.3,31.93,0.775,64.9,operational,0.15,False
2026-09-03 01:50:22.400462,vehicle_009,vehicle,Garbage Truck,water_supply,Water Supply Office,5.9,4.21,52.3,21651.0,11.9,58.64,0.772,68.1,operational,0.15,False
2026-09-04 01:50:22.400462,vehicle_009,vehicle,Garbage Truck,water_supply,Water Supply Office,5.9,4.6,50.0,21631.0,11.4,36.41,0.769,71.5,operational,0.15,False
2026-09-05 01:50:22.400462,vehicle_009,vehicle,Garbage Truck,water_supply,Water Supply Office,5.91,3.34,58.8,21392.0,7.3,37.7,0.766,64.0,operational,0.15,False
2026-09-06 01:50:22.400462,vehicle_009,vehicle,Garbage Truck,water_supply,Water Supply Office,5.91,4.01,59.0,21821.0,14.1,31.13,0.763,63.4,operational,0.15,False
2026-09-07 01:50:22.400462,vehicle_009,vehicle,Garbage Truck,water_supply,Water Supply Office,5.91,3.85,56.0,21362.0,6.6,3.63,0.76,65.7,operational,0.15,False
2026-09-08 01:50:22.400462,vehicle_009,vehicle,Garbage Truck,water_supply,Water Supply Office,5.91,3.64,52.9,21918.0,15.2,52.89,0.757,63.3,operational,0.15,False
2026-09-09 01:50:22.400462,vehicle_009,vehicle,Garbage Truck,water_supply,Water Supply Office,5.92,3.76,51.7,21425.0,7.3,47.26,0.754,63.0,operational,0.15,False
2026-09-10 01:50:22.400462,vehicle_009,vehicle,Garbage Truck,water_supply,Water Supply Office,5.92,3.89,54.7,21505.0,8.4,18.19,0.751,62.3,operational,0.15,False
2026-09-11 01:50:22.400462,vehicle_009,vehicle,Garbage Truck,water_supply,Water Supply Office,5.92,4.81,59.4,22077.0,16.8,59.48,0.749,59.1,maintenance_needed,0.15,True
2026-09-12 01:50:22.400462,vehicle_009,vehicle,Garbage Truck,water_supply,Water Supply Office,5.93,3.54,56.5,21726.0,11.4,24.49,0.746,64.5,operational,0.15,False
2026-09-13 01:50:22.400462,vehicle_009,vehicle,Garbage Truck,water_supply,Water Supply Office,5.93,5.29,55.7,22067.0,16.2,6.68,0.743,66.2,operational,0.15,False
2026-09-14 01:50:22.400462,vehicle_009,vehicle,Garbage Truck,water_supply,Water Supply Office,5.93,4.26,56.9,21582.0,9.1,29.22,0.74,61.3,operational,0.15,False
2026-09-15 01:50:22.400462,vehicle_009,vehicle,Garbage Truck,water_supply,Water Supply Office,5.93,4.28,58.6,21733.0,11.1,40.51,0.737,64.3,operational,0.15,False
2026-09-16 01:50:22.400462,vehicle_009,vehicle,Garbage Truck,water_supply,Water Supply Office,5.94,3.24,56.2,21465.0,7.2,3.44,0.734,63.1,operational,0.15,False
2026-09-17 01:50:22.400462,vehicle_009,vehicle,Garbage Truck,water_supply,Water Supply Office,5.94,4.5,54.1,21535.0,8.1,53.47,0.731,58.9,maintenance_needed,0.15,True
2026-09-18 01:50:22.400462,vehicle_009,vehicle,Garbage Truck,water_supply,Water Supply Office,5.94,3.83,59.0,21562.0,8.3,26.27,0.728,65.7,operational,0.15,False
2026-09-19 01:50:22.400462,vehicle_009,vehicle,Garbage Truck,water_supply,Water Supply Office,5.94,3.8,59.0,21404.0,6.1,7.39,0.725,64.3,operational,0.15,False
2026-09-20 01:50:22.400462,vehicle_009,vehicle,Garbage Truck,water_supply,Water Supply Office,5.95,4.67,57.2,22043.0,14.4,46.08,0.722,56.2,maintenance_needed,0.15,True
2026-09-21 01:50:22.400462,vehicle_009,vehicle,Garbage Truck,water_supply,Water Supply Office,5.95,3.86,50.8,21908.0,12.5,26.03,0.72,60.2,operational,0.15,False
2026-09-22 01:50:22.400462,vehicle_009,vehicle,Garbage Truck,water_supply,Water Supply Office,5.95,3.11,56.0,21565.0,7.9,52.56,0.717,58.7,maintenance_needed,0.15,True
2026-09-23 01:50:22.400462,vehicle_009,vehicle,Garbage Truck,water_supply,Water Supply Office,5.96,3.54,56.1,22025.0,13.6,61.73,0.714,64.2,operational,0.15,False
2026-09-24 01:50:22.400462,vehicle_009,vehicle,Garbage Truck,water_supply,Water Supply Office,5.96,4.13,53.1,22330.0,17.3,66.24,0.711,58.4,maintenance_needed,0.15,True
2026-09-25 01:50:22.400462,vehicle_009,vehicle,Garbage Truck,water_supply,Water Supply Office,5.96,3.62,56.5,22321.0,17.0,29.99,0.708,57.8,maintenance_needed,0.15,True
2026-09-26 01:50:22.400462,vehicle_009,vehicle,Garbage Truck,water_supply,Water Supply Office,5.96,4.63,51.9,22354.0,17.1,61.99,0.705,59.6,maintenance_needed,0.15,True
2026-09-27 01:50:22.400462,vehicle_009,vehicle,Garbage Truck,water_supply,Water Supply Office,5.97,3.65,55.8,22163.0,14.6,47.93,0.702,64.0,operational,0.15,False
2026-09-28 01:50:22.400462,vehicle_009,vehicle,Garbage Truck,water_supply,Water Supply Office,5.97,4.73,58.1,22132.0,14.1,26.64,0.699,63.2,operational,0.15,False
2026-09-29 01:50:22.400462,vehicle_009,vehicle,Garbage Truck,water_supply,Water Supply Office,5.97,3.96,57.6,22422.0,17.3,69.79,0.696,54.1,maintenance_needed,0.15,True
2026-09-30 01:50:22.400462,vehicle_009,vehicle,Garbage Truck,water_supply,Water Supply Office,5.97,3.4,60.2,21889.0,10.9,74.33,0.693,53.4,maintenance_needed,0.15,True
2026-10-01 01:50:22.400462,vehicle_009,vehicle,Garbage Truck,water_supply,Water Supply Office,5.98,3.97,60.6,22165.0,14.0,7.61,0.691,57.0,maintenance_needed,0.15,True
2026-10-02 01:50:22.400462,vehicle_009,vehicle,Garbage Truck,water_supply,Water Supply Office,5.98,3.37,61.4,22267.0,15.0,11.18,0.688,51.5,maintenance_needed,0.15,True
2026-10-03 01:50:22.400462,vehicle_009,vehicle,Garbage Truck,water_supply,Water Supply Office,5.98,3.8,58.2,22428.0,16.6,35.97,0.685,48.2,maintenance_needed,0.15,True
2026-07-06 01:50:22.400462,vehicle_010,vehicle,Water Tanker,workshop,Maintenance Workshop,2.78,2.9,53.6,10132.0,16.4,6.39,0.972,89.5,operational,0.0,False
2026-07-07 01:50:22.400462,vehicle_010,vehicle,Water Tanker,workshop,Maintenance Workshop,2.78,2.49,48.9,10147.0,15.2,20.79,0.971,85.2,operational,0.001,False
2026-07-08 01:50:22.400462,vehicle_010,vehicle,Water Tanker,workshop,Maintenance Workshop,2.78,3.41,51.1,10145.0,6.4,33.21,0.969,92.1,operational,0.003,False
2026-07-09 01:50:22.400462,vehicle_010,vehicle,Water Tanker,workshop,Maintenance Workshop,2.78,2.8,50.0,10186.0,17.8,23.87,0.968,100.0,operational,0.004,False
2026-07-10 01:50:22.400462,vehicle_010,vehicle,Water Tanker,workshop,Maintenance Workshop,2.79,2.76,52.3,10183.0,12.6,23.21,0.967,95.0,operational,0.006,False
2026-07-11 01:50:22.400462,vehicle_010,vehicle,Water Tanker,workshop,Maintenance Workshop,2.79,2.22,53.4,10173.0,8.1,36.21,0.965,94.5,operational,0.007,False
2026-07-12 01:50:22.400462,vehicle_010,vehicle,Water Tanker,workshop,Maintenance Workshop,2.79,2.28,49.8,10210.0,13.0,13.23,0.964,93.7,operational,0.008,False
2026-07-13 01:50:22.400462,vehicle_010,vehicle,Water Tanker,workshop,Maintenance Workshop,2.8,3.53,50.0,10250.0,16.8,34.2,0.962,91.4,operational,0.01,False
2026-07-14 01:50:22.400462,vehicle_010,vehicle,Water Tanker,workshop,Maintenance Workshop,2.8,3.01,49.5,10201.0,8.6,24.07,0.961,88.3,operational,0.011,False
2026-07-15 01:50:22.400462,vehicle_010,vehicle,Water Tanker,workshop,Maintenance Workshop,2.8,2.16,47.9,10256.0,13.7,19.14,0.96,90.9,operational,0.012,False
2026-07-16 01:50:22.400462,vehicle_010,vehicle,Water Tanker,workshop,Maintenance Workshop,2.8,2.35,50.9,10287.0,15.5,40.69,0.958,92.4,operational,0.014,False
2026-07-17 01:50:22.400462,vehicle_010,vehicle,Water Tanker,workshop,Maintenance Workshop,2.81,2.86,49.5,10251.0,10.8,49.76,0.957,94.3,operational,0.015,False
2026-07-18 01:50:22.400462,vehicle_010,vehicle,Water Tanker,workshop,Maintenance Workshop,2.81,2.84,51.3,10255.0,10.2,18.79,0.955,89.7,operational,0.017,False
2026-07-19 01:50:22.400462,vehicle_010,vehicle,Water Tanker,workshop,Maintenance Workshop,2.81,2.51,48.4,10284.0,11.6,19.58,0.954,91.0,operational,0.018,False
2026-07-20 01:50:22.400462,vehicle_010,vehicle,Water Tanker,workshop,Maintenance Workshop,2.81,2.6,53.0,10305.0,12.4,34.87,0.952,88.0,operational,0.019,False
2026-07-21 01:50:22.400462,vehicle_010,vehicle,Water Tanker,workshop,Maintenance Workshop,2.82,2.23,54.3,10302.0,11.3,27.48,0.951,94.4,operational,0.021,False
2026-07-22 01:50:22.400462,vehicle_010,vehicle,Water Tanker,workshop,Maintenance Workshop,2.82,2.87,48.9,10327.0,12.2,18.87,0.95,94.4,operational,0.022,False
2026-07-23 01:50:22.400462,vehicle_010,vehicle,Water Tanker,workshop,Maintenance Workshop,2.82,2.5,47.6,10254.0,7.2,41.33,0.948,87.1,operational,0.024,False
2026-07-24 01:50:22.400462,vehicle_010,vehicle,Water Tanker,workshop,Maintenance Workshop,2.83,3.68,49.3,10278.0,8.1,12.3,0.947,93.6,operational,0.025,False
2026-07-25 01:50:22.400462,vehicle_010,vehicle,Water Tanker,workshop,Maintenance Workshop,2.83,2.84,43.8,10354.0,11.7,23.83,0.945,89.0,operational,0.026,False
2026-07-26 01:50:22.400462,vehicle_010,vehicle,Water Tanker,workshop,Maintenance Workshop,2.83,3.32,48.3,10392.0,13.0,3.65,0.944,88.6,operational,0.028,False
2026-07-27 01:50:22.400462,vehicle_010,vehicle,Water Tanker,workshop,Maintenance Workshop,2.83,2.45,53.5,10336.0,9.7,50.72,0.943,85.9,operational,0.029,False
2026-07-28 01:50:22.400462,vehicle_010,vehicle,Water Tanker,workshop,Maintenance Workshop,2.84,2.82,52.9,10288.0,7.1,23.68,0.941,92.9,operational,0.031,False
2026-07-29 01:50:22.400462,vehicle_010,vehicle,Water Tanker,workshop,Maintenance Workshop,2.84,4.27,52.3,10512.0,16.5,45.87,0.94,88.9,operational,0.032,False
2026-07-30 01:50:22.400462,vehicle_010,vehicle,Water Tanker,workshop,Maintenance Workshop,2.84,2.34,46.7,10481.0,14.5,47.93,0.938,81.6,operational,0.033,False
2026-07-31 01:50:22.400462,vehicle_010,vehicle,Water Tanker,workshop,Maintenance Workshop,2.84,2.72,53.8,10299.0,6.7,41.23,0.937,91.6,operational,0.035,False
2026-08-01 01:50:22.400462,vehicle_010,vehicle,Water Tanker,workshop,Maintenance Workshop,2.85,3.9,50.7,10320.0,7.2,18.77,0.935,89.2,operational,0.036,False
2026-08-02 01:50:22.400462,vehicle_010,vehicle,Water Tanker,workshop,Maintenance Workshop,2.85,3.2,46.2,10313.0,6.7,46.79,0.934,90.3,operational,0.037,False
2026-08-03 01:50:22.400462,vehicle_010,vehicle,Water Tanker,workshop,Maintenance Workshop,2.85,2.77,49.2,10386.0,9.1,18.67,0.933,88.5,operational,0.039,False
2026-08-04 01:50:22.400462,vehicle_010,vehicle,Water Tanker,workshop,Maintenance Workshop,2.86,1.5,48.2,10534.0,13.9,15.63,0.931,90.1,operational,0.04,False
2026-08-05 01:50:22.400462,vehicle_010,vehicle,Water Tanker,workshop,Maintenance Workshop,2.86,3.22,52.5,10435.0,10.1,19.49,0.93,92.4,operational,0.042,False
2026-08-06 01:50:22.400462,vehicle_010,vehicle,Water Tanker,workshop,Maintenance Workshop,2.86,2.65,43.9,10617.0,15.7,16.24,0.928,87.0,operational,0.043,False
2026-08-07 01:50:22.400462,vehicle_010,vehicle,Water Tanker,workshop,Maintenance Workshop,2.86,2.2,52.1,10581.0,14.0,18.57,0.927,92.8,operational,0.044,False
2026-08-08 01:50:22.400462,vehicle_010,vehicle,Water Tanker,workshop,Maintenance Workshop,2.87,2.57,51.3,10702.0,17.3,20.29,0.926,89.0,operational,0.046,False
2026-08-09 01:50:22.400462,vehicle_010,vehicle,Water Tanker,workshop,Maintenance Workshop,2.87,2.36,52.4,10740.0,17.9,5.09,0.924,89.9,operational,0.047,False
2026-08-10 01:50:22.400462,vehicle_010,vehicle,Water Tanker,workshop,Maintenance Workshop,2.87,2.67,52.0,10641.0,14.5,2.55,0.923,85.8,operational,0.049,False
2026-08-11 01:50:22.400462,vehicle_010,vehicle,Water Tanker,workshop,Maintenance Workshop,2.87,2.08,53.0,10756.0,17.3,42.85,0.921,89.0,operational,0.05,False
2026-08-12 01:50:22.400462,vehicle_010,vehicle,Water Tanker,workshop,Maintenance Workshop,2.88,3.27,48.1,10768.0,17.2,9.31,0.92,85.4,operational,0.051,False
2026-08-13 01:50:22.400462,vehicle_010,vehicle,Water Tanker,workshop,Maintenance Workshop,2.88,2.39,46.2,10657.0,13.8,24.51,0.918,87.2,operational,0.053,False
2026-08-14 01:50:22.400462,vehicle_010,vehicle,Water Tanker,workshop,Maintenance Workshop,2.88,3.74,53.4,10652.0,13.3,27.07,0.917,87.4,operational,0.054,False
2026-08-15 01:50:22.400462,vehicle_010,vehicle,Water Tanker,workshop,Maintenance Workshop,2.89,2.87,47.4,10624.0,12.3,11.97,0.916,81.8,operational,0.056,False
2026-08-16 01:50:22.400462,vehicle_010,vehicle,Water Tanker,workshop,Maintenance Workshop,2.89,3.39,47.4,10397.0,6.5,19.42,0.914,80.3,operational,0.057,False
2026-08-17 01:50:22.400462,vehicle_010,vehicle,Water Tanker,workshop,Maintenance Workshop,2.89,3.15,53.6,10663.0,12.6,2.92,0.913,85.6,operational,0.058,False
2026-08-18 01:50:22.400462,vehicle_010,vehicle,Water Tanker,workshop,Maintenance Workshop,2.89,3.44,45.6,10660.0,12.3,2.56,0.911,90.2,operational,0.06,False
2026-08-19 01:50:22.400462,vehicle_010,vehicle,Water Tanker,workshop,Maintenance Workshop,2.9,3.18,48.7,10409.0,6.3,45.43,0.91,91.1,operational,0.061,False
2026-08-20 01:50:22.400462,vehicle_010,vehicle,Water Tanker,workshop,Maintenance Workshop,2.9,3.37,53.5,10548.0,9.3,19.45,0.909,86.0,operational,0.062,False
2026-08-21 01:50:22.400462,vehicle_010,vehicle,Water Tanker,workshop,Maintenance Workshop,2.9,2.63,47.0,10952.0,17.8,10.17,0.907,87.4,operational,0.064,False
2026-08-22 01:50:22.400462,vehicle_010,vehicle,Water Tanker,workshop,Maintenance Workshop,2.9,2.48,51.3,10442.0,6.6,56.54,0.906,89.0,operational,0.065,False
2026-08-23 01:50:22.400462,vehicle_010,vehicle,Water Tanker,workshop,Maintenance Workshop,2.91,3.63,47.2,10904.0,16.1,51.17,0.904,83.7,operational,0.067,False
2026-08-24 01:50:22.400462,vehicle_010,vehicle,Water Tanker,workshop,Maintenance Workshop,2.91,2.99,49.5,10816.0,14.0,28.99,0.903,84.4,operational,0.068,False
2026-08-25 01:50:22.400462,vehicle_010,vehicle,Water Tanker,workshop,Maintenance Workshop,2.91,3.05,49.8,10484.0,7.0,41.26,0.901,82.1,operational,0.069,False
2026-08-26 01:50:22.400462,vehicle_010,vehicle,Water Tanker,workshop,Maintenance Workshop,2.92,2.26,51.8,10751.0,12.1,17.19,0.9,85.7,operational,0.071,False
2026-08-27 01:50:22.400462,vehicle_010,vehicle,Water Tanker,workshop,Maintenance Workshop,2.92,2.75,51.3,10803.0,12.9,26.97,0.899,83.4,operational,0.072,False
2026-08-28 01:50:22.400462,vehicle_010,vehicle,Water Tanker,workshop,Maintenance Workshop,2.92,2.53,47.5,10865.0,13.8,7.55,0.897,85.4,operational,0.074,False
2026-08-29 01:50:22.400462,vehicle_010,vehicle,Water Tanker,workshop,Maintenance Workshop,2.92,2.35,49.4,10893.0,14.1,49.88,0.896,86.8,operational,0.075,False
2026-08-30 01:50:22.400462,vehicle_010,vehicle,Water Tanker,workshop,Maintenance Workshop,2.93,3.36,51.4,10903.0,14.0,34.94,0.894,77.7,operational,0.076,False
2026-08-31 01:50:22.400462,vehicle_010,vehicle,Water Tanker,workshop,Maintenance Workshop,2.93,2.44,55.0,10648.0,9.2,39.28,0.893,81.2,operational,0.078,False
2026-09-01 01:50:22.400462,vehicle_010,vehicle,Water Tanker,workshop,Maintenance Workshop,2.93,3.23,53.8,10686.0,9.7,4.08,0.892,89.4,operational,0.079,False
2026-09-02 01:50:22.400462,vehicle_010,vehicle,Water Tanker,workshop,Maintenance Workshop,2.93,3.01,55.0,10730.0,10.3,20.84,0.89,84.4,operational,0.081,False
2026-09-03 01:50:22.400462,vehicle_010,vehicle,Water Tanker,workshop,Maintenance Workshop,2.94,2.62,51.2,10517.0,6.5,53.94,0.889,83.9,operational,0.082,False
2026-09-04 01:50:22.400462,vehicle_010,vehicle,Water Tanker,workshop,Maintenance Workshop,2.94,2.64,49.9,11176.0,17.4,21.97,0.887,84.6,operational,0.083,False
2026-09-05 01:50:22.400462,vehicle_010,vehicle,Water Tanker,workshop,Maintenance Workshop,2.94,2.51,50.9,10769.0,10.4,22.72,0.886,79.6,operational,0.085,False
2026-09-06 01:50:22.400462,vehicle_010,vehicle,Water Tanker,workshop,Maintenance Workshop,2.95,2.36,51.5,11200.0,17.2,53.76,0.884,85.1,operational,0.086,False
2026-09-07 01:50:22.400462,vehicle_010,vehicle,Water Tanker,workshop,Maintenance Workshop,2.95,3.27,45.7,10821.0,10.9,37.86,0.883,80.2,operational,0.087,False
2026-09-08 01:50:22.400462,vehicle_010,vehicle,Water Tanker,workshop,Maintenance Workshop,2.95,2.95,48.7,10718.0,9.2,19.35,0.882,84.5,operational,0.089,False
2026-09-09 01:50:22.400462,vehicle_010,vehicle,Water Tanker,workshop,Maintenance Workshop,2.95,3.18,53.5,10982.0,13.1,18.89,0.88,80.8,operational,0.09,False
2026-09-10 01:50:22.400462,vehicle_010,vehicle,Water Tanker,workshop,Maintenance Workshop,2.96,3.37,49.1,10720.0,8.9,20.6,0.879,85.6,operational,0.092,False
2026-09-11 01:50:22.400462,vehicle_010,vehicle,Water Tanker,workshop,Maintenance Workshop,2.96,2.5,45.8,11058.0,13.8,19.27,0.877,79.9,operational,0.093,False
2026-09-12 01:50:22.400462,vehicle_010,vehicle,Water Tanker,workshop,Maintenance Workshop,2.96,3.14,50.9,10705.0,8.4,36.83,0.876,80.6,operational,0.094,False
2026-09-13 01:50:22.400462,vehicle_010,vehicle,Water Tanker,workshop,Maintenance Workshop,2.96,2.78,53.9,11296.0,16.9,19.53,0.875,78.7,operational,0.096,False
2026-09-14 01:50:22.400462,vehicle_010,vehicle,Water Tanker,workshop,Maintenance Workshop,2.97,3.16,50.3,11297.0,16.6,25.11,0.873,74.6,operational,0.097,False
2026-09-15 01:50:22.400462,vehicle_010,vehicle,Water Tanker,workshop,Maintenance Workshop,2.97,3.28,54.8,10723.0,8.3,22.98,0.872,82.9,operational,0.099,False
2026-09-16 01:50:22.400462,vehicle_010,vehicle,Water Tanker,workshop,Maintenance Workshop,2.97,2.77,46.7,11213.0,15.0,32.27,0.87,82.1,operational,0.1,False
2026-09-17 01:50:22.400462,vehicle_010,vehicle,Water Tanker,workshop,Maintenance Workshop,2.98,2.46,51.9,11350.0,16.7,39.3,0.869,80.5,operational,0.101,False
2026-09-18 01:50:22.400462,vehicle_010,vehicle,Water Tanker,workshop,Maintenance Workshop,2.98,2.8,52.4,11283.0,15.5,10.31,0.868,82.0,operational,0.103,False
2026-09-19 01:50:22.400462,vehicle_010,vehicle,Water Tanker,workshop,Maintenance Workshop,2.98,3.01,52.7,11322.0,15.9,49.36,0.866,82.5,operational,0.104,False
2026-09-20 01:50:22.400462,vehicle_010,vehicle,Water Tanker,workshop,Maintenance Workshop,2.98,2.77,50.1,11231.0,14.5,46.61,0.865,72.0,operational,0.105,False
2026-09-21 01:50:22.400462,vehicle_010,vehicle,Water Tanker,workshop,Maintenance Workshop,2.99,2.37,48.1,10992.0,11.2,20.38,0.863,80.5,operational,0.107,False
2026-09-22 01:50:22.400462,vehicle_010,vehicle,Water Tanker,workshop,Maintenance Workshop,2.99,3.26,47.9,10939.0,10.3,13.92,0.862,82.1,operational,0.108,False
2026-09-23 01:50:22.400462,vehicle_010,vehicle,Water Tanker,workshop,Maintenance Workshop,2.99,3.06,48.8,11306.0,14.9,46.37,0.86,83.9,operational,0.11,False
2026-09-24 01:50:22.400462,vehicle_010,vehicle,Water Tanker,workshop,Maintenance Workshop,3.0,3.09,53.6,11207.0,13.4,31.65,0.859,79.8,operational,0.111,False
2026-09-25 01:50:22.400462,vehicle_010,vehicle,Water Tanker,workshop,Maintenance Workshop,3.0,2.23,50.3,10836.0,8.7,2.69,0.858,78.6,operational,0.112,False
2026-09-26 01:50:22.400462,vehicle_010,vehicle,Water Tanker,workshop,Maintenance Workshop,3.0,1.66,52.5,11283.0,14.0,17.23,0.856,74.4,operational,0.114,False
2026-09-27 01:50:22.400462,vehicle_010,vehicle,Water Tanker,workshop,Maintenance Workshop,3.0,2.49,48.7,11498.0,16.5,44.32,0.855,80.5,operational,0.115,False
2026-09-28 01:50:22.400462,vehicle_010,vehicle,Water Tanker,workshop,Maintenance Workshop,3.01,2.92,52.9,11423.0,15.4,20.85,0.853,76.9,operational,0.117,False
2026-09-29 01:50:22.400462,vehicle_010,vehicle,Water Tanker,workshop,Maintenance Workshop,3.01,2.4,50.0,11655.0,17.9,35.49,0.852,81.7,operational,0.118,False
2026-09-30 01:50:22.400462,vehicle_010,vehicle,Water Tanker,workshop,Maintenance Workshop,3.01,3.54,51.1,11199.0,12.4,52.05,0.851,79.5,operational,0.119,False
2026-10-01 01:50:22.400462,vehicle_010,vehicle,Water Tanker,workshop,Maintenance Workshop,3.01,3.4,48.8,10667.0,6.2,22.74,0.849,86.4,operational,0.121,False
2026-10-02 01:50:22.400462,vehicle_010,vehicle,Water Tanker,workshop,Maintenance Workshop,3.02,2.83,46.5,10943.0,9.2,9.52,0.848,81.4,operational,0.122,False
2026-10-03 01:50:22.400462,vehicle_010,vehicle,Water Tanker,workshop,Maintenance Workshop,3.02,2.82,51.2,11468.0,15.0,37.26,0.846,74.7,operational,0.124,False
2026-07-06 01:50:22.400462,vehicle_011,vehicle,Inspection Van,parking_complex,Parking Complex,6.59,3.71,61.2,24067.0,11.7,3.95,0.934,81.3,operational,0.0,False
2026-07-07 01:50:22.400462,vehicle_011,vehicle,Inspection Van,parking_complex,Parking Complex,6.6,3.65,58.4,24082.0,14.9,44.41,0.931,83.3,operational,0.003,False
2026-07-08 01:50:22.400462,vehicle_011,vehicle,Inspection Van,parking_complex,Parking Complex,6.6,3.89,52.2,24085.0,8.6,48.58,0.927,79.9,operational,0.007,False
2026-07-09 01:50:22.400462,vehicle_011,vehicle,Inspection Van,parking_complex,Parking Complex,6.6,3.48,59.5,24117.0,16.7,34.64,0.924,76.3,operational,0.01,False
2026-07-10 01:50:22.400462,vehicle_011,vehicle,Inspection Van,parking_complex,Parking Complex,6.6,3.29,60.1,24105.0,9.3,9.95,0.921,78.7,operational,0.013,False
2026-07-11 01:50:22.400462,vehicle_011,vehicle,Inspection Van,parking_complex,Parking Complex,6.61,4.19,55.0,24143.0,15.2,21.18,0.917,77.7,operational,0.016,False
2026-07-12 01:50:22.400462,vehicle_011,vehicle,Inspection Van,parking_complex,Parking Complex,6.61,3.7,62.5,24170.0,17.2,30.52,0.914,74.3,operational,0.02,False
2026-07-13 01:50:22.400462,vehicle_011,vehicle,Inspection Van,parking_complex,Parking Complex,6.61,2.89,64.2,24186.0,16.9,3.98,0.911,78.5,operational,0.023,False
2026-07-14 01:50:22.400462,vehicle_011,vehicle,Inspection Van,parking_complex,Parking Complex,6.62,4.58,59.0,24171.0,12.9,24.33,0.907,76.8,operational,0.026,False
2026-07-15 01:50:22.400462,vehicle_011,vehicle,Inspection Van,parking_complex,Parking Complex,6.62,4.73,65.3,24199.0,14.7,53.75,0.904,79.8,operational,0.03,False
2026-07-16 01:50:22.400462,vehicle_011,vehicle,Inspection Van,parking_complex,Parking Complex,6.62,3.64,59.4,24131.0,6.4,32.41,0.901,86.3,operational,0.033,False
2026-07-17 01:50:22.400462,vehicle_011,vehicle,Inspection Van,parking_complex,Parking Complex,6.62,3.68,56.0,24156.0,8.0,35.48,0.897,71.1,operational,0.036,False
2026-07-18 01:50:22.400462,vehicle_011,vehicle,Inspection Van,parking_complex,Parking Complex,6.63,4.54,57.8,24246.0,14.9,40.45,0.894,75.7,operational,0.04,False
2026-07-19 01:50:22.400462,vehicle_011,vehicle,Inspection Van,parking_complex,Parking Complex,6.63,3.66,55.4,24237.0,13.0,41.1,0.891,75.9,operational,0.043,False
2026-07-20 01:50:22.400462,vehicle_011,vehicle,Inspection Van,parking_complex,Parking Complex,6.63,3.69,56.4,24199.0,9.4,3.6,0.888,70.0,operational,0.046,False
2026-07-21 01:50:22.400462,vehicle_011,vehicle,Inspection Van,parking_complex,Parking Complex,6.63,3.45,58.9,24164.0,6.4,52.6,0.884,75.9,operational,0.049,False
2026-07-22 01:50:22.400462,vehicle_011,vehicle,Inspection Van,parking_complex,Parking Complex,6.64,4.15,56.9,24239.0,10.7,50.28,0.881,80.3,operational,0.053,False
2026-07-23 01:50:22.400462,vehicle_011,vehicle,Inspection Van,parking_complex,Parking Complex,6.64,4.1,59.1,24283.0,12.7,5.05,0.878,71.8,operational,0.056,False
2026-07-24 01:50:22.400462,vehicle_011,vehicle,Inspection Van,parking_complex,Parking Complex,6.64,4.27,56.2,24216.0,8.3,27.81,0.874,69.4,operational,0.059,False
2026-07-25 01:50:22.400462,vehicle_011,vehicle,Inspection Van,parking_complex,Parking Complex,6.65,4.4,57.7,24278.0,11.1,29.52,0.871,75.5,operational,0.063,False
2026-07-26 01:50:22.400462,vehicle_011,vehicle,Inspection Van,parking_complex,Parking Complex,6.65,3.73,60.1,24327.0,13.0,36.46,0.868,76.5,operational,0.066,False
2026-07-27 01:50:22.400462,vehicle_011,vehicle,Inspection Van,parking_complex,Parking Complex,6.65,3.42,53.6,24445.0,18.0,33.57,0.864,74.9,operational,0.069,False
2026-07-28 01:50:22.400462,vehicle_011,vehicle,Inspection Van,parking_complex,Parking Complex,6.65,3.36,58.1,24365.0,13.5,54.14,0.861,72.2,operational,0.073,False
2026-07-29 01:50:22.400462,vehicle_011,vehicle,Inspection Van,parking_complex,Parking Complex,6.66,4.1,56.3,24381.0,13.6,40.36,0.858,71.2,operational,0.076,False
2026-07-30 01:50:22.400462,vehicle_011,vehicle,Inspection Van,parking_complex,Parking Complex,6.66,4.03,59.5,24367.0,12.5,54.63,0.854,73.3,operational,0.079,False
2026-07-31 01:50:22.400462,vehicle_011,vehicle,Inspection Van,parking_complex,Parking Complex,6.66,3.79,54.9,24512.0,17.8,18.57,0.851,70.8,operational,0.082,False
2026-08-01 01:50:22.400462,vehicle_011,vehicle,Inspection Van,parking_complex,Parking Complex,6.67,3.58,58.3,24423.0,13.7,55.7,0.848,71.9,operational,0.086,False
2026-08-02 01:50:22.400462,vehicle_011,vehicle,Inspection Van,parking_complex,Parking Complex,6.67,3.77,59.7,24343.0,10.2,33.03,0.844,70.4,operational,0.089,False
2026-08-03 01:50:22.400462,vehicle_011,vehicle,Inspection Van,parking_complex,Parking Complex,6.67,4.42,59.8,24511.0,15.8,17.34,0.841,68.3,operational,0.092,False
2026-08-04 01:50:22.400462,vehicle_011,vehicle,Inspection Van,parking_complex,Parking Complex,6.67,4.51,63.1,24439.0,12.8,54.64,0.838,68.0,operational,0.096,False
2026-08-05 01:50:22.400462,vehicle_011,vehicle,Inspection Van,parking_complex,Parking Complex,6.68,4.01,62.2,24554.0,16.2,37.64,0.834,71.4,operational,0.099,False
2026-08-06 01:50:22.400462,vehicle_011,vehicle,Inspection Van,parking_complex,Parking Complex,6.68,3.68,59.7,24287.0,7.1,58.59,0.831,65.7,operational,0.102,False
2026-08-07 01:50:22.400462,vehicle_011,vehicle,Inspection Van,parking_complex,Parking Complex,6.68,3.44,59.9,24539.0,14.7,52.96,0.828,66.4,operational,0.106,False
2026-08-08 01:50:22.400462,vehicle_011,vehicle,Inspection Van,parking_complex,Parking Complex,6.68,4.08,60.6,24447.0,11.5,40.57,0.824,72.7,operational,0.109,False
2026-08-09 01:50:22.400462,vehicle_011,vehicle,Inspection Van,parking_complex,Parking Complex,6.69,3.78,59.6,24398.0,9.7,37.81,0.821,70.5,operational,0.112,False
2026-08-10 01:50:22.400462,vehicle_011,vehicle,Inspection Van,parking_complex,Parking Complex,6.69,5.21,58.8,24572.0,14.4,26.97,0.818,69.5,operational,0.118,False
2026-08-11 01:50:22.400462,vehicle_011,vehicle,Inspection Van,parking_complex,Parking Complex,6.69,4.03,58.5,24461.0,10.9,3.6,0.814,65.8,operational,0.119,False
2026-08-12 01:50:22.400462,vehicle_011,vehicle,Inspection Van,parking_complex,Parking Complex,6.7,3.18,61.8,24460.0,10.6,50.15,0.811,73.2,operational,0.122,False
2026-08-13 01:50:22.400462,vehicle_011,vehicle,Inspection Van,parking_complex,Parking Complex,6.7,3.8,56.1,24357.0,7.6,64.98,0.808,68.1,operational,0.125,False
2026-08-14 01:50:22.400462,vehicle_011,vehicle,Inspection Van,parking_complex,Parking Complex,6.7,3.64,54.5,24529.0,11.8,35.0,0.804,68.0,operational,0.129,False
2026-08-15 01:50:22.400462,vehicle_011,vehicle,Inspection Van,parking_complex,Parking Complex,6.7,3.1,63.4,24710.0,16.1,4.58,0.801,66.9,operational,0.132,False
2026-08-16 01:50:22.400462,vehicle_011,vehicle,Inspection Van,parking_complex,Parking Complex,6.71,3.59,65.7,24595.0,12.9,14.03,0.798,68.8,operational,0.135,False
2026-08-17 01:50:22.400462,vehicle_011,vehicle,Inspection Van,parking_complex,Parking Complex,6.71,4.39,55.6,24754.0,16.3,11.39,0.794,58.2,maintenance_needed,0.138,True
2026-08-18 01:50:22.400462,vehicle_011,vehicle,Inspection Van,parking_complex,Parking Complex,6.71,4.52,58.1,24792.0,16.9,43.73,0.791,68.7,operational,0.142,False
2026-08-19 01:50:22.400462,vehicle_011,vehicle,Inspection Van,parking_complex,Parking Complex,6.71,3.75,57.0,24452.0,8.7,35.3,0.788,62.3,operational,0.145,False
2026-08-20 01:50:22.400462,vehicle_011,vehicle,Inspection Van,parking_complex,Parking Complex,6.72,3.7,55.6,24847.0,17.3,20.08,0.784,64.3,operational,0.148,False
2026-08-21 01:50:22.400462,vehicle_011,vehicle,Inspection Van,parking_complex,Parking Complex,6.72,3.85,61.6,24395.0,7.1,39.54,0.781,67.2,operational,0.15,False
2026-08-22 01:50:22.400462,vehicle_011,vehicle,Inspection Van,parking_complex,Parking Complex,6.72,3.83,53.1,24439.0,7.9,14.79,0.778,67.9,operational,0.15,False
2026-08-23 01:50:22.400462,vehicle_011,vehicle,Inspection Van,parking_complex,Parking Complex,6.73,3.79,62.7,24671.0,12.6,16.83,0.774,62.0,operational,0.15,False
2026-08-24 01:50:22.400462,vehicle_011,vehicle,Inspection Van,parking_complex,Parking Complex,6.73,3.7,58.5,24922.0,17.4,55.28,0.771,64.2,operational,0.15,False
2026-08-25 01:50:22.400462,vehicle_011,vehicle,Inspection Van,parking_complex,Parking Complex,6.73,3.45,57.8,24910.0,16.9,21.41,0.768,60.9,operational,0.15,False
2026-08-26 01:50:22.400462,vehicle_011,vehicle,Inspection Van,parking_complex,Parking Complex,6.73,4.38,53.8,24390.0,6.3,7.51,0.765,62.2,operational,0.15,False
2026-08-27 01:50:22.400462,vehicle_011,vehicle,Inspection Van,parking_complex,Parking Complex,6.74,3.34,57.7,24683.0,11.8,38.41,0.761,66.1,operational,0.15,False
2026-08-28 01:50:22.400462,vehicle_011,vehicle,Inspection Van,parking_complex,Parking Complex,6.74,3.63,61.0,24842.0,14.6,19.47,0.758,66.1,operational,0.15,False
2026-08-29 01:50:22.400462,vehicle_011,vehicle,Inspection Van,parking_complex,Parking Complex,6.74,3.84,52.8,25038.0,18.0,53.1,0.755,58.8,maintenance_needed,0.15,True
2026-08-30 01:50:22.400462,vehicle_011,vehicle,Inspection Van,parking_complex,Parking Complex,6.74,3.88,52.0,24777.0,12.9,50.82,0.751,63.1,operational,0.15,False
2026-08-31 01:50:22.400462,vehicle_011,vehicle,Inspection Van,parking_complex,Parking Complex,6.75,3.97,55.2,24921.0,15.3,26.28,0.748,58.5,maintenance_needed,0.15,True
2026-09-01 01:50:22.400462,vehicle_011,vehicle,Inspection Van,parking_complex,Parking Complex,6.75,3.54,58.6,24585.0,9.1,25.18,0.745,56.2,maintenance_needed,0.15,True
2026-09-02 01:50:22.400462,vehicle_011,vehicle,Inspection Van,parking_complex,Parking Complex,6.75,2.99,59.8,24880.0,14.0,30.31,0.741,56.7,maintenance_needed,0.15,True
2026-09-03 01:50:22.400462,vehicle_011,vehicle,Inspection Van,parking_complex,Parking Complex,6.76,3.4,55.8,24957.0,15.1,24.77,0.738,57.0,maintenance_needed,0.15,True
2026-09-04 01:50:22.400462,vehicle_011,vehicle,Inspection Van,parking_complex,Parking Complex,6.76,3.51,56.2,24964.0,14.9,36.7,0.735,61.5,operational,0.15,False
2026-09-05 01:50:22.400462,vehicle_011,vehicle,Inspection Van,parking_complex,Parking Complex,6.76,3.43,57.5,24547.0,7.9,49.38,0.731,61.1,operational,0.15,False
2026-09-06 01:50:22.400462,vehicle_011,vehicle,Inspection Van,parking_complex,Parking Complex,6.76,4.05,55.5,25005.0,15.1,42.12,0.728,59.1,maintenance_needed,0.15,True
2026-09-07 01:50:22.400462,vehicle_011,vehicle,Inspection Van,parking_complex,Parking Complex,6.77,3.75,55.8,24580.0,8.1,15.75,0.725,58.6,maintenance_needed,0.15,True
2026-09-08 01:50:22.400462,vehicle_011,vehicle,Inspection Van,parking_complex,Parking Complex,6.77,4.21,60.6,25063.0,15.6,31.81,0.721,60.0,operational,0.15,False
2026-09-09 01:50:22.400462,vehicle_011,vehicle,Inspection Van,parking_complex,Parking Complex,6.77,4.52,55.0,24530.0,7.1,37.68,0.718,57.4,maintenance_needed,0.15,True
2026-09-10 01:50:22.400462,vehicle_011,vehicle,Inspection Van,parking_complex,Parking Complex,6.77,3.75,59.6,25121.0,16.0,32.63,0.715,58.3,maintenance_needed,0.15,True
2026-09-11 01:50:22.400462,vehicle_011,vehicle,Inspection Van,parking_complex,Parking Complex,6.78,4.45,62.8,24811.0,11.1,38.22,0.711,55.4,maintenance_needed,0.15,True
2026-09-12 01:50:22.400462,vehicle_011,vehicle,Inspection Van,parking_complex,Parking Complex,6.78,3.17,58.4,24524.0,6.7,54.31,0.708,60.0,maintenance_needed,0.15,True
2026-09-13 01:50:22.400462,vehicle_011,vehicle,Inspection Van,parking_complex,Parking Complex,6.78,3.55,55.8,24535.0,6.8,43.53,0.705,55.1,maintenance_needed,0.15,True
2026-09-14 01:50:22.400462,vehicle_011,vehicle,Inspection Van,parking_complex,Parking Complex,6.79,4.32,55.7,25225.0,16.5,39.66,0.701,52.0,maintenance_needed,0.15,True
2026-09-15 01:50:22.400462,vehicle_011,vehicle,Inspection Van,parking_complex,Parking Complex,6.79,4.72,56.4,25019.0,13.4,19.26,0.698,59.7,maintenance_needed,0.15,True
2026-09-16 01:50:22.400462,vehicle_011,vehicle,Inspection Van,parking_complex,Parking Complex,6.79,3.6,56.2,24654.0,8.1,46.33,0.695,57.9,maintenance_needed,0.15,True
2026-09-17 01:50:22.400462,vehicle_011,vehicle,Inspection Van,parking_complex,Parking Complex,6.79,3.56,56.8,25362.0,17.7,20.17,0.691,58.0,maintenance_needed,0.15,True
2026-09-18 01:50:22.400462,vehicle_011,vehicle,Inspection Van,parking_complex,Parking Complex,6.8,4.76,66.5,24542.0,6.4,19.81,0.688,52.4,maintenance_needed,0.15,True
2026-09-19 01:50:22.400462,vehicle_011,vehicle,Inspection Van,parking_complex,Parking Complex,6.8,5.0,57.0,25367.0,17.3,43.22,0.685,51.1,maintenance_needed,0.15,True
2026-09-20 01:50:22.400462,vehicle_011,vehicle,Inspection Van,parking_complex,Parking Complex,6.8,3.7,62.8,25069.0,13.2,37.0,0.681,51.9,maintenance_needed,0.15,True
2026-09-21 01:50:22.400462,vehicle_011,vehicle,Inspection Van,parking_complex,Parking Complex,6.8,4.14,57.2,24683.0,8.0,19.01,0.678,53.2,maintenance_needed,0.15,True
2026-09-22 01:50:22.400462,vehicle_011,vehicle,Inspection Van,parking_complex,Parking Complex,6.81,3.79,57.6,25260.0,15.3,11.79,0.675,54.4,maintenance_needed,0.15,True
2026-09-23 01:50:22.400462,vehicle_011,vehicle,Inspection Van,parking_complex,Parking Complex,6.81,4.48,58.0,25072.0,12.7,44.59,0.671,56.6,maintenance_needed,0.15,True
2026-09-24 01:50:22.400462,vehicle_011,vehicle,Inspection Van,parking_complex,Parking Complex,6.81,3.91,59.5,25505.0,18.0,57.71,0.668,60.8,operational,0.15,False
2026-09-25 01:50:22.400462,vehicle_011,vehicle,Inspection Van,parking_complex,Parking Complex,6.82,4.23,57.2,24889.0,10.1,43.63,0.665,55.0,maintenance_needed,0.15,True
2026-09-26 01:50:22.400462,vehicle_011,vehicle,Inspection Van,parking_complex,Parking Complex,6.82,4.41,57.8,24919.0,10.4,46.1,0.661,49.9,maintenance_needed,0.15,True
2026-09-27 01:50:22.400462,vehicle_011,vehicle,Inspection Van,parking_complex,Parking Complex,6.82,3.13,53.4,24841.0,9.3,72.28,0.658,52.3,maintenance_needed,0.15,True
2026-09-28 01:50:22.400462,vehicle_011,vehicle,Inspection Van,parking_complex,Parking Complex,6.82,5.16,58.1,25254.0,14.1,30.57,0.655,51.4,maintenance_needed,0.15,True
2026-09-29 01:50:22.400462,vehicle_011,vehicle,Inspection Van,parking_complex,Parking Complex,6.83,3.49,60.8,25436.0,16.1,15.18,0.651,47.4,maintenance_needed,0.15,True
2026-09-30 01:50:22.400462,vehicle_011,vehicle,Inspection Van,parking_complex,Parking Complex,6.83,4.03,61.9,24809.0,8.6,34.06,0.648,51.3,maintenance_needed,0.15,True
2026-10-01 01:50:22.400462,vehicle_011,vehicle,Inspection Van,parking_complex,Parking Complex,6.83,3.61,60.4,25579.0,17.4,48.17,0.645,49.5,maintenance_needed,0.15,True
2026-10-02 01:50:22.400462,vehicle_011,vehicle,Inspection Van,parking_complex,Parking Complex,6.83,4.52,56.6,24673.0,6.9,38.01,0.642,52.8,maintenance_needed,0.15,True
2026-10-03 01:50:22.400462,vehicle_011,vehicle,Inspection Van,parking_complex,Parking Complex,6.84,4.26,55.8,24857.0,8.9,48.74,0.638,48.9,maintenance_needed,0.15,True
2026-07-06 01:50:22.400462,vehicle_012,vehicle,Garbage Truck,main_office,Main Office,4.83,4.13,53.4,17635.0,16.8,14.81,0.952,82.6,operational,0.0,False
2026-07-07 01:50:22.400462,vehicle_012,vehicle,Garbage Truck,main_office,Main Office,4.83,3.45,53.1,17647.0,12.0,28.17,0.949,86.4,operational,0.002,False
2026-07-08 01:50:22.400462,vehicle_012,vehicle,Garbage Truck,main_office,Main Office,4.84,3.55,42.7,17663.0,14.1,21.48,0.947,87.0,operational,0.005,False
2026-07-09 01:50:22.400462,vehicle_012,vehicle,Garbage Truck,main_office,Main Office,4.84,2.85,54.8,17688.0,17.7,45.25,0.944,84.3,operational,0.007,False
2026-07-10 01:50:22.400462,vehicle_012,vehicle,Garbage Truck,main_office,Main Office,4.84,3.72,57.4,17678.0,10.8,54.38,0.942,91.8,operational,0.01,False
2026-07-11 01:50:22.400462,vehicle_012,vehicle,Garbage Truck,main_office,Main Office,4.85,3.07,54.7,17678.0,8.7,33.4,0.939,86.1,operational,0.012,False
2026-07-12 01:50:22.400462,vehicle_012,vehicle,Garbage Truck,main_office,Main Office,4.85,3.83,53.4,17688.0,8.9,24.42,0.937,83.1,operational,0.014,False
2026-07-13 01:50:22.400462,vehicle_012,vehicle,Garbage Truck,main_office,Main Office,4.85,2.44,62.5,17680.0,6.5,23.23,0.935,88.8,operational,0.017,False
2026-07-14 01:50:22.400462,vehicle_012,vehicle,Garbage Truck,main_office,Main Office,4.85,3.89,54.0,17698.0,7.9,47.25,0.932,77.9,operational,0.019,False
2026-07-15 01:50:22.400462,vehicle_012,vehicle,Garbage Truck,main_office,Main Office,4.86,3.73,53.0,17789.0,17.2,52.74,0.93,82.3,operational,0.022,False
2026-07-16 01:50:22.400462,vehicle_012,vehicle,Garbage Truck,main_office,Main Office,4.86,3.44,47.7,17814.0,17.9,40.11,0.927,84.9,operational,0.024,False
2026-07-17 01:50:22.400462,vehicle_012,vehicle,Garbage Truck,main_office,Main Office,4.86,3.89,55.4,17799.0,15.0,20.05,0.925,78.5,operational,0.027,False
2026-07-18 01:50:22.400462,vehicle_012,vehicle,Garbage Truck,main_office,Main Office,4.86,3.49,53.3,17821.0,15.5,38.19,0.922,86.4,operational,0.029,False
2026-07-19 01:50:22.400462,vehicle_012,vehicle,Garbage Truck,main_office,Main Office,4.87,3.48,59.8,17753.0,9.1,32.9,0.92,80.7,operational,0.031,False
2026-07-20 01:50:22.400462,vehicle_012,vehicle,Garbage Truck,main_office,Main Office,4.87,3.94,55.1,17842.0,14.8,22.4,0.917,86.8,operational,0.034,False
2026-07-21 01:50:22.400462,vehicle_012,vehicle,Garbage Truck,main_office,Main Office,4.87,3.44,54.6,17766.0,8.8,56.25,0.915,83.5,operational,0.036,False
2026-07-22 01:50:22.400462,vehicle_012,vehicle,Garbage Truck,main_office,Main Office,4.88,3.43,54.1,17760.0,7.8,29.23,0.913,85.2,operational,0.039,False
2026-07-23 01:50:22.400462,vehicle_012,vehicle,Garbage Truck,main_office,Main Office,4.88,2.62,51.2,17882.0,14.5,46.8,0.91,75.3,operational,0.041,False
2026-07-24 01:50:22.400462,vehicle_012,vehicle,Garbage Truck,main_office,Main Office,4.88,3.55,55.8,17905.0,15.0,42.7,0.908,79.1,operational,0.043,False
2026-07-25 01:50:22.400462,vehicle_012,vehicle,Garbage Truck,main_office,Main Office,4.88,3.55,57.6,17899.0,13.9,14.18,0.905,78.0,operational,0.046,False
2026-07-26 01:50:22.400462,vehicle_012,vehicle,Garbage Truck,main_office,Main Office,4.89,3.78,53.8,17856.0,11.1,38.91,0.903,83.5,operational,0.048,False
2026-07-27 01:50:22.400462,vehicle_012,vehicle,Garbage Truck,main_office,Main Office,4.89,3.75,57.2,17873.0,11.3,24.82,0.9,82.6,operational,0.051,False
2026-07-28 01:50:22.400462,vehicle_012,vehicle,Garbage Truck,main_office,Main Office,4.89,3.35,56.6,17917.0,12.8,32.57,0.898,83.2,operational,0.053,False
2026-07-29 01:50:22.400462,vehicle_012,vehicle,Garbage Truck,main_office,Main Office,4.89,4.11,46.2,17824.0,8.2,45.41,0.895,73.3,operational,0.056,False
2026-07-30 01:50:22.400462,vehicle_012,vehicle,Garbage Truck,main_office,Main Office,4.9,3.41,56.7,17916.0,11.7,2.35,0.893,79.5,operational,0.058,False
2026-07-31 01:50:22.400462,vehicle_012,vehicle,Garbage Truck,main_office,Main Office,4.9,2.65,53.2,17816.0,7.3,27.96,0.891,83.2,operational,0.06,False
2026-08-01 01:50:22.400462,vehicle_012,vehicle,Garbage Truck,main_office,Main Office,4.9,3.05,60.2,17793.0,6.1,11.95,0.888,74.9,operational,0.063,False
2026-08-02 01:50:22.400462,vehicle_012,vehicle,Garbage Truck,main_office,Main Office,4.91,3.21,52.6,17886.0,9.3,2.74,0.886,76.9,operational,0.065,False
2026-08-03 01:50:22.400462,vehicle_012,vehicle,Garbage Truck,main_office,Main Office,4.91,3.07,55.9,18009.0,13.4,52.45,0.883,73.3,operational,0.068,False
2026-08-04 01:50:22.400462,vehicle_012,vehicle,Garbage Truck,main_office,Main Office,4.91,3.76,52.1,18086.0,15.6,54.77,0.881,77.4,operational,0.07,False
2026-08-05 01:50:22.400462,vehicle_012,vehicle,Garbage Truck,main_office,Main Office,4.91,2.95,58.9,18093.0,15.3,10.56,0.878,83.2,operational,0.072,False
2026-08-06 01:50:22.400462,vehicle_012,vehicle,Garbage Truck,main_office,Main Office,4.92,4.04,58.6,18082.0,14.4,30.95,0.876,78.0,operational,0.075,False
2026-08-07 01:50:22.400462,vehicle_012,vehicle,Garbage Truck,main_office,Main Office,4.92,3.85,53.5,18154.0,16.2,9.9,0.874,78.1,operational,0.077,False
2026-08-08 01:50:22.400462,vehicle_012,vehicle,Garbage Truck,main_office,Main Office,4.92,3.92,61.3,17995.0,10.9,37.69,0.871,80.8,operational,0.08,False
2026-08-09 01:50:22.400462,vehicle_012,vehicle,Garbage Truck,main_office,Main Office,4.92,3.24,55.1,17880.0,7.2,52.31,0.869,73.8,operational,0.082,False
2026-08-10 01:50:22.400462,vehicle_012,vehicle,Garbage Truck,main_office,Main Office,4.93,3.31,53.7,17964.0,9.4,36.82,0.866,77.9,operational,0.085,False
2026-08-11 01:50:22.400462,vehicle_012,vehicle,Garbage Truck,main_office,Main Office,4.93,3.52,58.8,18249.0,17.1,39.28,0.864,79.5,operational,0.087,False
2026-08-12 01:50:22.400462,vehicle_012,vehicle,Garbage Truck,main_office,Main Office,4.93,3.96,45.6,18257.0,16.8,44.92,0.861,78.8,operational,0.089,False
2026-08-13 01:50:22.400462,vehicle_012,vehicle,Garbage Truck,main_office,Main Office,4.94,3.24,57.9,18008.0,9.8,59.48,0.859,70.8,operational,0.092,False
2026-08-14 01:50:22.400462,vehicle_012,vehicle,Garbage Truck,main_office,Main Office,4.94,3.39,50.5,18002.0,9.4,42.4,0.856,78.4,operational,0.094,False
2026-08-15 01:50:22.400462,vehicle_012,vehicle,Garbage Truck,main_office,Main Office,4.94,2.96,50.4,18230.0,14.9,26.11,0.854,72.6,operational,0.097,False
2026-08-16 01:50:22.400462,vehicle_012,vehicle,Garbage Truck,main_office,Main Office,4.94,2.8,55.1,17939.0,7.4,26.54,0.852,74.5,operational,0.099,False
2026-08-17 01:50:22.400462,vehicle_012,vehicle,Garbage Truck,main_office,Main Office,4.95,3.65,52.5,17984.0,8.3,48.96,0.849,75.2,operational,0.101,False
2026-08-18 01:50:22.400462,vehicle_012,vehicle,Garbage Truck,main_office,Main Office,4.95,4.28,55.5,18337.0,16.3,37.56,0.847,70.3,operational,0.104,False
2026-08-19 01:50:22.400462,vehicle_012,vehicle,Garbage Truck,main_office,Main Office,4.95,4.09,55.9,18348.0,16.2,10.4,0.844,68.9,operational,0.106,False
2026-08-20 01:50:22.400462,vehicle_012,vehicle,Garbage Truck,main_office,Main Office,4.95,3.74,55.1,18273.0,14.2,52.53,0.842,77.2,operational,0.109,False
2026-08-21 01:50:22.400462,vehicle_012,vehicle,Garbage Truck,main_office,Main Office,4.96,3.4,60.2,18178.0,11.8,24.09,0.839,78.2,operational,0.111,False
2026-08-22 01:50:22.400462,vehicle_012,vehicle,Garbage Truck,main_office,Main Office,4.96,3.51,52.9,17999.0,7.7,32.75,0.837,75.9,operational,0.114,False
2026-08-23 01:50:22.400462,vehicle_012,vehicle,Garbage Truck,main_office,Main Office,4.96,3.02,52.3,18495.0,17.9,59.82,0.834,77.6,operational,0.116,False
2026-08-24 01:50:22.400462,vehicle_012,vehicle,Garbage Truck,main_office,Main Office,4.97,3.2,57.1,18439.0,16.4,21.53,0.832,75.5,operational,0.118,False
2026-08-25 01:50:22.400462,vehicle_012,vehicle,Garbage Truck,main_office,Main Office,4.97,4.17,54.0,17951.0,6.3,36.52,0.83,76.7,operational,0.121,False
2026-08-26 01:50:22.400462,vehicle_012,vehicle,Garbage Truck,main_office,Main Office,4.97,3.95,58.8,18474.0,16.5,9.61,0.827,75.0,operational,0.123,False
2026-08-27 01:50:22.400462,vehicle_012,vehicle,Garbage Truck,main_office,Main Office,4.97,3.43,55.5,18426.0,15.2,9.33,0.825,72.4,operational,0.126,False
2026-08-28 01:50:22.400462,vehicle_012,vehicle,Garbage Truck,main_office,Main Office,4.98,4.19,49.7,18356.0,13.6,46.45,0.822,70.3,operational,0.128,False
2026-08-29 01:50:22.400462,vehicle_012,vehicle,Garbage Truck,main_office,Main Office,4.98,3.52,58.3,18171.0,9.9,39.91,0.82,70.5,operational,0.13,False
2026-08-30 01:50:22.400462,vehicle_012,vehicle,Garbage Truck,main_office,Main Office,4.98,2.78,56.5,18035.0,7.3,47.31,0.817,70.0,operational,0.133,False
2026-08-31 01:50:22.400462,vehicle_012,vehicle,Garbage Truck,main_office,Main Office,4.98,3.7,54.3,18543.0,16.2,28.7,0.815,67.6,operational,0.135,False
2026-09-01 01:50:22.400462,vehicle_012,vehicle,Garbage Truck,main_office,Main Office,4.99,3.79,50.6,18020.0,6.8,12.96,0.812,65.3,operational,0.138,False
2026-09-02 01:50:22.400462,vehicle_012,vehicle,Garbage Truck,main_office,Main Office,4.99,3.08,53.4,18243.0,10.5,25.72,0.81,68.7,operational,0.14,False
2026-09-03 01:50:22.400462,vehicle_012,vehicle,Garbage Truck,main_office,Main Office,4.99,3.19,52.3,18494.0,14.6,7.47,0.808,70.8,operational,0.143,False
2026-09-04 01:50:22.400462,vehicle_012,vehicle,Garbage Truck,main_office,Main Office,5.0,3.93,49.8,18695.0,17.7,45.9,0.805,70.5,operational,0.145,False
2026-09-05 01:50:22.400462,vehicle_012,vehicle,Garbage Truck,main_office,Main Office,5.0,3.49,49.9,18216.0,9.5,56.24,0.803,67.2,operational,0.147,False
2026-09-06 01:50:22.400462,vehicle_012,vehicle,Garbage Truck,main_office,Main Office,5.0,3.62,59.4,18341.0,11.4,60.41,0.8,72.7,operational,0.15,False
2026-09-07 01:50:22.400462,vehicle_012,vehicle,Garbage Truck,main_office,Main Office,5.0,3.89,55.0,18506.0,13.8,21.4,0.798,67.6,operational,0.15,False
2026-09-08 01:50:22.400462,vehicle_012,vehicle,Garbage Truck,main_office,Main Office,5.01,3.31,52.1,18695.0,16.6,34.4,0.795,71.8,operational,0.15,False
2026-09-09 01:50:22.400462,vehicle_012,vehicle,Garbage Truck,main_office,Main Office,5.01,3.01,52.7,18420.0,12.1,45.24,0.793,68.2,operational,0.15,False
2026-09-10 01:50:22.400462,vehicle_012,vehicle,Garbage Truck,main_office,Main Office,5.01,3.71,52.8,18478.0,12.8,24.42,0.79,65.1,operational,0.15,False
2026-09-11 01:50:22.400462,vehicle_012,vehicle,Garbage Truck,main_office,Main Office,5.01,3.74,50.2,18076.0,6.6,10.36,0.788,68.8,operational,0.15,False
2026-09-12 01:50:22.400462,vehicle_012,vehicle,Garbage Truck,main_office,Main Office,5.02,2.74,52.9,18467.0,12.2,62.02,0.786,71.0,operational,0.15,False
2026-09-13 01:50:22.400462,vehicle_012,vehicle,Garbage Truck,main_office,Main Office,5.02,3.51,57.3,18454.0,11.9,29.96,0.783,70.4,operational,0.15,False
2026-09-14 01:50:22.400462,vehicle_012,vehicle,Garbage Truck,main_office,Main Office,5.02,3.52,51.1,18301.0,9.5,16.73,0.781,65.4,operational,0.15,False
2026-09-15 01:50:22.400462,vehicle_012,vehicle,Garbage Truck,main_office,Main Office,5.03,3.69,58.4,18804.0,16.5,11.15,0.778,72.7,operational,0.15,False
2026-09-16 01:50:22.400462,vehicle_012,vehicle,Garbage Truck,main_office,Main Office,5.03,2.42,58.8,18188.0,7.7,37.89,0.776,69.3,operational,0.15,False
2026-09-17 01:50:22.400462,vehicle_012,vehicle,Garbage Truck,main_office,Main Office,5.03,3.07,56.9,18212.0,7.9,60.03,0.773,65.1,operational,0.15,False
2026-09-18 01:50:22.400462,vehicle_012,vehicle,Garbage Truck,main_office,Main Office,5.03,3.75,56.9,18833.0,16.2,49.96,0.771,66.4,operational,0.15,False
2026-09-19 01:50:22.400462,vehicle_012,vehicle,Garbage Truck,main_office,Main Office,5.04,3.72,54.8,18748.0,14.8,65.49,0.768,64.3,operational,0.15,False
2026-09-20 01:50:22.400462,vehicle_012,vehicle,Garbage Truck,main_office,Main Office,5.04,3.82,60.2,18961.0,17.5,14.7,0.766,66.2,operational,0.15,False
2026-09-21 01:50:22.400462,vehicle_012,vehicle,Garbage Truck,main_office,Main Office,5.04,4.34,49.3,18767.0,14.7,34.69,0.764,63.7,operational,0.15,False
2026-09-22 01:50:22.400462,vehicle_012,vehicle,Garbage Truck,main_office,Main Office,5.05,3.6,54.4,18139.0,6.5,26.73,0.761,65.6,operational,0.15,False
2026-09-23 01:50:22.400462,vehicle_012,vehicle,Garbage Truck,main_office,Main Office,5.05,3.4,49.4,18521.0,11.2,42.16,0.759,63.3,operational,0.15,False
2026-09-24 01:50:22.400462,vehicle_012,vehicle,Garbage Truck,main_office,Main Office,5.05,3.42,53.0,18697.0,13.3,3.92,0.756,65.8,operational,0.15,False
2026-09-25 01:50:22.400462,vehicle_012,vehicle,Garbage Truck,main_office,Main Office,5.05,3.77,57.5,18488.0,10.5,57.07,0.754,67.6,operational,0.15,False
2026-09-26 01:50:22.400462,vehicle_012,vehicle,Garbage Truck,main_office,Main Office,5.06,3.76,54.2,19023.0,16.9,12.79,0.751,69.6,operational,0.15,False
2026-09-27 01:50:22.400462,vehicle_012,vehicle,Garbage Truck,main_office,Main Office,5.06,2.91,54.3,18650.0,12.2,46.37,0.749,59.8,maintenance_needed,0.15,True
2026-09-28 01:50:22.400462,vehicle_012,vehicle,Garbage Truck,main_office,Main Office,5.06,3.17,60.2,18552.0,10.9,44.5,0.746,67.8,operational,0.15,False
2026-09-29 01:50:22.400462,vehicle_012,vehicle,Garbage Truck,main_office,Main Office,5.06,4.45,53.9,18836.0,14.1,46.73,0.744,67.7,operational,0.15,False
2026-09-30 01:50:22.400462,vehicle_012,vehicle,Garbage Truck,main_office,Main Office,5.07,3.94,59.1,18504.0,10.1,39.44,0.742,64.8,operational,0.15,False
2026-10-01 01:50:22.400462,vehicle_012,vehicle,Garbage Truck,main_office,Main Office,5.07,3.48,51.8,18876.0,14.3,50.18,0.739,64.9,operational,0.15,False
2026-10-02 01:50:22.400462,vehicle_012,vehicle,Garbage Truck,main_office,Main Office,5.07,4.05,62.4,19060.0,16.2,69.81,0.737,63.7,operational,0.15,False
2026-10-03 01:50:22.400462,vehicle_012,vehicle,Garbage Truck,main_office,Main Office,5.08,2.83,51.2,19224.0,17.9,9.27,0.734,63.1,operational,0.15,False
2026-07-06 01:50:22.400462,vehicle_013,vehicle,Water Tanker,public_hall,Public Hall,1.69,2.32,50.4,6167.0,8.8,2.98,0.983,94.5,operational,0.0,False
2026-07-07 01:50:22.400462,vehicle_013,vehicle,Water Tanker,public_hall,Public Hall,1.69,3.09,46.7,6177.0,10.2,31.11,0.982,96.0,operational,0.001,False
2026-07-08 01:50:22.400462,vehicle_013,vehicle,Water Tanker,public_hall,Public Hall,1.69,1.91,54.1,6200.0,16.7,9.14,0.981,97.6,operational,0.002,False
2026-07-09 01:50:22.400462,vehicle_013,vehicle,Water Tanker,public_hall,Public Hall,1.7,2.09,46.4,6207.0,13.5,36.37,0.98,92.9,operational,0.003,False
2026-07-10 01:50:22.400462,vehicle_013,vehicle,Water Tanker,public_hall,Public Hall,1.7,1.63,47.3,6224.0,14.4,42.1,0.98,94.0,operational,0.003,False
2026-07-11 01:50:22.400462,vehicle_013,vehicle,Water Tanker,public_hall,Public Hall,1.7,2.03,48.2,6231.0,12.9,7.5,0.979,90.9,operational,0.004,False
2026-07-12 01:50:22.400462,vehicle_013,vehicle,Water Tanker,public_hall,Public Hall,1.71,2.49,48.5,6252.0,14.3,40.92,0.978,99.6,operational,0.005,False
2026-07-13 01:50:22.400462,vehicle_013,vehicle,Water Tanker,public_hall,Public Hall,1.71,2.07,47.6,6280.0,16.2,22.18,0.977,91.7,operational,0.006,False
2026-07-14 01:50:22.400462,vehicle_013,vehicle,Water Tanker,public_hall,Public Hall,1.71,2.72,46.2,6271.0,13.1,24.14,0.976,91.8,operational,0.007,False
2026-07-15 01:50:22.400462,vehicle_013,vehicle,Water Tanker,public_hall,Public Hall,1.71,3.55,47.7,6326.0,17.7,8.66,0.975,95.7,operational,0.008,False
2026-07-16 01:50:22.400462,vehicle_013,vehicle,Water Tanker,public_hall,Public Hall,1.72,3.37,51.8,6284.0,11.8,21.64,0.974,99.2,operational,0.008,False
2026-07-17 01:50:22.400462,vehicle_013,vehicle,Water Tanker,public_hall,Public Hall,1.72,2.41,45.1,6338.0,15.6,25.94,0.974,92.6,operational,0.009,False
2026-07-18 01:50:22.400462,vehicle_013,vehicle,Water Tanker,public_hall,Public Hall,1.72,2.76,48.4,6287.0,10.0,42.08,0.973,95.4,operational,0.01,False
2026-07-19 01:50:22.400462,vehicle_013,vehicle,Water Tanker,public_hall,Public Hall,1.73,2.74,43.3,6285.0,9.1,24.35,0.972,92.2,operational,0.011,False
2026-07-20 01:50:22.400462,vehicle_013,vehicle,Water Tanker,public_hall,Public Hall,1.73,2.73,48.9,6394.0,16.2,30.59,0.971,98.0,operational,0.012,False
2026-07-21 01:50:22.400462,vehicle_013,vehicle,Water Tanker,public_hall,Public Hall,1.73,1.91,43.9,6349.0,12.2,32.26,0.97,91.8,operational,0.013,False
2026-07-22 01:50:22.400462,vehicle_013,vehicle,Water Tanker,public_hall,Public Hall,1.73,3.15,47.8,6267.0,6.3,6.38,0.969,90.0,operational,0.014,False
2026-07-23 01:50:22.400462,vehicle_013,vehicle,Water Tanker,public_hall,Public Hall,1.74,2.44,45.8,6335.0,9.9,37.27,0.968,91.6,operational,0.014,False
2026-07-24 01:50:22.400462,vehicle_013,vehicle,Water Tanker,public_hall,Public Hall,1.74,3.85,47.4,6372.0,11.4,19.85,0.967,91.7,operational,0.015,False
2026-07-25 01:50:22.400462,vehicle_013,vehicle,Water Tanker,public_hall,Public Hall,1.74,2.53,49.2,6327.0,8.4,44.27,0.967,86.8,operational,0.016,False
2026-07-26 01:50:22.400462,vehicle_013,vehicle,Water Tanker,public_hall,Public Hall,1.74,2.02,50.4,6459.0,14.6,49.31,0.966,91.0,operational,0.017,False
2026-07-27 01:50:22.400462,vehicle_013,vehicle,Water Tanker,public_hall,Public Hall,1.75,2.25,48.0,6374.0,9.9,17.93,0.965,94.9,operational,0.018,False
2026-07-28 01:50:22.400462,vehicle_013,vehicle,Water Tanker,public_hall,Public Hall,1.75,3.24,48.1,6351.0,8.4,27.62,0.964,94.5,operational,0.019,False
2026-07-29 01:50:22.400462,vehicle_013,vehicle,Water Tanker,public_hall,Public Hall,1.75,2.41,49.8,6538.0,16.2,31.16,0.963,90.6,operational,0.019,False
2026-07-30 01:50:22.400462,vehicle_013,vehicle,Water Tanker,public_hall,Public Hall,1.76,2.35,50.9,6596.0,17.9,8.6,0.962,91.0,operational,0.02,False
2026-07-31 01:50:22.400462,vehicle_013,vehicle,Water Tanker,public_hall,Public Hall,1.76,3.27,43.2,6414.0,9.9,48.01,0.961,91.4,operational,0.021,False
2026-08-01 01:50:22.400462,vehicle_013,vehicle,Water Tanker,public_hall,Public Hall,1.76,2.94,46.5,6468.0,11.6,27.43,0.96,97.8,operational,0.022,False
2026-08-02 01:50:22.400462,vehicle_013,vehicle,Water Tanker,public_hall,Public Hall,1.76,2.16,52.8,6476.0,11.5,49.87,0.96,91.4,operational,0.023,False
2026-08-03 01:50:22.400462,vehicle_013,vehicle,Water Tanker,public_hall,Public Hall,1.77,3.24,50.3,6407.0,8.6,18.15,0.959,94.6,operational,0.024,False
2026-08-04 01:50:22.400462,vehicle_013,vehicle,Water Tanker,public_hall,Public Hall,1.77,2.05,44.8,6652.0,16.7,31.81,0.958,89.0,operational,0.024,False
2026-08-05 01:50:22.400462,vehicle_013,vehicle,Water Tanker,public_hall,Public Hall,1.77,2.03,46.2,6665.0,16.6,33.11,0.957,92.0,operational,0.025,False
2026-08-06 01:50:22.400462,vehicle_013,vehicle,Water Tanker,public_hall,Public Hall,1.77,3.43,53.7,6642.0,15.3,34.05,0.956,90.5,operational,0.026,False
2026-08-07 01:50:22.400462,vehicle_013,vehicle,Water Tanker,public_hall,Public Hall,1.78,2.74,51.7,6524.0,11.2,11.82,0.955,90.0,operational,0.027,False
2026-08-08 01:50:22.400462,vehicle_013,vehicle,Water Tanker,public_hall,Public Hall,1.78,2.19,45.6,6599.0,13.1,17.39,0.954,93.3,operational,0.028,False
2026-08-09 01:50:22.400462,vehicle_013,vehicle,Water Tanker,public_hall,Public Hall,1.78,1.67,41.9,6729.0,16.5,42.32,0.953,85.9,operational,0.029,False
2026-08-10 01:50:22.400462,vehicle_013,vehicle,Water Tanker,public_hall,Public Hall,1.79,1.77,42.9,6632.0,13.3,25.6,0.953,88.4,operational,0.03,False
2026-08-11 01:50:22.400462,vehicle_013,vehicle,Water Tanker,public_hall,Public Hall,1.79,2.93,48.5,6559.0,10.9,31.46,0.952,89.0,operational,0.03,False
2026-08-12 01:50:22.400462,vehicle_013,vehicle,Water Tanker,public_hall,Public Hall,1.79,2.56,52.0,6680.0,13.9,32.0,0.951,92.7,operational,0.031,False
2026-08-13 01:50:22.400462,vehicle_013,vehicle,Water Tanker,public_hall,Public Hall,1.79,2.22,49.6,6419.0,6.6,11.6,0.95,92.6,operational,0.032,False
2026-08-14 01:50:22.400462,vehicle_013,vehicle,Water Tanker,public_hall,Public Hall,1.8,2.14,50.7,6627.0,11.8,25.59,0.949,94.3,operational,0.033,False
2026-08-15 01:50:22.400462,vehicle_013,vehicle,Water Tanker,public_hall,Public Hall,1.8,2.67,50.9,6876.0,17.7,13.99,0.948,90.2,operational,0.034,False
2026-08-16 01:50:22.400462,vehicle_013,vehicle,Water Tanker,public_hall,Public Hall,1.8,2.09,48.7,6847.0,16.6,43.65,0.947,91.1,operational,0.035,False
2026-08-17 01:50:22.400462,vehicle_013,vehicle,Water Tanker,public_hall,Public Hall,1.8,2.79,49.5,6731.0,13.4,35.74,0.946,91.2,operational,0.035,False
2026-08-18 01:50:22.400462,vehicle_013,vehicle,Water Tanker,public_hall,Public Hall,1.81,3.09,44.7,6642.0,11.1,44.09,0.946,89.7,operational,0.036,False
2026-08-19 01:50:22.400462,vehicle_013,vehicle,Water Tanker,public_hall,Public Hall,1.81,2.65,50.3,6507.0,7.7,33.09,0.945,95.5,operational,0.037,False
2026-08-20 01:50:22.400462,vehicle_013,vehicle,Water Tanker,public_hall,Public Hall,1.81,3.41,46.4,6454.0,6.4,37.38,0.944,89.7,operational,0.038,False
2026-08-21 01:50:22.400462,vehicle_013,vehicle,Water Tanker,public_hall,Public Hall,1.82,2.56,52.9,6563.0,8.6,38.18,0.943,91.3,operational,0.039,False
2026-08-22 01:50:22.400462,vehicle_013,vehicle,Water Tanker,public_hall,Public Hall,1.82,2.51,46.0,6740.0,12.2,31.37,0.942,93.1,operational,0.04,False
2026-08-23 01:50:22.400462,vehicle_013,vehicle,Water Tanker,public_hall,Public Hall,1.82,1.92,46.5,6526.0,7.5,40.13,0.941,88.7,operational,0.041,False
2026-08-24 01:50:22.400462,vehicle_013,vehicle,Water Tanker,public_hall,Public Hall,1.82,3.1,43.0,7041.0,17.8,41.77,0.94,88.9,operational,0.041,False
2026-08-25 01:50:22.400462,vehicle_013,vehicle,Water Tanker,public_hall,Public Hall,1.83,2.58,48.1,6731.0,11.3,2.69,0.939,90.7,operational,0.042,False
2026-08-26 01:50:22.400462,vehicle_013,vehicle,Water Tanker,public_hall,Public Hall,1.83,2.53,48.0,6620.0,8.9,27.4,0.939,89.2,operational,0.043,False
2026-08-27 01:50:22.400462,vehicle_013,vehicle,Water Tanker,public_hall,Public Hall,1.83,2.96,47.9,6785.0,11.9,30.16,0.938,87.0,operational,0.044,False
2026-08-28 01:50:22.400462,vehicle_013,vehicle,Water Tanker,public_hall,Public Hall,1.83,2.22,46.6,6969.0,15.1,49.02,0.937,87.0,operational,0.045,False
2026-08-29 01:50:22.400462,vehicle_013,vehicle,Water Tanker,public_hall,Public Hall,1.84,1.97,47.1,6764.0,11.1,39.92,0.936,90.1,operational,0.046,False
2026-08-30 01:50:22.400462,vehicle_013,vehicle,Water Tanker,public_hall,Public Hall,1.84,2.77,50.8,6622.0,8.3,4.68,0.935,98.3,operational,0.046,False
2026-08-31 01:50:22.400462,vehicle_013,vehicle,Water Tanker,public_hall,Public Hall,1.84,3.11,50.5,7024.0,15.3,8.49,0.934,85.0,operational,0.047,False
2026-09-01 01:50:22.400462,vehicle_013,vehicle,Water Tanker,public_hall,Public Hall,1.85,1.2,47.6,7080.0,16.0,53.26,0.933,92.4,operational,0.048,False
2026-09-02 01:50:22.400462,vehicle_013,vehicle,Water Tanker,public_hall,Public Hall,1.85,3.14,47.3,7108.0,16.2,4.06,0.933,89.1,operational,0.049,False
2026-09-03 01:50:22.400462,vehicle_013,vehicle,Water Tanker,public_hall,Public Hall,1.85,2.57,52.5,6846.0,11.5,8.91,0.932,88.2,operational,0.05,False
2026-09-04 01:50:22.400462,vehicle_013,vehicle,Water Tanker,public_hall,Public Hall,1.85,3.1,56.1,6570.0,6.7,11.24,0.931,93.3,operational,0.051,False
2026-09-05 01:50:22.400462,vehicle_013,vehicle,Water Tanker,public_hall,Public Hall,1.86,3.24,44.5,7051.0,14.5,17.87,0.93,88.1,operational,0.052,False
2026-09-06 01:50:22.400462,vehicle_013,vehicle,Water Tanker,public_hall,Public Hall,1.86,3.74,46.9,7133.0,15.6,25.82,0.929,87.2,operational,0.052,False
2026-09-07 01:50:22.400462,vehicle_013,vehicle,Water Tanker,public_hall,Public Hall,1.86,2.68,47.7,7065.0,14.3,30.8,0.928,90.0,operational,0.053,False
2026-09-08 01:50:22.400462,vehicle_013,vehicle,Water Tanker,public_hall,Public Hall,1.86,2.64,50.9,7226.0,16.6,10.69,0.927,86.1,operational,0.054,False
2026-09-09 01:50:22.400462,vehicle_013,vehicle,Water Tanker,public_hall,Public Hall,1.87,1.28,52.6,6659.0,7.6,48.21,0.926,91.7,operational,0.055,False
2026-09-10 01:50:22.400462,vehicle_013,vehicle,Water Tanker,public_hall,Public Hall,1.87,2.68,49.8,6788.0,9.4,44.77,0.926,80.4,operational,0.056,False
2026-09-11 01:50:22.400462,vehicle_013,vehicle,Water Tanker,public_hall,Public Hall,1.87,3.74,52.0,6631.0,6.9,46.83,0.925,84.2,operational,0.057,False
2026-09-12 01:50:22.400462,vehicle_013,vehicle,Water Tanker,public_hall,Public Hall,1.88,1.77,49.5,7183.0,14.9,42.6,0.924,88.3,operational,0.057,False
2026-09-13 01:50:22.400462,vehicle_013,vehicle,Water Tanker,public_hall,Public Hall,1.88,2.5,49.6,6732.0,8.2,46.11,0.923,92.2,operational,0.058,False
2026-09-14 01:50:22.400462,vehicle_013,vehicle,Water Tanker,public_hall,Public Hall,1.88,2.05,49.8,6804.0,9.1,40.14,0.922,91.4,operational,0.059,False
2026-09-15 01:50:22.400462,vehicle_013,vehicle,Water Tanker,public_hall,Public Hall,1.88,2.32,47.9,6684.0,7.3,31.89,0.921,89.9,operational,0.06,False
2026-09-16 01:50:22.400462,vehicle_013,vehicle,Water Tanker,public_hall,Public Hall,1.89,2.47,50.6,6829.0,9.2,33.71,0.92,87.8,operational,0.061,False
2026-09-17 01:50:22.400462,vehicle_013,vehicle,Water Tanker,public_hall,Public Hall,1.89,2.22,46.8,7082.0,12.5,39.48,0.919,87.1,operational,0.062,False
2026-09-18 01:50:22.400462,vehicle_013,vehicle,Water Tanker,public_hall,Public Hall,1.89,3.18,51.3,7480.0,17.7,3.87,0.919,84.3,operational,0.063,False
2026-09-19 01:50:22.400462,vehicle_013,vehicle,Water Tanker,public_hall,Public Hall,1.89,3.04,52.4,6973.0,10.8,3.43,0.918,88.1,operational,0.063,False
2026-09-20 01:50:22.400462,vehicle_013,vehicle,Water Tanker,public_hall,Public Hall,1.9,2.71,49.2,7387.0,16.1,22.94,0.917,81.3,operational,0.064,False
2026-09-21 01:50:22.400462,vehicle_013,vehicle,Water Tanker,public_hall,Public Hall,1.9,1.84,51.3,7243.0,14.0,46.05,0.916,85.2,operational,0.065,False
2026-09-22 01:50:22.400462,vehicle_013,vehicle,Water Tanker,public_hall,Public Hall,1.9,1.37,51.2,6688.0,6.7,40.63,0.915,85.9,operational,0.066,False
2026-09-23 01:50:22.400462,vehicle_013,vehicle,Water Tanker,public_hall,Public Hall,1.91,3.44,52.6,6881.0,9.0,24.44,0.914,79.9,operational,0.067,False
2026-09-24 01:50:22.400462,vehicle_013,vehicle,Water Tanker,public_hall,Public Hall,1.91,3.3,50.2,6746.0,7.2,48.96,0.913,90.9,operational,0.068,False
2026-09-25 01:50:22.400462,vehicle_013,vehicle,Water Tanker,public_hall,Public Hall,1.91,1.97,46.8,7295.0,13.9,47.19,0.912,88.8,operational,0.068,False
2026-09-26 01:50:22.400462,vehicle_013,vehicle,Water Tanker,public_hall,Public Hall,1.91,2.04,51.7,7175.0,12.3,26.65,0.912,88.9,operational,0.069,False
2026-09-27 01:50:22.400462,vehicle_013,vehicle,Water Tanker,public_hall,Public Hall,1.92,2.37,50.9,7102.0,11.3,22.72,0.911,92.8,operational,0.07,False
2026-09-28 01:50:22.400462,vehicle_013,vehicle,Water Tanker,public_hall,Public Hall,1.92,1.85,50.9,6767.0,7.1,10.59,0.91,88.4,operational,0.071,False
2026-09-29 01:50:22.400462,vehicle_013,vehicle,Water Tanker,public_hall,Public Hall,1.92,3.5,52.3,7464.0,15.3,7.18,0.909,83.9,operational,0.072,False
2026-09-30 01:50:22.400462,vehicle_013,vehicle,Water Tanker,public_hall,Public Hall,1.93,2.35,43.4,7276.0,12.9,42.86,0.908,91.6,operational,0.073,False
2026-10-01 01:50:22.400462,vehicle_013,vehicle,Water Tanker,public_hall,Public Hall,1.93,2.7,51.7,6792.0,7.2,21.07,0.907,91.3,operational,0.073,False
2026-10-02 01:50:22.400462,vehicle_013,vehicle,Water Tanker,public_hall,Public Hall,1.93,2.88,47.4,7636.0,16.7,10.37,0.906,86.0,operational,0.074,False
2026-10-03 01:50:22.400462,vehicle_013,vehicle,Water Tanker,public_hall,Public Hall,1.93,2.07,48.9,6766.0,6.7,22.38,0.905,86.1,operational,0.075,False
2026-07-06 01:50:22.400462,vehicle_014,vehicle,Inspection Van,records_room,Records & Archives,3.8,3.54,48.2,13875.0,13.3,50.84,0.962,85.4,operational,0.0,False
2026-07-07 01:50:22.400462,vehicle_014,vehicle,Inspection Van,records_room,Records & Archives,3.8,4.26,45.3,13885.0,9.7,25.76,0.96,87.1,operational,0.002,False
2026-07-08 01:50:22.400462,vehicle_014,vehicle,Inspection Van,records_room,Records & Archives,3.81,2.22,52.9,13910.0,17.5,18.67,0.958,93.7,operational,0.004,False
2026-07-09 01:50:22.400462,vehicle_014,vehicle,Inspection Van,records_room,Records & Archives,3.81,2.81,54.7,13904.0,9.6,20.76,0.956,90.3,operational,0.006,False
2026-07-10 01:50:22.400462,vehicle_014,vehicle,Inspection Van,records_room,Records & Archives,3.81,3.64,55.4,13917.0,10.4,22.9,0.954,92.5,operational,0.008,False
2026-07-11 01:50:22.400462,vehicle_014,vehicle,Inspection Van,records_room,Records & Archives,3.82,2.72,58.1,13959.0,16.8,19.33,0.952,92.6,operational,0.01,False
2026-07-12 01:50:22.400462,vehicle_014,vehicle,Inspection Van,records_room,Records & Archives,3.82,3.21,50.9,13912.0,6.2,41.69,0.95,85.4,operational,0.011,False
2026-07-13 01:50:22.400462,vehicle_014,vehicle,Inspection Van,records_room,Records & Archives,3.82,2.88,52.5,13921.0,6.5,5.03,0.948,90.7,operational,0.013,False
2026-07-14 01:50:22.400462,vehicle_014,vehicle,Inspection Van,records_room,Records & Archives,3.82,3.99,51.5,14002.0,15.8,25.64,0.947,88.3,operational,0.015,False
2026-07-15 01:50:22.400462,vehicle_014,vehicle,Inspection Van,records_room,Records & Archives,3.83,3.31,53.9,14025.0,16.6,26.65,0.945,86.4,operational,0.017,False
2026-07-16 01:50:22.400462,vehicle_014,vehicle,Inspection Van,records_room,Records & Archives,3.83,3.2,53.0,13956.0,8.1,15.32,0.943,91.6,operational,0.019,False
2026-07-17 01:50:22.400462,vehicle_014,vehicle,Inspection Van,records_room,Records & Archives,3.83,3.19,49.5,14022.0,13.3,41.18,0.941,90.1,operational,0.021,False
2026-07-18 01:50:22.400462,vehicle_014,vehicle,Inspection Van,records_room,Records & Archives,3.83,2.36,58.9,14081.0,17.2,11.26,0.939,92.4,operational,0.023,False
2026-07-19 01:50:22.400462,vehicle_014,vehicle,Inspection Van,records_room,Records & Archives,3.84,2.92,51.6,13978.0,7.9,15.89,0.937,90.2,operational,0.025,False
2026-07-20 01:50:22.400462,vehicle_014,vehicle,Inspection Van,records_room,Records & Archives,3.84,3.47,57.3,13991.0,8.3,7.0,0.935,90.0,operational,0.027,False
2026-07-21 01:50:22.400462,vehicle_014,vehicle,Inspection Van,records_room,Records & Archives,3.84,2.75,58.6,14023.0,9.8,6.6,0.933,82.2,operational,0.029,False
2026-07-22 01:50:22.400462,vehicle_014,vehicle,Inspection Van,records_room,Records & Archives,3.85,3.3,46.6,14059.0,11.5,27.41,0.931,86.5,operational,0.03,False
2026-07-23 01:50:22.400462,vehicle_014,vehicle,Inspection Van,records_room,Records & Archives,3.85,2.47,52.2,14089.0,12.6,53.07,0.929,85.2,operational,0.032,False
2026-07-24 01:50:22.400462,vehicle_014,vehicle,Inspection Van,records_room,Records & Archives,3.85,3.32,58.0,14135.0,14.4,9.42,0.927,90.0,operational,0.034,False
2026-07-25 01:50:22.400462,vehicle_014,vehicle,Inspection Van,records_room,Records & Archives,3.85,3.16,50.9,14168.0,15.4,42.44,0.925,85.9,operational,0.036,False
2026-07-26 01:50:22.400462,vehicle_014,vehicle,Inspection Van,records_room,Records & Archives,3.86,2.99,55.3,14211.0,16.8,27.47,0.923,84.4,operational,0.038,False
2026-07-27 01:50:22.400462,vehicle_014,vehicle,Inspection Van,records_room,Records & Archives,3.86,3.29,43.8,14079.0,9.7,43.18,0.921,89.3,operational,0.04,False
2026-07-28 01:50:22.400462,vehicle_014,vehicle,Inspection Van,records_room,Records & Archives,3.86,3.21,46.9,14109.0,10.6,13.05,0.92,88.0,operational,0.042,False
2026-07-29 01:50:22.400462,vehicle_014,vehicle,Inspection Van,records_room,Records & Archives,3.86,2.57,52.9,14260.0,16.7,10.94,0.918,78.8,operational,0.044,False
2026-07-30 01:50:22.400462,vehicle_014,vehicle,Inspection Van,records_room,Records & Archives,3.87,2.48,52.4,14163.0,12.0,52.02,0.916,83.3,operational,0.046,False
2026-07-31 01:50:22.400462,vehicle_014,vehicle,Inspection Van,records_room,Records & Archives,3.87,2.8,51.7,14229.0,14.2,48.35,0.914,83.9,operational,0.048,False
2026-08-01 01:50:22.400462,vehicle_014,vehicle,Inspection Van,records_room,Records & Archives,3.87,3.05,52.5,14237.0,13.9,45.26,0.912,84.3,operational,0.049,False
2026-08-02 01:50:22.400462,vehicle_014,vehicle,Inspection Van,records_room,Records & Archives,3.88,2.77,51.4,14357.0,17.9,14.5,0.91,85.6,operational,0.051,False
2026-08-03 01:50:22.400462,vehicle_014,vehicle,Inspection Van,records_room,Records & Archives,3.88,3.18,56.2,14158.0,10.1,38.13,0.908,86.0,operational,0.053,False
2026-08-04 01:50:22.400462,vehicle_014,vehicle,Inspection Van,records_room,Records & Archives,3.88,3.37,55.6,14076.0,6.9,43.18,0.906,80.9,operational,0.055,False
2026-08-05 01:50:22.400462,vehicle_014,vehicle,Inspection Van,records_room,Records & Archives,3.88,2.88,47.3,14336.0,15.4,52.73,0.904,85.0,operational,0.057,False
2026-08-06 01:50:22.400462,vehicle_014,vehicle,Inspection Van,records_room,Records & Archives,3.89,3.86,54.2,14221.0,11.1,51.76,0.902,80.6,operational,0.059,False
2026-08-07 01:50:22.400462,vehicle_014,vehicle,Inspection Van,records_room,Records & Archives,3.89,3.38,48.8,14270.0,12.4,31.99,0.9,78.7,operational,0.061,False
2026-08-08 01:50:22.400462,vehicle_014,vehicle,Inspection Van,records_room,Records & Archives,3.89,3.64,52.3,14333.0,13.9,47.3,0.898,83.3,operational,0.063,False
2026-08-09 01:50:22.400462,vehicle_014,vehicle,Inspection Van,records_room,Records & Archives,3.89,2.66,57.9,14375.0,14.7,51.87,0.896,80.6,operational,0.065,False
2026-08-10 01:50:22.400462,vehicle_014,vehicle,Inspection Van,records_room,Records & Archives,3.9,3.56,54.8,14393.0,14.8,18.15,0.895,84.3,operational,0.067,False
2026-08-11 01:50:22.400462,vehicle_014,vehicle,Inspection Van,records_room,Records & Archives,3.9,3.71,52.5,14217.0,9.5,20.49,0.893,81.1,operational,0.068,False
2026-08-12 01:50:22.400462,vehicle_014,vehicle,Inspection Van,records_room,Records & Archives,3.9,2.64,58.2,14134.0,7.0,19.16,0.891,84.8,operational,0.07,False
2026-08-13 01:50:22.400462,vehicle_014,vehicle,Inspection Van,records_room,Records & Archives,3.91,3.6,55.1,14504.0,16.6,46.09,0.889,82.8,operational,0.072,False
2026-08-14 01:50:22.400462,vehicle_014,vehicle,Inspection Van,records_room,Records & Archives,3.91,3.84,53.7,14450.0,14.7,19.73,0.887,76.7,operational,0.074,False
2026-08-15 01:50:22.400462,vehicle_014,vehicle,Inspection Van,records_room,Records & Archives,3.91,3.81,46.8,14577.0,17.5,9.36,0.885,82.9,operational,0.076,False
2026-08-16 01:50:22.400462,vehicle_014,vehicle,Inspection Van,records_room,Records & Archives,3.91,3.48,56.6,14510.0,15.5,53.74,0.883,82.1,operational,0.078,False
2026-08-17 01:50:22.400462,vehicle_014,vehicle,Inspection Van,records_room,Records & Archives,3.92,2.5,54.9,14359.0,11.5,29.03,0.881,77.6,operational,0.08,False
2026-08-18 01:50:22.400462,vehicle_014,vehicle,Inspection Van,records_room,Records & Archives,3.92,3.2,52.7,14396.0,12.1,15.73,0.879,80.0,operational,0.082,False
2026-08-19 01:50:22.400462,vehicle_014,vehicle,Inspection Van,records_room,Records & Archives,3.92,3.27,55.1,14564.0,15.7,18.87,0.877,77.8,operational,0.084,False
2026-08-20 01:50:22.400462,vehicle_014,vehicle,Inspection Van,records_room,Records & Archives,3.92,3.3,47.0,14664.0,17.5,25.72,0.875,78.9,operational,0.086,False
2026-08-21 01:50:22.400462,vehicle_014,vehicle,Inspection Van,records_room,Records & Archives,3.93,3.51,52.3,14686.0,17.6,47.04,0.873,80.5,operational,0.087,False
2026-08-22 01:50:22.400462,vehicle_014,vehicle,Inspection Van,records_room,Records & Archives,3.93,3.2,56.3,14566.0,14.7,20.4,0.871,82.0,operational,0.089,False
2026-08-23 01:50:22.400462,vehicle_014,vehicle,Inspection Van,records_room,Records & Archives,3.93,2.06,59.2,14364.0,10.2,26.0,0.869,78.2,operational,0.091,False
2026-08-24 01:50:22.400462,vehicle_014,vehicle,Inspection Van,records_room,Records & Archives,3.94,2.94,52.3,14391.0,10.5,12.05,0.868,78.7,operational,0.093,False
2026-08-25 01:50:22.400462,vehicle_014,vehicle,Inspection Van,records_room,Records & Archives,3.94,3.71,53.3,14504.0,12.6,37.83,0.866,78.4,operational,0.095,False
2026-08-26 01:50:22.400462,vehicle_014,vehicle,Inspection Van,records_room,Records & Archives,3.94,3.42,49.7,14518.0,12.6,42.38,0.864,79.1,operational,0.097,False
2026-08-27 01:50:22.400462,vehicle_014,vehicle,Inspection Van,records_room,Records & Archives,3.94,3.22,60.8,14704.0,15.9,22.59,0.862,78.6,operational,0.099,False
2026-08-28 01:50:22.400462,vehicle_014,vehicle,Inspection Van,records_room,Records & Archives,3.95,2.67,52.5,14414.0,10.2,47.91,0.86,80.8,operational,0.101,False
2026-08-29 01:50:22.400462,vehicle_014,vehicle,Inspection Van,records_room,Records & Archives,3.95,2.54,52.7,14492.0,11.4,36.03,0.858,72.5,operational,0.103,False
2026-08-30 01:50:22.400462,vehicle_014,vehicle,Inspection Van,records_room,Records & Archives,3.95,2.81,51.1,14302.0,7.8,7.32,0.856,74.4,operational,0.105,False
2026-08-31 01:50:22.400462,vehicle_014,vehicle,Inspection Van,records_room,Records & Archives,3.95,3.09,54.3,14841.0,17.2,9.43,0.854,77.8,operational,0.106,False
2026-09-01 01:50:22.400462,vehicle_014,vehicle,Inspection Van,records_room,Records & Archives,3.96,3.78,56.7,14627.0,13.2,2.51,0.852,79.8,operational,0.108,False
2026-09-02 01:50:22.400462,vehicle_014,vehicle,Inspection Van,records_room,Records & Archives,3.96,3.0,51.0,14814.0,16.2,33.06,0.85,79.8,operational,0.11,False
2026-09-03 01:50:22.400462,vehicle_014,vehicle,Inspection Van,records_room,Records & Archives,3.96,3.88,58.7,14647.0,13.1,42.75,0.848,78.3,operational,0.112,False
2026-09-04 01:50:22.400462,vehicle_014,vehicle,Inspection Van,records_room,Records & Archives,3.97,3.2,52.6,14863.0,16.5,47.54,0.846,76.5,operational,0.114,False
2026-09-05 01:50:22.400462,vehicle_014,vehicle,Inspection Van,records_room,Records & Archives,3.97,3.32,48.5,14374.0,8.2,17.33,0.844,73.4,operational,0.116,False
2026-09-06 01:50:22.400462,vehicle_014,vehicle,Inspection Van,records_room,Records & Archives,3.97,2.82,56.2,14506.0,10.2,11.96,0.842,71.4,operational,0.118,False
2026-09-07 01:50:22.400462,vehicle_014,vehicle,Inspection Van,records_room,Records & Archives,3.97,2.91,48.3,14425.0,8.7,27.59,0.841,76.0,operational,0.12,False
2026-09-08 01:50:22.400462,vehicle_014,vehicle,Inspection Van,records_room,Records & Archives,3.98,2.77,50.4,14413.0,8.4,26.57,0.839,70.3,operational,0.122,False
2026-09-09 01:50:22.400462,vehicle_014,vehicle,Inspection Van,records_room,Records & Archives,3.98,3.38,52.2,14608.0,11.3,35.93,0.837,83.3,operational,0.124,False
2026-09-10 01:50:22.400462,vehicle_014,vehicle,Inspection Van,records_room,Records & Archives,3.98,2.33,54.3,14423.0,8.3,55.92,0.835,77.5,operational,0.125,False
2026-09-11 01:50:22.400462,vehicle_014,vehicle,Inspection Van,records_room,Records & Archives,3.98,2.82,53.6,14899.0,15.3,15.24,0.833,77.5,operational,0.127,False
2026-09-12 01:50:22.400462,vehicle_014,vehicle,Inspection Van,records_room,Records & Archives,3.99,2.74,54.7,14456.0,8.5,2.66,0.831,79.1,operational,0.129,False
2026-09-13 01:50:22.400462,vehicle_014,vehicle,Inspection Van,records_room,Records & Archives,3.99,3.84,57.9,14323.0,6.5,13.52,0.829,71.1,operational,0.131,False
2026-09-14 01:50:22.400462,vehicle_014,vehicle,Inspection Van,records_room,Records & Archives,3.99,2.84,46.7,14744.0,12.4,6.98,0.827,75.3,operational,0.133,False
2026-09-15 01:50:22.400462,vehicle_014,vehicle,Inspection Van,records_room,Records & Archives,4.0,3.6,57.1,15110.0,17.4,24.09,0.825,66.7,operational,0.135,False
2026-09-16 01:50:22.400462,vehicle_014,vehicle,Inspection Van,records_room,Records & Archives,4.0,2.92,50.7,14926.0,14.6,4.68,0.823,78.1,operational,0.137,False
2026-09-17 01:50:22.400462,vehicle_014,vehicle,Inspection Van,records_room,Records & Archives,4.0,3.75,51.9,14337.0,6.3,48.11,0.821,75.9,operational,0.139,False
2026-09-18 01:50:22.400462,vehicle_014,vehicle,Inspection Van,records_room,Records & Archives,4.0,2.76,50.3,15036.0,15.7,60.72,0.819,74.6,operational,0.141,False
2026-09-19 01:50:22.400462,vehicle_014,vehicle,Inspection Van,records_room,Records & Archives,4.01,2.48,53.9,14924.0,14.0,6.14,0.817,73.5,operational,0.143,False
2026-09-20 01:50:22.400462,vehicle_014,vehicle,Inspection Van,records_room,Records & Archives,4.01,3.6,55.8,14601.0,9.6,28.23,0.815,73.7,operational,0.144,False
2026-09-21 01:50:22.400462,vehicle_014,vehicle,Inspection Van,records_room,Records & Archives,4.01,3.0,51.2,14524.0,8.4,32.19,0.814,70.4,operational,0.146,False
2026-09-22 01:50:22.400462,vehicle_014,vehicle,Inspection Van,records_room,Records & Archives,4.02,3.35,55.4,15233.0,17.4,16.58,0.812,72.5,operational,0.148,False
2026-09-23 01:50:22.400462,vehicle_014,vehicle,Inspection Van,records_room,Records & Archives,4.02,3.49,52.4,14662.0,10.0,44.84,0.81,72.7,operational,0.15,False
2026-09-24 01:50:22.400462,vehicle_014,vehicle,Inspection Van,records_room,Records & Archives,4.02,3.0,52.6,14515.0,8.0,23.54,0.808,75.3,operational,0.15,False
2026-09-25 01:50:22.400462,vehicle_014,vehicle,Inspection Van,records_room,Records & Archives,4.02,3.87,56.5,14376.0,6.2,32.84,0.806,71.2,operational,0.15,False
2026-09-26 01:50:22.400462,vehicle_014,vehicle,Inspection Van,records_room,Records & Archives,4.03,3.01,50.1,15294.0,17.3,53.69,0.804,75.0,operational,0.15,False
2026-09-27 01:50:22.400462,vehicle_014,vehicle,Inspection Van,records_room,Records & Archives,4.03,3.24,52.6,15114.0,14.9,61.13,0.802,69.4,operational,0.15,False
2026-09-28 01:50:22.400462,vehicle_014,vehicle,Inspection Van,records_room,Records & Archives,4.03,2.96,51.7,14922.0,12.5,43.72,0.8,73.0,operational,0.15,False
2026-09-29 01:50:22.400462,vehicle_014,vehicle,Inspection Van,records_room,Records & Archives,4.03,2.74,54.9,14630.0,8.9,5.28,0.798,74.7,operational,0.15,False
2026-09-30 01:50:22.400462,vehicle_014,vehicle,Inspection Van,records_room,Records & Archives,4.04,3.96,60.3,15181.0,15.2,4.68,0.796,73.7,operational,0.15,False
2026-10-01 01:50:22.400462,vehicle_014,vehicle,Inspection Van,records_room,Records & Archives,4.04,1.85,53.0,14782.0,10.4,46.07,0.794,70.2,operational,0.15,False
2026-10-02 01:50:22.400462,vehicle_014,vehicle,Inspection Van,records_room,Records & Archives,4.04,3.65,55.3,15346.0,16.7,59.45,0.792,70.8,operational,0.15,False
2026-10-03 01:50:22.400462,vehicle_014,vehicle,Inspection Van,records_room,Records & Archives,4.05,2.8,52.6,15374.0,16.8,63.71,0.79,69.0,operational,0.15,False
2026-07-06 01:50:22.400462,fire_system_000,fire_system,Extinguisher,main_office,Main Office,2.27,3.2,52.8,8283.0,9.0,47.29,0.977,97.1,operational,0.0,False
2026-07-07 01:50:22.400462,fire_system_000,fire_system,Extinguisher,main_office,Main Office,2.27,2.76,46.8,8295.0,12.8,25.76,0.976,92.5,operational,0.001,False
2026-07-08 01:50:22.400462,fire_system_000,fire_system,Extinguisher,main_office,Main Office,2.27,2.78,49.8,8313.0,15.4,47.91,0.975,95.8,operational,0.002,False
2026-07-09 01:50:22.400462,fire_system_000,fire_system,Extinguisher,main_office,Main Office,2.28,2.62,53.9,8311.0,9.5,15.98,0.974,90.3,operational,0.003,False
2026-07-10 01:50:22.400462,fire_system_000,fire_system,Extinguisher,main_office,Main Office,2.28,3.07,50.7,8314.0,7.9,8.05,0.973,89.1,operational,0.005,False
2026-07-11 01:50:22.400462,fire_system_000,fire_system,Extinguisher,main_office,Main Office,2.28,1.75,50.2,8349.0,13.3,10.77,0.971,89.8,operational,0.006,False
2026-07-12 01:50:22.400462,fire_system_000,fire_system,Extinguisher,main_office,Main Office,2.29,2.27,51.9,8364.0,13.6,30.26,0.97,95.5,operational,0.007,False
2026-07-13 01:50:22.400462,fire_system_000,fire_system,Extinguisher,main_office,Main Office,2.29,3.31,51.6,8329.0,6.7,16.96,0.969,94.4,operational,0.008,False
2026-07-14 01:50:22.400462,fire_system_000,fire_system,Extinguisher,main_office,Main Office,2.29,3.32,51.1,8331.0,6.0,24.99,0.968,94.1,operational,0.009,False
2026-07-15 01:50:22.400462,fire_system_000,fire_system,Extinguisher,main_office,Main Office,2.29,2.76,49.3,8405.0,13.6,34.03,0.967,93.3,operational,0.01,False
2026-07-16 01:50:22.400462,fire_system_000,fire_system,Extinguisher,main_office,Main Office,2.3,2.84,49.6,8426.0,14.3,25.09,0.966,93.6,operational,0.011,False
2026-07-17 01:50:22.400462,fire_system_000,fire_system,Extinguisher,main_office,Main Office,2.3,3.11,51.8,8397.0,10.4,22.21,0.965,89.9,operational,0.012,False
2026-07-18 01:50:22.400462,fire_system_000,fire_system,Extinguisher,main_office,Main Office,2.3,1.71,51.6,8427.0,12.0,31.11,0.963,92.8,operational,0.014,False
2026-07-19 01:50:22.400462,fire_system_000,fire_system,Extinguisher,main_office,Main Office,2.3,2.66,52.0,8490.0,16.0,26.25,0.962,88.1,operational,0.015,False
2026-07-20 01:50:22.400462,fire_system_000,fire_system,Extinguisher,main_office,Main Office,2.31,2.34,49.6,8476.0,13.8,10.78,0.961,94.8,operational,0.016,False
2026-07-21 01:50:22.400462,fire_system_000,fire_system,Extinguisher,main_office,Main Office,2.31,2.1,48.4,8391.0,7.2,22.88,0.96,97.2,operational,0.017,False
2026-07-22 01:50:22.400462,fire_system_000,fire_system,Extinguisher,main_office,Main Office,2.31,2.71,47.4,8433.0,9.4,53.11,0.959,94.0,operational,0.018,False
2026-07-23 01:50:22.400462,fire_system_000,fire_system,Extinguisher,main_office,Main Office,2.32,2.8,54.7,8485.0,11.9,7.99,0.958,90.4,operational,0.019,False
2026-07-24 01:50:22.400462,fire_system_000,fire_system,Extinguisher,main_office,Main Office,2.32,2.37,52.6,8520.0,13.2,43.72,0.956,87.1,operational,0.02,False
2026-07-25 01:50:22.400462,fire_system_000,fire_system,Extinguisher,main_office,Main Office,2.32,2.07,48.2,8561.0,14.7,10.43,0.955,89.6,operational,0.022,False
2026-07-26 01:50:22.400462,fire_system_000,fire_system,Extinguisher,main_office,Main Office,2.32,2.28,48.0,8517.0,11.7,9.29,0.954,88.4,operational,0.023,False
2026-07-27 01:50:22.400462,fire_system_000,fire_system,Extinguisher,main_office,Main Office,2.33,2.86,52.5,8474.0,9.1,18.04,0.953,93.8,operational,0.024,False
2026-07-28 01:50:22.400462,fire_system_000,fire_system,Extinguisher,main_office,Main Office,2.33,2.77,46.1,8567.0,12.9,55.52,0.952,86.1,operational,0.025,False
2026-07-29 01:50:22.400462,fire_system_000,fire_system,Extinguisher,main_office,Main Office,2.33,2.45,46.4,8638.0,15.4,11.14,0.951,92.8,operational,0.026,False
2026-07-30 01:50:22.400462,fire_system_000,fire_system,Extinguisher,main_office,Main Office,2.33,2.08,52.7,8514.0,9.7,30.44,0.949,88.7,operational,0.027,False
2026-07-31 01:50:22.400462,fire_system_000,fire_system,Extinguisher,main_office,Main Office,2.34,2.36,51.6,8686.0,16.1,34.76,0.948,93.8,operational,0.028,False
2026-08-01 01:50:22.400462,fire_system_000,fire_system,Extinguisher,main_office,Main Office,2.34,1.3,49.0,8543.0,10.0,27.83,0.947,87.5,operational,0.029,False
2026-08-02 01:50:22.400462,fire_system_000,fire_system,Extinguisher,main_office,Main Office,2.34,2.7,44.8,8640.0,13.2,17.73,0.946,92.5,operational,0.031,False
2026-08-03 01:50:22.400462,fire_system_000,fire_system,Extinguisher,main_office,Main Office,2.35,2.44,50.1,8453.0,6.1,43.3,0.945,89.0,operational,0.032,False
2026-08-04 01:50:22.400462,fire_system_000,fire_system,Extinguisher,main_office,Main Office,2.35,3.83,49.7,8657.0,12.9,49.52,0.944,88.7,operational,0.033,False
2026-08-05 01:50:22.400462,fire_system_000,fire_system,Extinguisher,main_office,Main Office,2.35,3.28,52.3,8578.0,9.9,13.45,0.942,91.0,operational,0.034,False
2026-08-06 01:50:22.400462,fire_system_000,fire_system,Extinguisher,main_office,Main Office,2.35,1.95,50.3,8503.0,7.1,18.6,0.941,81.3,operational,0.035,False
2026-08-07 01:50:22.400462,fire_system_000,fire_system,Extinguisher,main_office,Main Office,2.36,2.73,50.5,8714.0,13.5,36.05,0.94,86.9,operational,0.036,False
2026-08-08 01:50:22.400462,fire_system_000,fire_system,Extinguisher,main_office,Main Office,2.36,1.93,53.5,8537.0,7.7,25.34,0.939,89.1,operational,0.037,False
2026-08-09 01:50:22.400462,fire_system_000,fire_system,Extinguisher,main_office,Main Office,2.36,3.79,46.9,8800.0,15.2,41.9,0.938,92.7,operational,0.039,False
2026-08-10 01:50:22.400462,fire_system_000,fire_system,Extinguisher,main_office,Main Office,2.37,2.57,51.4,8549.0,7.6,43.56,0.937,89.7,operational,0.04,False
2026-08-11 01:50:22.400462,fire_system_000,fire_system,Extinguisher,main_office,Main Office,2.37,2.14,48.1,8576.0,8.1,22.57,0.935,85.9,operational,0.041,False
2026-08-12 01:50:22.400462,fire_system_000,fire_system,Extinguisher,main_office,Main Office,2.37,1.86,51.5,8663.0,10.3,34.18,0.934,84.2,operational,0.042,False
2026-08-13 01:50:22.400462,fire_system_000,fire_system,Extinguisher,main_office,Main Office,2.37,2.6,47.5,8818.0,14.1,51.15,0.933,86.7,operational,0.043,False
2026-08-14 01:50:22.400462,fire_system_000,fire_system,Extinguisher,main_office,Main Office,2.38,2.78,47.4,8693.0,10.5,40.68,0.932,91.5,operational,0.044,False
2026-08-15 01:50:22.400462,fire_system_000,fire_system,Extinguisher,main_office,Main Office,2.38,3.61,49.1,8724.0,11.0,23.69,0.931,92.5,operational,0.045,False
2026-08-16 01:50:22.400462,fire_system_000,fire_system,Extinguisher,main_office,Main Office,2.38,3.27,47.5,8915.0,15.4,13.16,0.93,86.0,operational,0.047,False
2026-08-17 01:50:22.400462,fire_system_000,fire_system,Extinguisher,main_office,Main Office,2.38,3.44,47.7,8672.0,9.3,46.7,0.929,90.7,operational,0.048,False
2026-08-18 01:50:22.400462,fire_system_000,fire_system,Extinguisher,main_office,Main Office,2.39,3.13,49.3,8878.0,13.8,40.28,0.927,86.1,operational,0.049,False
2026-08-19 01:50:22.400462,fire_system_000,fire_system,Extinguisher,main_office,Main Office,2.39,3.34,47.1,8692.0,9.3,29.07,0.926,87.1,operational,0.05,False
2026-08-20 01:50:22.400462,fire_system_000,fire_system,Extinguisher,main_office,Main Office,2.39,2.68,45.0,9089.0,17.9,46.03,0.925,92.4,operational,0.051,False
2026-08-21 01:50:22.400462,fire_system_000,fire_system,Extinguisher,main_office,Main Office,2.4,2.22,49.6,8628.0,7.5,49.65,0.924,90.8,operational,0.052,False
2026-08-22 01:50:22.400462,fire_system_000,fire_system,Extinguisher,main_office,Main Office,2.4,2.77,51.4,8823.0,11.5,49.26,0.923,90.2,operational,0.053,False
2026-08-23 01:50:22.400462,fire_system_000,fire_system,Extinguisher,main_office,Main Office,2.4,1.99,49.8,9040.0,15.8,25.6,0.922,88.4,operational,0.054,False
2026-08-24 01:50:22.400462,fire_system_000,fire_system,Extinguisher,main_office,Main Office,2.4,2.22,51.8,9022.0,15.1,52.49,0.92,80.4,operational,0.056,False
2026-08-25 01:50:22.400462,fire_system_000,fire_system,Extinguisher,main_office,Main Office,2.41,3.11,51.3,8624.0,6.8,21.75,0.919,91.9,operational,0.057,False
2026-08-26 01:50:22.400462,fire_system_000,fire_system,Extinguisher,main_office,Main Office,2.41,2.92,47.6,9187.0,17.7,48.21,0.918,84.3,operational,0.058,False
2026-08-27 01:50:22.400462,fire_system_000,fire_system,Extinguisher,main_office,Main Office,2.41,1.96,49.2,9002.0,13.8,37.15,0.917,92.1,operational,0.059,False
2026-08-28 01:50:22.400462,fire_system_000,fire_system,Extinguisher,main_office,Main Office,2.41,1.85,45.8,8878.0,11.2,5.07,0.916,86.1,operational,0.06,False
2026-08-29 01:50:22.400462,fire_system_000,fire_system,Extinguisher,main_office,Main Office,2.42,2.88,49.2,9111.0,15.3,21.65,0.915,84.1,operational,0.061,False
2026-08-30 01:50:22.400462,fire_system_000,fire_system,Extinguisher,main_office,Main Office,2.42,3.37,54.9,8714.0,7.8,38.34,0.913,83.3,operational,0.062,False
2026-08-31 01:50:22.400462,fire_system_000,fire_system,Extinguisher,main_office,Main Office,2.42,3.74,52.6,8832.0,9.8,45.52,0.912,85.1,operational,0.064,False
2026-09-01 01:50:22.400462,fire_system_000,fire_system,Extinguisher,main_office,Main Office,2.43,3.39,51.2,9110.0,14.5,3.65,0.911,83.3,operational,0.065,False
2026-09-02 01:50:22.400462,fire_system_000,fire_system,Extinguisher,main_office,Main Office,2.43,2.66,52.2,9285.0,17.3,3.97,0.91,83.9,operational,0.066,False
2026-09-03 01:50:22.400462,fire_system_000,fire_system,Extinguisher,main_office,Main Office,2.43,3.14,54.2,9317.0,17.5,24.14,0.909,89.8,operational,0.067,False
2026-09-04 01:50:22.400462,fire_system_000,fire_system,Extinguisher,main_office,Main Office,2.43,3.27,50.4,8665.0,6.4,47.7,0.908,82.0,operational,0.068,False
2026-09-05 01:50:22.400462,fire_system_000,fire_system,Extinguisher,main_office,Main Office,2.44,2.59,51.5,8992.0,11.6,53.19,0.906,85.7,operational,0.069,False
2026-09-06 01:50:22.400462,fire_system_000,fire_system,Extinguisher,main_office,Main Office,2.44,1.66,53.8,8882.0,9.7,14.88,0.905,87.1,operational,0.07,False
2026-09-07 01:50:22.400462,fire_system_000,fire_system,Extinguisher,main_office,Main Office,2.44,2.75,56.0,9257.0,15.5,31.32,0.904,87.1,operational,0.071,False
2026-09-08 01:50:22.400462,fire_system_000,fire_system,Extinguisher,main_office,Main Office,2.44,2.27,54.0,8832.0,8.6,43.15,0.903,82.4,operational,0.073,False
2026-09-09 01:50:22.400462,fire_system_000,fire_system,Extinguisher,main_office,Main Office,2.45,3.32,51.0,9085.0,12.3,23.16,0.902,82.5,operational,0.074,False
2026-09-10 01:50:22.400462,fire_system_000,fire_system,Extinguisher,main_office,Main Office,2.45,2.81,46.8,9425.0,17.3,24.99,0.901,84.1,operational,0.075,False
2026-09-11 01:50:22.400462,fire_system_000,fire_system,Extinguisher,main_office,Main Office,2.45,3.1,50.4,8811.0,7.9,30.96,0.899,81.4,operational,0.076,False
2026-09-12 01:50:22.400462,fire_system_000,fire_system,Extinguisher,main_office,Main Office,2.46,1.91,47.9,9356.0,15.8,31.66,0.898,87.0,operational,0.077,False
2026-09-13 01:50:22.400462,fire_system_000,fire_system,Extinguisher,main_office,Main Office,2.46,2.56,52.6,8732.0,6.5,40.98,0.897,88.4,operational,0.078,False
2026-09-14 01:50:22.400462,fire_system_000,fire_system,Extinguisher,main_office,Main Office,2.46,1.84,50.7,8916.0,9.1,10.68,0.896,84.6,operational,0.079,False
2026-09-15 01:50:22.400462,fire_system_000,fire_system,Extinguisher,main_office,Main Office,2.46,2.82,53.8,8838.0,7.8,27.92,0.895,83.6,operational,0.081,False
2026-09-16 01:50:22.400462,fire_system_000,fire_system,Extinguisher,main_office,Main Office,2.47,3.01,45.2,8934.0,9.1,3.22,0.894,79.7,operational,0.082,False
2026-09-17 01:50:22.400462,fire_system_000,fire_system,Extinguisher,main_office,Main Office,2.47,2.53,48.5,9460.0,16.1,48.24,0.892,81.8,operational,0.083,False
2026-09-18 01:50:22.400462,fire_system_000,fire_system,Extinguisher,main_office,Main Office,2.47,2.78,49.4,8891.0,8.2,26.52,0.891,81.2,operational,0.084,False
2026-09-19 01:50:22.400462,fire_system_000,fire_system,Extinguisher,main_office,Main Office,2.47,2.77,54.0,9026.0,9.9,53.32,0.89,79.5,operational,0.085,False
2026-09-20 01:50:22.400462,fire_system_000,fire_system,Extinguisher,main_office,Main Office,2.48,2.71,49.1,9586.0,17.1,37.11,0.889,81.8,operational,0.086,False
2026-09-21 01:50:22.400462,fire_system_000,fire_system,Extinguisher,main_office,Main Office,2.48,1.61,48.4,9418.0,14.7,4.46,0.888,82.9,operational,0.087,False
2026-09-22 01:50:22.400462,fire_system_000,fire_system,Extinguisher,main_office,Main Office,2.48,3.43,52.0,9613.0,17.1,57.39,0.887,83.3,operational,0.088,False
2026-09-23 01:50:22.400462,fire_system_000,fire_system,Extinguisher,main_office,Main Office,2.49,2.94,55.3,9456.0,14.9,28.1,0.886,82.7,operational,0.09,False
2026-09-24 01:50:22.400462,fire_system_000,fire_system,Extinguisher,main_office,Main Office,2.49,3.33,50.0,9662.0,17.2,41.29,0.884,80.3,operational,0.091,False
2026-09-25 01:50:22.400462,fire_system_000,fire_system,Extinguisher,main_office,Main Office,2.49,3.09,53.5,9349.0,13.2,48.59,0.883,82.8,operational,0.092,False
2026-09-26 01:50:22.400462,fire_system_000,fire_system,Extinguisher,main_office,Main Office,2.49,3.0,52.9,9467.0,14.4,58.0,0.882,81.3,operational,0.093,False
2026-09-27 01:50:22.400462,fire_system_000,fire_system,Extinguisher,main_office,Main Office,2.5,1.93,49.9,9275.0,12.0,12.22,0.881,82.0,operational,0.094,False
2026-09-28 01:50:22.400462,fire_system_000,fire_system,Extinguisher,main_office,Main Office,2.5,3.33,49.0,9330.0,12.5,23.54,0.88,82.7,operational,0.095,False
2026-09-29 01:50:22.400462,fire_system_000,fire_system,Extinguisher,main_office,Main Office,2.5,3.07,49.5,9169.0,10.4,31.64,0.879,80.3,operational,0.096,False
2026-09-30 01:50:22.400462,fire_system_000,fire_system,Extinguisher,main_office,Main Office,2.5,2.58,54.9,8883.0,7.0,10.45,0.877,84.8,operational,0.098,False
2026-10-01 01:50:22.400462,fire_system_000,fire_system,Extinguisher,main_office,Main Office,2.51,3.16,46.9,9348.0,12.2,13.39,0.876,82.9,operational,0.099,False
2026-10-02 01:50:22.400462,fire_system_000,fire_system,Extinguisher,main_office,Main Office,2.51,2.31,51.8,9311.0,11.7,59.57,0.875,85.4,operational,0.1,False
2026-10-03 01:50:22.400462,fire_system_000,fire_system,Extinguisher,main_office,Main Office,2.51,2.46,50.8,9086.0,9.0,49.88,0.874,81.3,operational,0.101,False
2026-07-06 01:50:22.400462,fire_system_001,fire_system,Alarm,public_hall,Public Hall,5.89,3.14,59.8,21512.0,8.5,31.07,0.941,84.3,operational,0.0,False
2026-07-07 01:50:22.400462,fire_system_001,fire_system,Alarm,public_hall,Public Hall,5.9,3.39,53.1,21520.0,8.0,33.54,0.938,79.0,operational,0.003,False
2026-07-08 01:50:22.400462,fire_system_001,fire_system,Alarm,public_hall,Public Hall,5.9,3.63,50.6,21535.0,11.6,24.35,0.935,80.8,operational,0.006,False
2026-07-09 01:50:22.400462,fire_system_001,fire_system,Alarm,public_hall,Public Hall,5.9,3.25,57.0,21546.0,11.5,30.45,0.932,78.1,operational,0.009,False
2026-07-10 01:50:22.400462,fire_system_001,fire_system,Alarm,public_hall,Public Hall,5.9,4.02,55.5,21547.0,8.9,34.74,0.929,84.1,operational,0.012,False
2026-07-11 01:50:22.400462,fire_system_001,fire_system,Alarm,public_hall,Public Hall,5.91,3.67,57.5,21598.0,17.2,22.79,0.926,81.1,operational,0.015,False
2026-07-12 01:50:22.400462,fire_system_001,fire_system,Alarm,public_hall,Public Hall,5.91,3.65,58.8,21618.0,17.7,11.33,0.923,80.6,operational,0.018,False
2026-07-13 01:50:22.400462,fire_system_001,fire_system,Alarm,public_hall,Public Hall,5.91,4.3,57.3,21559.0,6.7,22.0,0.92,80.4,operational,0.021,False
2026-07-14 01:50:22.400462,fire_system_001,fire_system,Alarm,public_hall,Public Hall,5.92,3.8,58.6,21647.0,16.9,19.18,0.917,74.8,operational,0.024,False
2026-07-15 01:50:22.400462,fire_system_001,fire_system,Alarm,public_hall,Public Hall,5.92,3.38,56.2,21598.0,9.6,22.14,0.914,81.8,operational,0.027,False
2026-07-16 01:50:22.400462,fire_system_001,fire_system,Alarm,public_hall,Public Hall,5.92,3.61,51.0,21678.0,16.7,20.32,0.911,82.6,operational,0.029,False
2026-07-17 01:50:22.400462,fire_system_001,fire_system,Alarm,public_hall,Public Hall,5.92,3.49,57.7,21634.0,11.1,13.74,0.908,79.8,operational,0.032,False
2026-07-18 01:50:22.400462,fire_system_001,fire_system,Alarm,public_hall,Public Hall,5.93,3.74,57.4,21700.0,15.7,14.46,0.905,77.3,operational,0.035,False
2026-07-19 01:50:22.400462,fire_system_001,fire_system,Alarm,public_hall,Public Hall,5.93,3.96,54.5,21696.0,14.2,32.29,0.902,79.0,operational,0.038,False
2026-07-20 01:50:22.400462,fire_system_001,fire_system,Alarm,public_hall,Public Hall,5.93,4.43,56.2,21693.0,13.0,13.61,0.899,75.6,operational,0.041,False
2026-07-21 01:50:22.400462,fire_system_001,fire_system,Alarm,public_hall,Public Hall,5.93,2.95,57.5,21621.0,7.3,33.17,0.896,76.5,operational,0.044,False
2026-07-22 01:50:22.400462,fire_system_001,fire_system,Alarm,public_hall,Public Hall,5.94,3.56,58.8,21676.0,10.2,35.11,0.893,76.4,operational,0.047,False
2026-07-23 01:50:22.400462,fire_system_001,fire_system,Alarm,public_hall,Public Hall,5.94,3.83,58.0,21744.0,13.7,29.1,0.891,76.8,operational,0.05,False
2026-07-24 01:50:22.400462,fire_system_001,fire_system,Alarm,public_hall,Public Hall,5.94,3.75,56.3,21721.0,11.6,24.42,0.888,71.4,operational,0.053,False
2026-07-25 01:50:22.400462,fire_system_001,fire_system,Alarm,public_hall,Public Hall,5.95,3.79,50.8,21643.0,6.9,32.45,0.885,78.6,operational,0.056,False
2026-07-26 01:50:22.400462,fire_system_001,fire_system,Alarm,public_hall,Public Hall,5.95,3.9,56.1,21641.0,6.5,9.61,0.882,82.7,operational,0.059,False
2026-07-27 01:50:22.400462,fire_system_001,fire_system,Alarm,public_hall,Public Hall,5.95,3.75,59.3,21718.0,9.8,47.64,0.879,77.1,operational,0.062,False
2026-07-28 01:50:22.400462,fire_system_001,fire_system,Alarm,public_hall,Public Hall,5.95,2.48,57.8,21693.0,8.3,26.97,0.876,78.0,operational,0.065,False
2026-07-29 01:50:22.400462,fire_system_001,fire_system,Alarm,public_hall,Public Hall,5.96,4.1,58.6,21700.0,8.2,44.84,0.873,77.1,operational,0.068,False
2026-07-30 01:50:22.400462,fire_system_001,fire_system,Alarm,public_hall,Public Hall,5.96,4.56,53.3,21777.0,11.1,20.19,0.87,74.2,operational,0.071,False
2026-07-31 01:50:22.400462,fire_system_001,fire_system,Alarm,public_hall,Public Hall,5.96,3.47,57.5,21881.0,14.8,37.99,0.867,76.7,operational,0.074,False
2026-08-01 01:50:22.400462,fire_system_001,fire_system,Alarm,public_hall,Public Hall,5.96,4.95,57.2,21950.0,16.9,38.55,0.864,79.2,operational,0.077,False
2026-08-02 01:50:22.400462,fire_system_001,fire_system,Alarm,public_hall,Public Hall,5.97,4.04,52.8,21754.0,9.0,50.36,0.861,75.8,operational,0.08,False
2026-08-03 01:50:22.400462,fire_system_001,fire_system,Alarm,public_hall,Public Hall,5.97,3.98,53.9,21945.0,15.5,19.93,0.858,71.8,operational,0.083,False
2026-08-04 01:50:22.400462,fire_system_001,fire_system,Alarm,public_hall,Public Hall,5.97,3.82,63.7,22022.0,17.6,43.91,0.855,80.9,operational,0.085,False
2026-08-05 01:50:22.400462,fire_system_001,fire_system,Alarm,public_hall,Public Hall,5.98,4.02,56.2,22030.0,17.3,48.44,0.852,70.3,operational,0.088,False
2026-08-06 01:50:22.400462,fire_system_001,fire_system,Alarm,public_hall,Public Hall,5.98,3.07,61.1,21705.0,6.2,46.18,0.849,75.0,operational,0.091,False
2026-08-07 01:50:22.400462,fire_system_001,fire_system,Alarm,public_hall,Public Hall,5.98,4.02,52.7,21874.0,11.3,19.55,0.846,76.2,operational,0.094,False
2026-08-08 01:50:22.400462,fire_system_001,fire_system,Alarm,public_hall,Public Hall,5.98,4.42,60.5,21948.0,13.2,33.24,0.843,67.4,operational,0.097,False
2026-08-09 01:50:22.400462,fire_system_001,fire_system,Alarm,public_hall,Public Hall,5.99,4.03,56.2,21740.0,6.7,17.51,0.84,74.6,operational,0.1,False
2026-08-10 01:50:22.400462,fire_system_001,fire_system,Alarm,public_hall,Public Hall,5.99,2.68,58.4,21919.0,11.6,54.16,0.837,72.1,operational,0.103,False
2026-08-11 01:50:22.400462,fire_system_001,fire_system,Alarm,public_hall,Public Hall,5.99,3.92,57.8,21848.0,9.3,21.38,0.834,66.9,operational,0.106,False
2026-08-12 01:50:22.400462,fire_system_001,fire_system,Alarm,public_hall,Public Hall,6.0,4.17,59.7,21840.0,8.9,51.72,0.831,71.1,operational,0.109,False
2026-08-13 01:50:22.400462,fire_system_001,fire_system,Alarm,public_hall,Public Hall,6.0,3.24,54.0,21946.0,11.4,22.86,0.828,67.4,operational,0.112,False
2026-08-14 01:50:22.400462,fire_system_001,fire_system,Alarm,public_hall,Public Hall,6.0,3.0,56.0,22087.0,14.8,56.52,0.825,69.6,operational,0.115,False
2026-08-15 01:50:22.400462,fire_system_001,fire_system,Alarm,public_hall,Public Hall,6.0,2.54,54.2,21987.0,11.9,28.91,0.822,66.2,operational,0.118,False
2026-08-16 01:50:22.400462,fire_system_001,fire_system,Alarm,public_hall,Public Hall,6.01,4.24,60.8,22073.0,13.7,59.01,0.819,75.3,operational,0.121,False
2026-08-17 01:50:22.400462,fire_system_001,fire_system,Alarm,public_hall,Public Hall,6.01,2.91,62.6,22109.0,14.2,20.02,0.816,75.2,operational,0.124,False
2026-08-18 01:50:22.400462,fire_system_001,fire_system,Alarm,public_hall,Public Hall,6.01,3.34,54.5,21921.0,9.5,13.77,0.813,74.5,operational,0.127,False
2026-08-19 01:50:22.400462,fire_system_001,fire_system,Alarm,public_hall,Public Hall,6.01,4.17,57.3,21878.0,8.3,41.89,0.81,68.9,operational,0.13,False
2026-08-20 01:50:22.400462,fire_system_001,fire_system,Alarm,public_hall,Public Hall,6.02,3.75,57.9,21828.0,7.0,9.04,0.807,67.9,operational,0.133,False
2026-08-21 01:50:22.400462,fire_system_001,fire_system,Alarm,public_hall,Public Hall,6.02,3.6,61.1,22225.0,15.5,8.75,0.804,72.2,operational,0.136,False
2026-08-22 01:50:22.400462,fire_system_001,fire_system,Alarm,public_hall,Public Hall,6.02,3.79,58.9,22206.0,14.8,19.42,0.801,65.0,operational,0.139,False
2026-08-23 01:50:22.400462,fire_system_001,fire_system,Alarm,public_hall,Public Hall,6.03,3.85,54.5,22050.0,11.2,9.97,0.798,71.8,operational,0.141,False
2026-08-24 01:50:22.400462,fire_system_001,fire_system,Alarm,public_hall,Public Hall,6.03,3.8,59.1,22253.0,15.1,37.16,0.795,61.0,operational,0.144,False
2026-08-25 01:50:22.400462,fire_system_001,fire_system,Alarm,public_hall,Public Hall,6.03,4.19,55.9,22314.0,16.0,40.22,0.792,63.4,operational,0.147,False
2026-08-26 01:50:22.400462,fire_system_001,fire_system,Alarm,public_hall,Public Hall,6.03,4.07,53.1,22376.0,17.0,39.49,0.789,67.7,operational,0.15,False
2026-08-27 01:50:22.400462,fire_system_001,fire_system,Alarm,public_hall,Public Hall,6.04,3.9,57.8,21871.0,6.9,30.74,0.786,67.7,operational,0.15,False
2026-08-28 01:50:22.400462,fire_system_001,fire_system,Alarm,public_hall,Public Hall,6.04,3.11,56.2,22383.0,16.4,47.95,0.783,63.7,operational,0.15,False
2026-08-29 01:50:22.400462,fire_system_001,fire_system,Alarm,public_hall,Public Hall,6.04,3.65,54.3,22310.0,14.8,13.28,0.78,63.5,operational,0.15,False
2026-08-30 01:50:22.400462,fire_system_001,fire_system,Alarm,public_hall,Public Hall,6.04,4.23,58.1,22059.0,10.0,43.24,0.777,68.2,operational,0.15,False
2026-08-31 01:50:22.400462,fire_system_001,fire_system,Alarm,public_hall,Public Hall,6.05,3.56,58.9,22408.0,16.0,7.48,0.775,64.1,operational,0.15,False
2026-09-01 01:50:22.400462,fire_system_001,fire_system,Alarm,public_hall,Public Hall,6.05,2.87,55.2,21968.0,8.0,35.78,0.772,65.0,operational,0.15,False
2026-09-02 01:50:22.400462,fire_system_001,fire_system,Alarm,public_hall,Public Hall,6.05,3.97,57.0,22311.0,13.8,10.67,0.769,65.5,operational,0.15,False
2026-09-03 01:50:22.400462,fire_system_001,fire_system,Alarm,public_hall,Public Hall,6.06,4.06,54.7,22058.0,9.3,34.52,0.766,63.5,operational,0.15,False
2026-09-04 01:50:22.400462,fire_system_001,fire_system,Alarm,public_hall,Public Hall,6.06,2.96,60.1,22478.0,16.1,6.24,0.763,64.9,operational,0.15,False
2026-09-05 01:50:22.400462,fire_system_001,fire_system,Alarm,public_hall,Public Hall,6.06,3.67,58.7,22279.0,12.6,29.48,0.76,66.1,operational,0.15,False
2026-09-06 01:50:22.400462,fire_system_001,fire_system,Alarm,public_hall,Public Hall,6.06,4.29,58.6,21935.0,6.8,47.12,0.757,61.5,operational,0.15,False
2026-09-07 01:50:22.400462,fire_system_001,fire_system,Alarm,public_hall,Public Hall,6.07,3.77,56.4,21967.0,7.2,11.57,0.754,62.8,operational,0.15,False
2026-09-08 01:50:22.400462,fire_system_001,fire_system,Alarm,public_hall,Public Hall,6.07,3.94,55.2,22223.0,11.1,11.83,0.751,68.7,operational,0.15,False
2026-09-09 01:50:22.400462,fire_system_001,fire_system,Alarm,public_hall,Public Hall,6.07,3.45,53.9,22232.0,11.1,24.18,0.748,68.4,operational,0.15,False
2026-09-10 01:50:22.400462,fire_system_001,fire_system,Alarm,public_hall,Public Hall,6.07,4.7,62.0,22341.0,12.6,35.51,0.745,58.2,maintenance_needed,0.15,True
2026-09-11 01:50:22.400462,fire_system_001,fire_system,Alarm,public_hall,Public Hall,6.08,4.17,63.7,22645.0,16.9,30.06,0.742,60.3,operational,0.15,False
2026-09-12 01:50:22.400462,fire_system_001,fire_system,Alarm,public_hall,Public Hall,6.08,4.42,57.8,22114.0,8.9,30.58,0.739,58.6,maintenance_needed,0.15,True
2026-09-13 01:50:22.400462,fire_system_001,fire_system,Alarm,public_hall,Public Hall,6.08,3.17,59.0,22530.0,14.8,23.36,0.736,60.6,operational,0.15,False
2026-09-14 01:50:22.400462,fire_system_001,fire_system,Alarm,public_hall,Public Hall,6.09,4.24,54.3,22745.0,17.6,27.06,0.733,57.2,maintenance_needed,0.15,True
2026-09-15 01:50:22.400462,fire_system_001,fire_system,Alarm,public_hall,Public Hall,6.09,3.5,57.6,22397.0,12.5,26.92,0.73,60.0,maintenance_needed,0.15,True
2026-09-16 01:50:22.400462,fire_system_001,fire_system,Alarm,public_hall,Public Hall,6.09,3.58,58.5,21972.0,6.4,48.51,0.727,62.3,operational,0.15,False
2026-09-17 01:50:22.400462,fire_system_001,fire_system,Alarm,public_hall,Public Hall,6.09,3.92,53.6,22735.0,16.8,49.89,0.724,60.9,operational,0.15,False
2026-09-18 01:50:22.400462,fire_system_001,fire_system,Alarm,public_hall,Public Hall,6.1,3.2,61.1,22525.0,13.7,54.07,0.721,65.2,operational,0.15,False
2026-09-19 01:50:22.400462,fire_system_001,fire_system,Alarm,public_hall,Public Hall,6.1,3.56,60.6,22584.0,14.3,25.86,0.718,66.7,operational,0.15,False
2026-09-20 01:50:22.400462,fire_system_001,fire_system,Alarm,public_hall,Public Hall,6.1,3.64,56.6,22730.0,16.0,9.54,0.715,55.7,maintenance_needed,0.15,True
2026-09-21 01:50:22.400462,fire_system_001,fire_system,Alarm,public_hall,Public Hall,6.1,4.29,59.0,22089.0,7.5,15.54,0.712,58.4,maintenance_needed,0.15,True
2026-09-22 01:50:22.400462,fire_system_001,fire_system,Alarm,public_hall,Public Hall,6.11,3.05,57.4,22672.0,14.9,38.27,0.709,57.6,maintenance_needed,0.15,True
2026-09-23 01:50:22.400462,fire_system_001,fire_system,Alarm,public_hall,Public Hall,6.11,4.16,61.1,22368.0,10.8,53.08,0.706,52.8,maintenance_needed,0.15,True
2026-09-24 01:50:22.400462,fire_system_001,fire_system,Alarm,public_hall,Public Hall,6.11,4.24,62.0,22888.0,17.2,43.11,0.703,52.8,maintenance_needed,0.15,True
2026-09-25 01:50:22.400462,fire_system_001,fire_system,Alarm,public_hall,Public Hall,6.12,3.35,59.6,22709.0,14.8,48.54,0.7,57.4,maintenance_needed,0.15,True
2026-09-26 01:50:22.400462,fire_system_001,fire_system,Alarm,public_hall,Public Hall,6.12,4.01,54.8,22336.0,10.0,69.59,0.697,57.1,maintenance_needed,0.15,True
2026-09-27 01:50:22.400462,fire_system_001,fire_system,Alarm,public_hall,Public Hall,6.12,4.22,56.7,22011.0,6.0,37.07,0.694,56.2,maintenance_needed,0.15,True
2026-09-28 01:50:22.400462,fire_system_001,fire_system,Alarm,public_hall,Public Hall,6.12,4.26,59.8,22736.0,14.6,46.89,0.691,56.5,maintenance_needed,0.15,True
2026-09-29 01:50:22.400462,fire_system_001,fire_system,Alarm,public_hall,Public Hall,6.13,3.53,55.6,22716.0,14.2,3.73,0.688,55.6,maintenance_needed,0.15,True
2026-09-30 01:50:22.400462,fire_system_001,fire_system,Alarm,public_hall,Public Hall,6.13,3.98,50.1,22264.0,8.7,17.37,0.685,50.8,maintenance_needed,0.15,True
2026-10-01 01:50:22.400462,fire_system_001,fire_system,Alarm,public_hall,Public Hall,6.13,3.95,54.9,22514.0,11.5,7.23,0.682,57.6,maintenance_needed,0.15,True
2026-10-02 01:50:22.400462,fire_system_001,fire_system,Alarm,public_hall,Public Hall,6.13,3.2,58.7,22841.0,15.1,20.06,0.679,57.5,maintenance_needed,0.15,True
2026-10-03 01:50:22.400462,fire_system_001,fire_system,Alarm,public_hall,Public Hall,6.14,3.9,58.9,23108.0,17.9,37.88,0.676,53.3,maintenance_needed,0.15,True
2026-07-06 01:50:22.400462,fire_system_002,fire_system,Extinguisher,records_room,Records & Archives,9.0,5.53,64.7,32842.0,13.9,51.36,0.91,73.4,operational,0.15,False
2026-07-07 01:50:22.400462,fire_system_002,fire_system,Extinguisher,records_room,Records & Archives,9.0,4.67,61.0,32859.0,16.8,19.41,0.905,71.2,operational,0.167,False
2026-07-08 01:50:22.400462,fire_system_002,fire_system,Extinguisher,records_room,Records & Archives,9.0,4.79,66.0,32875.0,16.2,26.84,0.901,72.6,operational,0.183,False
2026-07-09 01:50:22.400462,fire_system_002,fire_system,Extinguisher,records_room,Records & Archives,9.01,3.96,62.0,32890.0,16.0,26.22,0.896,70.4,operational,0.2,False
2026-07-10 01:50:22.400462,fire_system_002,fire_system,Extinguisher,records_room,Records & Archives,9.01,4.4,61.1,32877.0,8.7,23.11,0.892,71.7,operational,0.217,False
2026-07-11 01:50:22.400462,fire_system_002,fire_system,Extinguisher,records_room,Records & Archives,9.01,5.17,62.4,32876.0,6.8,51.55,0.887,70.6,operational,0.233,False
2026-07-12 01:50:22.400462,fire_system_002,fire_system,Extinguisher,records_room,Records & Archives,9.01,4.29,64.6,32932.0,14.9,17.76,0.883,71.3,operational,0.25,False
2026-07-13 01:50:22.400462,fire_system_002,fire_system,Extinguisher,records_room,Records & Archives,9.02,4.51,66.8,32954.0,16.0,9.86,0.878,68.3,operational,0.267,False
2026-07-14 01:50:22.400462,fire_system_002,fire_system,Extinguisher,records_room,Records & Archives,9.02,5.75,68.4,32903.0,7.5,39.05,0.874,61.9,operational,0.283,False
2026-07-15 01:50:22.400462,fire_system_002,fire_system,Extinguisher,records_room,Records & Archives,9.02,4.87,68.0,32955.0,12.5,52.37,0.869,67.6,operational,0.3,False
2026-07-16 01:50:22.400462,fire_system_002,fire_system,Extinguisher,records_room,Records & Archives,9.03,4.8,63.3,32954.0,11.2,6.29,0.865,67.4,operational,0.317,False
2026-07-17 01:50:22.400462,fire_system_002,fire_system,Extinguisher,records_room,Records & Archives,9.03,4.87,59.9,32945.0,9.3,43.9,0.86,66.4,operational,0.333,False
2026-07-18 01:50:22.400462,fire_system_002,fire_system,Extinguisher,records_room,Records & Archives,9.03,5.71,68.0,32964.0,10.2,39.54,0.856,63.1,operational,0.35,False
2026-07-19 01:50:22.400462,fire_system_002,fire_system,Extinguisher,records_room,Records & Archives,9.03,4.45,63.9,33009.0,12.9,22.44,0.851,66.5,operational,0.367,False
2026-07-20 01:50:22.400462,fire_system_002,fire_system,Extinguisher,records_room,Records & Archives,9.04,4.43,67.7,33034.0,13.7,3.61,0.847,62.5,operational,0.383,False
2026-07-21 01:50:22.400462,fire_system_002,fire_system,Extinguisher,records_room,Records & Archives,9.04,4.76,60.2,32942.0,6.7,40.11,0.842,62.4,operational,0.4,False
2026-07-22 01:50:22.400462,fire_system_002,fire_system,Extinguisher,records_room,Records & Archives,9.04,5.76,61.6,33083.0,15.1,6.47,0.838,61.4,operational,0.417,False
2026-07-23 01:50:22.400462,fire_system_002,fire_system,Extinguisher,records_room,Records & Archives,9.04,4.74,63.9,32953.0,6.5,11.76,0.833,66.9,operational,0.433,False
2026-07-24 01:50:22.400462,fire_system_002,fire_system,Extinguisher,records_room,Records & Archives,9.05,4.72,63.2,33112.0,15.0,40.95,0.829,62.6,operational,0.45,False
2026-07-25 01:50:22.400462,fire_system_002,fire_system,Extinguisher,records_room,Records & Archives,9.05,4.73,59.2,33178.0,17.7,26.35,0.824,67.0,operational,0.467,False
2026-07-26 01:50:22.400462,fire_system_002,fire_system,Extinguisher,records_room,Records & Archives,9.05,4.45,63.0,33197.0,17.7,26.47,0.819,65.1,operational,0.483,False
2026-07-27 01:50:22.400462,fire_system_002,fire_system,Extinguisher,records_room,Records & Archives,9.06,3.89,62.0,33008.0,7.9,20.57,0.815,65.8,operational,0.5,False
2026-07-28 01:50:22.400462,fire_system_002,fire_system,Extinguisher,records_room,Records & Archives,9.06,5.01,63.3,33121.0,12.7,27.31,0.81,60.2,operational,0.517,False
2026-07-29 01:50:22.400462,fire_system_002,fire_system,Extinguisher,records_room,Records & Archives,9.06,4.98,64.6,33026.0,8.0,49.77,0.806,63.1,operational,0.533,False
2026-07-30 01:50:22.400462,fire_system_002,fire_system,Extinguisher,records_room,Records & Archives,9.06,4.21,65.4,33252.0,17.1,38.03,0.801,63.3,operational,0.55,False
2026-07-31 01:50:22.400462,fire_system_002,fire_system,Extinguisher,records_room,Records & Archives,9.07,5.69,63.7,33174.0,13.3,41.66,0.797,55.4,maintenance_needed,0.567,True
2026-08-01 01:50:22.400462,fire_system_002,fire_system,Extinguisher,records_room,Records & Archives,9.07,5.69,62.0,33279.0,16.8,36.78,0.792,58.3,maintenance_needed,0.583,True
2026-08-02 01:50:22.400462,fire_system_002,fire_system,Extinguisher,records_room,Records & Archives,9.07,4.94,62.9,33291.0,16.6,11.27,0.788,56.0,maintenance_needed,0.6,True
2026-08-03 01:50:22.400462,fire_system_002,fire_system,Extinguisher,records_room,Records & Archives,9.07,4.79,65.8,33035.0,6.9,58.1,0.783,53.9,maintenance_needed,0.617,True
2026-08-04 01:50:22.400462,fire_system_002,fire_system,Extinguisher,records_room,Records & Archives,9.08,4.22,59.5,33071.0,7.9,34.09,0.779,60.1,operational,0.633,False
2026-08-05 01:50:22.400462,fire_system_002,fire_system,Extinguisher,records_room,Records & Archives,9.08,5.22,61.7,33340.0,16.6,18.23,0.774,59.4,maintenance_needed,0.65,True
2026-08-06 01:50:22.400462,fire_system_002,fire_system,Extinguisher,records_room,Records & Archives,9.08,5.2,65.0,33192.0,11.3,8.64,0.77,56.3,maintenance_needed,0.667,True
2026-08-07 01:50:22.400462,fire_system_002,fire_system,Extinguisher,records_room,Records & Archives,9.09,4.94,62.0,33068.0,7.1,23.25,0.765,59.4,maintenance_needed,0.683,True
2026-08-08 01:50:22.400462,fire_system_002,fire_system,Extinguisher,records_room,Records & Archives,9.09,5.15,62.8,33324.0,14.6,11.47,0.761,54.2,maintenance_needed,0.7,True
2026-08-09 01:50:22.400462,fire_system_002,fire_system,Extinguisher,records_room,Records & Archives,9.09,5.35,60.5,33239.0,11.7,60.23,0.756,56.1,maintenance_needed,0.717,True
2026-08-10 01:50:22.400462,fire_system_002,fire_system,Extinguisher,records_room,Records & Archives,9.09,5.31,62.5,33132.0,8.3,22.43,0.752,56.6,maintenance_needed,0.733,True
2026-08-11 01:50:22.400462,fire_system_002,fire_system,Extinguisher,records_room,Records & Archives,9.1,4.77,66.2,33420.0,16.1,20.66,0.747,56.4,maintenance_needed,0.75,True
2026-08-12 01:50:22.400462,fire_system_002,fire_system,Extinguisher,records_room,Records & Archives,9.1,5.33,64.3,33166.0,8.7,30.73,0.743,57.5,maintenance_needed,0.767,True
2026-08-13 01:50:22.400462,fire_system_002,fire_system,Extinguisher,records_room,Records & Archives,9.1,4.77,61.6,33208.0,9.6,44.19,0.738,55.8,maintenance_needed,0.783,True
2026-08-14 01:50:22.400462,fire_system_002,fire_system,Extinguisher,records_room,Records & Archives,9.1,5.41,62.7,33281.0,11.3,67.39,0.733,53.3,maintenance_needed,0.8,True
2026-08-15 01:50:22.400462,fire_system_002,fire_system,Extinguisher,records_room,Records & Archives,9.11,5.16,64.3,33542.0,17.5,22.49,0.729,56.4,maintenance_needed,0.817,True
2026-08-16 01:50:22.400462,fire_system_002,fire_system,Extinguisher,records_room,Records & Archives,9.11,5.38,73.5,33546.0,17.2,23.21,0.724,56.0,maintenance_needed,0.833,True
2026-08-17 01:50:22.400462,fire_system_002,fire_system,Extinguisher,records_room,Records & Archives,9.11,5.18,66.6,33414.0,13.6,50.49,0.72,56.5,maintenance_needed,0.85,True
2026-08-18 01:50:22.400462,fire_system_002,fire_system,Extinguisher,records_room,Records & Archives,9.12,4.95,73.0,33544.0,16.3,47.01,0.715,50.1,maintenance_needed,0.867,True
2026-08-19 01:50:22.400462,fire_system_002,fire_system,Extinguisher,records_room,Records & Archives,9.12,5.81,71.9,33285.0,10.1,37.2,0.711,56.3,maintenance_needed,0.883,True
2026-08-20 01:50:22.400462,fire_system_002,fire_system,Extinguisher,records_room,Records & Archives,9.12,5.94,73.0,33563.0,16.0,43.34,0.706,44.0,maintenance_needed,0.9,True
2026-08-21 01:50:22.400462,fire_system_002,fire_system,Extinguisher,records_room,Records & Archives,9.12,6.65,72.0,33459.0,13.4,3.23,0.702,36.1,maintenance_needed,0.917,True
2026-08-22 01:50:22.400462,fire_system_002,fire_system,Extinguisher,records_room,Records & Archives,9.13,6.59,76.0,33443.0,12.8,56.74,0.697,30.6,maintenance_needed,0.933,True
2026-08-23 01:50:22.400462,fire_system_002,fire_system,Extinguisher,records_room,Records & Archives,9.13,7.01,76.1,33594.0,15.7,61.98,0.693,28.1,critical,0.95,True
2026-08-24 01:50:22.400462,fire_system_002,fire_system,Extinguisher,records_room,Records & Archives,9.13,8.61,77.0,33641.0,16.3,50.57,0.688,13.4,critical,0.967,True
2026-08-25 01:50:22.400462,fire_system_002,fire_system,Extinguisher,records_room,Records & Archives,9.13,12.7,76.6,33296.0,9.1,26.57,0.684,0.0,critical,0.983,True
2026-08-26 01:50:22.400462,fire_system_002,fire_system,Extinguisher,records_room,Records & Archives,9.14,13.19,75.6,33351.0,10.0,15.99,0.679,3.7,faulty,1.0,True
2026-08-27 01:50:22.400462,fire_system_002,fire_system,Extinguisher,records_room,Records & Archives,9.14,12.72,81.1,33213.0,7.1,19.59,0.675,1.0,faulty,1.0,True
2026-08-28 01:50:22.400462,fire_system_002,fire_system,Extinguisher,records_room,Records & Archives,9.14,13.18,81.5,33437.0,11.2,7.51,0.67,8.5,faulty,1.0,True
2026-08-29 01:50:22.400462,fire_system_002,fire_system,Extinguisher,records_room,Records & Archives,9.15,11.86,79.4,33560.0,13.3,62.28,0.666,14.0,faulty,1.0,True
2026-08-30 01:50:22.400462,fire_system_002,fire_system,Extinguisher,records_room,Records & Archives,9.15,12.15,77.5,33285.0,8.1,38.93,0.661,4.0,faulty,1.0,True
2026-08-31 01:50:22.400462,fire_system_002,fire_system,Extinguisher,records_room,Records & Archives,9.15,12.64,83.6,33656.0,14.5,32.56,0.657,3.3,faulty,1.0,True
2026-09-01 01:50:22.400462,fire_system_002,fire_system,Extinguisher,records_room,Records & Archives,9.15,13.07,78.5,33231.0,6.8,55.09,0.652,14.1,faulty,1.0,True
2026-09-02 01:50:22.400462,fire_system_002,fire_system,Extinguisher,records_room,Records & Archives,9.16,11.78,86.3,33607.0,13.2,17.41,0.647,12.3,faulty,1.0,True
2026-09-03 01:50:22.400462,fire_system_002,fire_system,Extinguisher,records_room,Records & Archives,9.16,12.72,86.7,33399.0,9.4,46.41,0.643,11.5,faulty,1.0,True
2026-09-04 01:50:22.400462,fire_system_002,fire_system,Extinguisher,records_room,Records & Archives,9.16,12.42,94.0,33610.0,12.8,13.96,0.638,8.9,faulty,1.0,True
2026-09-05 01:50:22.400462,fire_system_002,fire_system,Extinguisher,records_room,Records & Archives,9.17,11.76,89.6,33817.0,16.0,31.6,0.634,0.1,faulty,1.0,True
2026-09-06 01:50:22.400462,fire_system_002,fire_system,Extinguisher,records_room,Records & Archives,9.17,12.79,92.6,33314.0,7.6,74.93,0.629,3.5,faulty,1.0,True
2026-09-07 01:50:22.400462,fire_system_002,fire_system,Extinguisher,records_room,Records & Archives,9.17,12.87,92.0,33331.0,7.8,7.02,0.625,11.9,faulty,1.0,True
2026-09-08 01:50:22.400462,fire_system_002,fire_system,Extinguisher,records_room,Records & Archives,9.17,13.41,92.7,33610.0,12.0,73.14,0.62,7.7,faulty,1.0,True
2026-09-09 01:50:22.400462,fire_system_002,fire_system,Extinguisher,records_room,Records & Archives,9.18,12.31,99.0,33523.0,10.5,36.06,0.616,3.4,faulty,1.0,True
2026-09-10 01:50:22.400462,fire_system_002,fire_system,Extinguisher,records_room,Records & Archives,9.18,12.61,93.1,33329.0,7.4,57.86,0.611,11.3,faulty,1.0,True
2026-09-11 01:50:22.400462,fire_system_002,fire_system,Extinguisher,records_room,Records & Archives,9.18,12.57,95.8,33309.0,7.0,24.92,0.607,11.1,faulty,1.0,True
2026-09-12 01:50:22.400462,fire_system_002,fire_system,Extinguisher,records_room,Records & Archives,9.18,13.2,97.2,33726.0,13.0,48.28,0.602,1.6,faulty,1.0,True
2026-09-13 01:50:22.400462,fire_system_002,fire_system,Extinguisher,records_room,Records & Archives,9.19,12.12,98.5,33672.0,12.0,84.83,0.598,14.3,faulty,1.0,True
2026-09-14 01:50:22.400462,fire_system_002,fire_system,Extinguisher,records_room,Records & Archives,9.19,12.36,103.8,33467.0,8.9,63.88,0.593,14.4,faulty,1.0,True
2026-09-15 01:50:22.400462,fire_system_002,fire_system,Extinguisher,records_room,Records & Archives,9.19,12.57,99.8,33271.0,6.0,40.27,0.589,6.7,faulty,1.0,True
2026-09-16 01:50:22.400462,fire_system_002,fire_system,Extinguisher,records_room,Records & Archives,9.2,12.55,99.4,33734.0,12.4,64.26,0.584,13.6,faulty,1.0,True
2026-09-17 01:50:22.400462,fire_system_002,fire_system,Extinguisher,records_room,Records & Archives,9.2,12.77,93.5,33912.0,14.6,76.18,0.58,1.6,faulty,1.0,True
2026-09-18 01:50:22.400462,fire_system_002,fire_system,Extinguisher,records_room,Records & Archives,9.2,12.9,107.7,33613.0,10.4,58.29,0.575,7.3,faulty,1.0,True
2026-09-19 01:50:22.400462,fire_system_002,fire_system,Extinguisher,records_room,Records & Archives,9.2,12.82,101.2,33771.0,12.4,30.8,0.571,14.3,faulty,1.0,True
2026-09-20 01:50:22.400462,fire_system_002,fire_system,Extinguisher,records_room,Records & Archives,9.21,12.59,107.4,33452.0,8.0,31.6,0.566,14.3,faulty,1.0,True
2026-09-21 01:50:22.400462,fire_system_002,fire_system,Extinguisher,records_room,Records & Archives,9.21,13.48,108.4,33634.0,10.3,79.34,0.561,0.4,faulty,1.0,True
2026-09-22 01:50:22.400462,fire_system_002,fire_system,Extinguisher,records_room,Records & Archives,9.21,13.35,102.2,33941.0,14.1,9.07,0.557,8.3,faulty,1.0,True
2026-09-23 01:50:22.400462,fire_system_002,fire_system,Extinguisher,records_room,Records & Archives,9.21,11.94,110.1,33684.0,10.7,41.08,0.552,3.9,faulty,1.0,True
2026-09-24 01:50:22.400462,fire_system_002,fire_system,Extinguisher,records_room,Records & Archives,9.22,12.15,102.9,34254.0,17.7,49.52,0.548,5.5,faulty,1.0,True
2026-09-25 01:50:22.400462,fire_system_002,fire_system,Extinguisher,records_room,Records & Archives,9.22,11.94,115.2,33432.0,7.3,10.31,0.543,0.8,faulty,1.0,True
2026-09-26 01:50:22.400462,fire_system_002,fire_system,Extinguisher,records_room,Records & Archives,9.22,12.36,111.6,33506.0,8.1,80.29,0.539,4.6,faulty,1.0,True
2026-09-27 01:50:22.400462,fire_system_002,fire_system,Extinguisher,records_room,Records & Archives,9.23,11.92,115.5,34138.0,15.6,79.63,0.534,1.1,faulty,1.0,True
2026-09-28 01:50:22.400462,fire_system_002,fire_system,Extinguisher,records_room,Records & Archives,9.23,13.18,111.3,33801.0,11.4,32.28,0.53,6.5,faulty,1.0,True
2026-09-29 01:50:22.400462,fire_system_002,fire_system,Extinguisher,records_room,Records & Archives,9.23,13.09,116.7,34172.0,15.6,42.5,0.525,0.8,faulty,1.0,True
2026-09-30 01:50:22.400462,fire_system_002,fire_system,Extinguisher,records_room,Records & Archives,9.23,13.38,115.7,34240.0,16.3,75.03,0.521,2.8,faulty,1.0,True
2026-10-01 01:50:22.400462,fire_system_002,fire_system,Extinguisher,records_room,Records & Archives,9.24,13.35,118.2,33709.0,10.0,11.32,0.516,8.0,faulty,1.0,True
2026-10-02 01:50:22.400462,fire_system_002,fire_system,Extinguisher,records_room,Records & Archives,9.24,12.31,114.6,33728.0,10.1,61.19,0.512,10.2,faulty,1.0,True
2026-10-03 01:50:22.400462,fire_system_002,fire_system,Extinguisher,records_room,Records & Archives,9.24,12.58,122.8,34403.0,17.5,39.07,0.507,7.4,faulty,1.0,True
2026-07-06 01:50:22.400462,fire_system_003,fire_system,Alarm,water_supply,Water Supply Office,3.97,2.4,49.7,14475.0,10.3,50.92,0.96,90.2,operational,0.0,False
2026-07-07 01:50:22.400462,fire_system_003,fire_system,Alarm,water_supply,Water Supply Office,3.97,3.39,53.1,14482.0,7.5,13.28,0.958,83.5,operational,0.002,False
2026-07-08 01:50:22.400462,fire_system_003,fire_system,Alarm,water_supply,Water Supply Office,3.97,3.24,50.4,14489.0,7.1,5.56,0.956,90.6,operational,0.004,False
2026-07-09 01:50:22.400462,fire_system_003,fire_system,Alarm,water_supply,Water Supply Office,3.97,4.36,53.2,14494.0,6.6,21.19,0.954,83.2,operational,0.006,False
2026-07-10 01:50:22.400462,fire_system_003,fire_system,Alarm,water_supply,Water Supply Office,3.98,3.66,53.6,14510.0,8.8,17.76,0.952,90.7,operational,0.008,False
2026-07-11 01:50:22.400462,fire_system_003,fire_system,Alarm,water_supply,Water Supply Office,3.98,2.78,50.3,14526.0,10.3,36.59,0.95,80.0,operational,0.01,False
2026-07-12 01:50:22.400462,fire_system_003,fire_system,Alarm,water_supply,Water Supply Office,3.98,1.69,50.8,14555.0,13.4,28.35,0.948,89.3,operational,0.012,False
2026-07-13 01:50:22.400462,fire_system_003,fire_system,Alarm,water_supply,Water Supply Office,3.98,3.0,54.2,14534.0,8.4,30.51,0.946,82.6,operational,0.014,False
2026-07-14 01:50:22.400462,fire_system_003,fire_system,Alarm,water_supply,Water Supply Office,3.99,3.59,51.7,14601.0,15.9,45.26,0.944,84.6,operational,0.016,False
2026-07-15 01:50:22.400462,fire_system_003,fire_system,Alarm,water_supply,Water Supply Office,3.99,2.2,52.7,14596.0,13.5,26.81,0.942,89.4,operational,0.018,False
2026-07-16 01:50:22.400462,fire_system_003,fire_system,Alarm,water_supply,Water Supply Office,3.99,3.81,47.7,14551.0,7.7,46.42,0.94,86.2,operational,0.02,False
2026-07-17 01:50:22.400462,fire_system_003,fire_system,Alarm,water_supply,Water Supply Office,4.0,3.29,54.6,14626.0,13.8,13.42,0.938,89.4,operational,0.022,False
2026-07-18 01:50:22.400462,fire_system_003,fire_system,Alarm,water_supply,Water Supply Office,4.0,3.61,58.1,14630.0,12.9,45.65,0.936,87.6,operational,0.024,False
2026-07-19 01:50:22.400462,fire_system_003,fire_system,Alarm,water_supply,Water Supply Office,4.0,3.82,51.2,14688.0,16.4,23.0,0.934,82.8,operational,0.026,False
2026-07-20 01:50:22.400462,fire_system_003,fire_system,Alarm,water_supply,Water Supply Office,4.0,3.7,58.3,14678.0,14.5,23.68,0.932,77.3,operational,0.028,False
2026-07-21 01:50:22.400462,fire_system_003,fire_system,Alarm,water_supply,Water Supply Office,4.01,2.6,52.8,14664.0,12.6,10.55,0.93,82.8,operational,0.03,False
2026-07-22 01:50:22.400462,fire_system_003,fire_system,Alarm,water_supply,Water Supply Office,4.01,2.22,52.8,14643.0,10.5,25.89,0.928,90.4,operational,0.032,False
2026-07-23 01:50:22.400462,fire_system_003,fire_system,Alarm,water_supply,Water Supply Office,4.01,3.4,58.4,14699.0,13.2,44.19,0.926,87.6,operational,0.034,False
2026-07-24 01:50:22.400462,fire_system_003,fire_system,Alarm,water_supply,Water Supply Office,4.01,2.32,50.9,14617.0,7.9,12.09,0.924,86.6,operational,0.036,False
2026-07-25 01:50:22.400462,fire_system_003,fire_system,Alarm,water_supply,Water Supply Office,4.02,2.69,51.3,14741.0,14.0,28.96,0.922,93.1,operational,0.038,False
2026-07-26 01:50:22.400462,fire_system_003,fire_system,Alarm,water_supply,Water Supply Office,4.02,2.82,60.7,14643.0,8.4,35.53,0.92,83.8,operational,0.04,False
2026-07-27 01:50:22.400462,fire_system_003,fire_system,Alarm,water_supply,Water Supply Office,4.02,3.13,54.1,14842.0,17.5,39.77,0.918,89.5,operational,0.042,False
2026-07-28 01:50:22.400462,fire_system_003,fire_system,Alarm,water_supply,Water Supply Office,4.03,3.56,57.7,14690.0,9.8,22.08,0.916,88.1,operational,0.044,False
2026-07-29 01:50:22.400462,fire_system_003,fire_system,Alarm,water_supply,Water Supply Office,4.03,3.08,48.6,14861.0,16.8,54.37,0.914,87.4,operational,0.046,False
2026-07-30 01:50:22.400462,fire_system_003,fire_system,Alarm,water_supply,Water Supply Office,4.03,2.76,54.0,14657.0,7.6,31.63,0.912,88.5,operational,0.048,False
2026-07-31 01:50:22.400462,fire_system_003,fire_system,Alarm,water_supply,Water Supply Office,4.03,2.87,51.0,14746.0,10.9,41.0,0.91,80.9,operational,0.05,False
2026-08-01 01:50:22.400462,fire_system_003,fire_system,Alarm,water_supply,Water Supply Office,4.04,3.9,55.9,14838.0,14.0,28.37,0.908,81.2,operational,0.052,False
2026-08-02 01:50:22.400462,fire_system_003,fire_system,Alarm,water_supply,Water Supply Office,4.04,3.11,54.6,14702.0,8.4,58.32,0.906,81.3,operational,0.054,False
2026-08-03 01:50:22.400462,fire_system_003,fire_system,Alarm,water_supply,Water Supply Office,4.04,3.53,49.5,14658.0,6.6,50.71,0.904,86.1,operational,0.056,False
2026-08-04 01:50:22.400462,fire_system_003,fire_system,Alarm,water_supply,Water Supply Office,4.05,3.09,54.8,14745.0,9.3,47.55,0.902,84.3,operational,0.058,False
2026-08-05 01:50:22.400462,fire_system_003,fire_system,Alarm,water_supply,Water Supply Office,4.05,3.08,56.3,14979.0,16.8,48.85,0.9,84.3,operational,0.059,False
2026-08-06 01:50:22.400462,fire_system_003,fire_system,Alarm,water_supply,Water Supply Office,4.05,3.2,49.9,14877.0,13.0,18.46,0.898,84.5,operational,0.061,False
2026-08-07 01:50:22.400462,fire_system_003,fire_system,Alarm,water_supply,Water Supply Office,4.05,2.96,54.7,14846.0,11.6,5.66,0.896,82.1,operational,0.063,False
2026-08-08 01:50:22.400462,fire_system_003,fire_system,Alarm,water_supply,Water Supply Office,4.06,3.83,54.2,14870.0,12.0,36.55,0.894,77.2,operational,0.065,False
2026-08-09 01:50:22.400462,fire_system_003,fire_system,Alarm,water_supply,Water Supply Office,4.06,3.12,57.8,14721.0,7.2,17.47,0.892,85.7,operational,0.067,False
2026-08-10 01:50:22.400462,fire_system_003,fire_system,Alarm,water_supply,Water Supply Office,4.06,3.17,50.0,14768.0,8.4,37.55,0.89,80.1,operational,0.069,False
2026-08-11 01:50:22.400462,fire_system_003,fire_system,Alarm,water_supply,Water Supply Office,4.06,3.43,61.2,15058.0,16.2,17.61,0.888,81.8,operational,0.071,False
2026-08-12 01:50:22.400462,fire_system_003,fire_system,Alarm,water_supply,Water Supply Office,4.07,3.61,55.0,14782.0,8.3,56.06,0.886,83.4,operational,0.073,False
2026-08-13 01:50:22.400462,fire_system_003,fire_system,Alarm,water_supply,Water Supply Office,4.07,3.0,54.3,15074.0,15.8,53.71,0.884,78.6,operational,0.075,False
2026-08-14 01:50:22.400462,fire_system_003,fire_system,Alarm,water_supply,Water Supply Office,4.07,3.43,57.3,15092.0,15.8,47.18,0.882,79.6,operational,0.077,False
2026-08-15 01:50:22.400462,fire_system_003,fire_system,Alarm,water_supply,Water Supply Office,4.08,3.02,60.5,14767.0,7.3,5.78,0.88,78.8,operational,0.079,False
2026-08-16 01:50:22.400462,fire_system_003,fire_system,Alarm,water_supply,Water Supply Office,4.08,2.94,53.3,15211.0,18.0,32.03,0.878,84.1,operational,0.081,False
2026-08-17 01:50:22.400462,fire_system_003,fire_system,Alarm,water_supply,Water Supply Office,4.08,3.97,53.4,15116.0,15.3,56.6,0.876,80.9,operational,0.083,False
2026-08-18 01:50:22.400462,fire_system_003,fire_system,Alarm,water_supply,Water Supply Office,4.08,2.89,56.4,14911.0,10.1,58.0,0.874,78.7,operational,0.085,False
2026-08-19 01:50:22.400462,fire_system_003,fire_system,Alarm,water_supply,Water Supply Office,4.09,3.68,59.0,14849.0,8.5,15.71,0.872,81.8,operational,0.087,False
2026-08-20 01:50:22.400462,fire_system_003,fire_system,Alarm,water_supply,Water Supply Office,4.09,2.57,51.8,14807.0,7.4,43.03,0.87,83.6,operational,0.089,False
2026-08-21 01:50:22.400462,fire_system_003,fire_system,Alarm,water_supply,Water Supply Office,4.09,3.32,57.0,15191.0,15.6,44.63,0.868,77.0,operational,0.091,False
2026-08-22 01:50:22.400462,fire_system_003,fire_system,Alarm,water_supply,Water Supply Office,4.09,4.3,56.1,14835.0,7.7,14.94,0.866,80.3,operational,0.093,False
2026-08-23 01:50:22.400462,fire_system_003,fire_system,Alarm,water_supply,Water Supply Office,4.1,3.11,54.0,14799.0,6.8,48.75,0.864,77.2,operational,0.095,False
2026-08-24 01:50:22.400462,fire_system_003,fire_system,Alarm,water_supply,Water Supply Office,4.1,2.71,47.1,14987.0,10.5,17.92,0.862,77.6,operational,0.097,False
2026-08-25 01:50:22.400462,fire_system_003,fire_system,Alarm,water_supply,Water Supply Office,4.1,4.18,55.3,14967.0,9.8,46.31,0.86,74.5,operational,0.099,False
2026-08-26 01:50:22.400462,fire_system_003,fire_system,Alarm,water_supply,Water Supply Office,4.11,2.67,48.7,14816.0,6.7,5.86,0.858,69.3,operational,0.101,False
2026-08-27 01:50:22.400462,fire_system_003,fire_system,Alarm,water_supply,Water Supply Office,4.11,2.91,58.1,15003.0,10.2,22.3,0.856,81.5,operational,0.103,False
2026-08-28 01:50:22.400462,fire_system_003,fire_system,Alarm,water_supply,Water Supply Office,4.11,2.71,50.2,15188.0,13.5,45.25,0.854,77.0,operational,0.105,False
2026-08-29 01:50:22.400462,fire_system_003,fire_system,Alarm,water_supply,Water Supply Office,4.11,3.06,50.8,15170.0,12.9,25.71,0.852,78.9,operational,0.107,False
2026-08-30 01:50:22.400462,fire_system_003,fire_system,Alarm,water_supply,Water Supply Office,4.12,4.04,55.0,15432.0,17.4,53.67,0.85,71.1,operational,0.109,False
2026-08-31 01:50:22.400462,fire_system_003,fire_system,Alarm,water_supply,Water Supply Office,4.12,2.91,52.4,15014.0,9.6,58.73,0.848,80.5,operational,0.111,False
2026-09-01 01:50:22.400462,fire_system_003,fire_system,Alarm,water_supply,Water Supply Office,4.12,3.53,54.1,15452.0,17.1,34.09,0.846,80.4,operational,0.113,False
2026-09-02 01:50:22.400462,fire_system_003,fire_system,Alarm,water_supply,Water Supply Office,4.12,3.33,52.2,14879.0,7.0,22.34,0.844,71.2,operational,0.115,False
2026-09-03 01:50:22.400462,fire_system_003,fire_system,Alarm,water_supply,Water Supply Office,4.13,3.68,49.8,15224.0,12.7,10.57,0.842,73.8,operational,0.117,False
2026-09-04 01:50:22.400462,fire_system_003,fire_system,Alarm,water_supply,Water Supply Office,4.13,2.96,56.7,15252.0,13.0,40.2,0.84,78.5,operational,0.119,False
2026-09-05 01:50:22.400462,fire_system_003,fire_system,Alarm,water_supply,Water Supply Office,4.13,4.06,59.6,15315.0,13.8,41.95,0.838,75.5,operational,0.121,False
2026-09-06 01:50:22.400462,fire_system_003,fire_system,Alarm,water_supply,Water Supply Office,4.14,4.11,53.4,15368.0,14.4,35.52,0.836,72.2,operational,0.123,False
2026-09-07 01:50:22.400462,fire_system_003,fire_system,Alarm,water_supply,Water Supply Office,4.14,3.16,55.7,15537.0,16.9,61.76,0.834,76.2,operational,0.125,False
2026-09-08 01:50:22.400462,fire_system_003,fire_system,Alarm,water_supply,Water Supply Office,4.14,3.35,52.3,15178.0,11.0,4.56,0.832,76.9,operational,0.127,False
2026-09-09 01:50:22.400462,fire_system_003,fire_system,Alarm,water_supply,Water Supply Office,4.14,3.68,49.2,14943.0,7.2,52.64,0.83,71.9,operational,0.129,False
2026-09-10 01:50:22.400462,fire_system_003,fire_system,Alarm,water_supply,Water Supply Office,4.15,3.63,49.9,14903.0,6.5,18.39,0.828,75.6,operational,0.131,False
2026-09-11 01:50:22.400462,fire_system_003,fire_system,Alarm,water_supply,Water Supply Office,4.15,3.66,54.0,15592.0,16.7,23.45,0.826,73.9,operational,0.133,False
2026-09-12 01:50:22.400462,fire_system_003,fire_system,Alarm,water_supply,Water Supply Office,4.15,2.79,53.1,15193.0,10.6,29.54,0.824,72.4,operational,0.135,False
2026-09-13 01:50:22.400462,fire_system_003,fire_system,Alarm,water_supply,Water Supply Office,4.15,2.85,53.1,14948.0,6.9,20.37,0.822,75.2,operational,0.137,False
2026-09-14 01:50:22.400462,fire_system_003,fire_system,Alarm,water_supply,Water Supply Office,4.16,2.75,53.9,15231.0,10.8,61.84,0.82,71.8,operational,0.139,False
2026-09-15 01:50:22.400462,fire_system_003,fire_system,Alarm,water_supply,Water Supply Office,4.16,3.05,48.7,15378.0,12.7,13.87,0.818,75.3,operational,0.141,False
2026-09-16 01:50:22.400462,fire_system_003,fire_system,Alarm,water_supply,Water Supply Office,4.16,2.6,58.2,15666.0,16.5,50.17,0.816,76.5,operational,0.143,False
2026-09-17 01:50:22.400462,fire_system_003,fire_system,Alarm,water_supply,Water Supply Office,4.17,2.77,56.0,15401.0,12.7,48.24,0.814,71.7,operational,0.145,False
2026-09-18 01:50:22.400462,fire_system_003,fire_system,Alarm,water_supply,Water Supply Office,4.17,2.74,50.3,15675.0,16.2,59.57,0.812,73.0,operational,0.147,False
2026-09-19 01:50:22.400462,fire_system_003,fire_system,Alarm,water_supply,Water Supply Office,4.17,2.68,48.4,14934.0,6.1,19.94,0.81,77.7,operational,0.149,False
2026-09-20 01:50:22.400462,fire_system_003,fire_system,Alarm,water_supply,Water Supply Office,4.17,3.93,54.2,15254.0,10.2,45.36,0.808,68.4,operational,0.15,False
2026-09-21 01:50:22.400462,fire_system_003,fire_system,Alarm,water_supply,Water Supply Office,4.18,2.3,52.8,15673.0,15.6,40.94,0.806,69.2,operational,0.15,False
2026-09-22 01:50:22.400462,fire_system_003,fire_system,Alarm,water_supply,Water Supply Office,4.18,3.12,52.3,15100.0,8.0,6.79,0.804,71.1,operational,0.15,False
2026-09-23 01:50:22.400462,fire_system_003,fire_system,Alarm,water_supply,Water Supply Office,4.18,2.84,49.9,15185.0,9.0,58.22,0.802,68.5,operational,0.15,False
2026-09-24 01:50:22.400462,fire_system_003,fire_system,Alarm,water_supply,Water Supply Office,4.18,3.98,51.7,15326.0,10.6,9.42,0.8,73.4,operational,0.15,False
2026-09-25 01:50:22.400462,fire_system_003,fire_system,Alarm,water_supply,Water Supply Office,4.19,2.91,55.4,15631.0,14.3,65.85,0.798,63.0,operational,0.15,False
2026-09-26 01:50:22.400462,fire_system_003,fire_system,Alarm,water_supply,Water Supply Office,4.19,3.03,52.7,15422.0,11.5,37.83,0.796,72.7,operational,0.15,False
2026-09-27 01:50:22.400462,fire_system_003,fire_system,Alarm,water_supply,Water Supply Office,4.19,3.2,50.3,15111.0,7.7,36.85,0.793,65.1,operational,0.15,False
2026-09-28 01:50:22.400462,fire_system_003,fire_system,Alarm,water_supply,Water Supply Office,4.2,4.01,50.6,15564.0,13.0,6.52,0.791,67.1,operational,0.15,False
2026-09-29 01:50:22.400462,fire_system_003,fire_system,Alarm,water_supply,Water Supply Office,4.2,3.5,47.7,15784.0,15.4,22.66,0.789,71.7,operational,0.15,False
2026-09-30 01:50:22.400462,fire_system_003,fire_system,Alarm,water_supply,Water Supply Office,4.2,3.52,48.4,15325.0,9.9,8.85,0.787,70.7,operational,0.15,False
2026-10-01 01:50:22.400462,fire_system_003,fire_system,Alarm,water_supply,Water Supply Office,4.2,3.98,49.8,15043.0,6.5,19.52,0.785,73.0,operational,0.15,False
2026-10-02 01:50:22.400462,fire_system_003,fire_system,Alarm,water_supply,Water Supply Office,4.21,3.76,54.8,15719.0,14.1,37.54,0.783,70.3,operational,0.15,False
2026-10-03 01:50:22.400462,fire_system_003,fire_system,Alarm,water_supply,Water Supply Office,4.21,3.62,55.7,16040.0,17.6,17.03,0.781,70.6,operational,0.15,False
2026-07-06 01:50:22.400462,fire_system_004,fire_system,Extinguisher,workshop,Maintenance Workshop,9.61,5.33,65.5,35066.0,13.8,31.72,0.904,68.9,operational,0.003,False
2026-07-07 01:50:22.400462,fire_system_004,fire_system,Extinguisher,workshop,Maintenance Workshop,9.61,5.52,65.1,35080.0,14.4,53.19,0.899,69.0,operational,0.01,False
2026-07-08 01:50:22.400462,fire_system_004,fire_system,Extinguisher,workshop,Maintenance Workshop,9.61,4.17,66.9,35081.0,7.6,10.05,0.894,67.4,operational,0.01,False
2026-07-09 01:50:22.400462,fire_system_004,fire_system,Extinguisher,workshop,Maintenance Workshop,9.62,5.68,63.2,35093.0,9.2,49.43,0.889,71.3,operational,0.021,False
2026-07-10 01:50:22.400462,fire_system_004,fire_system,Extinguisher,workshop,Maintenance Workshop,9.62,3.7,62.9,35100.0,8.7,39.1,0.885,72.5,operational,0.019,False
2026-07-11 01:50:22.400462,fire_system_004,fire_system,Extinguisher,workshop,Maintenance Workshop,9.62,5.63,64.6,35113.0,9.4,20.43,0.88,68.1,operational,0.03,False
2026-07-12 01:50:22.400462,fire_system_004,fire_system,Extinguisher,workshop,Maintenance Workshop,9.62,4.5,68.3,35115.0,8.2,3.6,0.875,65.1,operational,0.029,False
2026-07-13 01:50:22.400462,fire_system_004,fire_system,Extinguisher,workshop,Maintenance Workshop,9.63,4.62,64.8,35120.0,7.7,40.94,0.87,61.0,operational,0.034,False
2026-07-14 01:50:22.400462,fire_system_004,fire_system,Extinguisher,workshop,Maintenance Workshop,9.63,5.28,60.7,35156.0,11.3,35.88,0.865,62.5,operational,0.041,False
2026-07-15 01:50:22.400462,fire_system_004,fire_system,Extinguisher,workshop,Maintenance Workshop,9.63,5.13,59.7,35181.0,12.8,48.28,0.86,68.3,operational,0.045,False
2026-07-16 01:50:22.400462,fire_system_004,fire_system,Extinguisher,workshop,Maintenance Workshop,9.63,4.89,64.2,35181.0,11.5,53.46,0.856,60.1,operational,0.048,False
2026-07-17 01:50:22.400462,fire_system_004,fire_system,Extinguisher,workshop,Maintenance Workshop,9.64,4.2,65.0,35205.0,12.7,25.93,0.851,65.6,operational,0.053,False
2026-07-18 01:50:22.400462,fire_system_004,fire_system,Extinguisher,workshop,Maintenance Workshop,9.64,4.7,64.4,35157.0,7.6,32.39,0.846,70.7,operational,0.058,False
2026-07-19 01:50:22.400462,fire_system_004,fire_system,Extinguisher,workshop,Maintenance Workshop,9.64,5.6,66.5,35202.0,10.4,7.69,0.841,61.5,operational,0.068,False
2026-07-20 01:50:22.400462,fire_system_004,fire_system,Extinguisher,workshop,Maintenance Workshop,9.65,5.21,66.2,35234.0,12.0,57.41,0.836,66.8,operational,0.069,False
2026-07-21 01:50:22.400462,fire_system_004,fire_system,Extinguisher,workshop,Maintenance Workshop,9.65,4.66,63.9,35186.0,8.0,34.07,0.831,64.8,operational,0.072,False
2026-07-22 01:50:22.400462,fire_system_004,fire_system,Extinguisher,workshop,Maintenance Workshop,9.65,4.71,61.9,35268.0,12.6,54.45,0.827,60.1,operational,0.077,False
2026-07-23 01:50:22.400462,fire_system_004,fire_system,Extinguisher,workshop,Maintenance Workshop,9.65,4.95,64.7,35274.0,12.3,30.99,0.822,59.8,maintenance_needed,0.082,True
2026-07-24 01:50:22.400462,fire_system_004,fire_system,Extinguisher,workshop,Maintenance Workshop,9.66,5.44,67.2,35211.0,8.1,15.04,0.817,57.9,maintenance_needed,0.091,True
2026-07-25 01:50:22.400462,fire_system_004,fire_system,Extinguisher,workshop,Maintenance Workshop,9.66,3.99,61.7,35258.0,10.1,30.58,0.812,62.1,operational,0.091,False
2026-07-26 01:50:22.400462,fire_system_004,fire_system,Extinguisher,workshop,Maintenance Workshop,9.66,4.17,65.7,35243.0,8.8,47.93,0.807,59.4,maintenance_needed,0.096,True
2026-07-27 01:50:22.400462,fire_system_004,fire_system,Extinguisher,workshop,Maintenance Workshop,9.66,5.71,63.7,35407.0,16.3,25.22,0.802,63.8,operational,0.108,False
2026-07-28 01:50:22.400462,fire_system_004,fire_system,Extinguisher,workshop,Maintenance Workshop,9.67,4.69,61.5,35347.0,12.8,52.72,0.798,60.2,operational,0.106,False
2026-07-29 01:50:22.400462,fire_system_004,fire_system,Extinguisher,workshop,Maintenance Workshop,9.67,4.84,61.9,35360.0,12.8,27.63,0.793,56.8,maintenance_needed,0.11,True
2026-07-30 01:50:22.400462,fire_system_004,fire_system,Extinguisher,workshop,Maintenance Workshop,9.67,4.55,65.0,35354.0,12.0,53.18,0.788,60.9,operational,0.115,False
2026-07-31 01:50:22.400462,fire_system_004,fire_system,Extinguisher,workshop,Maintenance Workshop,9.68,4.76,69.3,35341.0,11.0,42.6,0.783,52.6,maintenance_needed,0.12,True
2026-08-01 01:50:22.400462,fire_system_004,fire_system,Extinguisher,workshop,Maintenance Workshop,9.68,6.03,67.6,35300.0,9.0,58.07,0.778,50.4,maintenance_needed,0.135,True
2026-08-02 01:50:22.400462,fire_system_004,fire_system,Extinguisher,workshop,Maintenance Workshop,9.68,5.54,65.0,35448.0,14.2,44.31,0.773,61.3,operational,0.135,False
2026-08-03 01:50:22.400462,fire_system_004,fire_system,Extinguisher,workshop,Maintenance Workshop,9.68,5.2,67.3,35561.0,17.7,17.55,0.769,57.2,maintenance_needed,0.136,True
2026-08-04 01:50:22.400462,fire_system_004,fire_system,Extinguisher,workshop,Maintenance Workshop,9.69,4.49,64.1,35352.0,9.9,34.01,0.764,56.2,maintenance_needed,0.139,True
2026-08-05 01:50:22.400462,fire_system_004,fire_system,Extinguisher,workshop,Maintenance Workshop,9.69,3.71,64.3,35387.0,10.7,26.7,0.759,51.6,maintenance_needed,0.144,True
2026-08-06 01:50:22.400462,fire_system_004,fire_system,Extinguisher,workshop,Maintenance Workshop,9.69,6.1,64.1,35455.0,12.5,61.62,0.754,47.7,maintenance_needed,0.15,True
2026-08-07 01:50:22.400462,fire_system_004,fire_system,Extinguisher,workshop,Maintenance Workshop,9.69,4.85,63.4,35557.0,15.3,27.54,0.749,58.6,maintenance_needed,0.15,True
2026-08-08 01:50:22.400462,fire_system_004,fire_system,Extinguisher,workshop,Maintenance Workshop,9.7,5.07,66.4,35484.0,12.7,27.61,0.745,57.2,maintenance_needed,0.15,True
2026-08-09 01:50:22.400462,fire_system_004,fire_system,Extinguisher,workshop,Maintenance Workshop,9.7,4.41,64.5,35306.0,7.1,60.41,0.74,62.6,operational,0.15,False
2026-08-10 01:50:22.400462,fire_system_004,fire_system,Extinguisher,workshop,Maintenance Workshop,9.7,4.71,64.8,35366.0,8.6,30.71,0.735,54.7,maintenance_needed,0.15,True
2026-08-11 01:50:22.400462,fire_system_004,fire_system,Extinguisher,workshop,Maintenance Workshop,9.71,5.42,68.4,35313.0,6.9,19.49,0.73,49.6,maintenance_needed,0.15,True
2026-08-12 01:50:22.400462,fire_system_004,fire_system,Extinguisher,workshop,Maintenance Workshop,9.71,5.03,59.6,35617.0,14.9,12.18,0.725,51.8,maintenance_needed,0.15,True
2026-08-13 01:50:22.400462,fire_system_004,fire_system,Extinguisher,workshop,Maintenance Workshop,9.71,4.81,63.7,35599.0,14.0,44.05,0.72,52.0,maintenance_needed,0.15,True
2026-08-14 01:50:22.400462,fire_system_004,fire_system,Extinguisher,workshop,Maintenance Workshop,9.71,5.4,69.3,35525.0,11.8,53.79,0.716,53.9,maintenance_needed,0.15,True
2026-08-15 01:50:22.400462,fire_system_004,fire_system,Extinguisher,workshop,Maintenance Workshop,9.72,4.98,62.7,35430.0,9.1,59.61,0.711,47.7,maintenance_needed,0.15,True
2026-08-16 01:50:22.400462,fire_system_004,fire_system,Extinguisher,workshop,Maintenance Workshop,9.72,5.36,64.9,35349.0,6.9,71.65,0.706,54.0,maintenance_needed,0.15,True
2026-08-17 01:50:22.400462,fire_system_004,fire_system,Extinguisher,workshop,Maintenance Workshop,9.72,4.77,64.6,35367.0,7.2,67.21,0.701,53.3,maintenance_needed,0.15,True
2026-08-18 01:50:22.400462,fire_system_004,fire_system,Extinguisher,workshop,Maintenance Workshop,9.72,4.77,70.0,35662.0,13.9,9.22,0.696,49.5,maintenance_needed,0.15,True
2026-08-19 01:50:22.400462,fire_system_004,fire_system,Extinguisher,workshop,Maintenance Workshop,9.73,5.23,66.3,35624.0,12.7,23.52,0.691,51.2,maintenance_needed,0.15,True
2026-08-20 01:50:22.400462,fire_system_004,fire_system,Extinguisher,workshop,Maintenance Workshop,9.73,4.54,71.2,35393.0,7.3,31.57,0.687,53.6,maintenance_needed,0.15,True
2026-08-21 01:50:22.400462,fire_system_004,fire_system,Extinguisher,workshop,Maintenance Workshop,9.73,4.91,71.8,35441.0,8.2,35.56,0.682,46.0,maintenance_needed,0.15,True
2026-08-22 01:50:22.400462,fire_system_004,fire_system,Extinguisher,workshop,Maintenance Workshop,9.74,5.13,64.7,35606.0,11.5,39.75,0.677,50.3,maintenance_needed,0.15,True
2026-08-23 01:50:22.400462,fire_system_004,fire_system,Extinguisher,workshop,Maintenance Workshop,9.74,4.44,62.6,35441.0,7.8,66.27,0.672,45.5,maintenance_needed,0.15,True
2026-08-24 01:50:22.400462,fire_system_004,fire_system,Extinguisher,workshop,Maintenance Workshop,9.74,4.99,65.7,35736.0,13.7,9.34,0.667,48.3,maintenance_needed,0.15,True
2026-08-25 01:50:22.400462,fire_system_004,fire_system,Extinguisher,workshop,Maintenance Workshop,9.74,5.23,65.9,35768.0,14.0,24.47,0.662,43.5,maintenance_needed,0.15,True
2026-08-26 01:50:22.400462,fire_system_004,fire_system,Extinguisher,workshop,Maintenance Workshop,9.75,4.88,63.1,35845.0,15.3,54.73,0.658,49.8,maintenance_needed,0.15,True
2026-08-27 01:50:22.400462,fire_system_004,fire_system,Extinguisher,workshop,Maintenance Workshop,9.75,5.15,61.3,35619.0,10.6,7.42,0.653,43.2,maintenance_needed,0.15,True
2026-08-28 01:50:22.400462,fire_system_004,fire_system,Extinguisher,workshop,Maintenance Workshop,9.75,4.93,61.5,35607.0,10.2,16.84,0.648,48.6,maintenance_needed,0.15,True
2026-08-29 01:50:22.400462,fire_system_004,fire_system,Extinguisher,workshop,Maintenance Workshop,9.76,4.42,69.0,35590.0,9.7,43.99,0.643,46.6,maintenance_needed,0.15,True
2026-08-30 01:50:22.400462,fire_system_004,fire_system,Extinguisher,workshop,Maintenance Workshop,9.76,5.38,65.0,35819.0,13.7,7.06,0.638,42.3,maintenance_needed,0.15,True
2026-08-31 01:50:22.400462,fire_system_004,fire_system,Extinguisher,workshop,Maintenance Workshop,9.76,4.47,62.9,35701.0,11.3,44.41,0.633,37.5,maintenance_needed,0.15,True
2026-09-01 01:50:22.400462,fire_system_004,fire_system,Extinguisher,workshop,Maintenance Workshop,9.76,4.92,66.6,35631.0,9.9,72.07,0.629,44.8,maintenance_needed,0.15,True
2026-09-02 01:50:22.400462,fire_system_004,fire_system,Extinguisher,workshop,Maintenance Workshop,9.77,6.01,64.2,36027.0,16.6,23.23,0.624,37.8,maintenance_needed,0.15,True
2026-09-03 01:50:22.400462,fire_system_004,fire_system,Extinguisher,workshop,Maintenance Workshop,9.77,4.87,65.2,35652.0,9.9,77.12,0.619,39.0,maintenance_needed,0.15,True
2026-09-04 01:50:22.400462,fire_system_004,fire_system,Extinguisher,workshop,Maintenance Workshop,9.77,4.37,60.5,35429.0,6.1,34.2,0.614,38.9,maintenance_needed,0.15,True
2026-09-05 01:50:22.400462,fire_system_004,fire_system,Extinguisher,workshop,Maintenance Workshop,9.77,4.66,61.9,35488.0,6.9,75.65,0.609,41.2,maintenance_needed,0.15,True
2026-09-06 01:50:22.400462,fire_system_004,fire_system,Extinguisher,workshop,Maintenance Workshop,9.78,3.92,66.9,35452.0,6.2,32.15,0.604,47.8,maintenance_needed,0.15,True
2026-09-07 01:50:22.400462,fire_system_004,fire_system,Extinguisher,workshop,Maintenance Workshop,9.78,4.71,64.0,36079.0,16.1,66.93,0.6,34.5,maintenance_needed,0.15,True
2026-09-08 01:50:22.400462,fire_system_004,fire_system,Extinguisher,workshop,Maintenance Workshop,9.78,4.49,62.0,35954.0,13.9,21.22,0.595,38.0,maintenance_needed,0.15,True
2026-09-09 01:50:22.400462,fire_system_004,fire_system,Extinguisher,workshop,Maintenance Workshop,9.79,3.33,64.1,35843.0,11.9,75.01,0.59,41.9,maintenance_needed,0.15,True
2026-09-10 01:50:22.400462,fire_system_004,fire_system,Extinguisher,workshop,Maintenance Workshop,9.79,5.09,62.9,35720.0,9.9,12.76,0.585,36.0,maintenance_needed,0.15,True
2026-09-11 01:50:22.400462,fire_system_004,fire_system,Extinguisher,workshop,Maintenance Workshop,9.79,4.96,63.0,35486.0,6.3,4.21,0.58,38.9,maintenance_needed,0.15,True
2026-09-12 01:50:22.400462,fire_system_004,fire_system,Extinguisher,workshop,Maintenance Workshop,9.79,5.62,61.4,35521.0,6.7,61.41,0.575,34.2,maintenance_needed,0.15,True
2026-09-13 01:50:22.400462,fire_system_004,fire_system,Extinguisher,workshop,Maintenance Workshop,9.8,4.82,68.5,36124.0,15.3,44.52,0.571,40.3,maintenance_needed,0.15,True
2026-09-14 01:50:22.400462,fire_system_004,fire_system,Extinguisher,workshop,Maintenance Workshop,9.8,5.0,64.0,36118.0,15.0,40.79,0.566,40.4,maintenance_needed,0.15,True
2026-09-15 01:50:22.400462,fire_system_004,fire_system,Extinguisher,workshop,Maintenance Workshop,9.8,4.57,63.1,36316.0,17.6,48.45,0.561,36.0,maintenance_needed,0.15,True
2026-09-16 01:50:22.400462,fire_system_004,fire_system,Extinguisher,workshop,Maintenance Workshop,9.8,5.85,62.2,36113.0,14.5,14.16,0.556,30.7,maintenance_needed,0.15,True
2026-09-17 01:50:22.400462,fire_system_004,fire_system,Extinguisher,workshop,Maintenance Workshop,9.81,4.62,65.8,36020.0,13.1,18.1,0.551,32.8,maintenance_needed,0.15,True
2026-09-18 01:50:22.400462,fire_system_004,fire_system,Extinguisher,workshop,Maintenance Workshop,9.81,4.82,65.7,35950.0,12.0,15.18,0.546,37.5,maintenance_needed,0.15,True
2026-09-19 01:50:22.400462,fire_system_004,fire_system,Extinguisher,workshop,Maintenance Workshop,9.81,4.83,64.1,36402.0,17.8,76.83,0.542,33.5,maintenance_needed,0.15,True
2026-09-20 01:50:22.400462,fire_system_004,fire_system,Extinguisher,workshop,Maintenance Workshop,9.82,5.12,60.6,36318.0,16.5,81.12,0.537,33.0,maintenance_needed,0.15,True
2026-09-21 01:50:22.400462,fire_system_004,fire_system,Extinguisher,workshop,Maintenance Workshop,9.82,5.55,66.8,36232.0,15.1,39.22,0.532,32.1,maintenance_needed,0.15,True
2026-09-22 01:50:22.400462,fire_system_004,fire_system,Extinguisher,workshop,Maintenance Workshop,9.82,4.03,58.7,36352.0,16.5,29.49,0.527,29.1,critical,0.15,True
2026-09-23 01:50:22.400462,fire_system_004,fire_system,Extinguisher,workshop,Maintenance Workshop,9.82,4.86,65.8,36409.0,17.0,30.26,0.522,31.4,maintenance_needed,0.15,True
2026-09-24 01:50:22.400462,fire_system_004,fire_system,Extinguisher,workshop,Maintenance Workshop,9.83,4.72,65.1,36348.0,16.0,56.19,0.517,31.4,maintenance_needed,0.15,True
2026-09-25 01:50:22.400462,fire_system_004,fire_system,Extinguisher,workshop,Maintenance Workshop,9.83,5.54,62.3,36217.0,14.2,77.74,0.513,26.5,critical,0.15,True
2026-09-26 01:50:22.400462,fire_system_004,fire_system,Extinguisher,workshop,Maintenance Workshop,9.83,5.29,66.6,35736.0,8.2,94.53,0.508,32.5,maintenance_needed,0.15,True
2026-09-27 01:50:22.400462,fire_system_004,fire_system,Extinguisher,workshop,Maintenance Workshop,9.83,5.15,63.2,35571.0,6.1,91.59,0.503,32.3,maintenance_needed,0.15,True
2026-09-28 01:50:22.400462,fire_system_004,fire_system,Extinguisher,workshop,Maintenance Workshop,9.84,5.0,67.6,36152.0,12.9,38.0,0.5,26.0,critical,0.15,True
2026-09-29 01:50:22.400462,fire_system_004,fire_system,Extinguisher,workshop,Maintenance Workshop,9.84,3.57,65.8,36422.0,16.0,75.71,0.5,33.0,maintenance_needed,0.15,True
2026-09-30 01:50:22.400462,fire_system_004,fire_system,Extinguisher,workshop,Maintenance Workshop,9.84,4.49,62.9,36579.0,17.6,61.19,0.5,29.0,critical,0.15,True
2026-10-01 01:50:22.400462,fire_system_004,fire_system,Extinguisher,workshop,Maintenance Workshop,9.85,4.54,64.0,36435.0,15.7,78.85,0.5,30.4,maintenance_needed,0.15,True
2026-10-02 01:50:22.400462,fire_system_004,fire_system,Extinguisher,workshop,Maintenance Workshop,9.85,4.82,68.4,36638.0,17.9,17.81,0.5,33.1,maintenance_needed,0.15,True
2026-10-03 01:50:22.400462,fire_system_004,fire_system,Extinguisher,workshop,Maintenance Workshop,9.85,4.65,63.5,36302.0,13.9,98.14,0.5,29.4,critical,0.15,True
2026-07-06 01:50:22.400462,fire_system_005,fire_system,Alarm,parking_complex,Parking Complex,11.17,5.1,65.6,40776.0,11.2,51.52,0.888,64.5,operational,0.001,False
2026-07-07 01:50:22.400462,fire_system_005,fire_system,Alarm,parking_complex,Parking Complex,11.17,6.06,66.5,40787.0,10.8,45.44,0.883,57.9,maintenance_needed,0.016,True
2026-07-08 01:50:22.400462,fire_system_005,fire_system,Alarm,parking_complex,Parking Complex,11.18,5.11,64.2,40806.0,14.9,14.72,0.877,64.0,operational,0.012,False
2026-07-09 01:50:22.400462,fire_system_005,fire_system,Alarm,parking_complex,Parking Complex,11.18,5.08,65.7,40796.0,6.8,27.43,0.871,62.1,operational,0.018,False
2026-07-10 01:50:22.400462,fire_system_005,fire_system,Alarm,parking_complex,Parking Complex,11.18,5.41,65.8,40826.0,12.5,30.16,0.866,70.9,operational,0.026,False
2026-07-11 01:50:22.400462,fire_system_005,fire_system,Alarm,parking_complex,Parking Complex,11.19,4.96,72.2,40810.0,6.9,46.71,0.86,61.7,operational,0.028,False
2026-07-12 01:50:22.400462,fire_system_005,fire_system,Alarm,parking_complex,Parking Complex,11.19,5.28,60.5,40816.0,6.6,37.14,0.855,56.2,maintenance_needed,0.036,True
2026-07-13 01:50:22.400462,fire_system_005,fire_system,Alarm,parking_complex,Parking Complex,11.19,5.03,65.9,40832.0,8.1,9.69,0.849,65.1,operational,0.039,False
2026-07-14 01:50:22.400462,fire_system_005,fire_system,Alarm,parking_complex,Parking Complex,11.19,5.41,69.8,40869.0,11.7,49.74,0.843,64.5,operational,0.049,False
2026-07-15 01:50:22.400462,fire_system_005,fire_system,Alarm,parking_complex,Parking Complex,11.2,4.88,60.1,40917.0,15.7,35.6,0.838,59.2,maintenance_needed,0.05,True
2026-07-16 01:50:22.400462,fire_system_005,fire_system,Alarm,parking_complex,Parking Complex,11.2,4.24,69.6,40947.0,17.2,44.08,0.832,59.7,maintenance_needed,0.056,True
2026-07-17 01:50:22.400462,fire_system_005,fire_system,Alarm,parking_complex,Parking Complex,11.2,5.21,68.0,40907.0,12.0,30.86,0.827,59.5,maintenance_needed,0.064,True
2026-07-18 01:50:22.400462,fire_system_005,fire_system,Alarm,parking_complex,Parking Complex,11.2,5.9,64.8,40912.0,11.3,58.91,0.821,49.9,maintenance_needed,0.076,True
2026-07-19 01:50:22.400462,fire_system_005,fire_system,Alarm,parking_complex,Parking Complex,11.21,5.82,68.1,40907.0,10.1,43.7,0.815,55.1,maintenance_needed,0.081,True
2026-07-20 01:50:22.400462,fire_system_005,fire_system,Alarm,parking_complex,Parking Complex,11.21,5.17,64.5,40923.0,10.5,55.38,0.81,57.3,maintenance_needed,0.08,True
2026-07-21 01:50:22.400462,fire_system_005,fire_system,Alarm,parking_complex,Parking Complex,11.21,5.66,69.2,40953.0,11.8,32.05,0.804,54.7,maintenance_needed,0.09,True
2026-07-22 01:50:22.400462,fire_system_005,fire_system,Alarm,parking_complex,Parking Complex,11.22,5.22,66.0,40904.0,8.0,19.31,0.798,51.9,maintenance_needed,0.092,True
2026-07-23 01:50:22.400462,fire_system_005,fire_system,Alarm,parking_complex,Parking Complex,11.22,5.33,68.3,41013.0,13.9,6.26,0.793,47.6,maintenance_needed,0.098,True
2026-07-24 01:50:22.400462,fire_system_005,fire_system,Alarm,parking_complex,Parking Complex,11.22,5.35,70.4,40920.0,8.0,64.83,0.787,56.3,maintenance_needed,0.104,True
2026-07-25 01:50:22.400462,fire_system_005,fire_system,Alarm,parking_complex,Parking Complex,11.22,4.9,66.4,40970.0,10.2,62.05,0.782,57.5,maintenance_needed,0.106,True
2026-07-26 01:50:22.400462,fire_system_005,fire_system,Alarm,parking_complex,Parking Complex,11.23,4.89,65.6,41094.0,15.9,24.25,0.776,52.8,maintenance_needed,0.112,True
2026-07-27 01:50:22.400462,fire_system_005,fire_system,Alarm,parking_complex,Parking Complex,11.23,5.22,60.7,41038.0,12.5,41.29,0.77,53.7,maintenance_needed,0.12,True
2026-07-28 01:50:22.400462,fire_system_005,fire_system,Alarm,parking_complex,Parking Complex,11.23,5.27,67.4,41062.0,13.0,45.06,0.765,52.9,maintenance_needed,0.126,True
2026-07-29 01:50:22.400462,fire_system_005,fire_system,Alarm,parking_complex,Parking Complex,11.23,5.19,64.7,41188.0,17.9,6.38,0.759,51.1,maintenance_needed,0.13,True
2026-07-30 01:50:22.400462,fire_system_005,fire_system,Alarm,parking_complex,Parking Complex,11.24,4.48,68.2,41116.0,14.2,57.02,0.754,50.4,maintenance_needed,0.134,True
2026-07-31 01:50:22.400462,fire_system_005,fire_system,Alarm,parking_complex,Parking Complex,11.24,5.59,71.2,40939.0,6.5,21.45,0.748,45.3,maintenance_needed,0.146,True
2026-08-01 01:50:22.400462,fire_system_005,fire_system,Alarm,parking_complex,Parking Complex,11.24,5.77,71.8,41181.0,15.6,28.17,0.742,49.1,maintenance_needed,0.15,True
2026-08-02 01:50:22.400462,fire_system_005,fire_system,Alarm,parking_complex,Parking Complex,11.25,4.8,68.4,41167.0,14.5,30.53,0.737,49.9,maintenance_needed,0.15,True
2026-08-03 01:50:22.400462,fire_system_005,fire_system,Alarm,parking_complex,Parking Complex,11.25,4.99,61.2,41086.0,11.1,35.03,0.731,53.5,maintenance_needed,0.15,True
2026-08-04 01:50:22.400462,fire_system_005,fire_system,Alarm,parking_complex,Parking Complex,11.25,5.3,68.1,41225.0,15.5,29.68,0.726,47.3,maintenance_needed,0.15,True
2026-08-05 01:50:22.400462,fire_system_005,fire_system,Alarm,parking_complex,Parking Complex,11.25,4.74,69.1,41090.0,10.5,36.89,0.72,46.0,maintenance_needed,0.15,True
2026-08-06 01:50:22.400462,fire_system_005,fire_system,Alarm,parking_complex,Parking Complex,11.26,5.68,67.3,41168.0,12.7,72.11,0.714,42.8,maintenance_needed,0.15,True
2026-08-07 01:50:22.400462,fire_system_005,fire_system,Alarm,parking_complex,Parking Complex,11.26,5.18,69.9,40996.0,6.9,35.62,0.709,50.5,maintenance_needed,0.15,True
2026-08-08 01:50:22.400462,fire_system_005,fire_system,Alarm,parking_complex,Parking Complex,11.26,5.5,61.9,41260.0,14.7,62.45,0.703,46.5,maintenance_needed,0.15,True
2026-08-09 01:50:22.400462,fire_system_005,fire_system,Alarm,parking_complex,Parking Complex,11.26,6.16,67.7,41017.0,7.1,6.1,0.697,42.6,maintenance_needed,0.15,True
2026-08-10 01:50:22.400462,fire_system_005,fire_system,Alarm,parking_complex,Parking Complex,11.27,5.29,71.9,41038.0,7.5,36.73,0.692,43.9,maintenance_needed,0.15,True
2026-08-11 01:50:22.400462,fire_system_005,fire_system,Alarm,parking_complex,Parking Complex,11.27,5.5,65.6,41299.0,14.5,35.8,0.686,43.2,maintenance_needed,0.15,True
2026-08-12 01:50:22.400462,fire_system_005,fire_system,Alarm,parking_complex,Parking Complex,11.27,5.19,71.9,41287.0,13.8,47.16,0.681,47.6,maintenance_needed,0.15,True
2026-08-13 01:50:22.400462,fire_system_005,fire_system,Alarm,parking_complex,Parking Complex,11.28,5.44,67.9,41202.0,11.2,25.71,0.675,42.2,maintenance_needed,0.15,True
2026-08-14 01:50:22.400462,fire_system_005,fire_system,Alarm,parking_complex,Parking Complex,11.28,5.73,65.4,41378.0,15.5,75.4,0.669,43.5,maintenance_needed,0.15,True
2026-08-15 01:50:22.400462,fire_system_005,fire_system,Alarm,parking_complex,Parking Complex,11.28,4.91,65.2,41307.0,13.3,14.89,0.664,48.4,maintenance_needed,0.15,True
2026-08-16 01:50:22.400462,fire_system_005,fire_system,Alarm,parking_complex,Parking Complex,11.28,5.04,68.6,41198.0,10.3,52.49,0.658,41.8,maintenance_needed,0.15,True
2026-08-17 01:50:22.400462,fire_system_005,fire_system,Alarm,parking_complex,Parking Complex,11.29,5.49,65.6,41424.0,15.4,42.63,0.653,39.6,maintenance_needed,0.15,True
2026-08-18 01:50:22.400462,fire_system_005,fire_system,Alarm,parking_complex,Parking Complex,11.29,4.49,63.7,41453.0,15.8,61.07,0.647,36.5,maintenance_needed,0.15,True
2026-08-19 01:50:22.400462,fire_system_005,fire_system,Alarm,parking_complex,Parking Complex,11.29,5.14,68.2,41142.0,8.3,51.37,0.641,45.1,maintenance_needed,0.15,True
2026-08-20 01:50:22.400462,fire_system_005,fire_system,Alarm,parking_complex,Parking Complex,11.29,4.81,67.1,41178.0,8.9,62.65,0.636,39.5,maintenance_needed,0.15,True
2026-08-21 01:50:22.400462,fire_system_005,fire_system,Alarm,parking_complex,Parking Complex,11.3,5.01,66.4,41352.0,12.5,22.05,0.63,41.0,maintenance_needed,0.15,True
2026-08-22 01:50:22.400462,fire_system_005,fire_system,Alarm,parking_complex,Parking Complex,11.3,5.48,69.8,41135.0,7.6,32.66,0.624,31.1,maintenance_needed,0.15,True
2026-08-23 01:50:22.400462,fire_system_005,fire_system,Alarm,parking_complex,Parking Complex,11.3,5.97,63.4,41443.0,13.9,10.67,0.619,31.9,maintenance_needed,0.15,True
2026-08-24 01:50:22.400462,fire_system_005,fire_system,Alarm,parking_complex,Parking Complex,11.31,5.72,64.8,41607.0,17.0,59.37,0.613,33.0,maintenance_needed,0.15,True
2026-08-25 01:50:22.400462,fire_system_005,fire_system,Alarm,parking_complex,Parking Complex,11.31,5.76,67.6,41382.0,12.1,26.58,0.608,33.8,maintenance_needed,0.15,True
2026-08-26 01:50:22.400462,fire_system_005,fire_system,Alarm,parking_complex,Parking Complex,11.31,4.77,66.0,41645.0,17.0,66.08,0.602,34.9,maintenance_needed,0.15,True
2026-08-27 01:50:22.400462,fire_system_005,fire_system,Alarm,parking_complex,Parking Complex,11.31,5.51,64.2,41228.0,8.7,62.48,0.596,31.5,maintenance_needed,0.15,True
2026-08-28 01:50:22.400462,fire_system_005,fire_system,Alarm,parking_complex,Parking Complex,11.32,5.22,66.8,41612.0,15.8,42.75,0.591,38.6,maintenance_needed,0.15,True
2026-08-29 01:50:22.400462,fire_system_005,fire_system,Alarm,parking_complex,Parking Complex,11.32,4.99,62.2,41720.0,17.5,9.79,0.585,39.7,maintenance_needed,0.15,True
2026-08-30 01:50:22.400462,fire_system_005,fire_system,Alarm,parking_complex,Parking Complex,11.32,5.02,69.8,41376.0,10.9,89.12,0.58,40.1,maintenance_needed,0.15,True
2026-08-31 01:50:22.400462,fire_system_005,fire_system,Alarm,parking_complex,Parking Complex,11.32,5.34,67.7,41480.0,12.6,84.15,0.574,31.3,maintenance_needed,0.15,True
2026-09-01 01:50:22.400462,fire_system_005,fire_system,Alarm,parking_complex,Parking Complex,11.33,5.24,65.1,41128.0,6.2,26.47,0.568,35.3,maintenance_needed,0.15,True
2026-09-02 01:50:22.400462,fire_system_005,fire_system,Alarm,parking_complex,Parking Complex,11.33,6.51,72.3,41606.0,14.3,52.03,0.563,26.2,critical,0.15,True
2026-09-03 01:50:22.400462,fire_system_005,fire_system,Alarm,parking_complex,Parking Complex,11.33,6.74,71.5,41812.0,17.6,25.73,0.557,27.2,critical,0.15,True
2026-09-04 01:50:22.400462,fire_system_005,fire_system,Alarm,parking_complex,Parking Complex,11.34,6.13,63.1,41809.0,17.2,12.51,0.551,24.7,critical,0.15,True
2026-09-05 01:50:22.400462,fire_system_005,fire_system,Alarm,parking_complex,Parking Complex,11.34,5.29,66.7,41447.0,11.0,37.05,0.546,32.8,maintenance_needed,0.15,True
2026-09-06 01:50:22.400462,fire_system_005,fire_system,Alarm,parking_complex,Parking Complex,11.34,4.44,65.7,41885.0,17.9,9.41,0.54,29.7,critical,0.15,True
2026-09-07 01:50:22.400462,fire_system_005,fire_system,Alarm,parking_complex,Parking Complex,11.34,4.87,68.2,41457.0,10.8,73.77,0.535,31.1,maintenance_needed,0.15,True
2026-09-08 01:50:22.400462,fire_system_005,fire_system,Alarm,parking_complex,Parking Complex,11.35,5.19,64.3,41854.0,16.8,25.37,0.529,28.1,critical,0.15,True
2026-09-09 01:50:22.400462,fire_system_005,fire_system,Alarm,parking_complex,Parking Complex,11.35,6.36,69.0,41185.0,6.3,76.84,0.523,20.6,critical,0.15,True
2026-09-10 01:50:22.400462,fire_system_005,fire_system,Alarm,parking_complex,Parking Complex,11.35,6.14,68.0,41542.0,11.6,58.29,0.518,23.5,critical,0.15,True
2026-09-11 01:50:22.400462,fire_system_005,fire_system,Alarm,parking_complex,Parking Complex,11.36,5.69,68.1,41591.0,12.2,26.36,0.512,21.7,critical,0.15,True
2026-09-12 01:50:22.400462,fire_system_005,fire_system,Alarm,parking_complex,Parking Complex,11.36,5.98,73.0,41838.0,15.6,88.94,0.507,24.7,critical,0.15,True
2026-09-13 01:50:22.400462,fire_system_005,fire_system,Alarm,parking_complex,Parking Complex,11.36,5.04,66.4,41519.0,10.8,87.39,0.501,27.0,critical,0.15,True
2026-09-14 01:50:22.400462,fire_system_005,fire_system,Alarm,parking_complex,Parking Complex,11.36,5.03,69.1,41296.0,7.4,16.76,0.5,27.1,critical,0.15,True
2026-09-15 01:50:22.400462,fire_system_005,fire_system,Alarm,parking_complex,Parking Complex,11.37,6.13,65.4,41334.0,7.9,97.74,0.5,21.1,critical,0.15,True
2026-09-16 01:50:22.400462,fire_system_005,fire_system,Alarm,parking_complex,Parking Complex,11.37,6.58,69.0,41237.0,6.4,6.2,0.5,14.2,critical,0.15,True
2026-09-17 01:50:22.400462,fire_system_005,fire_system,Alarm,parking_complex,Parking Complex,11.37,5.42,71.4,41966.0,16.3,72.75,0.5,21.0,critical,0.15,True
2026-09-18 01:50:22.400462,fire_system_005,fire_system,Alarm,parking_complex,Parking Complex,11.37,4.6,72.0,42092.0,17.8,67.19,0.5,21.6,critical,0.15,True
2026-09-19 01:50:22.400462,fire_system_005,fire_system,Alarm,parking_complex,Parking Complex,11.38,5.56,67.8,41724.0,12.6,77.98,0.5,20.2,critical,0.15,True
2026-09-20 01:50:22.400462,fire_system_005,fire_system,Alarm,parking_complex,Parking Complex,11.38,5.71,67.8,41382.0,8.0,42.87,0.5,21.7,critical,0.15,True
2026-09-21 01:50:22.400462,fire_system_005,fire_system,Alarm,parking_complex,Parking Complex,11.38,6.17,71.1,41945.0,15.2,72.36,0.5,17.4,critical,0.15,True
2026-09-22 01:50:22.400462,fire_system_005,fire_system,Alarm,parking_complex,Parking Complex,11.39,5.51,68.9,42112.0,17.1,22.47,0.5,16.4,critical,0.15,True
2026-09-23 01:50:22.400462,fire_system_005,fire_system,Alarm,parking_complex,Parking Complex,11.39,4.86,61.8,41544.0,9.7,8.94,0.5,19.6,critical,0.15,True
2026-09-24 01:50:22.400462,fire_system_005,fire_system,Alarm,parking_complex,Parking Complex,11.39,4.56,67.1,41855.0,13.5,37.66,0.5,21.5,critical,0.15,True
2026-09-25 01:50:22.400462,fire_system_005,fire_system,Alarm,parking_complex,Parking Complex,11.39,4.98,65.5,41394.0,7.6,85.37,0.5,16.8,critical,0.15,True
2026-09-26 01:50:22.400462,fire_system_005,fire_system,Alarm,parking_complex,Parking Complex,11.4,5.04,68.0,41388.0,7.5,32.47,0.5,20.1,critical,0.15,True
2026-09-27 01:50:22.400462,fire_system_005,fire_system,Alarm,parking_complex,Parking Complex,11.4,5.45,61.4,42123.0,16.2,64.19,0.5,20.8,critical,0.15,True
2026-09-28 01:50:22.400462,fire_system_005,fire_system,Alarm,parking_complex,Parking Complex,11.4,5.61,70.4,41540.0,9.1,30.87,0.5,14.3,critical,0.15,True
2026-09-29 01:50:22.400462,fire_system_005,fire_system,Alarm,parking_complex,Parking Complex,11.4,5.27,68.7,41452.0,8.0,27.98,0.5,21.2,critical,0.15,True
2026-09-30 01:50:22.400462,fire_system_005,fire_system,Alarm,parking_complex,Parking Complex,11.41,5.23,72.8,42104.0,15.4,91.42,0.5,16.7,critical,0.15,True
2026-10-01 01:50:22.400462,fire_system_005,fire_system,Alarm,parking_complex,Parking Complex,11.41,6.81,64.2,42089.0,15.1,72.62,0.5,9.1,critical,0.15,True
2026-10-02 01:50:22.400462,fire_system_005,fire_system,Alarm,parking_complex,Parking Complex,11.41,4.99,69.3,42358.0,18.0,25.98,0.5,12.9,critical,0.15,True
2026-10-03 01:50:22.400462,fire_system_005,fire_system,Alarm,parking_complex,Parking Complex,11.42,4.85,67.1,41490.0,8.0,42.34,0.5,16.8,critical,0.15,True
2026-07-06 01:50:22.400462,fire_system_006,fire_system,Extinguisher,main_office,Main Office,5.52,4.4,60.7,20144.0,11.5,11.96,0.945,83.0,operational,0.0,False
2026-07-07 01:50:22.400462,fire_system_006,fire_system,Extinguisher,main_office,Main Office,5.52,4.23,51.6,20158.0,14.1,10.79,0.942,82.9,operational,0.003,False
2026-07-08 01:50:22.400462,fire_system_006,fire_system,Extinguisher,main_office,Main Office,5.52,3.51,54.0,20165.0,10.2,22.47,0.939,81.8,operational,0.006,False
2026-07-09 01:50:22.400462,fire_system_006,fire_system,Extinguisher,main_office,Main Office,5.53,3.39,51.9,20162.0,6.0,31.44,0.936,85.8,operational,0.008,False
2026-07-10 01:50:22.400462,fire_system_006,fire_system,Extinguisher,main_office,Main Office,5.53,3.47,52.1,20209.0,16.2,46.59,0.934,85.5,operational,0.011,False
2026-07-11 01:50:22.400462,fire_system_006,fire_system,Extinguisher,main_office,Main Office,5.53,3.61,56.6,20205.0,12.2,3.66,0.931,80.1,operational,0.014,False
2026-07-12 01:50:22.400462,fire_system_006,fire_system,Extinguisher,main_office,Main Office,5.54,3.85,56.2,20237.0,15.5,36.54,0.928,80.8,operational,0.017,False
2026-07-13 01:50:22.400462,fire_system_006,fire_system,Extinguisher,main_office,Main Office,5.54,4.46,59.8,20208.0,9.2,30.05,0.925,80.3,operational,0.019,False
2026-07-14 01:50:22.400462,fire_system_006,fire_system,Extinguisher,main_office,Main Office,5.54,3.35,57.3,20220.0,9.4,23.75,0.923,81.4,operational,0.022,False
2026-07-15 01:50:22.400462,fire_system_006,fire_system,Extinguisher,main_office,Main Office,5.54,3.38,60.9,20211.0,7.4,38.91,0.92,83.3,operational,0.025,False
2026-07-16 01:50:22.400462,fire_system_006,fire_system,Extinguisher,main_office,Main Office,5.55,4.13,63.1,20295.0,15.1,56.74,0.917,86.9,operational,0.028,False
2026-07-17 01:50:22.400462,fire_system_006,fire_system,Extinguisher,main_office,Main Office,5.55,2.99,57.1,20327.0,16.7,52.85,0.914,82.0,operational,0.03,False
2026-07-18 01:50:22.400462,fire_system_006,fire_system,Extinguisher,main_office,Main Office,5.55,3.18,62.0,20333.0,15.7,17.3,0.911,81.6,operational,0.033,False
2026-07-19 01:50:22.400462,fire_system_006,fire_system,Extinguisher,main_office,Main Office,5.55,3.35,57.7,20320.0,13.5,31.07,0.909,81.6,operational,0.036,False
2026-07-20 01:50:22.400462,fire_system_006,fire_system,Extinguisher,main_office,Main Office,5.56,4.14,52.0,20325.0,12.9,28.24,0.906,79.6,operational,0.039,False
2026-07-21 01:50:22.400462,fire_system_006,fire_system,Extinguisher,main_office,Main Office,5.56,2.97,52.4,20389.0,16.3,16.18,0.903,76.6,operational,0.041,False
2026-07-22 01:50:22.400462,fire_system_006,fire_system,Extinguisher,main_office,Main Office,5.56,3.08,55.7,20275.0,8.2,12.71,0.9,80.0,operational,0.044,False
2026-07-23 01:50:22.400462,fire_system_006,fire_system,Extinguisher,main_office,Main Office,5.57,3.57,56.5,20393.0,14.6,25.6,0.897,73.6,operational,0.047,False
2026-07-24 01:50:22.400462,fire_system_006,fire_system,Extinguisher,main_office,Main Office,5.57,3.71,56.3,20286.0,7.9,24.5,0.895,76.9,operational,0.05,False
2026-07-25 01:50:22.400462,fire_system_006,fire_system,Extinguisher,main_office,Main Office,5.57,3.61,51.6,20415.0,14.2,29.25,0.892,78.2,operational,0.052,False
2026-07-26 01:50:22.400462,fire_system_006,fire_system,Extinguisher,main_office,Main Office,5.57,4.63,58.2,20496.0,17.6,45.37,0.889,80.1,operational,0.055,False
2026-07-27 01:50:22.400462,fire_system_006,fire_system,Extinguisher,main_office,Main Office,5.58,3.11,59.3,20272.0,6.1,42.86,0.886,73.1,operational,0.058,False
2026-07-28 01:50:22.400462,fire_system_006,fire_system,Extinguisher,main_office,Main Office,5.58,3.77,56.1,20360.0,9.8,39.49,0.883,78.0,operational,0.061,False
2026-07-29 01:50:22.400462,fire_system_006,fire_system,Extinguisher,main_office,Main Office,5.58,4.03,52.8,20534.0,17.0,27.75,0.881,76.1,operational,0.063,False
2026-07-30 01:50:22.400462,fire_system_006,fire_system,Extinguisher,main_office,Main Office,5.58,3.88,57.7,20385.0,10.0,22.18,0.878,77.0,operational,0.066,False
2026-07-31 01:50:22.400462,fire_system_006,fire_system,Extinguisher,main_office,Main Office,5.59,4.1,59.2,20534.0,15.6,5.99,0.875,78.7,operational,0.069,False
2026-08-01 01:50:22.400462,fire_system_006,fire_system,Extinguisher,main_office,Main Office,5.59,4.13,55.9,20348.0,7.8,51.05,0.872,78.5,operational,0.072,False
2026-08-02 01:50:22.400462,fire_system_006,fire_system,Extinguisher,main_office,Main Office,5.59,3.21,54.1,20580.0,16.1,48.69,0.87,72.8,operational,0.075,False
2026-08-03 01:50:22.400462,fire_system_006,fire_system,Extinguisher,main_office,Main Office,5.6,3.37,57.9,20598.0,16.2,21.91,0.867,78.4,operational,0.077,False
2026-08-04 01:50:22.400462,fire_system_006,fire_system,Extinguisher,main_office,Main Office,5.6,3.86,56.5,20637.0,17.0,28.64,0.864,80.0,operational,0.08,False
2026-08-05 01:50:22.400462,fire_system_006,fire_system,Extinguisher,main_office,Main Office,5.6,3.71,57.6,20518.0,12.5,25.67,0.861,78.5,operational,0.083,False
2026-08-06 01:50:22.400462,fire_system_006,fire_system,Extinguisher,main_office,Main Office,5.6,2.94,56.1,20568.0,13.7,23.12,0.858,79.4,operational,0.086,False
2026-08-07 01:50:22.400462,fire_system_006,fire_system,Extinguisher,main_office,Main Office,5.61,3.75,58.6,20611.0,14.6,24.88,0.856,73.0,operational,0.088,False
2026-08-08 01:50:22.400462,fire_system_006,fire_system,Extinguisher,main_office,Main Office,5.61,3.53,60.8,20524.0,11.5,18.61,0.853,75.9,operational,0.091,False
2026-08-09 01:50:22.400462,fire_system_006,fire_system,Extinguisher,main_office,Main Office,5.61,3.54,55.9,20754.0,17.9,13.26,0.85,72.1,operational,0.094,False
2026-08-10 01:50:22.400462,fire_system_006,fire_system,Extinguisher,main_office,Main Office,5.61,3.48,56.3,20758.0,17.5,22.36,0.847,72.8,operational,0.097,False
2026-08-11 01:50:22.400462,fire_system_006,fire_system,Extinguisher,main_office,Main Office,5.62,3.92,53.9,20446.0,8.4,18.65,0.844,73.9,operational,0.099,False
2026-08-12 01:50:22.400462,fire_system_006,fire_system,Extinguisher,main_office,Main Office,5.62,4.09,54.7,20406.0,7.1,5.02,0.842,75.7,operational,0.102,False
2026-08-13 01:50:22.400462,fire_system_006,fire_system,Extinguisher,main_office,Main Office,5.62,3.45,48.9,20379.0,6.2,17.01,0.839,75.1,operational,0.105,False
2026-08-14 01:50:22.400462,fire_system_006,fire_system,Extinguisher,main_office,Main Office,5.63,3.35,59.1,20436.0,7.5,49.7,0.836,71.1,operational,0.108,False
2026-08-15 01:50:22.400462,fire_system_006,fire_system,Extinguisher,main_office,Main Office,5.63,4.43,57.8,20621.0,11.9,34.03,0.833,68.8,operational,0.11,False
2026-08-16 01:50:22.400462,fire_system_006,fire_system,Extinguisher,main_office,Main Office,5.63,3.52,55.0,20643.0,12.2,4.62,0.831,76.6,operational,0.113,False
2026-08-17 01:50:22.400462,fire_system_006,fire_system,Extinguisher,main_office,Main Office,5.63,3.56,54.4,20681.0,12.8,63.0,0.828,73.9,operational,0.116,False
2026-08-18 01:50:22.400462,fire_system_006,fire_system,Extinguisher,main_office,Main Office,5.64,3.24,53.1,20727.0,13.5,57.27,0.825,68.8,operational,0.119,False
2026-08-19 01:50:22.400462,fire_system_006,fire_system,Extinguisher,main_office,Main Office,5.64,3.92,54.4,20635.0,11.1,49.0,0.822,74.6,operational,0.121,False
2026-08-20 01:50:22.400462,fire_system_006,fire_system,Extinguisher,main_office,Main Office,5.64,3.95,57.1,20897.0,16.7,49.39,0.819,71.6,operational,0.124,False
2026-08-21 01:50:22.400462,fire_system_006,fire_system,Extinguisher,main_office,Main Office,5.64,4.35,57.3,20835.0,15.0,38.23,0.817,71.5,operational,0.127,False
2026-08-22 01:50:22.400462,fire_system_006,fire_system,Extinguisher,main_office,Main Office,5.65,3.37,62.6,20435.0,6.2,27.54,0.814,65.0,operational,0.13,False
2026-08-23 01:50:22.400462,fire_system_006,fire_system,Extinguisher,main_office,Main Office,5.65,4.33,58.3,20452.0,6.4,34.47,0.811,68.7,operational,0.132,False
2026-08-24 01:50:22.400462,fire_system_006,fire_system,Extinguisher,main_office,Main Office,5.65,3.61,58.1,20765.0,12.7,21.7,0.808,71.0,operational,0.135,False
2026-08-25 01:50:22.400462,fire_system_006,fire_system,Extinguisher,main_office,Main Office,5.66,4.04,57.7,20852.0,14.2,47.27,0.805,72.8,operational,0.138,False
2026-08-26 01:50:22.400462,fire_system_006,fire_system,Extinguisher,main_office,Main Office,5.66,4.05,55.5,20483.0,6.6,23.59,0.803,70.4,operational,0.141,False
2026-08-27 01:50:22.400462,fire_system_006,fire_system,Extinguisher,main_office,Main Office,5.66,3.78,61.6,20702.0,10.7,10.77,0.8,69.2,operational,0.143,False
2026-08-28 01:50:22.400462,fire_system_006,fire_system,Extinguisher,main_office,Main Office,5.66,5.07,52.7,20663.0,9.8,32.93,0.797,73.8,operational,0.147,False
2026-08-29 01:50:22.400462,fire_system_006,fire_system,Extinguisher,main_office,Main Office,5.67,3.93,53.3,20709.0,10.5,15.24,0.794,69.4,operational,0.149,False
2026-08-30 01:50:22.400462,fire_system_006,fire_system,Extinguisher,main_office,Main Office,5.67,3.35,55.2,20619.0,8.6,21.35,0.792,67.6,operational,0.15,False
2026-08-31 01:50:22.400462,fire_system_006,fire_system,Extinguisher,main_office,Main Office,5.67,3.63,62.1,21086.0,16.8,8.17,0.789,69.6,operational,0.15,False
2026-09-01 01:50:22.400462,fire_system_006,fire_system,Extinguisher,main_office,Main Office,5.68,4.59,55.6,21107.0,16.9,49.23,0.786,68.3,operational,0.15,False
2026-09-02 01:50:22.400462,fire_system_006,fire_system,Extinguisher,main_office,Main Office,5.68,3.9,57.7,20843.0,12.0,40.09,0.783,71.6,operational,0.15,False
2026-09-03 01:50:22.400462,fire_system_006,fire_system,Extinguisher,main_office,Main Office,5.68,4.47,52.1,20626.0,8.2,51.71,0.78,68.5,operational,0.15,False
2026-09-04 01:50:22.400462,fire_system_006,fire_system,Extinguisher,main_office,Main Office,5.68,3.57,52.6,20719.0,9.6,46.92,0.778,67.1,operational,0.15,False
2026-09-05 01:50:22.400462,fire_system_006,fire_system,Extinguisher,main_office,Main Office,5.69,2.7,61.2,20593.0,7.4,27.08,0.775,69.4,operational,0.15,False
2026-09-06 01:50:22.400462,fire_system_006,fire_system,Extinguisher,main_office,Main Office,5.69,3.63,51.9,20961.0,13.2,52.52,0.772,68.6,operational,0.15,False
2026-09-07 01:50:22.400462,fire_system_006,fire_system,Extinguisher,main_office,Main Office,5.69,3.64,61.5,20834.0,10.9,52.72,0.769,63.1,operational,0.15,False
2026-09-08 01:50:22.400462,fire_system_006,fire_system,Extinguisher,main_office,Main Office,5.69,4.57,54.9,20566.0,6.6,54.08,0.766,66.1,operational,0.15,False
2026-09-09 01:50:22.400462,fire_system_006,fire_system,Extinguisher,main_office,Main Office,5.7,4.43,59.8,21261.0,17.2,49.88,0.764,59.1,maintenance_needed,0.15,True
2026-09-10 01:50:22.400462,fire_system_006,fire_system,Extinguisher,main_office,Main Office,5.7,3.29,57.2,20860.0,10.8,55.93,0.761,65.1,operational,0.15,False
2026-09-11 01:50:22.400462,fire_system_006,fire_system,Extinguisher,main_office,Main Office,5.7,3.36,58.5,20581.0,6.5,8.23,0.758,68.0,operational,0.15,False
2026-09-12 01:50:22.400462,fire_system_006,fire_system,Extinguisher,main_office,Main Office,5.71,3.25,59.3,21230.0,16.0,53.44,0.755,63.5,operational,0.15,False
2026-09-13 01:50:22.400462,fire_system_006,fire_system,Extinguisher,main_office,Main Office,5.71,4.51,55.3,21073.0,13.5,28.95,0.753,64.7,operational,0.15,False
2026-09-14 01:50:22.400462,fire_system_006,fire_system,Extinguisher,main_office,Main Office,5.71,4.75,56.4,20987.0,12.0,46.34,0.75,61.0,operational,0.15,False
2026-09-15 01:50:22.400462,fire_system_006,fire_system,Extinguisher,main_office,Main Office,5.71,3.24,58.4,21408.0,17.8,38.6,0.747,65.0,operational,0.15,False
2026-09-16 01:50:22.400462,fire_system_006,fire_system,Extinguisher,main_office,Main Office,5.72,3.47,58.4,20797.0,9.1,30.72,0.744,60.5,operational,0.15,False
2026-09-17 01:50:22.400462,fire_system_006,fire_system,Extinguisher,main_office,Main Office,5.72,4.1,54.1,21093.0,13.0,53.7,0.741,70.1,operational,0.15,False
2026-09-18 01:50:22.400462,fire_system_006,fire_system,Extinguisher,main_office,Main Office,5.72,2.81,55.1,21421.0,17.3,19.07,0.739,62.9,operational,0.15,False
2026-09-19 01:50:22.400462,fire_system_006,fire_system,Extinguisher,main_office,Main Office,5.72,4.19,57.1,20925.0,10.4,8.53,0.736,64.2,operational,0.15,False
2026-09-20 01:50:22.400462,fire_system_006,fire_system,Extinguisher,main_office,Main Office,5.73,4.06,58.0,20906.0,10.0,7.79,0.733,63.1,operational,0.15,False
2026-09-21 01:50:22.400462,fire_system_006,fire_system,Extinguisher,main_office,Main Office,5.73,4.06,57.6,20956.0,10.5,52.15,0.73,58.6,maintenance_needed,0.15,True
2026-09-22 01:50:22.400462,fire_system_006,fire_system,Extinguisher,main_office,Main Office,5.73,3.94,53.8,20845.0,9.0,6.59,0.727,65.6,operational,0.15,False
2026-09-23 01:50:22.400462,fire_system_006,fire_system,Extinguisher,main_office,Main Office,5.74,3.83,54.7,20954.0,10.2,33.95,0.725,60.3,operational,0.15,False
2026-09-24 01:50:22.400462,fire_system_006,fire_system,Extinguisher,main_office,Main Office,5.74,4.46,53.2,21521.0,17.2,51.74,0.722,66.6,operational,0.15,False
2026-09-25 01:50:22.400462,fire_system_006,fire_system,Extinguisher,main_office,Main Office,5.74,2.97,56.0,21573.0,17.6,47.33,0.719,61.0,operational,0.15,False
2026-09-26 01:50:22.400462,fire_system_006,fire_system,Extinguisher,main_office,Main Office,5.74,4.47,56.1,21456.0,16.0,12.36,0.716,61.0,operational,0.15,False
2026-09-27 01:50:22.400462,fire_system_006,fire_system,Extinguisher,main_office,Main Office,5.75,3.01,61.5,21028.0,10.6,40.36,0.713,62.6,operational,0.15,False
2026-09-28 01:50:22.400462,fire_system_006,fire_system,Extinguisher,main_office,Main Office,5.75,3.34,56.1,20819.0,8.0,29.69,0.711,61.1,operational,0.15,False
2026-09-29 01:50:22.400462,fire_system_006,fire_system,Extinguisher,main_office,Main Office,5.75,4.29,58.2,21551.0,16.5,4.57,0.708,59.6,maintenance_needed,0.15,True
2026-09-30 01:50:22.400462,fire_system_006,fire_system,Extinguisher,main_office,Main Office,5.75,3.98,56.0,20978.0,9.7,43.09,0.705,60.9,operational,0.15,False
2026-10-01 01:50:22.400462,fire_system_006,fire_system,Extinguisher,main_office,Main Office,5.76,3.93,53.1,21139.0,11.4,25.34,0.702,58.9,maintenance_needed,0.15,True
2026-10-02 01:50:22.400462,fire_system_006,fire_system,Extinguisher,main_office,Main Office,5.76,4.46,62.2,21702.0,17.7,24.47,0.7,58.5,maintenance_needed,0.15,True
2026-10-03 01:50:22.400462,fire_system_006,fire_system,Extinguisher,main_office,Main Office,5.76,3.37,58.4,21279.0,12.8,60.48,0.697,55.6,maintenance_needed,0.15,True
2026-07-06 01:50:22.400462,fire_system_007,fire_system,Alarm,public_hall,Public Hall,1.8,2.88,42.4,6587.0,11.5,20.51,0.982,92.2,operational,0.0,False
2026-07-07 01:50:22.400462,fire_system_007,fire_system,Alarm,public_hall,Public Hall,1.81,1.54,47.3,6594.0,7.1,28.85,0.981,94.8,operational,0.001,False
2026-07-08 01:50:22.400462,fire_system_007,fire_system,Alarm,public_hall,Public Hall,1.81,1.91,45.6,6622.0,18.0,20.07,0.98,94.4,operational,0.002,False
2026-07-09 01:50:22.400462,fire_system_007,fire_system,Alarm,public_hall,Public Hall,1.81,2.22,40.6,6627.0,13.5,7.38,0.979,96.2,operational,0.003,False
2026-07-10 01:50:22.400462,fire_system_007,fire_system,Alarm,public_hall,Public Hall,1.82,2.79,50.6,6620.0,8.4,32.06,0.978,96.3,operational,0.004,False
2026-07-11 01:50:22.400462,fire_system_007,fire_system,Alarm,public_hall,Public Hall,1.82,1.95,48.2,6662.0,15.0,35.98,0.977,94.9,operational,0.005,False
2026-07-12 01:50:22.400462,fire_system_007,fire_system,Alarm,public_hall,Public Hall,1.82,3.11,52.0,6631.0,7.5,38.63,0.976,94.3,operational,0.005,False
2026-07-13 01:50:22.400462,fire_system_007,fire_system,Alarm,public_hall,Public Hall,1.82,1.95,46.8,6682.0,13.6,12.67,0.975,95.6,operational,0.006,False
2026-07-14 01:50:22.400462,fire_system_007,fire_system,Alarm,public_hall,Public Hall,1.83,2.95,44.1,6656.0,8.7,18.19,0.975,92.5,operational,0.007,False
2026-07-15 01:50:22.400462,fire_system_007,fire_system,Alarm,public_hall,Public Hall,1.83,3.05,49.6,6743.0,17.3,34.43,0.974,90.3,operational,0.008,False
2026-07-16 01:50:22.400462,fire_system_007,fire_system,Alarm,public_hall,Public Hall,1.83,3.05,50.3,6661.0,7.5,19.35,0.973,91.2,operational,0.009,False
2026-07-17 01:50:22.400462,fire_system_007,fire_system,Alarm,public_hall,Public Hall,1.83,2.51,48.3,6728.0,12.9,6.72,0.972,94.9,operational,0.01,False
2026-07-18 01:50:22.400462,fire_system_007,fire_system,Alarm,public_hall,Public Hall,1.84,2.29,47.7,6731.0,12.1,22.88,0.971,92.8,operational,0.011,False
2026-07-19 01:50:22.400462,fire_system_007,fire_system,Alarm,public_hall,Public Hall,1.84,2.22,51.3,6803.0,16.7,36.37,0.97,93.3,operational,0.012,False
2026-07-20 01:50:22.400462,fire_system_007,fire_system,Alarm,public_hall,Public Hall,1.84,2.45,54.5,6757.0,12.2,27.04,0.969,88.9,operational,0.013,False
2026-07-21 01:50:22.400462,fire_system_007,fire_system,Alarm,public_hall,Public Hall,1.85,2.5,50.4,6780.0,12.9,37.69,0.968,96.6,operational,0.014,False
2026-07-22 01:50:22.400462,fire_system_007,fire_system,Alarm,public_hall,Public Hall,1.85,2.58,47.7,6721.0,8.4,27.58,0.967,96.1,operational,0.014,False
2026-07-23 01:50:22.400462,fire_system_007,fire_system,Alarm,public_hall,Public Hall,1.85,2.9,48.9,6814.0,13.4,39.51,0.966,90.0,operational,0.015,False
2026-07-24 01:50:22.400462,fire_system_007,fire_system,Alarm,public_hall,Public Hall,1.85,2.48,49.4,6812.0,12.5,19.74,0.965,95.7,operational,0.016,False
2026-07-25 01:50:22.400462,fire_system_007,fire_system,Alarm,public_hall,Public Hall,1.86,1.84,49.0,6750.0,8.6,51.51,0.964,93.9,operational,0.017,False
2026-07-26 01:50:22.400462,fire_system_007,fire_system,Alarm,public_hall,Public Hall,1.86,3.25,45.3,6712.0,6.3,42.78,0.963,86.7,operational,0.018,False
2026-07-27 01:50:22.400462,fire_system_007,fire_system,Alarm,public_hall,Public Hall,1.86,2.21,46.3,6870.0,13.5,20.68,0.962,93.9,operational,0.019,False
2026-07-28 01:50:22.400462,fire_system_007,fire_system,Alarm,public_hall,Public Hall,1.86,2.49,48.8,6810.0,10.2,12.99,0.962,88.4,operational,0.02,False
2026-07-29 01:50:22.400462,fire_system_007,fire_system,Alarm,public_hall,Public Hall,1.87,3.4,48.7,6971.0,16.7,37.68,0.961,91.0,operational,0.021,False
2026-07-30 01:50:22.400462,fire_system_007,fire_system,Alarm,public_hall,Public Hall,1.87,2.28,43.7,6932.0,14.4,8.57,0.96,93.9,operational,0.022,False
2026-07-31 01:50:22.400462,fire_system_007,fire_system,Alarm,public_hall,Public Hall,1.87,3.56,47.7,6868.0,11.3,32.73,0.959,93.1,operational,0.023,False
2026-08-01 01:50:22.400462,fire_system_007,fire_system,Alarm,public_hall,Public Hall,1.88,2.89,47.8,6877.0,11.2,11.77,0.958,97.2,operational,0.023,False
2026-08-02 01:50:22.400462,fire_system_007,fire_system,Alarm,public_hall,Public Hall,1.88,2.92,48.7,6811.0,8.3,22.1,0.957,90.5,operational,0.024,False
2026-08-03 01:50:22.400462,fire_system_007,fire_system,Alarm,public_hall,Public Hall,1.88,3.02,46.3,6977.0,13.9,28.61,0.956,94.7,operational,0.025,False
2026-08-04 01:50:22.400462,fire_system_007,fire_system,Alarm,public_hall,Public Hall,1.88,2.4,46.7,7018.0,14.9,9.96,0.955,92.8,operational,0.026,False
2026-08-05 01:50:22.400462,fire_system_007,fire_system,Alarm,public_hall,Public Hall,1.89,2.33,45.7,6776.0,6.3,8.08,0.954,93.2,operational,0.027,False
2026-08-06 01:50:22.400462,fire_system_007,fire_system,Alarm,public_hall,Public Hall,1.89,2.73,47.5,7073.0,15.7,9.7,0.953,89.1,operational,0.028,False
2026-08-07 01:50:22.400462,fire_system_007,fire_system,Alarm,public_hall,Public Hall,1.89,2.28,53.2,7121.0,16.7,28.51,0.952,88.9,operational,0.029,False
2026-08-08 01:50:22.400462,fire_system_007,fire_system,Alarm,public_hall,Public Hall,1.89,2.98,57.8,6920.0,10.1,26.4,0.951,94.9,operational,0.03,False
2026-08-09 01:50:22.400462,fire_system_007,fire_system,Alarm,public_hall,Public Hall,1.9,2.77,52.5,7166.0,17.0,42.06,0.95,93.1,operational,0.031,False
2026-08-10 01:50:22.400462,fire_system_007,fire_system,Alarm,public_hall,Public Hall,1.9,2.01,48.5,7046.0,13.1,46.14,0.949,86.8,operational,0.032,False
2026-08-11 01:50:22.400462,fire_system_007,fire_system,Alarm,public_hall,Public Hall,1.9,3.05,50.4,7012.0,11.8,41.82,0.948,91.6,operational,0.032,False
2026-08-12 01:50:22.400462,fire_system_007,fire_system,Alarm,public_hall,Public Hall,1.91,2.5,47.8,6828.0,6.5,40.73,0.948,88.2,operational,0.033,False
2026-08-13 01:50:22.400462,fire_system_007,fire_system,Alarm,public_hall,Public Hall,1.91,2.28,50.1,7168.0,15.3,34.57,0.947,93.0,operational,0.034,False
2026-08-14 01:50:22.400462,fire_system_007,fire_system,Alarm,public_hall,Public Hall,1.91,3.04,50.7,7230.0,16.5,21.67,0.946,92.7,operational,0.035,False
2026-08-15 01:50:22.400462,fire_system_007,fire_system,Alarm,public_hall,Public Hall,1.91,2.66,52.1,7107.0,13.0,47.61,0.945,92.7,operational,0.036,False
2026-08-16 01:50:22.400462,fire_system_007,fire_system,Alarm,public_hall,Public Hall,1.92,1.94,53.7,7099.0,12.5,23.11,0.944,91.1,operational,0.037,False
2026-08-17 01:50:22.400462,fire_system_007,fire_system,Alarm,public_hall,Public Hall,1.92,2.46,51.9,6931.0,8.2,33.7,0.943,89.4,operational,0.038,False
2026-08-18 01:50:22.400462,fire_system_007,fire_system,Alarm,public_hall,Public Hall,1.92,2.15,42.4,7172.0,13.6,19.45,0.942,87.8,operational,0.039,False
2026-08-19 01:50:22.400462,fire_system_007,fire_system,Alarm,public_hall,Public Hall,1.93,2.06,52.7,7212.0,14.2,20.35,0.941,92.4,operational,0.04,False
2026-08-20 01:50:22.400462,fire_system_007,fire_system,Alarm,public_hall,Public Hall,1.93,2.15,47.8,7313.0,16.1,35.44,0.94,86.8,operational,0.041,False
2026-08-21 01:50:22.400462,fire_system_007,fire_system,Alarm,public_hall,Public Hall,1.93,2.73,44.6,7204.0,13.4,50.62,0.939,88.5,operational,0.042,False
2026-08-22 01:50:22.400462,fire_system_007,fire_system,Alarm,public_hall,Public Hall,1.93,3.64,49.7,7076.0,10.4,24.14,0.938,87.2,operational,0.042,False
2026-08-23 01:50:22.400462,fire_system_007,fire_system,Alarm,public_hall,Public Hall,1.94,2.37,48.6,7399.0,16.9,52.54,0.937,90.8,operational,0.043,False
2026-08-24 01:50:22.400462,fire_system_007,fire_system,Alarm,public_hall,Public Hall,1.94,3.06,50.4,6938.0,7.2,33.37,0.936,91.2,operational,0.044,False
2026-08-25 01:50:22.400462,fire_system_007,fire_system,Alarm,public_hall,Public Hall,1.94,1.4,44.6,7433.0,16.9,47.14,0.935,93.9,operational,0.045,False
2026-08-26 01:50:22.400462,fire_system_007,fire_system,Alarm,public_hall,Public Hall,1.94,2.63,45.8,7311.0,14.2,16.58,0.935,89.0,operational,0.046,False
2026-08-27 01:50:22.400462,fire_system_007,fire_system,Alarm,public_hall,Public Hall,1.95,2.56,48.1,6926.0,6.5,28.36,0.934,88.8,operational,0.047,False
2026-08-28 01:50:22.400462,fire_system_007,fire_system,Alarm,public_hall,Public Hall,1.95,2.45,48.6,6918.0,6.3,50.97,0.933,87.3,operational,0.048,False
2026-08-29 01:50:22.400462,fire_system_007,fire_system,Alarm,public_hall,Public Hall,1.95,2.77,46.8,7405.0,15.1,21.43,0.932,87.1,operational,0.049,False
2026-08-30 01:50:22.400462,fire_system_007,fire_system,Alarm,public_hall,Public Hall,1.96,2.73,51.3,7231.0,11.7,15.07,0.931,90.2,operational,0.05,False
2026-08-31 01:50:22.400462,fire_system_007,fire_system,Alarm,public_hall,Public Hall,1.96,3.29,49.3,7398.0,14.5,17.57,0.93,92.2,operational,0.051,False
2026-09-01 01:50:22.400462,fire_system_007,fire_system,Alarm,public_hall,Public Hall,1.96,2.05,53.3,7274.0,12.1,34.63,0.929,86.2,operational,0.051,False
2026-09-02 01:50:22.400462,fire_system_007,fire_system,Alarm,public_hall,Public Hall,1.96,2.3,51.3,6987.0,6.9,16.14,0.928,91.4,operational,0.052,False
2026-09-03 01:50:22.400462,fire_system_007,fire_system,Alarm,public_hall,Public Hall,1.97,1.68,44.6,7492.0,15.4,26.95,0.927,86.9,operational,0.053,False
2026-09-04 01:50:22.400462,fire_system_007,fire_system,Alarm,public_hall,Public Hall,1.97,2.37,50.7,7228.0,10.7,45.69,0.926,89.7,operational,0.054,False
2026-09-05 01:50:22.400462,fire_system_007,fire_system,Alarm,public_hall,Public Hall,1.97,2.09,48.9,7562.0,16.0,48.29,0.925,89.7,operational,0.055,False
2026-09-06 01:50:22.400462,fire_system_007,fire_system,Alarm,public_hall,Public Hall,1.97,1.64,46.3,7158.0,9.2,36.18,0.924,83.3,operational,0.056,False
2026-09-07 01:50:22.400462,fire_system_007,fire_system,Alarm,public_hall,Public Hall,1.98,3.54,48.5,7150.0,8.9,18.96,0.923,88.6,operational,0.057,False
2026-09-08 01:50:22.400462,fire_system_007,fire_system,Alarm,public_hall,Public Hall,1.98,2.24,47.1,7030.0,6.9,19.34,0.922,93.9,operational,0.058,False
2026-09-09 01:50:22.400462,fire_system_007,fire_system,Alarm,public_hall,Public Hall,1.98,2.15,52.3,7285.0,10.7,33.2,0.922,90.5,operational,0.059,False
2026-09-10 01:50:22.400462,fire_system_007,fire_system,Alarm,public_hall,Public Hall,1.99,2.55,44.8,7419.0,12.6,50.75,0.921,84.7,operational,0.06,False
2026-09-11 01:50:22.400462,fire_system_007,fire_system,Alarm,public_hall,Public Hall,1.99,2.07,47.1,7576.0,14.8,42.71,0.92,88.0,operational,0.06,False
2026-09-12 01:50:22.400462,fire_system_007,fire_system,Alarm,public_hall,Public Hall,1.99,2.1,52.5,7664.0,15.8,40.4,0.919,90.7,operational,0.061,False
2026-09-13 01:50:22.400462,fire_system_007,fire_system,Alarm,public_hall,Public Hall,1.99,2.44,47.4,7301.0,10.3,45.17,0.918,84.6,operational,0.062,False
2026-09-14 01:50:22.400462,fire_system_007,fire_system,Alarm,public_hall,Public Hall,2.0,3.38,50.2,7549.0,13.7,45.92,0.917,89.8,operational,0.063,False
2026-09-15 01:50:22.400462,fire_system_007,fire_system,Alarm,public_hall,Public Hall,2.0,3.15,47.2,7225.0,9.0,35.96,0.916,90.6,operational,0.064,False
2026-09-16 01:50:22.400462,fire_system_007,fire_system,Alarm,public_hall,Public Hall,2.0,2.82,50.6,7179.0,8.2,16.3,0.915,87.4,operational,0.065,False
2026-09-17 01:50:22.400462,fire_system_007,fire_system,Alarm,public_hall,Public Hall,2.0,2.08,50.5,7885.0,17.8,14.15,0.914,87.7,operational,0.066,False
2026-09-18 01:50:22.400462,fire_system_007,fire_system,Alarm,public_hall,Public Hall,2.01,1.79,49.8,7143.0,7.5,4.52,0.913,84.5,operational,0.067,False
2026-09-19 01:50:22.400462,fire_system_007,fire_system,Alarm,public_hall,Public Hall,2.01,2.19,46.5,7308.0,9.6,30.64,0.912,84.3,operational,0.068,False
2026-09-20 01:50:22.400462,fire_system_007,fire_system,Alarm,public_hall,Public Hall,2.01,2.97,49.0,7319.0,9.6,8.84,0.911,88.2,operational,0.069,False
2026-09-21 01:50:22.400462,fire_system_007,fire_system,Alarm,public_hall,Public Hall,2.02,3.0,50.5,7294.0,9.2,31.02,0.91,87.2,operational,0.069,False
2026-09-22 01:50:22.400462,fire_system_007,fire_system,Alarm,public_hall,Public Hall,2.02,3.17,49.5,7626.0,13.3,21.42,0.909,83.2,operational,0.07,False
2026-09-23 01:50:22.400462,fire_system_007,fire_system,Alarm,public_hall,Public Hall,2.02,3.24,44.9,7443.0,10.8,3.46,0.909,87.5,operational,0.071,False
2026-09-24 01:50:22.400462,fire_system_007,fire_system,Alarm,public_hall,Public Hall,2.02,2.45,51.9,7800.0,15.2,38.6,0.908,87.7,operational,0.072,False
2026-09-25 01:50:22.400462,fire_system_007,fire_system,Alarm,public_hall,Public Hall,2.03,2.05,49.5,7602.0,12.5,51.22,0.907,86.3,operational,0.073,False
2026-09-26 01:50:22.400462,fire_system_007,fire_system,Alarm,public_hall,Public Hall,2.03,2.75,45.3,7103.0,6.3,50.08,0.906,81.7,operational,0.074,False
2026-09-27 01:50:22.400462,fire_system_007,fire_system,Alarm,public_hall,Public Hall,2.03,2.29,45.8,7784.0,14.4,2.49,0.905,90.6,operational,0.075,False
2026-09-28 01:50:22.400462,fire_system_007,fire_system,Alarm,public_hall,Public Hall,2.03,2.76,53.3,7778.0,14.2,32.94,0.904,83.7,operational,0.076,False
2026-09-29 01:50:22.400462,fire_system_007,fire_system,Alarm,public_hall,Public Hall,2.04,3.2,50.1,7161.0,6.8,28.33,0.903,85.8,operational,0.077,False
2026-09-30 01:50:22.400462,fire_system_007,fire_system,Alarm,public_hall,Public Hall,2.04,3.25,45.1,8057.0,17.1,40.81,0.902,88.2,operational,0.078,False
2026-10-01 01:50:22.400462,fire_system_007,fire_system,Alarm,public_hall,Public Hall,2.04,2.22,48.7,8126.0,17.7,8.46,0.901,87.6,operational,0.078,False
2026-10-02 01:50:22.400462,fire_system_007,fire_system,Alarm,public_hall,Public Hall,2.05,2.99,49.3,7555.0,11.0,24.14,0.9,86.1,operational,0.079,False
2026-10-03 01:50:22.400462,fire_system_007,fire_system,Alarm,public_hall,Public Hall,2.05,3.06,52.8,7541.0,10.7,53.08,0.899,86.2,operational,0.08,False
2026-07-06 01:50:22.400462,fire_system_008,fire_system,Extinguisher,records_room,Records & Archives,6.1,4.0,59.9,22255.0,12.3,26.76,0.939,82.9,operational,0.0,False
2026-07-07 01:50:22.400462,fire_system_008,fire_system,Extinguisher,records_room,Records & Archives,6.1,2.92,60.0,22267.0,11.5,17.63,0.936,81.2,operational,0.003,False
2026-07-08 01:50:22.400462,fire_system_008,fire_system,Extinguisher,records_room,Records & Archives,6.1,4.47,60.8,22273.0,8.7,30.58,0.933,82.5,operational,0.006,False
2026-07-09 01:50:22.400462,fire_system_008,fire_system,Extinguisher,records_room,Records & Archives,6.11,3.02,60.4,22287.0,10.4,25.87,0.93,85.8,operational,0.009,False
2026-07-10 01:50:22.400462,fire_system_008,fire_system,Extinguisher,records_room,Records & Archives,6.11,4.1,59.6,22294.0,9.8,14.92,0.927,80.2,operational,0.012,False
2026-07-11 01:50:22.400462,fire_system_008,fire_system,Extinguisher,records_room,Records & Archives,6.11,3.46,59.6,22334.0,15.7,5.89,0.924,83.3,operational,0.015,False
2026-07-12 01:50:22.400462,fire_system_008,fire_system,Extinguisher,records_room,Records & Archives,6.11,3.61,57.1,22333.0,13.0,36.41,0.921,81.5,operational,0.018,False
2026-07-13 01:50:22.400462,fire_system_008,fire_system,Extinguisher,records_room,Records & Archives,6.12,3.16,54.4,22357.0,14.6,38.39,0.917,81.5,operational,0.021,False
2026-07-14 01:50:22.400462,fire_system_008,fire_system,Extinguisher,records_room,Records & Archives,6.12,3.79,58.4,22338.0,10.4,23.0,0.914,81.2,operational,0.024,False
2026-07-15 01:50:22.400462,fire_system_008,fire_system,Extinguisher,records_room,Records & Archives,6.12,3.78,53.9,22375.0,13.3,42.37,0.911,81.1,operational,0.027,False
2026-07-16 01:50:22.400462,fire_system_008,fire_system,Extinguisher,records_room,Records & Archives,6.12,2.99,55.1,22348.0,9.3,38.79,0.908,77.8,operational,0.03,False
2026-07-17 01:50:22.400462,fire_system_008,fire_system,Extinguisher,records_room,Records & Archives,6.13,3.99,53.2,22438.0,16.7,28.45,0.905,76.5,operational,0.034,False
2026-07-18 01:50:22.400462,fire_system_008,fire_system,Extinguisher,records_room,Records & Archives,6.13,4.04,57.5,22378.0,10.2,47.91,0.902,79.2,operational,0.037,False
2026-07-19 01:50:22.400462,fire_system_008,fire_system,Extinguisher,records_room,Records & Archives,6.13,4.23,59.5,22474.0,16.8,7.39,0.899,78.6,operational,0.04,False
2026-07-20 01:50:22.400462,fire_system_008,fire_system,Extinguisher,records_room,Records & Archives,6.14,4.21,60.8,22339.0,6.0,48.89,0.896,75.7,operational,0.043,False
2026-07-21 01:50:22.400462,fire_system_008,fire_system,Extinguisher,records_room,Records & Archives,6.14,4.6,53.1,22521.0,17.7,11.81,0.893,78.2,operational,0.046,False
2026-07-22 01:50:22.400462,fire_system_008,fire_system,Extinguisher,records_room,Records & Archives,6.14,3.58,52.8,22504.0,15.6,53.88,0.89,76.0,operational,0.049,False
2026-07-23 01:50:22.400462,fire_system_008,fire_system,Extinguisher,records_room,Records & Archives,6.14,3.87,55.4,22530.0,16.2,32.96,0.887,77.8,operational,0.052,False
2026-07-24 01:50:22.400462,fire_system_008,fire_system,Extinguisher,records_room,Records & Archives,6.15,4.46,56.9,22459.0,11.3,55.45,0.884,73.8,operational,0.055,False
2026-07-25 01:50:22.400462,fire_system_008,fire_system,Extinguisher,records_room,Records & Archives,6.15,4.26,53.1,22396.0,7.4,6.38,0.881,71.9,operational,0.058,False
2026-07-26 01:50:22.400462,fire_system_008,fire_system,Extinguisher,records_room,Records & Archives,6.15,4.52,57.2,22595.0,17.0,15.77,0.878,78.5,operational,0.061,False
2026-07-27 01:50:22.400462,fire_system_008,fire_system,Extinguisher,records_room,Records & Archives,6.15,3.66,56.1,22527.0,13.0,13.48,0.874,81.3,operational,0.064,False
2026-07-28 01:50:22.400462,fire_system_008,fire_system,Extinguisher,records_room,Records & Archives,6.16,4.01,49.4,22550.0,13.4,48.66,0.871,74.5,operational,0.067,False
2026-07-29 01:50:22.400462,fire_system_008,fire_system,Extinguisher,records_room,Records & Archives,6.16,3.38,55.6,22609.0,15.4,9.31,0.868,75.9,operational,0.07,False
2026-07-30 01:50:22.400462,fire_system_008,fire_system,Extinguisher,records_room,Records & Archives,6.16,4.51,52.4,22484.0,9.5,15.75,0.865,80.3,operational,0.073,False
2026-07-31 01:50:22.400462,fire_system_008,fire_system,Extinguisher,records_room,Records & Archives,6.17,4.29,59.7,22524.0,10.7,39.87,0.862,76.9,operational,0.076,False
2026-08-01 01:50:22.400462,fire_system_008,fire_system,Extinguisher,records_room,Records & Archives,6.17,4.47,55.7,22553.0,11.4,41.81,0.859,69.8,operational,0.079,False
2026-08-02 01:50:22.400462,fire_system_008,fire_system,Extinguisher,records_room,Records & Archives,6.17,3.82,55.4,22493.0,8.8,26.38,0.856,71.4,operational,0.082,False
2026-08-03 01:50:22.400462,fire_system_008,fire_system,Extinguisher,records_room,Records & Archives,6.17,4.14,57.6,22662.0,14.5,13.06,0.853,72.0,operational,0.085,False
2026-08-04 01:50:22.400462,fire_system_008,fire_system,Extinguisher,records_room,Records & Archives,6.18,5.22,56.8,22443.0,6.5,40.99,0.85,71.5,operational,0.091,False
2026-08-05 01:50:22.400462,fire_system_008,fire_system,Extinguisher,records_room,Records & Archives,6.18,3.48,58.4,22604.0,11.6,10.73,0.847,72.2,operational,0.091,False
2026-08-06 01:50:22.400462,fire_system_008,fire_system,Extinguisher,records_room,Records & Archives,6.18,3.97,61.4,22617.0,11.7,58.64,0.844,73.3,operational,0.095,False
2026-08-07 01:50:22.400462,fire_system_008,fire_system,Extinguisher,records_room,Records & Archives,6.18,4.32,63.9,22802.0,17.1,44.89,0.841,73.1,operational,0.098,False
2026-08-08 01:50:22.400462,fire_system_008,fire_system,Extinguisher,records_room,Records & Archives,6.19,4.19,59.1,22456.0,6.1,12.93,0.838,68.9,operational,0.101,False
2026-08-09 01:50:22.400462,fire_system_008,fire_system,Extinguisher,records_room,Records & Archives,6.19,4.05,49.2,22707.0,13.3,4.51,0.834,71.6,operational,0.104,False
2026-08-10 01:50:22.400462,fire_system_008,fire_system,Extinguisher,records_room,Records & Archives,6.19,4.08,57.5,22476.0,6.3,57.53,0.831,73.4,operational,0.107,False
2026-08-11 01:50:22.400462,fire_system_008,fire_system,Extinguisher,records_room,Records & Archives,6.2,3.19,58.3,22611.0,9.9,51.06,0.828,70.8,operational,0.11,False
2026-08-12 01:50:22.400462,fire_system_008,fire_system,Extinguisher,records_room,Records & Archives,6.2,3.18,57.3,22858.0,16.3,37.13,0.825,75.8,operational,0.113,False
2026-08-13 01:50:22.400462,fire_system_008,fire_system,Extinguisher,records_room,Records & Archives,6.2,3.27,53.9,22833.0,15.2,44.54,0.822,71.7,operational,0.116,False
2026-08-14 01:50:22.400462,fire_system_008,fire_system,Extinguisher,records_room,Records & Archives,6.2,3.4,60.3,22774.0,13.3,36.52,0.819,65.3,operational,0.119,False
2026-08-15 01:50:22.400462,fire_system_008,fire_system,Extinguisher,records_room,Records & Archives,6.21,3.85,56.1,22877.0,15.5,30.51,0.816,67.2,operational,0.122,False
2026-08-16 01:50:22.400462,fire_system_008,fire_system,Extinguisher,records_room,Records & Archives,6.21,3.98,54.6,22747.0,12.0,23.39,0.813,71.2,operational,0.125,False
2026-08-17 01:50:22.400462,fire_system_008,fire_system,Extinguisher,records_room,Records & Archives,6.21,5.07,57.4,22518.0,6.3,49.14,0.81,64.7,operational,0.129,False
2026-08-18 01:50:22.400462,fire_system_008,fire_system,Extinguisher,records_room,Records & Archives,6.22,3.57,65.4,22778.0,12.2,36.89,0.807,69.4,operational,0.131,False
2026-08-19 01:50:22.400462,fire_system_008,fire_system,Extinguisher,records_room,Records & Archives,6.22,2.93,59.7,22978.0,16.4,16.68,0.804,67.3,operational,0.134,False
2026-08-20 01:50:22.400462,fire_system_008,fire_system,Extinguisher,records_room,Records & Archives,6.22,3.45,56.3,22584.0,7.3,61.32,0.801,66.4,operational,0.137,False
2026-08-21 01:50:22.400462,fire_system_008,fire_system,Extinguisher,records_room,Records & Archives,6.22,4.03,49.3,22803.0,11.9,55.36,0.798,67.6,operational,0.14,False
2026-08-22 01:50:22.400462,fire_system_008,fire_system,Extinguisher,records_room,Records & Archives,6.23,4.25,63.7,22644.0,8.3,12.83,0.794,61.9,operational,0.143,False
2026-08-23 01:50:22.400462,fire_system_008,fire_system,Extinguisher,records_room,Records & Archives,6.23,3.3,60.9,22929.0,14.0,59.4,0.791,65.4,operational,0.146,False
2026-08-24 01:50:22.400462,fire_system_008,fire_system,Extinguisher,records_room,Records & Archives,6.23,4.04,55.5,23135.0,18.0,58.63,0.788,64.1,operational,0.149,False
2026-08-25 01:50:22.400462,fire_system_008,fire_system,Extinguisher,records_room,Records & Archives,6.23,3.96,65.5,22678.0,8.5,47.78,0.785,69.9,operational,0.15,False
2026-08-26 01:50:22.400462,fire_system_008,fire_system,Extinguisher,records_room,Records & Archives,6.24,4.88,56.9,22849.0,11.6,16.64,0.782,65.3,operational,0.15,False
2026-08-27 01:50:22.400462,fire_system_008,fire_system,Extinguisher,records_room,Records & Archives,6.24,3.7,57.4,22812.0,10.7,17.59,0.779,63.8,operational,0.15,False
2026-08-28 01:50:22.400462,fire_system_008,fire_system,Extinguisher,records_room,Records & Archives,6.24,3.63,57.4,22959.0,13.3,17.32,0.776,69.0,operational,0.15,False
2026-08-29 01:50:22.400462,fire_system_008,fire_system,Extinguisher,records_room,Records & Archives,6.25,3.42,62.3,22581.0,6.0,11.63,0.773,66.0,operational,0.15,False
2026-08-30 01:50:22.400462,fire_system_008,fire_system,Extinguisher,records_room,Records & Archives,6.25,4.24,55.9,23239.0,17.9,14.5,0.77,62.4,operational,0.15,False
2026-08-31 01:50:22.400462,fire_system_008,fire_system,Extinguisher,records_room,Records & Archives,6.25,4.23,60.0,23206.0,17.0,24.9,0.767,67.7,operational,0.15,False
2026-09-01 01:50:22.400462,fire_system_008,fire_system,Extinguisher,records_room,Records & Archives,6.25,3.24,59.4,22764.0,8.9,32.39,0.764,61.7,operational,0.15,False
2026-09-02 01:50:22.400462,fire_system_008,fire_system,Extinguisher,records_room,Records & Archives,6.26,3.57,53.0,22960.0,12.2,20.76,0.761,63.3,operational,0.15,False
2026-09-03 01:50:22.400462,fire_system_008,fire_system,Extinguisher,records_room,Records & Archives,6.26,3.52,56.3,23150.0,15.2,54.33,0.758,66.6,operational,0.15,False
2026-09-04 01:50:22.400462,fire_system_008,fire_system,Extinguisher,records_room,Records & Archives,6.26,4.24,58.5,23020.0,12.7,30.0,0.754,56.0,maintenance_needed,0.15,True
2026-09-05 01:50:22.400462,fire_system_008,fire_system,Extinguisher,records_room,Records & Archives,6.26,3.37,55.2,22934.0,11.1,6.28,0.751,58.1,maintenance_needed,0.15,True
2026-09-06 01:50:22.400462,fire_system_008,fire_system,Extinguisher,records_room,Records & Archives,6.27,3.75,61.5,22907.0,10.5,6.85,0.748,67.6,operational,0.15,False
2026-09-07 01:50:22.400462,fire_system_008,fire_system,Extinguisher,records_room,Records & Archives,6.27,3.97,59.8,22723.0,7.4,30.75,0.745,61.4,operational,0.15,False
2026-09-08 01:50:22.400462,fire_system_008,fire_system,Extinguisher,records_room,Records & Archives,6.27,3.28,57.1,23083.0,12.9,28.51,0.742,61.4,operational,0.15,False
2026-09-09 01:50:22.400462,fire_system_008,fire_system,Extinguisher,records_room,Records & Archives,6.28,3.69,53.8,22725.0,7.2,25.73,0.739,61.6,operational,0.15,False
2026-09-10 01:50:22.400462,fire_system_008,fire_system,Extinguisher,records_room,Records & Archives,6.28,3.41,53.3,23071.0,12.4,20.13,0.736,57.7,maintenance_needed,0.15,True
2026-09-11 01:50:22.400462,fire_system_008,fire_system,Extinguisher,records_room,Records & Archives,6.28,4.08,60.5,22663.0,6.1,24.24,0.733,61.3,operational,0.15,False
2026-09-12 01:50:22.400462,fire_system_008,fire_system,Extinguisher,records_room,Records & Archives,6.28,3.77,54.7,23365.0,16.3,27.34,0.73,56.7,maintenance_needed,0.15,True
2026-09-13 01:50:22.400462,fire_system_008,fire_system,Extinguisher,records_room,Records & Archives,6.29,3.82,59.9,23234.0,14.2,65.8,0.727,56.5,maintenance_needed,0.15,True
2026-09-14 01:50:22.400462,fire_system_008,fire_system,Extinguisher,records_room,Records & Archives,6.29,3.42,57.9,23204.0,13.6,9.01,0.724,58.9,maintenance_needed,0.15,True
2026-09-15 01:50:22.400462,fire_system_008,fire_system,Extinguisher,records_room,Records & Archives,6.29,3.94,58.1,22835.0,8.2,33.93,0.721,60.3,operational,0.15,False
2026-09-16 01:50:22.400462,fire_system_008,fire_system,Extinguisher,records_room,Records & Archives,6.29,4.34,54.6,23399.0,15.9,62.64,0.718,61.1,operational,0.15,False
2026-09-17 01:50:22.400462,fire_system_008,fire_system,Extinguisher,records_room,Records & Archives,6.3,3.97,63.0,23353.0,15.0,20.67,0.714,57.6,maintenance_needed,0.15,True
2026-09-18 01:50:22.400462,fire_system_008,fire_system,Extinguisher,records_room,Records & Archives,6.3,3.29,57.7,23505.0,16.9,48.5,0.711,51.3,maintenance_needed,0.15,True
2026-09-19 01:50:22.400462,fire_system_008,fire_system,Extinguisher,records_room,Records & Archives,6.3,4.04,56.7,23291.0,13.8,70.64,0.708,60.9,operational,0.15,False
2026-09-20 01:50:22.400462,fire_system_008,fire_system,Extinguisher,records_room,Records & Archives,6.31,4.12,56.6,23347.0,14.4,24.77,0.705,56.1,maintenance_needed,0.15,True
2026-09-21 01:50:22.400462,fire_system_008,fire_system,Extinguisher,records_room,Records & Archives,6.31,4.26,55.0,22975.0,9.4,54.91,0.702,59.3,maintenance_needed,0.15,True
2026-09-22 01:50:22.400462,fire_system_008,fire_system,Extinguisher,records_room,Records & Archives,6.31,3.63,57.6,23461.0,15.5,15.39,0.699,57.9,maintenance_needed,0.15,True
2026-09-23 01:50:22.400462,fire_system_008,fire_system,Extinguisher,records_room,Records & Archives,6.31,3.71,55.9,22989.0,9.3,24.32,0.696,55.5,maintenance_needed,0.15,True
2026-09-24 01:50:22.400462,fire_system_008,fire_system,Extinguisher,records_room,Records & Archives,6.32,3.65,60.2,23168.0,11.4,7.36,0.693,51.3,maintenance_needed,0.15,True
2026-09-25 01:50:22.400462,fire_system_008,fire_system,Extinguisher,records_room,Records & Archives,6.32,3.69,53.7,23117.0,10.6,16.16,0.69,53.3,maintenance_needed,0.15,True
2026-09-26 01:50:22.400462,fire_system_008,fire_system,Extinguisher,records_room,Records & Archives,6.32,4.01,61.5,22796.0,6.6,58.02,0.687,54.2,maintenance_needed,0.15,True
2026-09-27 01:50:22.400462,fire_system_008,fire_system,Extinguisher,records_room,Records & Archives,6.32,4.4,59.8,22943.0,8.3,51.14,0.684,57.4,maintenance_needed,0.15,True
2026-09-28 01:50:22.400462,fire_system_008,fire_system,Extinguisher,records_room,Records & Archives,6.33,3.6,56.5,23392.0,13.5,6.77,0.681,53.2,maintenance_needed,0.15,True
2026-09-29 01:50:22.400462,fire_system_008,fire_system,Extinguisher,records_room,Records & Archives,6.33,4.27,59.1,23560.0,15.4,19.42,0.678,53.4,maintenance_needed,0.15,True
2026-09-30 01:50:22.400462,fire_system_008,fire_system,Extinguisher,records_room,Records & Archives,6.33,3.62,57.6,23215.0,11.2,36.42,0.674,56.7,maintenance_needed,0.15,True
2026-10-01 01:50:22.400462,fire_system_008,fire_system,Extinguisher,records_room,Records & Archives,6.34,3.76,58.3,23513.0,14.5,76.32,0.671,55.2,maintenance_needed,0.15,True
2026-10-02 01:50:22.400462,fire_system_008,fire_system,Extinguisher,records_room,Records & Archives,6.34,4.15,55.0,23390.0,12.9,13.01,0.668,50.8,maintenance_needed,0.15,True
2026-10-03 01:50:22.400462,fire_system_008,fire_system,Extinguisher,records_room,Records & Archives,6.34,2.98,58.0,23112.0,9.6,41.82,0.665,58.1,maintenance_needed,0.15,True
2026-07-06 01:50:22.400462,fire_system_009,fire_system,Alarm,water_supply,Water Supply Office,6.77,4.88,54.8,24699.0,16.2,37.78,0.932,79.4,operational,0.0,False
2026-07-07 01:50:22.400462,fire_system_009,fire_system,Alarm,water_supply,Water Supply Office,6.77,4.1,57.9,24713.0,14.4,20.28,0.929,78.9,operational,0.0,False
2026-07-08 01:50:22.400462,fire_system_009,fire_system,Alarm,water_supply,Water Supply Office,6.77,3.45,57.4,24713.0,7.5,42.46,0.926,78.5,operational,0.0,False
2026-07-09 01:50:22.400462,fire_system_009,fire_system,Alarm,water_supply,Water Supply Office,6.77,3.41,58.6,24737.0,12.8,19.69,0.922,79.1,operational,0.0,False
2026-07-10 01:50:22.400462,fire_system_009,fire_system,Alarm,water_supply,Water Supply Office,6.78,4.23,63.9,24750.0,12.9,27.78,0.919,79.8,operational,0.0,False
2026-07-11 01:50:22.400462,fire_system_009,fire_system,Alarm,water_supply,Water Supply Office,6.78,3.83,56.6,24776.0,15.4,37.96,0.915,80.5,operational,0.0,False
2026-07-12 01:50:22.400462,fire_system_009,fire_system,Alarm,water_supply,Water Supply Office,6.78,4.7,55.8,24804.0,17.5,50.04,0.912,78.4,operational,0.0,False
2026-07-13 01:50:22.400462,fire_system_009,fire_system,Alarm,water_supply,Water Supply Office,6.79,3.83,60.6,24791.0,13.2,17.49,0.908,80.4,operational,0.017,False
2026-07-14 01:50:22.400462,fire_system_009,fire_system,Alarm,water_supply,Water Supply Office,6.79,4.22,63.8,24805.0,13.3,39.23,0.905,75.2,operational,0.033,False
2026-07-15 01:50:22.400462,fire_system_009,fire_system,Alarm,water_supply,Water Supply Office,6.79,5.06,61.9,24859.0,17.8,25.64,0.902,73.9,operational,0.05,False
2026-07-16 01:50:22.400462,fire_system_009,fire_system,Alarm,water_supply,Water Supply Office,6.79,4.63,56.3,24810.0,11.1,13.31,0.898,72.8,operational,0.067,False
2026-07-17 01:50:22.400462,fire_system_009,fire_system,Alarm,water_supply,Water Supply Office,6.8,4.42,60.0,24783.0,7.7,2.54,0.895,79.6,operational,0.083,False
2026-07-18 01:50:22.400462,fire_system_009,fire_system,Alarm,water_supply,Water Supply Office,6.8,3.56,56.5,24801.0,8.6,8.75,0.891,79.5,operational,0.1,False
2026-07-19 01:50:22.400462,fire_system_009,fire_system,Alarm,water_supply,Water Supply Office,6.8,4.05,60.6,24906.0,16.0,52.88,0.888,76.4,operational,0.117,False
2026-07-20 01:50:22.400462,fire_system_009,fire_system,Alarm,water_supply,Water Supply Office,6.81,4.4,66.3,24824.0,9.0,51.17,0.885,75.7,operational,0.133,False
2026-07-21 01:50:22.400462,fire_system_009,fire_system,Alarm,water_supply,Water Supply Office,6.81,4.2,59.7,24952.0,16.9,6.71,0.881,76.8,operational,0.15,False
2026-07-22 01:50:22.400462,fire_system_009,fire_system,Alarm,water_supply,Water Supply Office,6.81,3.41,59.6,24937.0,14.9,3.2,0.878,72.9,operational,0.167,False
2026-07-23 01:50:22.400462,fire_system_009,fire_system,Alarm,water_supply,Water Supply Office,6.81,5.02,55.7,24904.0,12.1,11.89,0.874,73.3,operational,0.183,False
2026-07-24 01:50:22.400462,fire_system_009,fire_system,Alarm,water_supply,Water Supply Office,6.82,3.16,61.7,24926.0,12.7,26.86,0.871,71.2,operational,0.2,False
2026-07-25 01:50:22.400462,fire_system_009,fire_system,Alarm,water_supply,Water Supply Office,6.82,3.4,61.0,24901.0,10.7,43.26,0.868,75.2,operational,0.217,False
2026-07-26 01:50:22.400462,fire_system_009,fire_system,Alarm,water_supply,Water Supply Office,6.82,4.29,57.8,24862.0,8.2,29.79,0.864,76.3,operational,0.233,False
2026-07-27 01:50:22.400462,fire_system_009,fire_system,Alarm,water_supply,Water Supply Office,6.82,4.89,56.3,25065.0,17.5,20.9,0.861,74.1,operational,0.25,False
2026-07-28 01:50:22.400462,fire_system_009,fire_system,Alarm,water_supply,Water Supply Office,6.83,4.78,57.4,25066.0,16.7,13.59,0.857,71.8,operational,0.267,False
2026-07-29 01:50:22.400462,fire_system_009,fire_system,Alarm,water_supply,Water Supply Office,6.83,4.36,56.6,24862.0,7.1,54.33,0.854,69.7,operational,0.283,False
2026-07-30 01:50:22.400462,fire_system_009,fire_system,Alarm,water_supply,Water Supply Office,6.83,2.69,59.0,25037.0,14.1,61.4,0.85,75.4,operational,0.3,False
2026-07-31 01:50:22.400462,fire_system_009,fire_system,Alarm,water_supply,Water Supply Office,6.84,4.22,63.4,24931.0,9.3,29.46,0.847,71.1,operational,0.317,False
2026-08-01 01:50:22.400462,fire_system_009,fire_system,Alarm,water_supply,Water Supply Office,6.84,3.9,62.5,24860.0,6.2,17.75,0.844,65.7,operational,0.333,False
2026-08-02 01:50:22.400462,fire_system_009,fire_system,Alarm,water_supply,Water Supply Office,6.84,4.57,56.7,24968.0,10.0,26.87,0.84,68.0,operational,0.35,False
2026-08-03 01:50:22.400462,fire_system_009,fire_system,Alarm,water_supply,Water Supply Office,6.84,3.75,57.0,24996.0,10.6,8.82,0.837,72.8,operational,0.367,False
2026-08-04 01:50:22.400462,fire_system_009,fire_system,Alarm,water_supply,Water Supply Office,6.85,3.92,51.0,25056.0,12.3,8.72,0.833,71.4,operational,0.383,False
2026-08-05 01:50:22.400462,fire_system_009,fire_system,Alarm,water_supply,Water Supply Office,6.85,4.13,59.8,24987.0,9.6,14.17,0.83,70.2,operational,0.4,False
2026-08-06 01:50:22.400462,fire_system_009,fire_system,Alarm,water_supply,Water Supply Office,6.85,3.92,55.4,25079.0,12.3,38.91,0.827,67.3,operational,0.417,False
2026-08-07 01:50:22.400462,fire_system_009,fire_system,Alarm,water_supply,Water Supply Office,6.85,4.58,57.5,25135.0,13.6,16.66,0.823,67.4,operational,0.433,False
2026-08-08 01:50:22.400462,fire_system_009,fire_system,Alarm,water_supply,Water Supply Office,6.86,3.94,61.3,24934.0,7.1,52.24,0.82,74.8,operational,0.45,False
2026-08-09 01:50:22.400462,fire_system_009,fire_system,Alarm,water_supply,Water Supply Office,6.86,3.96,60.0,25289.0,17.4,7.56,0.816,68.6,operational,0.467,False
2026-08-10 01:50:22.400462,fire_system_009,fire_system,Alarm,water_supply,Water Supply Office,6.86,4.36,54.0,25239.0,15.4,44.64,0.813,69.9,operational,0.483,False
2026-08-11 01:50:22.400462,fire_system_009,fire_system,Alarm,water_supply,Water Supply Office,6.87,3.88,60.2,25043.0,9.6,59.13,0.81,65.7,operational,0.5,False
2026-08-12 01:50:22.400462,fire_system_009,fire_system,Alarm,water_supply,Water Supply Office,6.87,4.46,63.0,25345.0,17.5,32.71,0.806,67.8,operational,0.517,False
2026-08-13 01:50:22.400462,fire_system_009,fire_system,Alarm,water_supply,Water Supply Office,6.87,4.54,58.2,24936.0,6.2,29.03,0.803,71.2,operational,0.533,False
2026-08-14 01:50:22.400462,fire_system_009,fire_system,Alarm,water_supply,Water Supply Office,6.87,4.88,59.1,25213.0,13.2,28.16,0.799,63.6,operational,0.55,False
2026-08-15 01:50:22.400462,fire_system_009,fire_system,Alarm,water_supply,Water Supply Office,6.88,4.64,56.9,25272.0,14.3,10.25,0.796,64.0,operational,0.567,False
2026-08-16 01:50:22.400462,fire_system_009,fire_system,Alarm,water_supply,Water Supply Office,6.88,4.6,59.9,24994.0,7.2,4.89,0.792,64.9,operational,0.583,False
2026-08-17 01:50:22.400462,fire_system_009,fire_system,Alarm,water_supply,Water Supply Office,6.88,4.07,56.6,25407.0,16.9,35.31,0.789,64.0,operational,0.6,False
2026-08-18 01:50:22.400462,fire_system_009,fire_system,Alarm,water_supply,Water Supply Office,6.88,4.59,62.2,25334.0,14.8,41.87,0.786,62.1,operational,0.617,False
2026-08-19 01:50:22.400462,fire_system_009,fire_system,Alarm,water_supply,Water Supply Office,6.89,4.03,61.2,25127.0,9.7,25.73,0.782,64.7,operational,0.633,False
2026-08-20 01:50:22.400462,fire_system_009,fire_system,Alarm,water_supply,Water Supply Office,6.89,4.03,57.8,25367.0,14.8,47.97,0.779,64.3,operational,0.65,False
2026-08-21 01:50:22.400462,fire_system_009,fire_system,Alarm,water_supply,Water Supply Office,6.89,4.43,63.3,25426.0,15.8,7.29,0.775,61.9,operational,0.667,False
2026-08-22 01:50:22.400462,fire_system_009,fire_system,Alarm,water_supply,Water Supply Office,6.9,4.76,57.3,25359.0,14.1,18.51,0.772,61.5,operational,0.683,False
2026-08-23 01:50:22.400462,fire_system_009,fire_system,Alarm,water_supply,Water Supply Office,6.9,4.8,57.5,25166.0,9.7,28.31,0.769,61.1,operational,0.7,False
2026-08-24 01:50:22.400462,fire_system_009,fire_system,Alarm,water_supply,Water Supply Office,6.9,4.88,57.6,25368.0,13.7,26.53,0.765,66.5,operational,0.717,False
2026-08-25 01:50:22.400462,fire_system_009,fire_system,Alarm,water_supply,Water Supply Office,6.9,4.4,59.4,25248.0,11.0,61.23,0.762,65.9,operational,0.733,False
2026-08-26 01:50:22.400462,fire_system_009,fire_system,Alarm,water_supply,Water Supply Office,6.91,4.48,55.8,25168.0,9.2,56.12,0.758,60.8,operational,0.75,False
2026-08-27 01:50:22.400462,fire_system_009,fire_system,Alarm,water_supply,Water Supply Office,6.91,4.66,57.8,25110.0,7.9,33.44,0.755,59.3,maintenance_needed,0.767,True
2026-08-28 01:50:22.400462,fire_system_009,fire_system,Alarm,water_supply,Water Supply Office,6.91,5.25,60.1,25284.0,11.1,41.4,0.752,60.8,operational,0.783,False
2026-08-29 01:50:22.400462,fire_system_009,fire_system,Alarm,water_supply,Water Supply Office,6.91,4.96,65.6,25087.0,7.2,16.97,0.748,61.5,operational,0.8,False
2026-08-30 01:50:22.400462,fire_system_009,fire_system,Alarm,water_supply,Water Supply Office,6.92,4.56,61.7,25119.0,7.6,27.99,0.745,67.8,operational,0.817,False
2026-08-31 01:50:22.400462,fire_system_009,fire_system,Alarm,water_supply,Water Supply Office,6.92,5.82,62.3,25208.0,9.1,64.66,0.741,56.6,maintenance_needed,0.833,True
2026-09-01 01:50:22.400462,fire_system_009,fire_system,Alarm,water_supply,Water Supply Office,6.92,5.06,59.7,25491.0,13.9,33.06,0.738,61.8,operational,0.85,False
2026-09-02 01:50:22.400462,fire_system_009,fire_system,Alarm,water_supply,Water Supply Office,6.93,4.06,66.6,25167.0,8.1,19.67,0.735,59.4,maintenance_needed,0.867,True
2026-09-03 01:50:22.400462,fire_system_009,fire_system,Alarm,water_supply,Water Supply Office,6.93,4.97,65.3,25181.0,8.2,65.22,0.731,59.3,maintenance_needed,0.883,True
2026-09-04 01:50:22.400462,fire_system_009,fire_system,Alarm,water_supply,Water Supply Office,6.93,6.0,62.9,25494.0,13.3,64.98,0.728,50.8,maintenance_needed,0.9,True
2026-09-05 01:50:22.400462,fire_system_009,fire_system,Alarm,water_supply,Water Supply Office,6.93,5.62,65.3,25565.0,14.2,20.99,0.724,45.0,maintenance_needed,0.917,True
2026-09-06 01:50:22.400462,fire_system_009,fire_system,Alarm,water_supply,Water Supply Office,6.94,5.91,69.2,25366.0,10.8,7.94,0.721,43.6,maintenance_needed,0.933,True
2026-09-07 01:50:22.400462,fire_system_009,fire_system,Alarm,water_supply,Water Supply Office,6.94,7.06,65.7,25749.0,16.7,73.44,0.717,32.9,maintenance_needed,0.95,True
2026-09-08 01:50:22.400462,fire_system_009,fire_system,Alarm,water_supply,Water Supply Office,6.94,8.35,69.5,25722.0,16.0,16.33,0.714,24.0,critical,0.967,True
2026-09-09 01:50:22.400462,fire_system_009,fire_system,Alarm,water_supply,Water Supply Office,6.94,11.85,77.7,25455.0,11.6,67.66,0.711,0.0,critical,0.983,True
2026-09-10 01:50:22.400462,fire_system_009,fire_system,Alarm,water_supply,Water Supply Office,6.95,12.25,71.4,25132.0,6.6,16.72,0.707,9.4,faulty,1.0,True
2026-09-11 01:50:22.400462,fire_system_009,fire_system,Alarm,water_supply,Water Supply Office,6.95,12.14,79.8,25552.0,12.7,20.57,0.704,2.4,faulty,1.0,True
2026-09-12 01:50:22.400462,fire_system_009,fire_system,Alarm,water_supply,Water Supply Office,6.95,12.06,72.1,25548.0,12.5,56.72,0.7,7.7,faulty,1.0,True
2026-09-13 01:50:22.400462,fire_system_009,fire_system,Alarm,water_supply,Water Supply Office,6.96,12.44,78.0,25552.0,12.4,40.74,0.697,5.8,faulty,1.0,True
2026-09-14 01:50:22.400462,fire_system_009,fire_system,Alarm,water_supply,Water Supply Office,6.96,12.22,79.9,25878.0,16.9,8.8,0.694,12.6,faulty,1.0,True
2026-09-15 01:50:22.400462,fire_system_009,fire_system,Alarm,water_supply,Water Supply Office,6.96,11.99,84.3,25690.0,14.0,33.85,0.69,3.6,faulty,1.0,True
2026-09-16 01:50:22.400462,fire_system_009,fire_system,Alarm,water_supply,Water Supply Office,6.96,12.19,82.0,25813.0,15.5,20.38,0.687,6.3,faulty,1.0,True
2026-09-17 01:50:22.400462,fire_system_009,fire_system,Alarm,water_supply,Water Supply Office,6.97,12.06,84.3,25405.0,9.7,34.42,0.683,5.6,faulty,1.0,True
2026-09-18 01:50:22.400462,fire_system_009,fire_system,Alarm,water_supply,Water Supply Office,6.97,12.46,83.9,25320.0,8.4,58.91,0.68,3.5,faulty,1.0,True
2026-09-19 01:50:22.400462,fire_system_009,fire_system,Alarm,water_supply,Water Supply Office,6.97,12.12,80.4,25789.0,14.5,65.06,0.677,1.7,faulty,1.0,True
2026-09-20 01:50:22.400462,fire_system_009,fire_system,Alarm,water_supply,Water Supply Office,6.97,12.3,90.6,25307.0,8.0,9.17,0.673,8.5,faulty,1.0,True
2026-09-21 01:50:22.400462,fire_system_009,fire_system,Alarm,water_supply,Water Supply Office,6.98,11.89,92.3,25520.0,10.7,49.51,0.67,3.0,faulty,1.0,True
2026-09-22 01:50:22.400462,fire_system_009,fire_system,Alarm,water_supply,Water Supply Office,6.98,12.49,86.1,25293.0,7.6,48.74,0.666,10.5,faulty,1.0,True
2026-09-23 01:50:22.400462,fire_system_009,fire_system,Alarm,water_supply,Water Supply Office,6.98,12.95,88.8,25301.0,7.6,10.52,0.663,1.3,faulty,1.0,True
2026-09-24 01:50:22.400462,fire_system_009,fire_system,Alarm,water_supply,Water Supply Office,6.99,12.08,89.8,25490.0,9.9,33.43,0.659,3.6,faulty,1.0,True
2026-09-25 01:50:22.400462,fire_system_009,fire_system,Alarm,water_supply,Water Supply Office,6.99,11.54,88.4,25878.0,14.6,72.24,0.656,14.3,faulty,1.0,True
2026-09-26 01:50:22.400462,fire_system_009,fire_system,Alarm,water_supply,Water Supply Office,6.99,11.59,90.6,26143.0,17.6,65.32,0.653,5.0,faulty,1.0,True
2026-09-27 01:50:22.400462,fire_system_009,fire_system,Alarm,water_supply,Water Supply Office,6.99,12.87,90.1,25242.0,6.6,28.27,0.649,11.0,faulty,1.0,True
2026-09-28 01:50:22.400462,fire_system_009,fire_system,Alarm,water_supply,Water Supply Office,7.0,12.8,96.2,25680.0,11.7,51.05,0.646,7.5,faulty,1.0,True
2026-09-29 01:50:22.400462,fire_system_009,fire_system,Alarm,water_supply,Water Supply Office,7.0,11.53,93.7,25646.0,11.1,53.33,0.642,2.5,faulty,1.0,True
2026-09-30 01:50:22.400462,fire_system_009,fire_system,Alarm,water_supply,Water Supply Office,7.0,11.91,94.0,25338.0,7.4,35.96,0.639,8.5,faulty,1.0,True
2026-10-01 01:50:22.400462,fire_system_009,fire_system,Alarm,water_supply,Water Supply Office,7.01,11.7,83.9,26128.0,16.4,40.89,0.636,12.7,faulty,1.0,True
2026-10-02 01:50:22.400462,fire_system_009,fire_system,Alarm,water_supply,Water Supply Office,7.01,12.63,97.2,25612.0,10.4,50.73,0.632,10.1,faulty,1.0,True
2026-10-03 01:50:22.400462,fire_system_009,fire_system,Alarm,water_supply,Water Supply Office,7.01,11.4,97.2,26243.0,17.3,17.38,0.629,7.4,faulty,1.0,True
